analysis_view,conference,analysis_stratum,module,metric,n,mean,trimmed_mean_20,median,q1,q3,min,max,design_weighted_mean,status
foundation_200,ICLR,all,abstract,present,15,1.0,1.0,1.0,1.0,1.0,1.0,1.0,1.0,interim
foundation_200,ICLR,all,abstract,estimated_words,15,200.466667,199.555556,193.0,185.5,219.0,160.0,262.0,202.556132383,interim
foundation_200,ICLR,all,abstract,main_word_share,15,0.036685,0.036144,0.037,0.032,0.0395,0.027,0.052129,0.037384078,interim
foundation_200,ICLR,all,abstract,figures,15,0.066667,0.0,0.0,0.0,0.0,0.0,1.0,0.031797534,interim
foundation_200,ICLR,all,abstract,tables,15,0.0,0.0,0.0,0.0,0.0,0.0,0.0,0.0,interim
foundation_200,ICLR,all,abstract,algorithms,15,0.0,0.0,0.0,0.0,0.0,0.0,0.0,0.0,interim
foundation_200,ICLR,all,abstract,displayed_equations,15,0.0,0.0,0.0,0.0,0.0,0.0,0.0,0.0,interim
foundation_200,ICLR,all,abstract,visual_objects,15,0.066667,0.0,0.0,0.0,0.0,0.0,1.0,0.031797534,interim
foundation_200,ICLR,all,abstract,visual_objects_per_1000_words,15,0.356506,0.0,0.0,0.0,0.0,0.0,5.347594,0.170040289,interim
foundation_200,ICLR,all,abstract,equations_per_1000_words,15,0.0,0.0,0.0,0.0,0.0,0.0,0.0,0.0,interim
foundation_200,ICLR,all,abstract,equation_share_within_main,13,0.0,0.0,0.0,0.0,0.0,0.0,0.0,0.0,interim
foundation_200,ICLR,all,abstract,visual_share_within_main,14,0.011905,0.0,0.0,0.0,0.0,0.0,0.166667,0.005473637,interim
foundation_200,ICLR,all,introduction,present,15,1.0,1.0,1.0,1.0,1.0,1.0,1.0,1.0,interim
foundation_200,ICLR,all,introduction,estimated_words,15,700.866667,708.666667,705.0,615.0,793.0,395.0,930.0,697.114211548,interim
foundation_200,ICLR,all,introduction,main_word_share,15,0.126717,0.127861,0.1272,0.109229,0.144,0.0829,0.1598,0.127257046,interim
foundation_200,ICLR,all,introduction,figures,15,0.6,0.444444,0.0,0.0,1.0,0.0,2.0,0.648280337,interim
foundation_200,ICLR,all,introduction,tables,15,0.0,0.0,0.0,0.0,0.0,0.0,0.0,0.0,interim
foundation_200,ICLR,all,introduction,algorithms,15,0.0,0.0,0.0,0.0,0.0,0.0,0.0,0.0,interim
foundation_200,ICLR,all,introduction,displayed_equations,15,0.133333,0.0,0.0,0.0,0.0,0.0,2.0,0.144062297,interim
foundation_200,ICLR,all,introduction,visual_objects,15,0.6,0.444444,0.0,0.0,1.0,0.0,2.0,0.648280337,interim
foundation_200,ICLR,all,introduction,visual_objects_per_1000_words,15,0.892546,0.608271,0.0,0.0,1.542553,0.0,3.174603,0.964366697,interim
foundation_200,ICLR,all,introduction,equations_per_1000_words,15,0.222222,0.0,0.0,0.0,0.0,0.0,3.333333,0.240103829,interim
foundation_200,ICLR,all,introduction,equation_share_within_main,13,0.076923,0.0,0.0,0.0,0.0,0.0,1.0,0.084154663,interim
foundation_200,ICLR,all,introduction,visual_share_within_main,14,0.059158,0.048535,0.041667,0.0,0.1,0.0,0.2,0.06161621,interim
foundation_200,ICLR,all,related_work,present,15,1.0,1.0,1.0,1.0,1.0,1.0,1.0,1.0,interim
foundation_200,ICLR,all,related_work,estimated_words,15,558.933333,574.111111,565.0,445.0,705.0,236.0,816.0,575.665152513,interim
foundation_200,ICLR,all,related_work,main_word_share,15,0.102163,0.104297,0.104727,0.07445,0.12995,0.04,0.159,0.105917349,interim
foundation_200,ICLR,all,related_work,figures,15,0.066667,0.0,0.0,0.0,0.0,0.0,1.0,0.072031149,interim
foundation_200,ICLR,all,related_work,tables,15,0.133333,0.0,0.0,0.0,0.0,0.0,1.0,0.144062297,interim
foundation_200,ICLR,all,related_work,algorithms,15,0.0,0.0,0.0,0.0,0.0,0.0,0.0,0.0,interim
foundation_200,ICLR,all,related_work,displayed_equations,15,0.0,0.0,0.0,0.0,0.0,0.0,0.0,0.0,interim
foundation_200,ICLR,all,related_work,visual_objects,15,0.2,0.0,0.0,0.0,0.0,0.0,1.0,0.216093446,interim
foundation_200,ICLR,all,related_work,visual_objects_per_1000_words,15,0.290893,0.0,0.0,0.0,0.0,0.0,1.769912,0.314300048,interim
foundation_200,ICLR,all,related_work,equations_per_1000_words,15,0.0,0.0,0.0,0.0,0.0,0.0,0.0,0.0,interim
foundation_200,ICLR,all,related_work,equation_share_within_main,13,0.0,0.0,0.0,0.0,0.0,0.0,0.0,0.0,interim
foundation_200,ICLR,all,related_work,visual_share_within_main,14,0.019388,0.007143,0.0,0.0,0.0,0.0,0.1,0.020193412,interim
foundation_200,ICLR,all,method,present,15,1.0,1.0,1.0,1.0,1.0,1.0,1.0,1.0,interim
foundation_200,ICLR,all,method,estimated_words,15,1390.4,1386.333333,1344.0,1028.5,1759.5,541.0,2500.0,1396.950032452,interim
foundation_200,ICLR,all,method,main_word_share,15,0.246429,0.243703,0.24,0.189851,0.30355,0.096,0.408,0.249118476,interim
foundation_200,ICLR,all,method,figures,15,1.4,1.444444,1.0,1.0,2.0,0.0,2.0,1.432186892,interim
foundation_200,ICLR,all,method,tables,15,0.133333,0.0,0.0,0.0,0.0,0.0,1.0,0.144062297,interim
foundation_200,ICLR,all,method,algorithms,15,0.066667,0.0,0.0,0.0,0.0,0.0,1.0,0.072031149,interim
foundation_200,ICLR,all,method,displayed_equations,15,3.333333,2.444444,2.0,0.0,5.5,0.0,11.0,3.15898767,interim
foundation_200,ICLR,all,method,visual_objects,15,1.6,1.777778,2.0,1.0,2.0,0.0,2.0,1.648280337,interim
foundation_200,ICLR,all,method,visual_objects_per_1000_words,15,1.340175,1.360159,1.19403,0.821585,1.91943,0.0,2.5,1.347430685,interim
foundation_200,ICLR,all,method,equations_per_1000_words,15,2.080448,1.663809,1.92864,0.0,3.555163,0.0,6.050605,2.004418383,interim
foundation_200,ICLR,all,method,equation_share_within_main,13,0.561324,0.588579,0.6875,0.0,1.0,0.0,1.0,0.581777841,interim
foundation_200,ICLR,all,method,visual_share_within_main,14,0.195073,0.180245,0.190909,0.119048,0.2375,0.095238,0.4,0.189327786,interim
foundation_200,ICLR,all,theory,present,15,0.533333,0.555556,1.0,0.0,1.0,0.0,1.0,0.536015574,interim
foundation_200,ICLR,all,theory,estimated_words,15,374.0,230.777778,217.0,0.0,548.0,0.0,1809.0,331.312134941,interim
foundation_200,ICLR,all,theory,main_word_share,15,0.069506,0.045435,0.042,0.0,0.112809,0.0,0.301,0.062988849,interim
foundation_200,ICLR,all,theory,figures,15,0.2,0.0,0.0,0.0,0.0,0.0,2.0,0.216093446,interim
foundation_200,ICLR,all,theory,tables,15,0.0,0.0,0.0,0.0,0.0,0.0,0.0,0.0,interim
foundation_200,ICLR,all,theory,algorithms,15,0.0,0.0,0.0,0.0,0.0,0.0,0.0,0.0,interim
foundation_200,ICLR,all,theory,displayed_equations,15,1.6,1.111111,0.0,0.0,3.0,0.0,5.0,1.567813108,interim
foundation_200,ICLR,all,theory,visual_objects,15,0.2,0.0,0.0,0.0,0.0,0.0,2.0,0.216093446,interim
foundation_200,ICLR,all,theory,visual_objects_per_1000_words,8,0.48255,0.297619,0.0,0.0,0.446429,0.0,2.074689,0.518770874,interim
foundation_200,ICLR,all,theory,equations_per_1000_words,8,5.400305,5.306467,5.304147,2.886816,7.2663,0.0,11.363636,5.639682967,interim
foundation_200,ICLR,all,theory,equation_share_within_main,13,0.280023,0.182255,0.142857,0.0,0.416667,0.0,1.0,0.294596306,interim
foundation_200,ICLR,all,theory,visual_share_within_main,14,0.02381,0.0,0.0,0.0,0.0,0.0,0.25,0.024798928,interim
foundation_200,ICLR,all,experimental_design,present,15,0.933333,1.0,1.0,1.0,1.0,0.0,1.0,0.968202466,interim
foundation_200,ICLR,all,experimental_design,estimated_words,15,624.133333,487.555556,500.0,309.0,660.0,0.0,1749.0,614.407527571,interim
foundation_200,ICLR,all,experimental_design,main_word_share,15,0.111222,0.092371,0.095,0.061738,0.1228,0.0,0.301,0.110958572,interim
foundation_200,ICLR,all,experimental_design,figures,15,0.4,0.0,0.0,0.0,0.0,0.0,4.0,0.391953277,interim
foundation_200,ICLR,all,experimental_design,tables,15,0.333333,0.0,0.0,0.0,0.0,0.0,2.0,0.360155743,interim
foundation_200,ICLR,all,experimental_design,algorithms,15,0.0,0.0,0.0,0.0,0.0,0.0,0.0,0.0,interim
foundation_200,ICLR,all,experimental_design,displayed_equations,15,0.066667,0.0,0.0,0.0,0.0,0.0,1.0,0.031797534,interim
foundation_200,ICLR,all,experimental_design,visual_objects,15,0.733333,0.111111,0.0,0.0,0.5,0.0,5.0,0.75210902,interim
foundation_200,ICLR,all,experimental_design,equation_share_within_main,13,0.076923,0.0,0.0,0.0,0.0,0.0,1.0,0.037149356,interim
foundation_200,ICLR,all,experimental_design,visual_objects_per_1000_words,14,0.663724,0.238641,0.0,0.0,0.503356,0.0,4.048583,0.663415541,interim
foundation_200,ICLR,all,experimental_design,equations_per_1000_words,14,0.047939,0.0,0.0,0.0,0.0,0.0,0.671141,0.022041492,interim
foundation_200,ICLR,all,experimental_design,visual_share_within_main,14,0.07081,0.030952,0.0,0.0,0.107143,0.0,0.5,0.066826828,interim
foundation_200,ICLR,all,results,present,15,1.0,1.0,1.0,1.0,1.0,1.0,1.0,1.0,interim
foundation_200,ICLR,all,results,estimated_words,15,1018.6,966.333333,930.0,865.0,1137.0,384.0,2090.0,1026.091499033,interim
foundation_200,ICLR,all,results,main_word_share,15,0.184761,0.17249,0.163114,0.141,0.2133,0.077,0.371,0.187718599,interim
foundation_200,ICLR,all,results,figures,15,1.133333,0.888889,1.0,0.0,2.0,0.0,3.0,1.184295912,interim
foundation_200,ICLR,all,results,tables,15,2.733333,2.333333,2.0,1.5,3.5,0.0,6.0,2.913043478,interim
foundation_200,ICLR,all,results,algorithms,15,0.0,0.0,0.0,0.0,0.0,0.0,0.0,0.0,interim
foundation_200,ICLR,all,results,displayed_equations,15,0.066667,0.0,0.0,0.0,0.0,0.0,1.0,0.031797534,interim
foundation_200,ICLR,all,results,visual_objects,15,3.866667,3.555556,4.0,2.0,5.5,0.0,9.0,4.09733939,interim
foundation_200,ICLR,all,results,visual_objects_per_1000_words,15,4.048001,4.011292,4.267425,2.251739,5.472488,0.0,9.74026,4.28720855,interim
foundation_200,ICLR,all,results,equations_per_1000_words,15,0.072385,0.0,0.0,0.0,0.0,0.0,1.085776,0.03452501,interim
foundation_200,ICLR,all,results,equation_share_within_main,13,0.004808,0.0,0.0,0.0,0.0,0.0,0.0625,0.002321835,interim
foundation_200,ICLR,all,results,visual_share_within_main,14,0.41444,0.41355,0.414286,0.297619,0.5,0.2,0.666667,0.417810719,interim
foundation_200,ICLR,all,ablation,present,15,0.933333,1.0,1.0,1.0,1.0,0.0,1.0,0.968202466,interim
foundation_200,ICLR,all,ablation,estimated_words,15,337.6,341.555556,344.0,251.5,411.0,0.0,662.0,351.48864375,interim
foundation_200,ICLR,all,ablation,main_word_share,15,0.061451,0.062236,0.066728,0.04525,0.075947,0.0,0.1115,0.064344073,interim
foundation_200,ICLR,all,ablation,figures,15,0.4,0.111111,0.0,0.0,0.5,0.0,3.0,0.432186892,interim
foundation_200,ICLR,all,ablation,tables,15,1.4,1.444444,1.0,1.0,2.0,0.0,3.0,1.512654121,interim
foundation_200,ICLR,all,ablation,algorithms,15,0.0,0.0,0.0,0.0,0.0,0.0,0.0,0.0,interim
foundation_200,ICLR,all,ablation,displayed_equations,15,0.0,0.0,0.0,0.0,0.0,0.0,0.0,0.0,interim
foundation_200,ICLR,all,ablation,visual_objects,15,1.8,1.555556,1.0,1.0,2.5,0.0,5.0,1.944841012,interim
foundation_200,ICLR,all,ablation,equation_share_within_main,13,0.0,0.0,0.0,0.0,0.0,0.0,0.0,0.0,interim
foundation_200,ICLR,all,ablation,visual_objects_per_1000_words,14,5.36936,4.776114,5.076273,3.072139,5.920611,0.0,14.778325,5.592483755,interim
foundation_200,ICLR,all,ablation,equations_per_1000_words,14,0.0,0.0,0.0,0.0,0.0,0.0,0.0,0.0,interim
foundation_200,ICLR,all,ablation,visual_share_within_main,14,0.191811,0.184488,0.2,0.102778,0.25,0.0,0.4,0.199781664,interim
foundation_200,ICLR,all,conclusion,present,15,1.0,1.0,1.0,1.0,1.0,1.0,1.0,1.0,interim
foundation_200,ICLR,all,conclusion,estimated_words,15,137.933333,115.888889,108.0,100.0,141.5,84.0,390.0,136.640493185,interim
foundation_200,ICLR,all,conclusion,main_word_share,15,0.025267,0.021635,0.022,0.01685,0.026632,0.015,0.072289,0.025288227,interim
foundation_200,ICLR,all,conclusion,figures,15,0.0,0.0,0.0,0.0,0.0,0.0,0.0,0.0,interim
foundation_200,ICLR,all,conclusion,tables,15,0.0,0.0,0.0,0.0,0.0,0.0,0.0,0.0,interim
foundation_200,ICLR,all,conclusion,algorithms,15,0.0,0.0,0.0,0.0,0.0,0.0,0.0,0.0,interim
foundation_200,ICLR,all,conclusion,displayed_equations,15,0.0,0.0,0.0,0.0,0.0,0.0,0.0,0.0,interim
foundation_200,ICLR,all,conclusion,visual_objects,15,0.0,0.0,0.0,0.0,0.0,0.0,0.0,0.0,interim
foundation_200,ICLR,all,conclusion,visual_objects_per_1000_words,15,0.0,0.0,0.0,0.0,0.0,0.0,0.0,0.0,interim
foundation_200,ICLR,all,conclusion,equations_per_1000_words,15,0.0,0.0,0.0,0.0,0.0,0.0,0.0,0.0,interim
foundation_200,ICLR,all,conclusion,equation_share_within_main,13,0.0,0.0,0.0,0.0,0.0,0.0,0.0,0.0,interim
foundation_200,ICLR,all,conclusion,visual_share_within_main,14,0.0,0.0,0.0,0.0,0.0,0.0,0.0,0.0,interim
foundation_200,ICLR,all,limitations,present,15,0.466667,0.444444,0.0,0.0,1.0,0.0,1.0,0.463984426,interim
foundation_200,ICLR,all,limitations,estimated_words,15,121.333333,54.333333,0.0,0.0,163.5,0.0,600.0,106.956521727,interim
foundation_200,ICLR,all,limitations,main_word_share,15,0.014007,0.0049,0.0,0.0,0.02205,0.0,0.092,0.011432252,interim
foundation_200,ICLR,all,limitations,figures,15,0.133333,0.0,0.0,0.0,0.0,0.0,2.0,0.144062297,interim
foundation_200,ICLR,all,limitations,tables,15,0.066667,0.0,0.0,0.0,0.0,0.0,1.0,0.072031149,interim
foundation_200,ICLR,all,limitations,algorithms,15,0.0,0.0,0.0,0.0,0.0,0.0,0.0,0.0,interim
foundation_200,ICLR,all,limitations,displayed_equations,15,0.0,0.0,0.0,0.0,0.0,0.0,0.0,0.0,interim
foundation_200,ICLR,all,limitations,visual_objects,15,0.2,0.0,0.0,0.0,0.0,0.0,3.0,0.216093446,interim
foundation_200,ICLR,all,limitations,equation_share_within_main,13,0.0,0.0,0.0,0.0,0.0,0.0,0.0,0.0,interim
foundation_200,ICLR,all,limitations,visual_objects_per_1000_words,7,0.830565,0.0,0.0,0.0,0.0,0.0,5.813953,0.902585786,interim
foundation_200,ICLR,all,limitations,equations_per_1000_words,7,0.0,0.0,0.0,0.0,0.0,0.0,0.0,0.0,interim
foundation_200,ICLR,all,limitations,visual_share_within_main,14,0.010204,0.0,0.0,0.0,0.0,0.0,0.142857,0.010628112,interim
foundation_200,ICLR,all,appendix,present,15,0.933333,1.0,1.0,1.0,1.0,0.0,1.0,0.927968851,interim
foundation_200,ICLR,all,appendix,estimated_words,15,3156.533333,2393.888889,2356.0,1494.0,3286.5,0.0,13830.0,2695.780661514,interim
foundation_200,ICLR,all,appendix,figures,15,3.8,2.333333,2.0,0.5,5.0,0.0,15.0,3.904607398,interim
foundation_200,ICLR,all,appendix,tables,15,3.533333,2.666667,3.0,0.0,5.0,0.0,13.0,3.455548345,interim
foundation_200,ICLR,all,appendix,algorithms,15,0.0,0.0,0.0,0.0,0.0,0.0,0.0,0.0,interim
foundation_200,ICLR,all,appendix,displayed_equations,15,3.533333,0.0,0.0,0.0,0.0,0.0,41.0,1.886437377,interim
foundation_200,ICLR,all,appendix,visual_objects,15,7.333333,6.111111,5.0,2.0,10.5,0.0,28.0,7.360155743,interim
foundation_200,ICLR,all,appendix,visual_objects_per_1000_words,14,2.983372,2.619497,2.667886,1.047016,4.057453,0.0,9.230769,3.198180052,interim
foundation_200,ICLR,all,appendix,equations_per_1000_words,14,1.136465,0.050615,0.0,0.0,0.0,0.0,10.419314,0.761319941,interim
foundation_200,ICLR,all,appendix,equation_share_within_main,13,0.927885,0.277778,0.0,0.0,0.0,0.0,7.0,0.565627369,interim
foundation_200,ICLR,all,appendix,visual_share_within_main,14,0.919323,0.773719,0.676136,0.336111,1.2,0.0,2.8,0.860564207,interim
foundation_200,ICLR,all,appendix,main_word_share,1,0.0,0.0,0.0,0.0,0.0,0.0,0.0,0.0,interim
foundation_200,ICLR,all,other,present,15,1.0,1.0,1.0,1.0,1.0,1.0,1.0,1.0,interim
foundation_200,ICLR,all,other,estimated_words,15,1097.266667,971.222222,993.0,174.0,1534.0,18.0,3322.0,1107.789097997,interim
foundation_200,ICLR,all,other,figures,15,0.066667,0.0,0.0,0.0,0.0,0.0,1.0,0.072031149,interim
foundation_200,ICLR,all,other,tables,15,0.0,0.0,0.0,0.0,0.0,0.0,0.0,0.0,interim
foundation_200,ICLR,all,other,algorithms,15,0.0,0.0,0.0,0.0,0.0,0.0,0.0,0.0,interim
foundation_200,ICLR,all,other,displayed_equations,15,0.0,0.0,0.0,0.0,0.0,0.0,0.0,0.0,interim
foundation_200,ICLR,all,other,visual_objects,15,0.066667,0.0,0.0,0.0,0.0,0.0,1.0,0.072031149,interim
foundation_200,ICLR,all,other,visual_objects_per_1000_words,15,0.335008,0.0,0.0,0.0,0.0,0.0,5.025126,0.361965571,interim
foundation_200,ICLR,all,other,equations_per_1000_words,15,0.0,0.0,0.0,0.0,0.0,0.0,0.0,0.0,interim
foundation_200,ICLR,all,other,equation_share_within_main,13,0.0,0.0,0.0,0.0,0.0,0.0,0.0,0.0,interim
foundation_200,ICLR,all,other,main_word_share,7,0.045857,0.03464,0.027,0.01145,0.06165,0.0038,0.144,0.037346853,interim
foundation_200,ICLR,all,other,visual_share_within_main,14,0.003401,0.0,0.0,0.0,0.0,0.0,0.047619,0.003542704,interim
foundation_200,ICLR,oral,abstract,present,13,1.0,1.0,1.0,1.0,1.0,1.0,1.0,1.0,interim
foundation_200,ICLR,oral,abstract,estimated_words,13,204.461538,203.777778,206.0,186.0,220.0,160.0,262.0,204.461538462,interim
foundation_200,ICLR,oral,abstract,main_word_share,13,0.038021,0.037144,0.037,0.0347,0.04,0.029657,0.052129,0.038021389,interim
foundation_200,ICLR,oral,abstract,figures,13,0.0,0.0,0.0,0.0,0.0,0.0,0.0,0.0,interim
foundation_200,ICLR,oral,abstract,tables,13,0.0,0.0,0.0,0.0,0.0,0.0,0.0,0.0,interim
foundation_200,ICLR,oral,abstract,algorithms,13,0.0,0.0,0.0,0.0,0.0,0.0,0.0,0.0,interim
foundation_200,ICLR,oral,abstract,displayed_equations,13,0.0,0.0,0.0,0.0,0.0,0.0,0.0,0.0,interim
foundation_200,ICLR,oral,abstract,visual_objects,13,0.0,0.0,0.0,0.0,0.0,0.0,0.0,0.0,interim
foundation_200,ICLR,oral,abstract,visual_objects_per_1000_words,13,0.0,0.0,0.0,0.0,0.0,0.0,0.0,0.0,interim
foundation_200,ICLR,oral,abstract,equations_per_1000_words,13,0.0,0.0,0.0,0.0,0.0,0.0,0.0,0.0,interim
foundation_200,ICLR,oral,abstract,visual_share_within_main,13,0.0,0.0,0.0,0.0,0.0,0.0,0.0,0.0,interim
foundation_200,ICLR,oral,abstract,equation_share_within_main,11,0.0,0.0,0.0,0.0,0.0,0.0,0.0,0.0,interim
foundation_200,ICLR,oral,introduction,present,13,1.0,1.0,1.0,1.0,1.0,1.0,1.0,1.0,interim
foundation_200,ICLR,oral,introduction,estimated_words,13,693.692308,695.777778,705.0,600.0,761.0,395.0,930.0,693.692307692,interim
foundation_200,ICLR,oral,introduction,main_word_share,13,0.12775,0.129594,0.1272,0.114,0.149,0.0829,0.1598,0.127749901,interim
foundation_200,ICLR,oral,introduction,figures,13,0.692308,0.555556,1.0,0.0,1.0,0.0,2.0,0.692307692,interim
foundation_200,ICLR,oral,introduction,tables,13,0.0,0.0,0.0,0.0,0.0,0.0,0.0,0.0,interim
foundation_200,ICLR,oral,introduction,algorithms,13,0.0,0.0,0.0,0.0,0.0,0.0,0.0,0.0,interim
foundation_200,ICLR,oral,introduction,displayed_equations,13,0.153846,0.0,0.0,0.0,0.0,0.0,2.0,0.153846154,interim
foundation_200,ICLR,oral,introduction,visual_objects,13,0.692308,0.555556,1.0,0.0,1.0,0.0,2.0,0.692307692,interim
foundation_200,ICLR,oral,introduction,visual_objects_per_1000_words,13,1.029861,0.853549,1.075269,0.0,1.666667,0.0,3.174603,1.029860762,interim
foundation_200,ICLR,oral,introduction,equations_per_1000_words,13,0.25641,0.0,0.0,0.0,0.0,0.0,3.333333,0.256410256,interim
foundation_200,ICLR,oral,introduction,visual_share_within_main,13,0.063709,0.053928,0.083333,0.0,0.1,0.0,0.2,0.063708514,interim
foundation_200,ICLR,oral,introduction,equation_share_within_main,11,0.090909,0.0,0.0,0.0,0.0,0.0,1.0,0.090909091,interim
foundation_200,ICLR,oral,related_work,present,13,1.0,1.0,1.0,1.0,1.0,1.0,1.0,1.0,interim
foundation_200,ICLR,oral,related_work,estimated_words,13,590.923077,604.222222,604.0,520.0,710.0,236.0,816.0,590.923076923,interim
foundation_200,ICLR,oral,related_work,main_word_share,13,0.109341,0.110864,0.107,0.104,0.13,0.0495,0.159,0.109341397,interim
foundation_200,ICLR,oral,related_work,figures,13,0.076923,0.0,0.0,0.0,0.0,0.0,1.0,0.076923077,interim
foundation_200,ICLR,oral,related_work,tables,13,0.153846,0.0,0.0,0.0,0.0,0.0,1.0,0.153846154,interim
foundation_200,ICLR,oral,related_work,algorithms,13,0.0,0.0,0.0,0.0,0.0,0.0,0.0,0.0,interim
foundation_200,ICLR,oral,related_work,displayed_equations,13,0.0,0.0,0.0,0.0,0.0,0.0,0.0,0.0,interim
foundation_200,ICLR,oral,related_work,visual_objects,13,0.230769,0.111111,0.0,0.0,0.0,0.0,1.0,0.230769231,interim
foundation_200,ICLR,oral,related_work,visual_objects_per_1000_words,13,0.335645,0.136166,0.0,0.0,0.0,0.0,1.769912,0.335645443,interim
foundation_200,ICLR,oral,related_work,equations_per_1000_words,13,0.0,0.0,0.0,0.0,0.0,0.0,0.0,0.0,interim
foundation_200,ICLR,oral,related_work,visual_share_within_main,13,0.020879,0.007937,0.0,0.0,0.0,0.0,0.1,0.020879121,interim
foundation_200,ICLR,oral,related_work,equation_share_within_main,11,0.0,0.0,0.0,0.0,0.0,0.0,0.0,0.0,interim
foundation_200,ICLR,oral,method,present,13,1.0,1.0,1.0,1.0,1.0,1.0,1.0,1.0,interim
foundation_200,ICLR,oral,method,estimated_words,13,1402.923077,1386.333333,1344.0,1037.0,1749.0,541.0,2500.0,1402.923076923,interim
foundation_200,ICLR,oral,method,main_word_share,13,0.251571,0.246592,0.24,0.190638,0.3041,0.096,0.408,0.251571429,interim
foundation_200,ICLR,oral,method,figures,13,1.461538,1.444444,1.0,1.0,2.0,1.0,2.0,1.461538462,interim
foundation_200,ICLR,oral,method,tables,13,0.153846,0.0,0.0,0.0,0.0,0.0,1.0,0.153846154,interim
foundation_200,ICLR,oral,method,algorithms,13,0.076923,0.0,0.0,0.0,0.0,0.0,1.0,0.076923077,interim
foundation_200,ICLR,oral,method,displayed_equations,13,3.0,2.444444,2.0,0.0,5.0,0.0,10.0,3.0,interim
foundation_200,ICLR,oral,method,visual_objects,13,1.692308,1.777778,2.0,1.0,2.0,1.0,2.0,1.692307692,interim
foundation_200,ICLR,oral,method,visual_objects_per_1000_words,13,1.354048,1.360159,1.19403,0.84317,1.91022,0.571755,2.222222,1.354047599,interim
foundation_200,ICLR,oral,method,equations_per_1000_words,13,1.935086,1.663809,1.92864,0.0,2.86533,0.0,5.717553,1.935085988,interim
foundation_200,ICLR,oral,method,visual_share_within_main,13,0.184438,0.172495,0.181818,0.111111,0.2,0.095238,0.4,0.184437784,interim
foundation_200,ICLR,oral,method,equation_share_within_main,11,0.600882,0.65853,0.769231,0.2,1.0,0.0,1.0,0.600882451,interim
foundation_200,ICLR,oral,theory,present,13,0.538462,0.555556,1.0,0.0,1.0,0.0,1.0,0.538461538,interim
foundation_200,ICLR,oral,theory,estimated_words,13,292.384615,230.777778,217.0,0.0,536.0,0.0,964.0,292.384615385,interim
foundation_200,ICLR,oral,theory,main_word_share,13,0.057046,0.045435,0.042,0.0,0.107,0.0,0.191803,0.057045611,interim
foundation_200,ICLR,oral,theory,figures,13,0.230769,0.0,0.0,0.0,0.0,0.0,2.0,0.230769231,interim
foundation_200,ICLR,oral,theory,tables,13,0.0,0.0,0.0,0.0,0.0,0.0,0.0,0.0,interim
foundation_200,ICLR,oral,theory,algorithms,13,0.0,0.0,0.0,0.0,0.0,0.0,0.0,0.0,interim
foundation_200,ICLR,oral,theory,displayed_equations,13,1.538462,1.111111,0.0,0.0,3.0,0.0,5.0,1.538461538,interim
foundation_200,ICLR,oral,theory,visual_objects,13,0.230769,0.0,0.0,0.0,0.0,0.0,2.0,0.230769231,interim
foundation_200,ICLR,oral,theory,visual_share_within_main,13,0.025641,0.0,0.0,0.0,0.0,0.0,0.25,0.025641026,interim
foundation_200,ICLR,oral,theory,equation_share_within_main,11,0.308208,0.198613,0.142857,0.0,0.508333,0.0,1.0,0.308208458,interim
foundation_200,ICLR,oral,theory,visual_objects_per_1000_words,7,0.551486,0.357143,0.0,0.0,0.892857,0.0,2.074689,0.551486155,interim
foundation_200,ICLR,oral,theory,equations_per_1000_words,7,5.855896,5.925527,6.0,3.860164,7.953653,0.0,11.363636,5.855895724,interim
foundation_200,ICLR,oral,experimental_design,present,13,1.0,1.0,1.0,1.0,1.0,1.0,1.0,1.0,interim
foundation_200,ICLR,oral,experimental_design,estimated_words,13,605.538462,487.555556,500.0,314.0,620.0,200.0,1749.0,605.538461538,interim
foundation_200,ICLR,oral,experimental_design,main_word_share,13,0.110718,0.092371,0.095,0.062475,0.1156,0.039,0.301,0.110718059,interim
foundation_200,ICLR,oral,experimental_design,figures,13,0.384615,0.0,0.0,0.0,0.0,0.0,4.0,0.384615385,interim
foundation_200,ICLR,oral,experimental_design,tables,13,0.384615,0.111111,0.0,0.0,0.0,0.0,2.0,0.384615385,interim
foundation_200,ICLR,oral,experimental_design,algorithms,13,0.0,0.0,0.0,0.0,0.0,0.0,0.0,0.0,interim
foundation_200,ICLR,oral,experimental_design,displayed_equations,13,0.0,0.0,0.0,0.0,0.0,0.0,0.0,0.0,interim
foundation_200,ICLR,oral,experimental_design,visual_objects,13,0.769231,0.222222,0.0,0.0,0.0,0.0,5.0,0.769230769,interim
foundation_200,ICLR,oral,experimental_design,visual_objects_per_1000_words,13,0.663153,0.190585,0.0,0.0,0.0,0.0,4.048583,0.663153209,interim
foundation_200,ICLR,oral,experimental_design,equations_per_1000_words,13,0.0,0.0,0.0,0.0,0.0,0.0,0.0,0.0,interim
foundation_200,ICLR,oral,experimental_design,visual_share_within_main,13,0.063437,0.015873,0.0,0.0,0.0,0.0,0.5,0.063436563,interim
foundation_200,ICLR,oral,experimental_design,equation_share_within_main,11,0.0,0.0,0.0,0.0,0.0,0.0,0.0,0.0,interim
foundation_200,ICLR,oral,results,present,13,1.0,1.0,1.0,1.0,1.0,1.0,1.0,1.0,interim
foundation_200,ICLR,oral,results,estimated_words,13,1032.923077,984.0,933.0,850.0,1160.0,384.0,2090.0,1032.923076923,interim
foundation_200,ICLR,oral,results,main_word_share,13,0.190416,0.182201,0.181,0.139,0.22,0.077,0.371,0.19041605,interim
foundation_200,ICLR,oral,results,figures,13,1.230769,1.111111,1.0,0.0,2.0,0.0,3.0,1.230769231,interim
foundation_200,ICLR,oral,results,tables,13,3.076923,2.888889,2.0,2.0,4.0,1.0,6.0,3.076923077,interim
foundation_200,ICLR,oral,results,algorithms,13,0.0,0.0,0.0,0.0,0.0,0.0,0.0,0.0,interim
foundation_200,ICLR,oral,results,displayed_equations,13,0.0,0.0,0.0,0.0,0.0,0.0,0.0,0.0,interim
foundation_200,ICLR,oral,results,visual_objects,13,4.307692,4.0,4.0,2.0,6.0,2.0,9.0,4.307692308,interim
foundation_200,ICLR,oral,results,visual_objects_per_1000_words,13,4.505344,4.442842,4.287245,2.890173,5.681818,0.956938,9.74026,4.505344443,interim
foundation_200,ICLR,oral,results,equations_per_1000_words,13,0.0,0.0,0.0,0.0,0.0,0.0,0.0,0.0,interim
foundation_200,ICLR,oral,results,visual_share_within_main,13,0.420679,0.422463,0.428571,0.285714,0.5,0.2,0.666667,0.420679321,interim
foundation_200,ICLR,oral,results,equation_share_within_main,11,0.0,0.0,0.0,0.0,0.0,0.0,0.0,0.0,interim
foundation_200,ICLR,oral,ablation,present,13,1.0,1.0,1.0,1.0,1.0,1.0,1.0,1.0,interim
foundation_200,ICLR,oral,ablation,estimated_words,13,364.153846,353.777778,360.0,300.0,430.0,190.0,662.0,364.153846154,interim
foundation_200,ICLR,oral,ablation,main_word_share,13,0.066982,0.065236,0.069,0.049,0.077994,0.0349,0.1115,0.066982132,interim
foundation_200,ICLR,oral,ablation,figures,13,0.461538,0.222222,0.0,0.0,1.0,0.0,3.0,0.461538462,interim
foundation_200,ICLR,oral,ablation,tables,13,1.615385,1.555556,2.0,1.0,2.0,1.0,3.0,1.615384615,interim
foundation_200,ICLR,oral,ablation,algorithms,13,0.0,0.0,0.0,0.0,0.0,0.0,0.0,0.0,interim
foundation_200,ICLR,oral,ablation,displayed_equations,13,0.0,0.0,0.0,0.0,0.0,0.0,0.0,0.0,interim
foundation_200,ICLR,oral,ablation,visual_objects,13,2.076923,1.777778,2.0,1.0,3.0,1.0,5.0,2.076923077,interim
foundation_200,ICLR,oral,ablation,visual_objects_per_1000_words,13,5.782388,4.983796,5.102041,3.333333,6.042296,2.631579,14.778325,5.782387915,interim
foundation_200,ICLR,oral,ablation,equations_per_1000_words,13,0.0,0.0,0.0,0.0,0.0,0.0,0.0,0.0,interim
foundation_200,ICLR,oral,ablation,visual_share_within_main,13,0.206566,0.194885,0.2,0.111111,0.25,0.083333,0.4,0.206565657,interim
foundation_200,ICLR,oral,ablation,equation_share_within_main,11,0.0,0.0,0.0,0.0,0.0,0.0,0.0,0.0,interim
foundation_200,ICLR,oral,conclusion,present,13,1.0,1.0,1.0,1.0,1.0,1.0,1.0,1.0,interim
foundation_200,ICLR,oral,conclusion,estimated_words,13,135.461538,115.333333,108.0,100.0,131.0,84.0,390.0,135.461538462,interim
foundation_200,ICLR,oral,conclusion,main_word_share,13,0.025308,0.021635,0.022,0.0174,0.025865,0.016,0.072289,0.025307802,interim
foundation_200,ICLR,oral,conclusion,figures,13,0.0,0.0,0.0,0.0,0.0,0.0,0.0,0.0,interim
foundation_200,ICLR,oral,conclusion,tables,13,0.0,0.0,0.0,0.0,0.0,0.0,0.0,0.0,interim
foundation_200,ICLR,oral,conclusion,algorithms,13,0.0,0.0,0.0,0.0,0.0,0.0,0.0,0.0,interim
foundation_200,ICLR,oral,conclusion,displayed_equations,13,0.0,0.0,0.0,0.0,0.0,0.0,0.0,0.0,interim
foundation_200,ICLR,oral,conclusion,visual_objects,13,0.0,0.0,0.0,0.0,0.0,0.0,0.0,0.0,interim
foundation_200,ICLR,oral,conclusion,visual_objects_per_1000_words,13,0.0,0.0,0.0,0.0,0.0,0.0,0.0,0.0,interim
foundation_200,ICLR,oral,conclusion,equations_per_1000_words,13,0.0,0.0,0.0,0.0,0.0,0.0,0.0,0.0,interim
foundation_200,ICLR,oral,conclusion,visual_share_within_main,13,0.0,0.0,0.0,0.0,0.0,0.0,0.0,0.0,interim
foundation_200,ICLR,oral,conclusion,equation_share_within_main,11,0.0,0.0,0.0,0.0,0.0,0.0,0.0,0.0,interim
foundation_200,ICLR,oral,limitations,present,13,0.461538,0.444444,0.0,0.0,1.0,0.0,1.0,0.461538462,interim
foundation_200,ICLR,oral,limitations,estimated_words,13,93.846154,54.333333,0.0,0.0,157.0,0.0,516.0,93.846153846,interim
foundation_200,ICLR,oral,limitations,main_word_share,13,0.009085,0.0049,0.0,0.0,0.0141,0.0,0.043,0.009084615,interim
foundation_200,ICLR,oral,limitations,figures,13,0.153846,0.0,0.0,0.0,0.0,0.0,2.0,0.153846154,interim
foundation_200,ICLR,oral,limitations,tables,13,0.076923,0.0,0.0,0.0,0.0,0.0,1.0,0.076923077,interim
foundation_200,ICLR,oral,limitations,algorithms,13,0.0,0.0,0.0,0.0,0.0,0.0,0.0,0.0,interim
foundation_200,ICLR,oral,limitations,displayed_equations,13,0.0,0.0,0.0,0.0,0.0,0.0,0.0,0.0,interim
foundation_200,ICLR,oral,limitations,visual_objects,13,0.230769,0.0,0.0,0.0,0.0,0.0,3.0,0.230769231,interim
foundation_200,ICLR,oral,limitations,visual_share_within_main,13,0.010989,0.0,0.0,0.0,0.0,0.0,0.142857,0.010989011,interim
foundation_200,ICLR,oral,limitations,equation_share_within_main,11,0.0,0.0,0.0,0.0,0.0,0.0,0.0,0.0,interim
foundation_200,ICLR,oral,limitations,visual_objects_per_1000_words,6,0.968992,0.0,0.0,0.0,0.0,0.0,5.813953,0.968992248,interim
foundation_200,ICLR,oral,limitations,equations_per_1000_words,6,0.0,0.0,0.0,0.0,0.0,0.0,0.0,0.0,interim
foundation_200,ICLR,oral,appendix,present,13,0.923077,1.0,1.0,1.0,1.0,0.0,1.0,0.923076923,interim
foundation_200,ICLR,oral,appendix,estimated_words,13,2275.615385,2124.222222,2050.0,1300.0,2950.0,0.0,6100.0,2275.615384615,interim
foundation_200,ICLR,oral,appendix,main_word_share,1,0.0,0.0,0.0,0.0,0.0,0.0,0.0,0.0,interim
foundation_200,ICLR,oral,appendix,figures,13,4.0,2.777778,2.0,1.0,5.0,0.0,15.0,4.0,interim
foundation_200,ICLR,oral,appendix,tables,13,3.384615,2.666667,3.0,0.0,4.0,0.0,13.0,3.384615385,interim
foundation_200,ICLR,oral,appendix,algorithms,13,0.0,0.0,0.0,0.0,0.0,0.0,0.0,0.0,interim
foundation_200,ICLR,oral,appendix,displayed_equations,13,0.384615,0.0,0.0,0.0,0.0,0.0,5.0,0.384615385,interim
foundation_200,ICLR,oral,appendix,visual_objects,13,7.384615,6.111111,5.0,3.0,9.0,0.0,28.0,7.384615385,interim
foundation_200,ICLR,oral,appendix,visual_share_within_main,13,0.810553,0.637466,0.625,0.3,0.9,0.0,2.8,0.810553336,interim
foundation_200,ICLR,oral,appendix,equation_share_within_main,11,0.227273,0.0,0.0,0.0,0.0,0.0,2.5,0.227272727,interim
foundation_200,ICLR,oral,appendix,visual_objects_per_1000_words,12,3.396243,3.023209,2.836975,2.142397,4.356097,0.0,9.230769,3.396242612,interim
foundation_200,ICLR,oral,appendix,equations_per_1000_words,12,0.41542,0.0,0.0,0.0,0.0,0.0,4.985045,0.415420405,interim
foundation_200,ICLR,oral,other,present,13,1.0,1.0,1.0,1.0,1.0,1.0,1.0,1.0,interim
foundation_200,ICLR,oral,other,estimated_words,13,1117.384615,970.333333,1400.0,149.0,1625.0,18.0,3322.0,1117.384615385,interim
foundation_200,ICLR,oral,other,main_word_share,6,0.0295,0.02105,0.01995,0.010725,0.032475,0.0038,0.089,0.0295,interim
foundation_200,ICLR,oral,other,figures,13,0.076923,0.0,0.0,0.0,0.0,0.0,1.0,0.076923077,interim
foundation_200,ICLR,oral,other,tables,13,0.0,0.0,0.0,0.0,0.0,0.0,0.0,0.0,interim
foundation_200,ICLR,oral,other,algorithms,13,0.0,0.0,0.0,0.0,0.0,0.0,0.0,0.0,interim
foundation_200,ICLR,oral,other,displayed_equations,13,0.0,0.0,0.0,0.0,0.0,0.0,0.0,0.0,interim
foundation_200,ICLR,oral,other,visual_objects,13,0.076923,0.0,0.0,0.0,0.0,0.0,1.0,0.076923077,interim
foundation_200,ICLR,oral,other,visual_objects_per_1000_words,13,0.386548,0.0,0.0,0.0,0.0,0.0,5.025126,0.386548125,interim
foundation_200,ICLR,oral,other,equations_per_1000_words,13,0.0,0.0,0.0,0.0,0.0,0.0,0.0,0.0,interim
foundation_200,ICLR,oral,other,visual_share_within_main,13,0.003663,0.0,0.0,0.0,0.0,0.0,0.047619,0.003663004,interim
foundation_200,ICLR,oral,other,equation_share_within_main,11,0.0,0.0,0.0,0.0,0.0,0.0,0.0,0.0,interim
foundation_200,ICLR,outstanding,abstract,present,2,1.0,1.0,1.0,1.0,1.0,1.0,1.0,1.0,interim
foundation_200,ICLR,outstanding,abstract,estimated_words,2,174.5,174.5,174.5,168.25,180.75,162.0,187.0,174.5,interim
foundation_200,ICLR,outstanding,abstract,main_word_share,2,0.028,0.028,0.028,0.0275,0.0285,0.027,0.029,0.028,interim
foundation_200,ICLR,outstanding,abstract,figures,2,0.5,0.5,0.5,0.25,0.75,0.0,1.0,0.5,interim
foundation_200,ICLR,outstanding,abstract,tables,2,0.0,0.0,0.0,0.0,0.0,0.0,0.0,0.0,interim
foundation_200,ICLR,outstanding,abstract,algorithms,2,0.0,0.0,0.0,0.0,0.0,0.0,0.0,0.0,interim
foundation_200,ICLR,outstanding,abstract,displayed_equations,2,0.0,0.0,0.0,0.0,0.0,0.0,0.0,0.0,interim
foundation_200,ICLR,outstanding,abstract,visual_objects,2,0.5,0.5,0.5,0.25,0.75,0.0,1.0,0.5,interim
foundation_200,ICLR,outstanding,abstract,visual_objects_per_1000_words,2,2.673797,2.673797,2.673797,1.336898,4.010695,0.0,5.347594,2.673796791,interim
foundation_200,ICLR,outstanding,abstract,equations_per_1000_words,2,0.0,0.0,0.0,0.0,0.0,0.0,0.0,0.0,interim
foundation_200,ICLR,outstanding,abstract,equation_share_within_main,2,0.0,0.0,0.0,0.0,0.0,0.0,0.0,0.0,interim
foundation_200,ICLR,outstanding,abstract,visual_share_within_main,1,0.166667,0.166667,0.166667,0.166667,0.166667,0.166667,0.166667,0.166666667,interim
foundation_200,ICLR,outstanding,introduction,present,2,1.0,1.0,1.0,1.0,1.0,1.0,1.0,1.0,interim
foundation_200,ICLR,outstanding,introduction,estimated_words,2,747.5,747.5,747.5,708.75,786.25,670.0,825.0,747.5,interim
foundation_200,ICLR,outstanding,introduction,main_word_share,2,0.12,0.12,0.12,0.1115,0.1285,0.103,0.137,0.12,interim
foundation_200,ICLR,outstanding,introduction,figures,2,0.0,0.0,0.0,0.0,0.0,0.0,0.0,0.0,interim
foundation_200,ICLR,outstanding,introduction,tables,2,0.0,0.0,0.0,0.0,0.0,0.0,0.0,0.0,interim
foundation_200,ICLR,outstanding,introduction,algorithms,2,0.0,0.0,0.0,0.0,0.0,0.0,0.0,0.0,interim
foundation_200,ICLR,outstanding,introduction,displayed_equations,2,0.0,0.0,0.0,0.0,0.0,0.0,0.0,0.0,interim
foundation_200,ICLR,outstanding,introduction,visual_objects,2,0.0,0.0,0.0,0.0,0.0,0.0,0.0,0.0,interim
foundation_200,ICLR,outstanding,introduction,visual_objects_per_1000_words,2,0.0,0.0,0.0,0.0,0.0,0.0,0.0,0.0,interim
foundation_200,ICLR,outstanding,introduction,equations_per_1000_words,2,0.0,0.0,0.0,0.0,0.0,0.0,0.0,0.0,interim
foundation_200,ICLR,outstanding,introduction,equation_share_within_main,2,0.0,0.0,0.0,0.0,0.0,0.0,0.0,0.0,interim
foundation_200,ICLR,outstanding,introduction,visual_share_within_main,1,0.0,0.0,0.0,0.0,0.0,0.0,0.0,0.0,interim
foundation_200,ICLR,outstanding,related_work,present,2,1.0,1.0,1.0,1.0,1.0,1.0,1.0,1.0,interim
foundation_200,ICLR,outstanding,related_work,estimated_words,2,351.0,351.0,351.0,296.5,405.5,242.0,460.0,351.0,interim
foundation_200,ICLR,outstanding,related_work,main_word_share,2,0.0555,0.0555,0.0555,0.04775,0.06325,0.04,0.071,0.0555,interim
foundation_200,ICLR,outstanding,related_work,figures,2,0.0,0.0,0.0,0.0,0.0,0.0,0.0,0.0,interim
foundation_200,ICLR,outstanding,related_work,tables,2,0.0,0.0,0.0,0.0,0.0,0.0,0.0,0.0,interim
foundation_200,ICLR,outstanding,related_work,algorithms,2,0.0,0.0,0.0,0.0,0.0,0.0,0.0,0.0,interim
foundation_200,ICLR,outstanding,related_work,displayed_equations,2,0.0,0.0,0.0,0.0,0.0,0.0,0.0,0.0,interim
foundation_200,ICLR,outstanding,related_work,visual_objects,2,0.0,0.0,0.0,0.0,0.0,0.0,0.0,0.0,interim
foundation_200,ICLR,outstanding,related_work,visual_objects_per_1000_words,2,0.0,0.0,0.0,0.0,0.0,0.0,0.0,0.0,interim
foundation_200,ICLR,outstanding,related_work,equations_per_1000_words,2,0.0,0.0,0.0,0.0,0.0,0.0,0.0,0.0,interim
foundation_200,ICLR,outstanding,related_work,equation_share_within_main,2,0.0,0.0,0.0,0.0,0.0,0.0,0.0,0.0,interim
foundation_200,ICLR,outstanding,related_work,visual_share_within_main,1,0.0,0.0,0.0,0.0,0.0,0.0,0.0,0.0,interim
foundation_200,ICLR,outstanding,method,present,2,1.0,1.0,1.0,1.0,1.0,1.0,1.0,1.0,interim
foundation_200,ICLR,outstanding,method,estimated_words,2,1309.0,1309.0,1309.0,1054.5,1563.5,800.0,1818.0,1309.0,interim
foundation_200,ICLR,outstanding,method,main_word_share,2,0.213,0.213,0.213,0.168,0.258,0.123,0.303,0.213,interim
foundation_200,ICLR,outstanding,method,figures,2,1.0,1.0,1.0,0.5,1.5,0.0,2.0,1.0,interim
foundation_200,ICLR,outstanding,method,tables,2,0.0,0.0,0.0,0.0,0.0,0.0,0.0,0.0,interim
foundation_200,ICLR,outstanding,method,algorithms,2,0.0,0.0,0.0,0.0,0.0,0.0,0.0,0.0,interim
foundation_200,ICLR,outstanding,method,displayed_equations,2,5.5,5.5,5.5,2.75,8.25,0.0,11.0,5.5,interim
foundation_200,ICLR,outstanding,method,visual_objects,2,1.0,1.0,1.0,0.5,1.5,0.0,2.0,1.0,interim
foundation_200,ICLR,outstanding,method,visual_objects_per_1000_words,2,1.25,1.25,1.25,0.625,1.875,0.0,2.5,1.25,interim
foundation_200,ICLR,outstanding,method,equations_per_1000_words,2,3.025303,3.025303,3.025303,1.512651,4.537954,0.0,6.050605,3.02530253,interim
foundation_200,ICLR,outstanding,method,equation_share_within_main,2,0.34375,0.34375,0.34375,0.171875,0.515625,0.0,0.6875,0.34375,interim
foundation_200,ICLR,outstanding,method,visual_share_within_main,1,0.333333,0.333333,0.333333,0.333333,0.333333,0.333333,0.333333,0.333333333,interim
foundation_200,ICLR,outstanding,theory,present,2,0.5,0.5,0.5,0.25,0.75,0.0,1.0,0.5,interim
foundation_200,ICLR,outstanding,theory,estimated_words,2,904.5,904.5,904.5,452.25,1356.75,0.0,1809.0,904.5,interim
foundation_200,ICLR,outstanding,theory,main_word_share,2,0.1505,0.1505,0.1505,0.07525,0.22575,0.0,0.301,0.1505,interim
foundation_200,ICLR,outstanding,theory,figures,2,0.0,0.0,0.0,0.0,0.0,0.0,0.0,0.0,interim
foundation_200,ICLR,outstanding,theory,tables,2,0.0,0.0,0.0,0.0,0.0,0.0,0.0,0.0,interim
foundation_200,ICLR,outstanding,theory,algorithms,2,0.0,0.0,0.0,0.0,0.0,0.0,0.0,0.0,interim
foundation_200,ICLR,outstanding,theory,displayed_equations,2,2.0,2.0,2.0,1.0,3.0,0.0,4.0,2.0,interim
foundation_200,ICLR,outstanding,theory,visual_objects,2,0.0,0.0,0.0,0.0,0.0,0.0,0.0,0.0,interim
foundation_200,ICLR,outstanding,theory,visual_objects_per_1000_words,1,0.0,0.0,0.0,0.0,0.0,0.0,0.0,0.0,interim
foundation_200,ICLR,outstanding,theory,equations_per_1000_words,1,2.211166,2.211166,2.211166,2.211166,2.211166,2.211166,2.211166,2.21116639,interim
foundation_200,ICLR,outstanding,theory,equation_share_within_main,2,0.125,0.125,0.125,0.0625,0.1875,0.0,0.25,0.125,interim
foundation_200,ICLR,outstanding,theory,visual_share_within_main,1,0.0,0.0,0.0,0.0,0.0,0.0,0.0,0.0,interim
foundation_200,ICLR,outstanding,experimental_design,present,2,0.5,0.5,0.5,0.25,0.75,0.0,1.0,0.5,interim
foundation_200,ICLR,outstanding,experimental_design,estimated_words,2,745.0,745.0,745.0,372.5,1117.5,0.0,1490.0,745.0,interim
foundation_200,ICLR,outstanding,experimental_design,main_word_share,2,0.1145,0.1145,0.1145,0.05725,0.17175,0.0,0.229,0.1145,interim
foundation_200,ICLR,outstanding,experimental_design,figures,2,0.5,0.5,0.5,0.25,0.75,0.0,1.0,0.5,interim
foundation_200,ICLR,outstanding,experimental_design,tables,2,0.0,0.0,0.0,0.0,0.0,0.0,0.0,0.0,interim
foundation_200,ICLR,outstanding,experimental_design,algorithms,2,0.0,0.0,0.0,0.0,0.0,0.0,0.0,0.0,interim
foundation_200,ICLR,outstanding,experimental_design,displayed_equations,2,0.5,0.5,0.5,0.25,0.75,0.0,1.0,0.5,interim
foundation_200,ICLR,outstanding,experimental_design,visual_objects,2,0.5,0.5,0.5,0.25,0.75,0.0,1.0,0.5,interim
foundation_200,ICLR,outstanding,experimental_design,equation_share_within_main,2,0.5,0.5,0.5,0.25,0.75,0.0,1.0,0.5,interim
foundation_200,ICLR,outstanding,experimental_design,visual_objects_per_1000_words,1,0.671141,0.671141,0.671141,0.671141,0.671141,0.671141,0.671141,0.67114094,interim
foundation_200,ICLR,outstanding,experimental_design,equations_per_1000_words,1,0.671141,0.671141,0.671141,0.671141,0.671141,0.671141,0.671141,0.67114094,interim
foundation_200,ICLR,outstanding,experimental_design,visual_share_within_main,1,0.166667,0.166667,0.166667,0.166667,0.166667,0.166667,0.166667,0.166666667,interim
foundation_200,ICLR,outstanding,results,present,2,1.0,1.0,1.0,1.0,1.0,1.0,1.0,1.0,interim
foundation_200,ICLR,outstanding,results,estimated_words,2,925.5,925.5,925.5,923.25,927.75,921.0,930.0,925.5,interim
foundation_200,ICLR,outstanding,results,main_word_share,2,0.148,0.148,0.148,0.1455,0.1505,0.143,0.153,0.148,interim
foundation_200,ICLR,outstanding,results,figures,2,0.5,0.5,0.5,0.25,0.75,0.0,1.0,0.5,interim
foundation_200,ICLR,outstanding,results,tables,2,0.5,0.5,0.5,0.25,0.75,0.0,1.0,0.5,interim
foundation_200,ICLR,outstanding,results,algorithms,2,0.0,0.0,0.0,0.0,0.0,0.0,0.0,0.0,interim
foundation_200,ICLR,outstanding,results,displayed_equations,2,0.5,0.5,0.5,0.25,0.75,0.0,1.0,0.5,interim
foundation_200,ICLR,outstanding,results,visual_objects,2,1.0,1.0,1.0,0.5,1.5,0.0,2.0,1.0,interim
foundation_200,ICLR,outstanding,results,visual_objects_per_1000_words,2,1.075269,1.075269,1.075269,0.537634,1.612903,0.0,2.150538,1.075268817,interim
foundation_200,ICLR,outstanding,results,equations_per_1000_words,2,0.542888,0.542888,0.542888,0.271444,0.814332,0.0,1.085776,0.542888165,interim
foundation_200,ICLR,outstanding,results,equation_share_within_main,2,0.03125,0.03125,0.03125,0.015625,0.046875,0.0,0.0625,0.03125,interim
foundation_200,ICLR,outstanding,results,visual_share_within_main,1,0.333333,0.333333,0.333333,0.333333,0.333333,0.333333,0.333333,0.333333333,interim
foundation_200,ICLR,outstanding,ablation,present,2,0.5,0.5,0.5,0.25,0.75,0.0,1.0,0.5,interim
foundation_200,ICLR,outstanding,ablation,estimated_words,2,165.0,165.0,165.0,82.5,247.5,0.0,330.0,165.0,interim
foundation_200,ICLR,outstanding,ablation,main_word_share,2,0.0255,0.0255,0.0255,0.01275,0.03825,0.0,0.051,0.0255,interim
foundation_200,ICLR,outstanding,ablation,figures,2,0.0,0.0,0.0,0.0,0.0,0.0,0.0,0.0,interim
foundation_200,ICLR,outstanding,ablation,tables,2,0.0,0.0,0.0,0.0,0.0,0.0,0.0,0.0,interim
foundation_200,ICLR,outstanding,ablation,algorithms,2,0.0,0.0,0.0,0.0,0.0,0.0,0.0,0.0,interim
foundation_200,ICLR,outstanding,ablation,displayed_equations,2,0.0,0.0,0.0,0.0,0.0,0.0,0.0,0.0,interim
foundation_200,ICLR,outstanding,ablation,visual_objects,2,0.0,0.0,0.0,0.0,0.0,0.0,0.0,0.0,interim
foundation_200,ICLR,outstanding,ablation,equation_share_within_main,2,0.0,0.0,0.0,0.0,0.0,0.0,0.0,0.0,interim
foundation_200,ICLR,outstanding,ablation,visual_objects_per_1000_words,1,0.0,0.0,0.0,0.0,0.0,0.0,0.0,0.0,interim
foundation_200,ICLR,outstanding,ablation,equations_per_1000_words,1,0.0,0.0,0.0,0.0,0.0,0.0,0.0,0.0,interim
foundation_200,ICLR,outstanding,ablation,visual_share_within_main,1,0.0,0.0,0.0,0.0,0.0,0.0,0.0,0.0,interim
foundation_200,ICLR,outstanding,conclusion,present,2,1.0,1.0,1.0,1.0,1.0,1.0,1.0,1.0,interim
foundation_200,ICLR,outstanding,conclusion,estimated_words,2,154.0,154.0,154.0,127.0,181.0,100.0,208.0,154.0,interim
foundation_200,ICLR,outstanding,conclusion,main_word_share,2,0.025,0.025,0.025,0.02,0.03,0.015,0.035,0.025,interim
foundation_200,ICLR,outstanding,conclusion,figures,2,0.0,0.0,0.0,0.0,0.0,0.0,0.0,0.0,interim
foundation_200,ICLR,outstanding,conclusion,tables,2,0.0,0.0,0.0,0.0,0.0,0.0,0.0,0.0,interim
foundation_200,ICLR,outstanding,conclusion,algorithms,2,0.0,0.0,0.0,0.0,0.0,0.0,0.0,0.0,interim
foundation_200,ICLR,outstanding,conclusion,displayed_equations,2,0.0,0.0,0.0,0.0,0.0,0.0,0.0,0.0,interim
foundation_200,ICLR,outstanding,conclusion,visual_objects,2,0.0,0.0,0.0,0.0,0.0,0.0,0.0,0.0,interim
foundation_200,ICLR,outstanding,conclusion,visual_objects_per_1000_words,2,0.0,0.0,0.0,0.0,0.0,0.0,0.0,0.0,interim
foundation_200,ICLR,outstanding,conclusion,equations_per_1000_words,2,0.0,0.0,0.0,0.0,0.0,0.0,0.0,0.0,interim
foundation_200,ICLR,outstanding,conclusion,equation_share_within_main,2,0.0,0.0,0.0,0.0,0.0,0.0,0.0,0.0,interim
foundation_200,ICLR,outstanding,conclusion,visual_share_within_main,1,0.0,0.0,0.0,0.0,0.0,0.0,0.0,0.0,interim
foundation_200,ICLR,outstanding,limitations,present,2,0.5,0.5,0.5,0.25,0.75,0.0,1.0,0.5,interim
foundation_200,ICLR,outstanding,limitations,estimated_words,2,300.0,300.0,300.0,150.0,450.0,0.0,600.0,300.0,interim
foundation_200,ICLR,outstanding,limitations,main_word_share,2,0.046,0.046,0.046,0.023,0.069,0.0,0.092,0.046,interim
foundation_200,ICLR,outstanding,limitations,figures,2,0.0,0.0,0.0,0.0,0.0,0.0,0.0,0.0,interim
foundation_200,ICLR,outstanding,limitations,tables,2,0.0,0.0,0.0,0.0,0.0,0.0,0.0,0.0,interim
foundation_200,ICLR,outstanding,limitations,algorithms,2,0.0,0.0,0.0,0.0,0.0,0.0,0.0,0.0,interim
foundation_200,ICLR,outstanding,limitations,displayed_equations,2,0.0,0.0,0.0,0.0,0.0,0.0,0.0,0.0,interim
foundation_200,ICLR,outstanding,limitations,visual_objects,2,0.0,0.0,0.0,0.0,0.0,0.0,0.0,0.0,interim
foundation_200,ICLR,outstanding,limitations,equation_share_within_main,2,0.0,0.0,0.0,0.0,0.0,0.0,0.0,0.0,interim
foundation_200,ICLR,outstanding,limitations,visual_objects_per_1000_words,1,0.0,0.0,0.0,0.0,0.0,0.0,0.0,0.0,interim
foundation_200,ICLR,outstanding,limitations,equations_per_1000_words,1,0.0,0.0,0.0,0.0,0.0,0.0,0.0,0.0,interim
foundation_200,ICLR,outstanding,limitations,visual_share_within_main,1,0.0,0.0,0.0,0.0,0.0,0.0,0.0,0.0,interim
foundation_200,ICLR,outstanding,appendix,present,2,1.0,1.0,1.0,1.0,1.0,1.0,1.0,1.0,interim
foundation_200,ICLR,outstanding,appendix,estimated_words,2,8882.5,8882.5,8882.5,6408.75,11356.25,3935.0,13830.0,8882.5,interim
foundation_200,ICLR,outstanding,appendix,figures,2,2.5,2.5,2.5,1.25,3.75,0.0,5.0,2.5,interim
foundation_200,ICLR,outstanding,appendix,tables,2,4.5,4.5,4.5,2.25,6.75,0.0,9.0,4.5,interim
foundation_200,ICLR,outstanding,appendix,algorithms,2,0.0,0.0,0.0,0.0,0.0,0.0,0.0,0.0,interim
foundation_200,ICLR,outstanding,appendix,displayed_equations,2,24.0,24.0,24.0,15.5,32.5,7.0,41.0,24.0,interim
foundation_200,ICLR,outstanding,appendix,visual_objects,2,7.0,7.0,7.0,3.5,10.5,0.0,14.0,7.0,interim
foundation_200,ICLR,outstanding,appendix,visual_objects_per_1000_words,2,0.506146,0.506146,0.506146,0.253073,0.759219,0.0,1.012292,0.506146059,interim
foundation_200,ICLR,outstanding,appendix,equations_per_1000_words,2,5.46273,5.46273,5.46273,2.984438,7.941022,0.506146,10.419314,5.462729955,interim
foundation_200,ICLR,outstanding,appendix,equation_share_within_main,2,4.78125,4.78125,4.78125,3.671875,5.890625,2.5625,7.0,4.78125,interim
foundation_200,ICLR,outstanding,appendix,visual_share_within_main,1,2.333333,2.333333,2.333333,2.333333,2.333333,2.333333,2.333333,2.333333333,interim
foundation_200,ICLR,outstanding,other,present,2,1.0,1.0,1.0,1.0,1.0,1.0,1.0,1.0,interim
foundation_200,ICLR,outstanding,other,estimated_words,2,966.5,966.5,966.5,953.25,979.75,940.0,993.0,966.5,interim
foundation_200,ICLR,outstanding,other,figures,2,0.0,0.0,0.0,0.0,0.0,0.0,0.0,0.0,interim
foundation_200,ICLR,outstanding,other,tables,2,0.0,0.0,0.0,0.0,0.0,0.0,0.0,0.0,interim
foundation_200,ICLR,outstanding,other,algorithms,2,0.0,0.0,0.0,0.0,0.0,0.0,0.0,0.0,interim
foundation_200,ICLR,outstanding,other,displayed_equations,2,0.0,0.0,0.0,0.0,0.0,0.0,0.0,0.0,interim
foundation_200,ICLR,outstanding,other,visual_objects,2,0.0,0.0,0.0,0.0,0.0,0.0,0.0,0.0,interim
foundation_200,ICLR,outstanding,other,visual_objects_per_1000_words,2,0.0,0.0,0.0,0.0,0.0,0.0,0.0,0.0,interim
foundation_200,ICLR,outstanding,other,equations_per_1000_words,2,0.0,0.0,0.0,0.0,0.0,0.0,0.0,0.0,interim
foundation_200,ICLR,outstanding,other,equation_share_within_main,2,0.0,0.0,0.0,0.0,0.0,0.0,0.0,0.0,interim
foundation_200,ICLR,outstanding,other,main_word_share,1,0.144,0.144,0.144,0.144,0.144,0.144,0.144,0.144,interim
foundation_200,ICLR,outstanding,other,visual_share_within_main,1,0.0,0.0,0.0,0.0,0.0,0.0,0.0,0.0,interim
foundation_200,ICML,all,abstract,present,100,1.0,1.0,1.0,1.0,1.0,1.0,1.0,1.0,interim
foundation_200,ICML,all,abstract,estimated_words,100,179.52,173.416667,172.0,152.75,197.25,86.0,338.0,179.483433662,interim
foundation_200,ICML,all,abstract,main_word_share,99,0.031197,0.030482,0.03,0.026,0.034979,0.011,0.059,0.031751435,interim
foundation_200,ICML,all,abstract,figures,100,0.09,0.0,0.0,0.0,0.0,0.0,1.0,0.087113982,interim
foundation_200,ICML,all,abstract,tables,100,0.0,0.0,0.0,0.0,0.0,0.0,0.0,0.0,interim
foundation_200,ICML,all,abstract,algorithms,100,0.0,0.0,0.0,0.0,0.0,0.0,0.0,0.0,interim
foundation_200,ICML,all,abstract,displayed_equations,100,0.0,0.0,0.0,0.0,0.0,0.0,0.0,0.0,interim
foundation_200,ICML,all,abstract,visual_objects,100,0.09,0.0,0.0,0.0,0.0,0.0,1.0,0.087113982,interim
foundation_200,ICML,all,abstract,visual_objects_per_1000_words,100,0.458693,0.0,0.0,0.0,0.0,0.0,6.802721,0.472347562,interim
foundation_200,ICML,all,abstract,equations_per_1000_words,100,0.0,0.0,0.0,0.0,0.0,0.0,0.0,0.0,interim
foundation_200,ICML,all,abstract,visual_share_within_main,99,0.00839,0.0,0.0,0.0,0.0,0.0,0.142857,0.00866967,interim
foundation_200,ICML,all,abstract,equation_share_within_main,94,0.0,0.0,0.0,0.0,0.0,0.0,0.0,0.0,interim
foundation_200,ICML,all,introduction,present,100,1.0,1.0,1.0,1.0,1.0,1.0,1.0,1.0,interim
foundation_200,ICML,all,introduction,estimated_words,100,875.15,856.266667,860.0,699.75,1022.5,375.0,1580.0,856.268193623,interim
foundation_200,ICML,all,introduction,main_word_share,100,0.149545,0.147027,0.142105,0.12045,0.178325,0.039,0.298993,0.148284043,interim
foundation_200,ICML,all,introduction,figures,100,0.45,0.383333,0.0,0.0,1.0,0.0,2.0,0.483482602,interim
foundation_200,ICML,all,introduction,tables,100,0.02,0.0,0.0,0.0,0.0,0.0,1.0,0.020310282,interim
foundation_200,ICML,all,introduction,algorithms,100,0.02,0.0,0.0,0.0,0.0,0.0,2.0,0.011745705,interim
foundation_200,ICML,all,introduction,displayed_equations,100,0.15,0.0,0.0,0.0,0.0,0.0,3.0,0.141095287,interim
foundation_200,ICML,all,introduction,visual_objects,100,0.49,0.416667,0.0,0.0,1.0,0.0,3.0,0.51553859,interim
foundation_200,ICML,all,introduction,visual_objects_per_1000_words,100,0.597042,0.438228,0.0,0.0,1.240718,0.0,3.125,0.643830671,interim
foundation_200,ICML,all,introduction,equations_per_1000_words,100,0.156194,0.0,0.0,0.0,0.0,0.0,3.125,0.154495371,interim
foundation_200,ICML,all,introduction,visual_share_within_main,99,0.049378,0.032717,0.0,0.0,0.095455,0.0,0.272727,0.052100055,interim
foundation_200,ICML,all,introduction,equation_share_within_main,94,0.007694,0.0,0.0,0.0,0.0,0.0,0.117647,0.007697806,interim
foundation_200,ICML,all,related_work,present,100,0.99,1.0,1.0,1.0,1.0,0.0,1.0,0.994127147,interim
foundation_200,ICML,all,related_work,estimated_words,100,598.91,566.266667,555.0,430.0,705.75,0.0,1670.0,592.279107336,interim
foundation_200,ICML,all,related_work,main_word_share,96,0.089305,0.089841,0.09079,0.067984,0.113793,0.0,0.185071,0.08898526,interim
foundation_200,ICML,all,related_work,figures,100,0.02,0.0,0.0,0.0,0.0,0.0,1.0,0.020310282,interim
foundation_200,ICML,all,related_work,tables,100,0.0,0.0,0.0,0.0,0.0,0.0,0.0,0.0,interim
foundation_200,ICML,all,related_work,algorithms,100,0.0,0.0,0.0,0.0,0.0,0.0,0.0,0.0,interim
foundation_200,ICML,all,related_work,displayed_equations,100,0.03,0.0,0.0,0.0,0.0,0.0,2.0,0.026183135,interim
foundation_200,ICML,all,related_work,visual_objects,100,0.02,0.0,0.0,0.0,0.0,0.0,1.0,0.020310282,interim
foundation_200,ICML,all,related_work,visual_objects_per_1000_words,99,0.021961,0.0,0.0,0.0,0.0,0.0,1.098901,0.022311233,interim
foundation_200,ICML,all,related_work,equations_per_1000_words,99,0.040626,0.0,0.0,0.0,0.0,0.0,3.246753,0.030438269,interim
foundation_200,ICML,all,related_work,visual_share_within_main,99,0.002165,0.0,0.0,0.0,0.0,0.0,0.142857,0.002518338,interim
foundation_200,ICML,all,related_work,equation_share_within_main,94,0.001882,0.0,0.0,0.0,0.0,0.0,0.1,0.001808021,interim
foundation_200,ICML,all,method,present,100,1.0,1.0,1.0,1.0,1.0,1.0,1.0,1.0,interim
foundation_200,ICML,all,method,estimated_words,100,1449.18,1410.066667,1388.5,985.0,1822.0,320.0,3310.0,1434.98913524,interim
foundation_200,ICML,all,method,main_word_share,100,0.236715,0.230631,0.236,0.17746,0.282927,0.07,0.523847,0.239412597,interim
foundation_200,ICML,all,method,figures,100,1.24,1.083333,1.0,0.0,2.0,0.0,5.0,1.250672931,interim
foundation_200,ICML,all,method,tables,100,0.13,0.0,0.0,0.0,0.0,0.0,2.0,0.110605393,interim
foundation_200,ICML,all,method,algorithms,100,0.49,0.216667,0.0,0.0,1.0,0.0,4.0,0.469240934,interim
foundation_200,ICML,all,method,displayed_equations,100,7.25,6.0,6.0,3.0,9.0,0.0,27.0,7.287084618,interim
foundation_200,ICML,all,method,visual_objects,100,1.86,1.75,2.0,1.0,3.0,0.0,6.0,1.830519258,interim
foundation_200,ICML,all,method,visual_objects_per_1000_words,100,1.391636,1.227443,1.279321,0.733289,1.666667,0.0,6.25,1.394834259,interim
foundation_200,ICML,all,method,equations_per_1000_words,100,5.159881,4.548046,4.136439,2.560539,7.242509,0.0,16.923077,5.277632156,interim
foundation_200,ICML,all,method,visual_share_within_main,99,0.195134,0.177488,0.166667,0.1,0.272727,0.0,0.714286,0.196747857,interim
foundation_200,ICML,all,method,equation_share_within_main,94,0.573476,0.57997,0.607692,0.317199,0.8,0.0,1.0,0.572786915,interim
foundation_200,ICML,all,theory,present,100,0.67,0.783333,1.0,0.0,1.0,0.0,1.0,0.677727206,interim
foundation_200,ICML,all,theory,estimated_words,100,966.15,575.066667,569.0,0.0,1085.0,0.0,14280.0,986.64611165,interim
foundation_200,ICML,all,theory,main_word_share,95,0.114836,0.092731,0.103,0.0,0.190056,0.0,0.542,0.109662872,interim
foundation_200,ICML,all,theory,figures,100,0.34,0.016667,0.0,0.0,0.0,0.0,6.0,0.300592179,interim
foundation_200,ICML,all,theory,tables,100,0.07,0.0,0.0,0.0,0.0,0.0,1.0,0.058239123,interim
foundation_200,ICML,all,theory,algorithms,100,0.02,0.0,0.0,0.0,0.0,0.0,1.0,0.008270934,interim
foundation_200,ICML,all,theory,displayed_equations,100,8.16,3.5,3.5,0.0,8.0,0.0,262.0,8.84975285,interim
foundation_200,ICML,all,theory,visual_objects,100,0.43,0.05,0.0,0.0,0.0,0.0,7.0,0.367102237,interim
foundation_200,ICML,all,theory,visual_objects_per_1000_words,67,0.712337,0.124731,0.0,0.0,0.559687,0.0,6.666667,0.633989821,interim
foundation_200,ICML,all,theory,equations_per_1000_words,67,8.093671,7.176903,7.744434,4.359989,9.789179,0.0,24.705882,7.991414807,interim
foundation_200,ICML,all,theory,visual_share_within_main,99,0.050559,0.00381,0.0,0.0,0.0,0.0,0.5,0.04268968,interim
foundation_200,ICML,all,theory,equation_share_within_main,94,0.341854,0.307253,0.320513,0.0,0.555556,0.0,1.0,0.347378743,interim
foundation_200,ICML,all,experimental_design,present,100,0.97,1.0,1.0,1.0,1.0,0.0,1.0,0.977291636,interim
foundation_200,ICML,all,experimental_design,estimated_words,100,638.9,576.85,570.0,447.5,712.5,0.0,2400.0,631.029804745,interim
foundation_200,ICML,all,experimental_design,main_word_share,100,0.101297,0.097197,0.096,0.076825,0.126859,0.0,0.245,0.101157103,interim
foundation_200,ICML,all,experimental_design,figures,100,0.16,0.0,0.0,0.0,0.0,0.0,2.0,0.162482259,interim
foundation_200,ICML,all,experimental_design,tables,100,0.15,0.0,0.0,0.0,0.0,0.0,3.0,0.139480253,interim
foundation_200,ICML,all,experimental_design,algorithms,100,0.0,0.0,0.0,0.0,0.0,0.0,0.0,0.0,interim
foundation_200,ICML,all,experimental_design,displayed_equations,100,0.28,0.0,0.0,0.0,0.0,0.0,5.0,0.2672148,interim
foundation_200,ICML,all,experimental_design,visual_objects,100,0.31,0.0,0.0,0.0,0.0,0.0,5.0,0.301962512,interim
foundation_200,ICML,all,experimental_design,visual_share_within_main,99,0.027344,0.0,0.0,0.0,0.0,0.0,0.294118,0.025749175,interim
foundation_200,ICML,all,experimental_design,equation_share_within_main,94,0.021495,0.0,0.0,0.0,0.0,0.0,0.5,0.023414354,interim
foundation_200,ICML,all,experimental_design,visual_objects_per_1000_words,97,0.508764,0.0,0.0,0.0,0.0,0.0,10.067114,0.503147294,interim
foundation_200,ICML,all,experimental_design,equations_per_1000_words,97,0.533016,0.0,0.0,0.0,0.0,0.0,11.904762,0.531107804,interim
foundation_200,ICML,all,results,present,100,0.97,1.0,1.0,1.0,1.0,0.0,1.0,0.977291636,interim
foundation_200,ICML,all,results,estimated_words,100,973.44,909.5,850.0,610.0,1296.25,0.0,2528.0,957.631478517,interim
foundation_200,ICML,all,results,main_word_share,100,0.161038,0.152519,0.1445,0.10875,0.200275,0.0,0.415,0.162785274,interim
foundation_200,ICML,all,results,figures,100,2.62,2.25,2.0,1.0,4.0,0.0,10.0,2.531933637,interim
foundation_200,ICML,all,results,tables,100,2.14,1.983333,2.0,1.0,3.0,0.0,8.0,2.191944404,interim
foundation_200,ICML,all,results,algorithms,100,0.0,0.0,0.0,0.0,0.0,0.0,0.0,0.0,interim
foundation_200,ICML,all,results,displayed_equations,100,0.17,0.0,0.0,0.0,0.0,0.0,5.0,0.125532227,interim
foundation_200,ICML,all,results,visual_objects,100,4.76,4.466667,4.5,3.0,6.0,0.0,13.0,4.72387804,interim
foundation_200,ICML,all,results,visual_share_within_main,99,0.484768,0.480343,0.461538,0.394444,0.591667,0.0,1.0,0.493702884,interim
foundation_200,ICML,all,results,equation_share_within_main,94,0.014342,0.0,0.0,0.0,0.0,0.0,0.294118,0.011504269,interim
foundation_200,ICML,all,results,visual_objects_per_1000_words,97,5.609649,5.180643,5.309735,3.562945,6.613757,1.538462,16.981132,5.589111118,interim
foundation_200,ICML,all,results,equations_per_1000_words,97,0.222017,0.0,0.0,0.0,0.0,0.0,4.83871,0.159378412,interim
foundation_200,ICML,all,ablation,present,100,0.77,0.95,1.0,1.0,1.0,0.0,1.0,0.777663583,interim
foundation_200,ICML,all,ablation,estimated_words,100,425.99,344.216667,375.0,115.0,544.75,0.0,5624.0,397.882347228,interim
foundation_200,ICML,all,ablation,main_word_share,97,0.050944,0.044838,0.0468,0.0,0.084502,0.0,0.1782,0.052407769,interim
foundation_200,ICML,all,ablation,figures,100,2.35,0.566667,0.0,0.0,2.0,0.0,128.0,1.791220086,interim
foundation_200,ICML,all,ablation,tables,100,0.84,0.5,0.0,0.0,1.0,0.0,8.0,0.784515245,interim
foundation_200,ICML,all,ablation,algorithms,100,0.0,0.0,0.0,0.0,0.0,0.0,0.0,0.0,interim
foundation_200,ICML,all,ablation,displayed_equations,100,0.1,0.0,0.0,0.0,0.0,0.0,5.0,0.101551412,interim
foundation_200,ICML,all,ablation,visual_objects,100,3.19,1.433333,1.0,0.0,3.0,0.0,128.0,2.575735331,interim
foundation_200,ICML,all,ablation,visual_share_within_main,99,0.177634,0.14835,0.142857,0.0,0.285714,0.0,0.955224,0.173039372,interim
foundation_200,ICML,all,ablation,equation_share_within_main,94,0.006299,0.0,0.0,0.0,0.0,0.0,0.333333,0.006062574,interim
foundation_200,ICML,all,ablation,visual_objects_per_1000_words,76,5.342305,4.760105,4.499494,2.837302,7.286634,0.0,22.759602,5.11686582,interim
foundation_200,ICML,all,ablation,equations_per_1000_words,76,0.15542,0.0,0.0,0.0,0.0,0.0,9.73236,0.211092095,interim
foundation_200,ICML,all,conclusion,present,100,0.95,1.0,1.0,1.0,1.0,0.0,1.0,0.962071159,interim
foundation_200,ICML,all,conclusion,estimated_words,100,173.43,159.466667,160.0,113.0,220.0,0.0,580.0,171.992658936,interim
foundation_200,ICML,all,conclusion,main_word_share,100,0.02897,0.02713,0.02685,0.02,0.034275,0.0,0.08,0.029169999,interim
foundation_200,ICML,all,conclusion,figures,100,0.0,0.0,0.0,0.0,0.0,0.0,0.0,0.0,interim
foundation_200,ICML,all,conclusion,tables,100,0.0,0.0,0.0,0.0,0.0,0.0,0.0,0.0,interim
foundation_200,ICML,all,conclusion,algorithms,100,0.0,0.0,0.0,0.0,0.0,0.0,0.0,0.0,interim
foundation_200,ICML,all,conclusion,displayed_equations,100,0.0,0.0,0.0,0.0,0.0,0.0,0.0,0.0,interim
foundation_200,ICML,all,conclusion,visual_objects,100,0.0,0.0,0.0,0.0,0.0,0.0,0.0,0.0,interim
foundation_200,ICML,all,conclusion,visual_objects_per_1000_words,95,0.0,0.0,0.0,0.0,0.0,0.0,0.0,0.0,interim
foundation_200,ICML,all,conclusion,equations_per_1000_words,95,0.0,0.0,0.0,0.0,0.0,0.0,0.0,0.0,interim
foundation_200,ICML,all,conclusion,visual_share_within_main,99,0.0,0.0,0.0,0.0,0.0,0.0,0.0,0.0,interim
foundation_200,ICML,all,conclusion,equation_share_within_main,94,0.0,0.0,0.0,0.0,0.0,0.0,0.0,0.0,interim
foundation_200,ICML,all,limitations,present,100,0.77,0.95,1.0,1.0,1.0,0.0,1.0,0.769099007,interim
foundation_200,ICML,all,limitations,estimated_words,100,181.06,136.216667,121.5,55.25,253.25,0.0,1570.0,180.211912108,interim
foundation_200,ICML,all,limitations,main_word_share,90,0.024054,0.018126,0.0195,0.0,0.034,0.0,0.167,0.024388282,interim
foundation_200,ICML,all,limitations,figures,100,0.01,0.0,0.0,0.0,0.0,0.0,1.0,0.005872853,interim
foundation_200,ICML,all,limitations,tables,100,0.0,0.0,0.0,0.0,0.0,0.0,0.0,0.0,interim
foundation_200,ICML,all,limitations,algorithms,100,0.0,0.0,0.0,0.0,0.0,0.0,0.0,0.0,interim
foundation_200,ICML,all,limitations,displayed_equations,100,0.0,0.0,0.0,0.0,0.0,0.0,0.0,0.0,interim
foundation_200,ICML,all,limitations,visual_objects,100,0.01,0.0,0.0,0.0,0.0,0.0,1.0,0.005872853,interim
foundation_200,ICML,all,limitations,visual_share_within_main,99,0.001122,0.0,0.0,0.0,0.0,0.0,0.111111,0.000662098,interim
foundation_200,ICML,all,limitations,equation_share_within_main,94,0.0,0.0,0.0,0.0,0.0,0.0,0.0,0.0,interim
foundation_200,ICML,all,limitations,visual_objects_per_1000_words,77,0.04329,0.0,0.0,0.0,0.0,0.0,3.333333,0.025453389,interim
foundation_200,ICML,all,limitations,equations_per_1000_words,77,0.0,0.0,0.0,0.0,0.0,0.0,0.0,0.0,interim
foundation_200,ICML,all,appendix,present,100,0.99,1.0,1.0,1.0,1.0,0.0,1.0,0.98556257,interim
foundation_200,ICML,all,appendix,estimated_words,100,6425.16,4948.183333,4519.0,2759.25,8215.75,0.0,29300.0,6265.835707116,interim
foundation_200,ICML,all,appendix,figures,100,7.89,4.583333,4.0,1.0,8.0,0.0,130.0,7.492389762,interim
foundation_200,ICML,all,appendix,tables,100,5.07,3.566667,3.0,1.0,6.25,0.0,24.0,5.036264866,interim
foundation_200,ICML,all,appendix,algorithms,100,0.67,0.25,0.0,0.0,1.0,0.0,7.0,0.693241325,interim
foundation_200,ICML,all,appendix,displayed_equations,100,26.1,12.433333,9.5,1.0,29.25,0.0,225.0,24.340331819,interim
foundation_200,ICML,all,appendix,visual_objects,100,13.63,10.066667,9.0,5.0,17.0,0.0,131.0,13.221895953,interim
foundation_200,ICML,all,appendix,visual_objects_per_1000_words,97,2.72301,2.248072,2.215417,1.213592,3.505155,0.0,14.925373,2.729654269,interim
foundation_200,ICML,all,appendix,equations_per_1000_words,97,4.250912,2.766397,2.040816,0.27027,6.333333,0.0,27.298851,4.336598114,interim
foundation_200,ICML,all,appendix,visual_share_within_main,99,1.449481,1.116022,0.954545,0.585714,1.8,0.0,14.833333,1.535281027,interim
foundation_200,ICML,all,appendix,equation_share_within_main,94,1.82181,1.139858,1.0,0.119485,2.3,0.0,12.5,1.811135371,interim
foundation_200,ICML,all,appendix,main_word_share,15,0.0,0.0,0.0,0.0,0.0,0.0,0.0,0.0,interim
foundation_200,ICML,all,other,present,100,0.96,1.0,1.0,1.0,1.0,0.0,1.0,0.950814858,interim
foundation_200,ICML,all,other,estimated_words,100,1054.04,842.516667,710.0,179.75,1760.0,0.0,4975.0,1020.44188327,interim
foundation_200,ICML,all,other,figures,100,0.03,0.0,0.0,0.0,0.0,0.0,1.0,0.034747712,interim
foundation_200,ICML,all,other,tables,100,0.0,0.0,0.0,0.0,0.0,0.0,0.0,0.0,interim
foundation_200,ICML,all,other,algorithms,100,0.0,0.0,0.0,0.0,0.0,0.0,0.0,0.0,interim
foundation_200,ICML,all,other,displayed_equations,100,0.39,0.0,0.0,0.0,0.0,0.0,6.0,0.340380757,interim
foundation_200,ICML,all,other,visual_objects,100,0.03,0.0,0.0,0.0,0.0,0.0,1.0,0.034747712,interim
foundation_200,ICML,all,other,visual_objects_per_1000_words,95,0.081982,0.0,0.0,0.0,0.0,0.0,4.0,0.107374898,interim
foundation_200,ICML,all,other,equations_per_1000_words,95,0.802935,0.0,0.0,0.0,0.0,0.0,12.345679,0.8082011,interim
foundation_200,ICML,all,other,visual_share_within_main,99,0.003507,0.0,0.0,0.0,0.0,0.0,0.125,0.004120872,interim
foundation_200,ICML,all,other,equation_share_within_main,94,0.032958,0.0,0.0,0.0,0.0,0.0,0.444444,0.029347319,interim
foundation_200,ICML,all,other,main_word_share,57,0.049971,0.033154,0.027,0.01,0.078,0.0,0.5155,0.045868397,interim
foundation_200,ICML,oral,abstract,present,49,1.0,1.0,1.0,1.0,1.0,1.0,1.0,1.0,interim
foundation_200,ICML,oral,abstract,estimated_words,49,182.591837,174.806452,172.0,156.0,197.0,98.0,338.0,182.591836735,interim
foundation_200,ICML,oral,abstract,main_word_share,48,0.030396,0.029434,0.03,0.025,0.033865,0.011,0.055,0.030396147,interim
foundation_200,ICML,oral,abstract,figures,49,0.102041,0.0,0.0,0.0,0.0,0.0,1.0,0.102040816,interim
foundation_200,ICML,oral,abstract,tables,49,0.0,0.0,0.0,0.0,0.0,0.0,0.0,0.0,interim
foundation_200,ICML,oral,abstract,algorithms,49,0.0,0.0,0.0,0.0,0.0,0.0,0.0,0.0,interim
foundation_200,ICML,oral,abstract,displayed_equations,49,0.0,0.0,0.0,0.0,0.0,0.0,0.0,0.0,interim
foundation_200,ICML,oral,abstract,visual_objects,49,0.102041,0.0,0.0,0.0,0.0,0.0,1.0,0.102040816,interim
foundation_200,ICML,oral,abstract,visual_objects_per_1000_words,49,0.452473,0.0,0.0,0.0,0.0,0.0,5.882353,0.452472884,interim
foundation_200,ICML,oral,abstract,equations_per_1000_words,49,0.0,0.0,0.0,0.0,0.0,0.0,0.0,0.0,interim
foundation_200,ICML,oral,abstract,visual_share_within_main,49,0.008214,0.0,0.0,0.0,0.0,0.0,0.125,0.008213658,interim
foundation_200,ICML,oral,abstract,equation_share_within_main,46,0.0,0.0,0.0,0.0,0.0,0.0,0.0,0.0,interim
foundation_200,ICML,oral,introduction,present,49,1.0,1.0,1.0,1.0,1.0,1.0,1.0,1.0,interim
foundation_200,ICML,oral,introduction,estimated_words,49,891.979592,881.064516,900.0,700.0,1080.0,375.0,1440.0,891.979591837,interim
foundation_200,ICML,oral,introduction,main_word_share,49,0.148078,0.144416,0.14,0.112,0.1771,0.039,0.298993,0.148077557,interim
foundation_200,ICML,oral,introduction,figures,49,0.367347,0.290323,0.0,0.0,1.0,0.0,1.0,0.367346939,interim
foundation_200,ICML,oral,introduction,tables,49,0.020408,0.0,0.0,0.0,0.0,0.0,1.0,0.020408163,interim
foundation_200,ICML,oral,introduction,algorithms,49,0.040816,0.0,0.0,0.0,0.0,0.0,2.0,0.040816327,interim
foundation_200,ICML,oral,introduction,displayed_equations,49,0.122449,0.0,0.0,0.0,0.0,0.0,3.0,0.12244898,interim
foundation_200,ICML,oral,introduction,visual_objects,49,0.428571,0.322581,0.0,0.0,1.0,0.0,3.0,0.428571429,interim
foundation_200,ICML,oral,introduction,visual_objects_per_1000_words,49,0.494904,0.31173,0.0,0.0,1.0,0.0,3.125,0.494903753,interim
foundation_200,ICML,oral,introduction,equations_per_1000_words,49,0.132889,0.0,0.0,0.0,0.0,0.0,3.125,0.132889122,interim
foundation_200,ICML,oral,introduction,visual_share_within_main,49,0.043209,0.023171,0.0,0.0,0.083333,0.0,0.272727,0.043208818,interim
foundation_200,ICML,oral,introduction,equation_share_within_main,46,0.005098,0.0,0.0,0.0,0.0,0.0,0.117647,0.005098482,interim
foundation_200,ICML,oral,related_work,present,49,0.979592,1.0,1.0,1.0,1.0,0.0,1.0,0.979591837,interim
foundation_200,ICML,oral,related_work,estimated_words,49,617.918367,587.451613,615.0,430.0,730.0,0.0,1670.0,617.918367347,interim
foundation_200,ICML,oral,related_work,main_word_share,47,0.089815,0.08982,0.086,0.062575,0.129,0.0,0.178,0.089814516,interim
foundation_200,ICML,oral,related_work,figures,49,0.020408,0.0,0.0,0.0,0.0,0.0,1.0,0.020408163,interim
foundation_200,ICML,oral,related_work,tables,49,0.0,0.0,0.0,0.0,0.0,0.0,0.0,0.0,interim
foundation_200,ICML,oral,related_work,algorithms,49,0.0,0.0,0.0,0.0,0.0,0.0,0.0,0.0,interim
foundation_200,ICML,oral,related_work,displayed_equations,49,0.040816,0.0,0.0,0.0,0.0,0.0,2.0,0.040816327,interim
foundation_200,ICML,oral,related_work,visual_objects,49,0.020408,0.0,0.0,0.0,0.0,0.0,1.0,0.020408163,interim
foundation_200,ICML,oral,related_work,visual_objects_per_1000_words,48,0.022401,0.0,0.0,0.0,0.0,0.0,1.075269,0.022401434,interim
foundation_200,ICML,oral,related_work,equations_per_1000_words,48,0.067641,0.0,0.0,0.0,0.0,0.0,3.246753,0.067640693,interim
foundation_200,ICML,oral,related_work,visual_share_within_main,49,0.001458,0.0,0.0,0.0,0.0,0.0,0.071429,0.001457726,interim
foundation_200,ICML,oral,related_work,equation_share_within_main,46,0.002174,0.0,0.0,0.0,0.0,0.0,0.1,0.002173913,interim
foundation_200,ICML,oral,method,present,49,1.0,1.0,1.0,1.0,1.0,1.0,1.0,1.0,interim
foundation_200,ICML,oral,method,estimated_words,49,1479.734694,1455.419355,1485.0,1087.0,1840.0,320.0,3185.0,1479.734693878,interim
foundation_200,ICML,oral,method,main_word_share,49,0.229726,0.226784,0.238,0.18,0.26,0.07,0.394,0.229725879,interim
foundation_200,ICML,oral,method,figures,49,1.285714,1.16129,1.0,0.0,2.0,0.0,4.0,1.285714286,interim
foundation_200,ICML,oral,method,tables,49,0.183673,0.0,0.0,0.0,0.0,0.0,2.0,0.183673469,interim
foundation_200,ICML,oral,method,algorithms,49,0.510204,0.225806,0.0,0.0,1.0,0.0,4.0,0.510204082,interim
foundation_200,ICML,oral,method,displayed_equations,49,7.061224,6.129032,6.0,3.0,9.0,0.0,25.0,7.06122449,interim
foundation_200,ICML,oral,method,visual_objects,49,1.979592,1.870968,2.0,1.0,3.0,0.0,6.0,1.979591837,interim
foundation_200,ICML,oral,method,visual_objects_per_1000_words,49,1.437422,1.197339,1.162791,0.8,1.574803,0.0,6.25,1.437421654,interim
foundation_200,ICML,oral,method,equations_per_1000_words,49,4.81228,4.357086,4.125413,2.631579,6.666667,0.0,13.12336,4.812280477,interim
foundation_200,ICML,oral,method,visual_share_within_main,49,0.183416,0.171607,0.176471,0.1,0.25,0.0,0.714286,0.18341606,interim
foundation_200,ICML,oral,method,equation_share_within_main,46,0.568914,0.573349,0.590278,0.324405,0.825,0.0,1.0,0.568914439,interim
foundation_200,ICML,oral,theory,present,49,0.632653,0.709677,1.0,0.0,1.0,0.0,1.0,0.632653061,interim
foundation_200,ICML,oral,theory,estimated_words,49,900.020408,585.677419,660.0,0.0,1070.0,0.0,10525.0,900.020408163,interim
foundation_200,ICML,oral,theory,main_word_share,47,0.121586,0.094676,0.107,0.0,0.195056,0.0,0.542,0.121585728,interim
foundation_200,ICML,oral,theory,figures,49,0.367347,0.032258,0.0,0.0,0.0,0.0,6.0,0.367346939,interim
foundation_200,ICML,oral,theory,tables,49,0.102041,0.0,0.0,0.0,0.0,0.0,1.0,0.102040816,interim
foundation_200,ICML,oral,theory,algorithms,49,0.020408,0.0,0.0,0.0,0.0,0.0,1.0,0.020408163,interim
foundation_200,ICML,oral,theory,displayed_equations,49,6.755102,4.258065,4.0,0.0,10.0,0.0,45.0,6.755102041,interim
foundation_200,ICML,oral,theory,visual_objects,49,0.489796,0.032258,0.0,0.0,0.0,0.0,7.0,0.489795918,interim
foundation_200,ICML,oral,theory,visual_objects_per_1000_words,31,0.652877,0.086865,0.0,0.0,0.408726,0.0,6.451613,0.652876557,interim
foundation_200,ICML,oral,theory,equations_per_1000_words,31,8.756692,7.813276,8.602151,4.65368,9.789179,0.94697,23.287671,8.756691577,interim
foundation_200,ICML,oral,theory,visual_share_within_main,49,0.054555,0.004608,0.0,0.0,0.0,0.0,0.5,0.054554754,interim
foundation_200,ICML,oral,theory,equation_share_within_main,46,0.33277,0.290855,0.313725,0.0,0.554167,0.0,1.0,0.332770346,interim
foundation_200,ICML,oral,experimental_design,present,49,0.979592,1.0,1.0,1.0,1.0,0.0,1.0,0.979591837,interim
foundation_200,ICML,oral,experimental_design,estimated_words,49,679.020408,596.419355,600.0,450.0,770.0,0.0,2400.0,679.020408163,interim
foundation_200,ICML,oral,experimental_design,main_word_share,49,0.104717,0.09717,0.095,0.0771,0.126,0.0,0.245,0.104716582,interim
foundation_200,ICML,oral,experimental_design,figures,49,0.163265,0.0,0.0,0.0,0.0,0.0,2.0,0.163265306,interim
foundation_200,ICML,oral,experimental_design,tables,49,0.183673,0.0,0.0,0.0,0.0,0.0,2.0,0.183673469,interim
foundation_200,ICML,oral,experimental_design,algorithms,49,0.0,0.0,0.0,0.0,0.0,0.0,0.0,0.0,interim
foundation_200,ICML,oral,experimental_design,displayed_equations,49,0.326531,0.0,0.0,0.0,0.0,0.0,5.0,0.326530612,interim
foundation_200,ICML,oral,experimental_design,visual_objects,49,0.346939,0.096774,0.0,0.0,0.0,0.0,2.0,0.346938776,interim
foundation_200,ICML,oral,experimental_design,visual_objects_per_1000_words,48,0.537018,0.093348,0.0,0.0,0.208333,0.0,4.255319,0.537017571,interim
foundation_200,ICML,oral,experimental_design,equations_per_1000_words,48,0.553163,0.0,0.0,0.0,0.0,0.0,11.904762,0.553162526,interim
foundation_200,ICML,oral,experimental_design,visual_share_within_main,49,0.032657,0.006144,0.0,0.0,0.0,0.0,0.285714,0.032656742,interim
foundation_200,ICML,oral,experimental_design,equation_share_within_main,46,0.018234,0.0,0.0,0.0,0.0,0.0,0.263158,0.01823428,interim
foundation_200,ICML,oral,results,present,49,0.979592,1.0,1.0,1.0,1.0,0.0,1.0,0.979591837,interim
foundation_200,ICML,oral,results,estimated_words,49,1028.204082,967.387097,850.0,640.0,1350.0,0.0,2460.0,1028.204081633,interim
foundation_200,ICML,oral,results,main_word_share,49,0.1588,0.155222,0.1557,0.11,0.196,0.0,0.302,0.158799849,interim
foundation_200,ICML,oral,results,figures,49,2.836735,2.548387,3.0,1.0,4.0,0.0,9.0,2.836734694,interim
foundation_200,ICML,oral,results,tables,49,2.081633,1.967742,2.0,1.0,3.0,0.0,7.0,2.081632653,interim
foundation_200,ICML,oral,results,algorithms,49,0.0,0.0,0.0,0.0,0.0,0.0,0.0,0.0,interim
foundation_200,ICML,oral,results,displayed_equations,49,0.285714,0.0,0.0,0.0,0.0,0.0,5.0,0.285714286,interim
foundation_200,ICML,oral,results,visual_objects,49,4.918367,4.645161,5.0,3.0,6.0,0.0,13.0,4.918367347,interim
foundation_200,ICML,oral,results,visual_objects_per_1000_words,48,5.671015,5.159634,5.263563,3.39306,6.657525,1.538462,16.981132,5.671014678,interim
foundation_200,ICML,oral,results,equations_per_1000_words,48,0.377427,0.0,0.0,0.0,0.0,0.0,4.83871,0.377427384,interim
foundation_200,ICML,oral,results,visual_share_within_main,49,0.473342,0.476943,0.5,0.4,0.571429,0.0,0.8,0.47334186,interim
foundation_200,ICML,oral,results,equation_share_within_main,46,0.021982,0.0,0.0,0.0,0.0,0.0,0.294118,0.021982199,interim
foundation_200,ICML,oral,ablation,present,49,0.795918,0.967742,1.0,1.0,1.0,0.0,1.0,0.795918367,interim
foundation_200,ICML,oral,ablation,estimated_words,49,517.408163,388.225806,415.0,170.0,600.0,0.0,5624.0,517.408163265,interim
foundation_200,ICML,oral,ablation,main_word_share,48,0.050491,0.043379,0.041277,0.0,0.079625,0.0,0.1782,0.050490737,interim
foundation_200,ICML,oral,ablation,figures,49,3.816327,0.645161,0.0,0.0,2.0,0.0,128.0,3.816326531,interim
foundation_200,ICML,oral,ablation,tables,49,1.020408,0.612903,0.0,0.0,2.0,0.0,8.0,1.020408163,interim
foundation_200,ICML,oral,ablation,algorithms,49,0.0,0.0,0.0,0.0,0.0,0.0,0.0,0.0,interim
foundation_200,ICML,oral,ablation,displayed_equations,49,0.102041,0.0,0.0,0.0,0.0,0.0,5.0,0.102040816,interim
foundation_200,ICML,oral,ablation,visual_objects,49,4.836735,1.677419,1.0,0.0,3.0,0.0,128.0,4.836734694,interim
foundation_200,ICML,oral,ablation,visual_share_within_main,49,0.198615,0.164499,0.142857,0.0,0.3,0.0,0.955224,0.198615234,interim
foundation_200,ICML,oral,ablation,equation_share_within_main,46,0.007246,0.0,0.0,0.0,0.0,0.0,0.333333,0.007246377,interim
foundation_200,ICML,oral,ablation,visual_objects_per_1000_words,38,5.876917,5.032562,4.790591,2.797619,7.85163,0.0,22.759602,5.876917277,interim
foundation_200,ICML,oral,ablation,equations_per_1000_words,38,0.023396,0.0,0.0,0.0,0.0,0.0,0.889047,0.023395972,interim
foundation_200,ICML,oral,conclusion,present,49,0.918367,1.0,1.0,1.0,1.0,0.0,1.0,0.918367347,interim
foundation_200,ICML,oral,conclusion,estimated_words,49,177.367347,172.258065,170.0,130.0,220.0,0.0,490.0,177.367346939,interim
foundation_200,ICML,oral,conclusion,main_word_share,49,0.028548,0.027689,0.028,0.02,0.033,0.0,0.08,0.028548435,interim
foundation_200,ICML,oral,conclusion,figures,49,0.0,0.0,0.0,0.0,0.0,0.0,0.0,0.0,interim
foundation_200,ICML,oral,conclusion,tables,49,0.0,0.0,0.0,0.0,0.0,0.0,0.0,0.0,interim
foundation_200,ICML,oral,conclusion,algorithms,49,0.0,0.0,0.0,0.0,0.0,0.0,0.0,0.0,interim
foundation_200,ICML,oral,conclusion,displayed_equations,49,0.0,0.0,0.0,0.0,0.0,0.0,0.0,0.0,interim
foundation_200,ICML,oral,conclusion,visual_objects,49,0.0,0.0,0.0,0.0,0.0,0.0,0.0,0.0,interim
foundation_200,ICML,oral,conclusion,visual_objects_per_1000_words,45,0.0,0.0,0.0,0.0,0.0,0.0,0.0,0.0,interim
foundation_200,ICML,oral,conclusion,equations_per_1000_words,45,0.0,0.0,0.0,0.0,0.0,0.0,0.0,0.0,interim
foundation_200,ICML,oral,conclusion,visual_share_within_main,49,0.0,0.0,0.0,0.0,0.0,0.0,0.0,0.0,interim
foundation_200,ICML,oral,conclusion,equation_share_within_main,46,0.0,0.0,0.0,0.0,0.0,0.0,0.0,0.0,interim
foundation_200,ICML,oral,limitations,present,49,0.816327,1.0,1.0,1.0,1.0,0.0,1.0,0.816326531,interim
foundation_200,ICML,oral,limitations,estimated_words,49,193.469388,149.709677,120.0,60.0,260.0,0.0,1570.0,193.469387755,interim
foundation_200,ICML,oral,limitations,main_word_share,46,0.024777,0.018562,0.02,0.0087,0.03325,0.0,0.167,0.024776625,interim
foundation_200,ICML,oral,limitations,figures,49,0.020408,0.0,0.0,0.0,0.0,0.0,1.0,0.020408163,interim
foundation_200,ICML,oral,limitations,tables,49,0.0,0.0,0.0,0.0,0.0,0.0,0.0,0.0,interim
foundation_200,ICML,oral,limitations,algorithms,49,0.0,0.0,0.0,0.0,0.0,0.0,0.0,0.0,interim
foundation_200,ICML,oral,limitations,displayed_equations,49,0.0,0.0,0.0,0.0,0.0,0.0,0.0,0.0,interim
foundation_200,ICML,oral,limitations,visual_objects,49,0.020408,0.0,0.0,0.0,0.0,0.0,1.0,0.020408163,interim
foundation_200,ICML,oral,limitations,visual_objects_per_1000_words,40,0.083333,0.0,0.0,0.0,0.0,0.0,3.333333,0.083333333,interim
foundation_200,ICML,oral,limitations,equations_per_1000_words,40,0.0,0.0,0.0,0.0,0.0,0.0,0.0,0.0,interim
foundation_200,ICML,oral,limitations,visual_share_within_main,49,0.002268,0.0,0.0,0.0,0.0,0.0,0.111111,0.002267574,interim
foundation_200,ICML,oral,limitations,equation_share_within_main,46,0.0,0.0,0.0,0.0,0.0,0.0,0.0,0.0,interim
foundation_200,ICML,oral,appendix,present,49,1.0,1.0,1.0,1.0,1.0,1.0,1.0,1.0,interim
foundation_200,ICML,oral,appendix,estimated_words,49,6702.428571,5455.709677,4615.0,2774.0,8950.0,0.0,29300.0,6702.428571429,interim
foundation_200,ICML,oral,appendix,figures,49,9.204082,5.354839,5.0,2.0,9.0,0.0,130.0,9.204081633,interim
foundation_200,ICML,oral,appendix,tables,49,5.326531,3.870968,4.0,1.0,7.0,0.0,24.0,5.326530612,interim
foundation_200,ICML,oral,appendix,algorithms,49,0.653061,0.290323,0.0,0.0,1.0,0.0,6.0,0.653061224,interim
foundation_200,ICML,oral,appendix,displayed_equations,49,31.102041,14.193548,9.0,1.0,33.0,0.0,225.0,31.102040816,interim
foundation_200,ICML,oral,appendix,visual_objects,49,15.183673,10.967742,10.0,6.0,19.0,0.0,131.0,15.183673469,interim
foundation_200,ICML,oral,appendix,visual_objects_per_1000_words,48,2.741825,2.302704,2.24837,1.28564,3.513439,0.0,14.925373,2.741824763,interim
foundation_200,ICML,oral,appendix,equations_per_1000_words,48,4.235263,2.737626,1.631357,0.264188,7.604006,0.0,17.58886,4.235262501,interim
foundation_200,ICML,oral,appendix,visual_share_within_main,49,1.312895,1.164295,1.071429,0.545455,1.8,0.0,4.2,1.312894505,interim
foundation_200,ICML,oral,appendix,equation_share_within_main,46,1.919638,1.160357,1.0,0.1875,2.194118,0.0,8.727273,1.919637772,interim
foundation_200,ICML,oral,appendix,main_word_share,8,0.0,0.0,0.0,0.0,0.0,0.0,0.0,0.0,interim
foundation_200,ICML,oral,other,present,49,0.979592,1.0,1.0,1.0,1.0,0.0,1.0,0.979591837,interim
foundation_200,ICML,oral,other,estimated_words,49,1130.142857,943.032258,854.0,145.0,1890.0,0.0,4975.0,1130.142857143,interim
foundation_200,ICML,oral,other,main_word_share,31,0.058585,0.03467,0.026,0.0075,0.090415,0.0,0.5155,0.058585405,interim
foundation_200,ICML,oral,other,figures,49,0.020408,0.0,0.0,0.0,0.0,0.0,1.0,0.020408163,interim
foundation_200,ICML,oral,other,tables,49,0.0,0.0,0.0,0.0,0.0,0.0,0.0,0.0,interim
foundation_200,ICML,oral,other,algorithms,49,0.0,0.0,0.0,0.0,0.0,0.0,0.0,0.0,interim
foundation_200,ICML,oral,other,displayed_equations,49,0.530612,0.0,0.0,0.0,0.0,0.0,6.0,0.530612245,interim
foundation_200,ICML,oral,other,visual_objects,49,0.020408,0.0,0.0,0.0,0.0,0.0,1.0,0.020408163,interim
foundation_200,ICML,oral,other,visual_objects_per_1000_words,47,0.027278,0.0,0.0,0.0,0.0,0.0,1.282051,0.027277687,interim
foundation_200,ICML,oral,other,equations_per_1000_words,47,0.838603,0.0,0.0,0.0,0.0,0.0,11.428571,0.83860295,interim
foundation_200,ICML,oral,other,visual_share_within_main,49,0.002268,0.0,0.0,0.0,0.0,0.0,0.111111,0.002267574,interim
foundation_200,ICML,oral,other,equation_share_within_main,46,0.04358,0.0,0.0,0.0,0.0,0.0,0.444444,0.043579964,interim
foundation_200,ICML,outstanding,abstract,present,2,1.0,1.0,1.0,1.0,1.0,1.0,1.0,1.0,interim
foundation_200,ICML,outstanding,abstract,estimated_words,2,127.5,127.5,127.5,106.75,148.25,86.0,169.0,127.5,interim
foundation_200,ICML,outstanding,abstract,main_word_share,2,0.022,0.022,0.022,0.018,0.026,0.014,0.03,0.022,interim
foundation_200,ICML,outstanding,abstract,figures,2,0.0,0.0,0.0,0.0,0.0,0.0,0.0,0.0,interim
foundation_200,ICML,outstanding,abstract,tables,2,0.0,0.0,0.0,0.0,0.0,0.0,0.0,0.0,interim
foundation_200,ICML,outstanding,abstract,algorithms,2,0.0,0.0,0.0,0.0,0.0,0.0,0.0,0.0,interim
foundation_200,ICML,outstanding,abstract,displayed_equations,2,0.0,0.0,0.0,0.0,0.0,0.0,0.0,0.0,interim
foundation_200,ICML,outstanding,abstract,visual_objects,2,0.0,0.0,0.0,0.0,0.0,0.0,0.0,0.0,interim
foundation_200,ICML,outstanding,abstract,visual_objects_per_1000_words,2,0.0,0.0,0.0,0.0,0.0,0.0,0.0,0.0,interim
foundation_200,ICML,outstanding,abstract,equations_per_1000_words,2,0.0,0.0,0.0,0.0,0.0,0.0,0.0,0.0,interim
foundation_200,ICML,outstanding,abstract,visual_share_within_main,2,0.0,0.0,0.0,0.0,0.0,0.0,0.0,0.0,interim
foundation_200,ICML,outstanding,abstract,equation_share_within_main,2,0.0,0.0,0.0,0.0,0.0,0.0,0.0,0.0,interim
foundation_200,ICML,outstanding,introduction,present,2,1.0,1.0,1.0,1.0,1.0,1.0,1.0,1.0,interim
foundation_200,ICML,outstanding,introduction,estimated_words,2,1366.0,1366.0,1366.0,1259.0,1473.0,1152.0,1580.0,1366.0,interim
foundation_200,ICML,outstanding,introduction,main_word_share,2,0.2275,0.2275,0.2275,0.21625,0.23875,0.205,0.25,0.2275,interim
foundation_200,ICML,outstanding,introduction,figures,2,0.5,0.5,0.5,0.25,0.75,0.0,1.0,0.5,interim
foundation_200,ICML,outstanding,introduction,tables,2,0.0,0.0,0.0,0.0,0.0,0.0,0.0,0.0,interim
foundation_200,ICML,outstanding,introduction,algorithms,2,0.0,0.0,0.0,0.0,0.0,0.0,0.0,0.0,interim
foundation_200,ICML,outstanding,introduction,displayed_equations,2,1.0,1.0,1.0,0.5,1.5,0.0,2.0,1.0,interim
foundation_200,ICML,outstanding,introduction,visual_objects,2,0.5,0.5,0.5,0.25,0.75,0.0,1.0,0.5,interim
foundation_200,ICML,outstanding,introduction,visual_objects_per_1000_words,2,0.434028,0.434028,0.434028,0.217014,0.651042,0.0,0.868056,0.434027778,interim
foundation_200,ICML,outstanding,introduction,equations_per_1000_words,2,0.632911,0.632911,0.632911,0.316456,0.949367,0.0,1.265823,0.632911392,interim
foundation_200,ICML,outstanding,introduction,visual_share_within_main,2,0.045455,0.045455,0.045455,0.022727,0.068182,0.0,0.090909,0.045454545,interim
foundation_200,ICML,outstanding,introduction,equation_share_within_main,2,0.05,0.05,0.05,0.025,0.075,0.0,0.1,0.05,interim
foundation_200,ICML,outstanding,related_work,present,2,1.0,1.0,1.0,1.0,1.0,1.0,1.0,1.0,interim
foundation_200,ICML,outstanding,related_work,estimated_words,2,543.0,543.0,543.0,421.5,664.5,300.0,786.0,543.0,interim
foundation_200,ICML,outstanding,related_work,main_word_share,2,0.0935,0.0935,0.0935,0.07025,0.11675,0.047,0.14,0.0935,interim
foundation_200,ICML,outstanding,related_work,figures,2,0.0,0.0,0.0,0.0,0.0,0.0,0.0,0.0,interim
foundation_200,ICML,outstanding,related_work,tables,2,0.0,0.0,0.0,0.0,0.0,0.0,0.0,0.0,interim
foundation_200,ICML,outstanding,related_work,algorithms,2,0.0,0.0,0.0,0.0,0.0,0.0,0.0,0.0,interim
foundation_200,ICML,outstanding,related_work,displayed_equations,2,0.0,0.0,0.0,0.0,0.0,0.0,0.0,0.0,interim
foundation_200,ICML,outstanding,related_work,visual_objects,2,0.0,0.0,0.0,0.0,0.0,0.0,0.0,0.0,interim
foundation_200,ICML,outstanding,related_work,visual_objects_per_1000_words,2,0.0,0.0,0.0,0.0,0.0,0.0,0.0,0.0,interim
foundation_200,ICML,outstanding,related_work,equations_per_1000_words,2,0.0,0.0,0.0,0.0,0.0,0.0,0.0,0.0,interim
foundation_200,ICML,outstanding,related_work,visual_share_within_main,2,0.0,0.0,0.0,0.0,0.0,0.0,0.0,0.0,interim
foundation_200,ICML,outstanding,related_work,equation_share_within_main,2,0.0,0.0,0.0,0.0,0.0,0.0,0.0,0.0,interim
foundation_200,ICML,outstanding,method,present,2,1.0,1.0,1.0,1.0,1.0,1.0,1.0,1.0,interim
foundation_200,ICML,outstanding,method,estimated_words,2,1506.0,1506.0,1506.0,1174.0,1838.0,842.0,2170.0,1506.0,interim
foundation_200,ICML,outstanding,method,main_word_share,2,0.2465,0.2465,0.2465,0.19825,0.29475,0.15,0.343,0.2465,interim
foundation_200,ICML,outstanding,method,figures,2,0.0,0.0,0.0,0.0,0.0,0.0,0.0,0.0,interim
foundation_200,ICML,outstanding,method,tables,2,0.0,0.0,0.0,0.0,0.0,0.0,0.0,0.0,interim
foundation_200,ICML,outstanding,method,algorithms,2,1.0,1.0,1.0,0.5,1.5,0.0,2.0,1.0,interim
foundation_200,ICML,outstanding,method,displayed_equations,2,9.0,9.0,9.0,7.5,10.5,6.0,12.0,9.0,interim
foundation_200,ICML,outstanding,method,visual_objects,2,1.0,1.0,1.0,0.5,1.5,0.0,2.0,1.0,interim
foundation_200,ICML,outstanding,method,visual_objects_per_1000_words,2,0.460829,0.460829,0.460829,0.230415,0.691244,0.0,0.921659,0.460829493,interim
foundation_200,ICML,outstanding,method,equations_per_1000_words,2,6.327922,6.327922,6.327922,5.928938,6.726907,5.529954,7.125891,6.327922327,interim
foundation_200,ICML,outstanding,method,visual_share_within_main,2,0.333333,0.333333,0.333333,0.166667,0.5,0.0,0.666667,0.333333333,interim
foundation_200,ICML,outstanding,method,equation_share_within_main,2,0.675,0.675,0.675,0.6375,0.7125,0.6,0.75,0.675,interim
foundation_200,ICML,outstanding,theory,present,2,1.0,1.0,1.0,1.0,1.0,1.0,1.0,1.0,interim
foundation_200,ICML,outstanding,theory,estimated_words,2,1267.5,1267.5,1267.5,858.75,1676.25,450.0,2085.0,1267.5,interim
foundation_200,ICML,outstanding,theory,main_word_share,2,0.205,0.205,0.205,0.1425,0.2675,0.08,0.33,0.205,interim
foundation_200,ICML,outstanding,theory,figures,2,1.5,1.5,1.5,0.75,2.25,0.0,3.0,1.5,interim
foundation_200,ICML,outstanding,theory,tables,2,0.0,0.0,0.0,0.0,0.0,0.0,0.0,0.0,interim
foundation_200,ICML,outstanding,theory,algorithms,2,0.5,0.5,0.5,0.25,0.75,0.0,1.0,0.5,interim
foundation_200,ICML,outstanding,theory,displayed_equations,2,4.0,4.0,4.0,3.0,5.0,2.0,6.0,4.0,interim
foundation_200,ICML,outstanding,theory,visual_objects,2,2.0,2.0,2.0,1.5,2.5,1.0,3.0,2.0,interim
foundation_200,ICML,outstanding,theory,visual_objects_per_1000_words,2,3.573141,3.573141,3.573141,2.026379,5.119904,0.479616,6.666667,3.573141487,interim
foundation_200,ICML,outstanding,theory,equations_per_1000_words,2,3.661071,3.661071,3.661071,3.269384,4.052758,2.877698,4.444444,3.661071143,interim
foundation_200,ICML,outstanding,theory,visual_share_within_main,2,0.30303,0.30303,0.30303,0.287879,0.318182,0.272727,0.333333,0.303030303,interim
foundation_200,ICML,outstanding,theory,equation_share_within_main,2,0.275,0.275,0.275,0.2625,0.2875,0.25,0.3,0.275,interim
foundation_200,ICML,outstanding,experimental_design,present,2,0.5,0.5,0.5,0.25,0.75,0.0,1.0,0.5,interim
foundation_200,ICML,outstanding,experimental_design,estimated_words,2,266.5,266.5,266.5,133.25,399.75,0.0,533.0,266.5,interim
foundation_200,ICML,outstanding,experimental_design,main_word_share,2,0.0475,0.0475,0.0475,0.02375,0.07125,0.0,0.095,0.0475,interim
foundation_200,ICML,outstanding,experimental_design,figures,2,0.0,0.0,0.0,0.0,0.0,0.0,0.0,0.0,interim
foundation_200,ICML,outstanding,experimental_design,tables,2,0.0,0.0,0.0,0.0,0.0,0.0,0.0,0.0,interim
foundation_200,ICML,outstanding,experimental_design,algorithms,2,0.0,0.0,0.0,0.0,0.0,0.0,0.0,0.0,interim
foundation_200,ICML,outstanding,experimental_design,displayed_equations,2,0.0,0.0,0.0,0.0,0.0,0.0,0.0,0.0,interim
foundation_200,ICML,outstanding,experimental_design,visual_objects,2,0.0,0.0,0.0,0.0,0.0,0.0,0.0,0.0,interim
foundation_200,ICML,outstanding,experimental_design,visual_share_within_main,2,0.0,0.0,0.0,0.0,0.0,0.0,0.0,0.0,interim
foundation_200,ICML,outstanding,experimental_design,equation_share_within_main,2,0.0,0.0,0.0,0.0,0.0,0.0,0.0,0.0,interim
foundation_200,ICML,outstanding,experimental_design,visual_objects_per_1000_words,1,0.0,0.0,0.0,0.0,0.0,0.0,0.0,0.0,interim
foundation_200,ICML,outstanding,experimental_design,equations_per_1000_words,1,0.0,0.0,0.0,0.0,0.0,0.0,0.0,0.0,interim
foundation_200,ICML,outstanding,results,present,2,0.5,0.5,0.5,0.25,0.75,0.0,1.0,0.5,interim
foundation_200,ICML,outstanding,results,estimated_words,2,675.5,675.5,675.5,337.75,1013.25,0.0,1351.0,675.5,interim
foundation_200,ICML,outstanding,results,main_word_share,2,0.1275,0.1275,0.1275,0.06375,0.19125,0.0,0.255,0.1275,interim
foundation_200,ICML,outstanding,results,figures,2,2.5,2.5,2.5,1.25,3.75,0.0,5.0,2.5,interim
foundation_200,ICML,outstanding,results,tables,2,1.0,1.0,1.0,0.5,1.5,0.0,2.0,1.0,interim
foundation_200,ICML,outstanding,results,algorithms,2,0.0,0.0,0.0,0.0,0.0,0.0,0.0,0.0,interim
foundation_200,ICML,outstanding,results,displayed_equations,2,0.0,0.0,0.0,0.0,0.0,0.0,0.0,0.0,interim
foundation_200,ICML,outstanding,results,visual_objects,2,3.5,3.5,3.5,1.75,5.25,0.0,7.0,3.5,interim
foundation_200,ICML,outstanding,results,visual_share_within_main,2,0.318182,0.318182,0.318182,0.159091,0.477273,0.0,0.636364,0.318181818,interim
foundation_200,ICML,outstanding,results,equation_share_within_main,2,0.0,0.0,0.0,0.0,0.0,0.0,0.0,0.0,interim
foundation_200,ICML,outstanding,results,visual_objects_per_1000_words,1,5.181347,5.181347,5.181347,5.181347,5.181347,5.181347,5.181347,5.18134715,interim
foundation_200,ICML,outstanding,results,equations_per_1000_words,1,0.0,0.0,0.0,0.0,0.0,0.0,0.0,0.0,interim
foundation_200,ICML,outstanding,ablation,present,2,0.0,0.0,0.0,0.0,0.0,0.0,0.0,0.0,interim
foundation_200,ICML,outstanding,ablation,estimated_words,2,0.0,0.0,0.0,0.0,0.0,0.0,0.0,0.0,interim
foundation_200,ICML,outstanding,ablation,main_word_share,2,0.0,0.0,0.0,0.0,0.0,0.0,0.0,0.0,interim
foundation_200,ICML,outstanding,ablation,figures,2,0.0,0.0,0.0,0.0,0.0,0.0,0.0,0.0,interim
foundation_200,ICML,outstanding,ablation,tables,2,0.0,0.0,0.0,0.0,0.0,0.0,0.0,0.0,interim
foundation_200,ICML,outstanding,ablation,algorithms,2,0.0,0.0,0.0,0.0,0.0,0.0,0.0,0.0,interim
foundation_200,ICML,outstanding,ablation,displayed_equations,2,0.0,0.0,0.0,0.0,0.0,0.0,0.0,0.0,interim
foundation_200,ICML,outstanding,ablation,visual_objects,2,0.0,0.0,0.0,0.0,0.0,0.0,0.0,0.0,interim
foundation_200,ICML,outstanding,ablation,visual_share_within_main,2,0.0,0.0,0.0,0.0,0.0,0.0,0.0,0.0,interim
foundation_200,ICML,outstanding,ablation,equation_share_within_main,2,0.0,0.0,0.0,0.0,0.0,0.0,0.0,0.0,interim
foundation_200,ICML,outstanding,conclusion,present,2,1.0,1.0,1.0,1.0,1.0,1.0,1.0,1.0,interim
foundation_200,ICML,outstanding,conclusion,estimated_words,2,164.5,164.5,164.5,134.75,194.25,105.0,224.0,164.5,interim
foundation_200,ICML,outstanding,conclusion,main_word_share,2,0.028,0.028,0.028,0.022,0.034,0.016,0.04,0.028,interim
foundation_200,ICML,outstanding,conclusion,figures,2,0.0,0.0,0.0,0.0,0.0,0.0,0.0,0.0,interim
foundation_200,ICML,outstanding,conclusion,tables,2,0.0,0.0,0.0,0.0,0.0,0.0,0.0,0.0,interim
foundation_200,ICML,outstanding,conclusion,algorithms,2,0.0,0.0,0.0,0.0,0.0,0.0,0.0,0.0,interim
foundation_200,ICML,outstanding,conclusion,displayed_equations,2,0.0,0.0,0.0,0.0,0.0,0.0,0.0,0.0,interim
foundation_200,ICML,outstanding,conclusion,visual_objects,2,0.0,0.0,0.0,0.0,0.0,0.0,0.0,0.0,interim
foundation_200,ICML,outstanding,conclusion,visual_objects_per_1000_words,2,0.0,0.0,0.0,0.0,0.0,0.0,0.0,0.0,interim
foundation_200,ICML,outstanding,conclusion,equations_per_1000_words,2,0.0,0.0,0.0,0.0,0.0,0.0,0.0,0.0,interim
foundation_200,ICML,outstanding,conclusion,visual_share_within_main,2,0.0,0.0,0.0,0.0,0.0,0.0,0.0,0.0,interim
foundation_200,ICML,outstanding,conclusion,equation_share_within_main,2,0.0,0.0,0.0,0.0,0.0,0.0,0.0,0.0,interim
foundation_200,ICML,outstanding,limitations,present,2,0.0,0.0,0.0,0.0,0.0,0.0,0.0,0.0,interim
foundation_200,ICML,outstanding,limitations,estimated_words,2,0.0,0.0,0.0,0.0,0.0,0.0,0.0,0.0,interim
foundation_200,ICML,outstanding,limitations,main_word_share,2,0.0,0.0,0.0,0.0,0.0,0.0,0.0,0.0,interim
foundation_200,ICML,outstanding,limitations,figures,2,0.0,0.0,0.0,0.0,0.0,0.0,0.0,0.0,interim
foundation_200,ICML,outstanding,limitations,tables,2,0.0,0.0,0.0,0.0,0.0,0.0,0.0,0.0,interim
foundation_200,ICML,outstanding,limitations,algorithms,2,0.0,0.0,0.0,0.0,0.0,0.0,0.0,0.0,interim
foundation_200,ICML,outstanding,limitations,displayed_equations,2,0.0,0.0,0.0,0.0,0.0,0.0,0.0,0.0,interim
foundation_200,ICML,outstanding,limitations,visual_objects,2,0.0,0.0,0.0,0.0,0.0,0.0,0.0,0.0,interim
foundation_200,ICML,outstanding,limitations,visual_share_within_main,2,0.0,0.0,0.0,0.0,0.0,0.0,0.0,0.0,interim
foundation_200,ICML,outstanding,limitations,equation_share_within_main,2,0.0,0.0,0.0,0.0,0.0,0.0,0.0,0.0,interim
foundation_200,ICML,outstanding,appendix,present,2,1.0,1.0,1.0,1.0,1.0,1.0,1.0,1.0,interim
foundation_200,ICML,outstanding,appendix,estimated_words,2,8209.5,8209.5,8209.5,4924.25,11494.75,1639.0,14780.0,8209.5,interim
foundation_200,ICML,outstanding,appendix,figures,2,1.5,1.5,1.5,0.75,2.25,0.0,3.0,1.5,interim
foundation_200,ICML,outstanding,appendix,tables,2,2.0,2.0,2.0,1.0,3.0,0.0,4.0,2.0,interim
foundation_200,ICML,outstanding,appendix,algorithms,2,0.0,0.0,0.0,0.0,0.0,0.0,0.0,0.0,interim
foundation_200,ICML,outstanding,appendix,displayed_equations,2,12.0,12.0,12.0,6.5,17.5,1.0,23.0,12.0,interim
foundation_200,ICML,outstanding,appendix,visual_objects,2,3.5,3.5,3.5,1.75,5.25,0.0,7.0,3.5,interim
foundation_200,ICML,outstanding,appendix,visual_objects_per_1000_words,2,2.135448,2.135448,2.135448,1.067724,3.203173,0.0,4.270897,2.135448444,interim
foundation_200,ICML,outstanding,appendix,equations_per_1000_words,2,1.083143,1.083143,1.083143,0.846635,1.31965,0.610128,1.556157,1.083142548,interim
foundation_200,ICML,outstanding,appendix,visual_share_within_main,2,0.318182,0.318182,0.318182,0.159091,0.477273,0.0,0.636364,0.318181818,interim
foundation_200,ICML,outstanding,appendix,equation_share_within_main,2,0.6375,0.6375,0.6375,0.38125,0.89375,0.125,1.15,0.6375,interim
foundation_200,ICML,outstanding,other,present,2,1.0,1.0,1.0,1.0,1.0,1.0,1.0,1.0,interim
foundation_200,ICML,outstanding,other,estimated_words,2,1123.0,1123.0,1123.0,911.5,1334.5,700.0,1546.0,1123.0,interim
foundation_200,ICML,outstanding,other,figures,2,0.0,0.0,0.0,0.0,0.0,0.0,0.0,0.0,interim
foundation_200,ICML,outstanding,other,tables,2,0.0,0.0,0.0,0.0,0.0,0.0,0.0,0.0,interim
foundation_200,ICML,outstanding,other,algorithms,2,0.0,0.0,0.0,0.0,0.0,0.0,0.0,0.0,interim
foundation_200,ICML,outstanding,other,displayed_equations,2,0.0,0.0,0.0,0.0,0.0,0.0,0.0,0.0,interim
foundation_200,ICML,outstanding,other,visual_objects,2,0.0,0.0,0.0,0.0,0.0,0.0,0.0,0.0,interim
foundation_200,ICML,outstanding,other,visual_objects_per_1000_words,2,0.0,0.0,0.0,0.0,0.0,0.0,0.0,0.0,interim
foundation_200,ICML,outstanding,other,equations_per_1000_words,2,0.0,0.0,0.0,0.0,0.0,0.0,0.0,0.0,interim
foundation_200,ICML,outstanding,other,visual_share_within_main,2,0.0,0.0,0.0,0.0,0.0,0.0,0.0,0.0,interim
foundation_200,ICML,outstanding,other,equation_share_within_main,2,0.0,0.0,0.0,0.0,0.0,0.0,0.0,0.0,interim
foundation_200,ICML,spotlight,abstract,present,49,1.0,1.0,1.0,1.0,1.0,1.0,1.0,1.0,interim
foundation_200,ICML,spotlight,abstract,estimated_words,49,178.571429,173.806452,173.0,152.0,198.0,110.0,266.0,178.571428571,interim
foundation_200,ICML,spotlight,abstract,main_word_share,49,0.032358,0.031686,0.031171,0.027,0.035,0.0172,0.059,0.032357599,interim
foundation_200,ICML,spotlight,abstract,figures,49,0.081633,0.0,0.0,0.0,0.0,0.0,1.0,0.081632653,interim
foundation_200,ICML,spotlight,abstract,tables,49,0.0,0.0,0.0,0.0,0.0,0.0,0.0,0.0,interim
foundation_200,ICML,spotlight,abstract,algorithms,49,0.0,0.0,0.0,0.0,0.0,0.0,0.0,0.0,interim
foundation_200,ICML,spotlight,abstract,displayed_equations,49,0.0,0.0,0.0,0.0,0.0,0.0,0.0,0.0,interim
foundation_200,ICML,spotlight,abstract,visual_objects,49,0.081633,0.0,0.0,0.0,0.0,0.0,1.0,0.081632653,interim
foundation_200,ICML,spotlight,abstract,visual_objects_per_1000_words,49,0.483635,0.0,0.0,0.0,0.0,0.0,6.802721,0.483634533,interim
foundation_200,ICML,spotlight,abstract,equations_per_1000_words,49,0.0,0.0,0.0,0.0,0.0,0.0,0.0,0.0,interim
foundation_200,ICML,spotlight,abstract,visual_share_within_main,48,0.008919,0.0,0.0,0.0,0.0,0.0,0.142857,0.008919032,interim
foundation_200,ICML,spotlight,abstract,equation_share_within_main,46,0.0,0.0,0.0,0.0,0.0,0.0,0.0,0.0,interim
foundation_200,ICML,spotlight,introduction,present,49,1.0,1.0,1.0,1.0,1.0,1.0,1.0,1.0,interim
foundation_200,ICML,spotlight,introduction,estimated_words,49,838.285714,823.258065,815.0,680.0,983.0,475.0,1500.0,838.285714286,interim
foundation_200,ICML,spotlight,introduction,main_word_share,49,0.147831,0.146733,0.141,0.124,0.176577,0.083,0.235,0.14783098,interim
foundation_200,ICML,spotlight,introduction,figures,49,0.530612,0.483871,0.0,0.0,1.0,0.0,2.0,0.530612245,interim
foundation_200,ICML,spotlight,introduction,tables,49,0.020408,0.0,0.0,0.0,0.0,0.0,1.0,0.020408163,interim
foundation_200,ICML,spotlight,introduction,algorithms,49,0.0,0.0,0.0,0.0,0.0,0.0,0.0,0.0,interim
foundation_200,ICML,spotlight,introduction,displayed_equations,49,0.142857,0.0,0.0,0.0,0.0,0.0,2.0,0.142857143,interim
foundation_200,ICML,spotlight,introduction,visual_objects,49,0.55102,0.516129,1.0,0.0,1.0,0.0,2.0,0.551020408,interim
foundation_200,ICML,spotlight,introduction,visual_objects_per_1000_words,49,0.705834,0.604634,0.826446,0.0,1.342282,0.0,2.105263,0.705833505,interim
foundation_200,ICML,spotlight,introduction,equations_per_1000_words,49,0.160041,0.0,0.0,0.0,0.0,0.0,2.797203,0.160040855,interim
foundation_200,ICML,spotlight,introduction,visual_share_within_main,48,0.055838,0.043995,0.055556,0.0,0.102778,0.0,0.25,0.055838172,interim
foundation_200,ICML,spotlight,introduction,equation_share_within_main,46,0.00845,0.0,0.0,0.0,0.0,0.0,0.105263,0.008449659,interim
foundation_200,ICML,spotlight,related_work,present,49,1.0,1.0,1.0,1.0,1.0,1.0,1.0,1.0,interim
foundation_200,ICML,spotlight,related_work,estimated_words,49,582.183673,548.258065,550.0,436.0,670.0,210.0,1405.0,582.183673469,interim
foundation_200,ICML,spotlight,related_work,main_word_share,47,0.088616,0.09102,0.0917,0.071909,0.10885,0.0,0.185071,0.088616025,interim
foundation_200,ICML,spotlight,related_work,figures,49,0.020408,0.0,0.0,0.0,0.0,0.0,1.0,0.020408163,interim
foundation_200,ICML,spotlight,related_work,tables,49,0.0,0.0,0.0,0.0,0.0,0.0,0.0,0.0,interim
foundation_200,ICML,spotlight,related_work,algorithms,49,0.0,0.0,0.0,0.0,0.0,0.0,0.0,0.0,interim
foundation_200,ICML,spotlight,related_work,displayed_equations,49,0.020408,0.0,0.0,0.0,0.0,0.0,1.0,0.020408163,interim
foundation_200,ICML,spotlight,related_work,visual_objects,49,0.020408,0.0,0.0,0.0,0.0,0.0,1.0,0.020408163,interim
foundation_200,ICML,spotlight,related_work,visual_objects_per_1000_words,49,0.022427,0.0,0.0,0.0,0.0,0.0,1.098901,0.022426553,interim
foundation_200,ICML,spotlight,related_work,equations_per_1000_words,49,0.01582,0.0,0.0,0.0,0.0,0.0,0.775194,0.015820282,interim
foundation_200,ICML,spotlight,related_work,visual_share_within_main,48,0.002976,0.0,0.0,0.0,0.0,0.0,0.142857,0.00297619,interim
foundation_200,ICML,spotlight,related_work,equation_share_within_main,46,0.001672,0.0,0.0,0.0,0.0,0.0,0.076923,0.001672241,interim
foundation_200,ICML,spotlight,method,present,49,1.0,1.0,1.0,1.0,1.0,1.0,1.0,1.0,interim
foundation_200,ICML,spotlight,method,estimated_words,49,1416.306122,1353.806452,1362.0,830.0,1800.0,364.0,3310.0,1416.306122449,interim
foundation_200,ICML,spotlight,method,main_word_share,49,0.243305,0.234478,0.234,0.17284,0.289,0.081,0.523847,0.243304906,interim
foundation_200,ICML,spotlight,method,figures,49,1.244898,1.064516,1.0,1.0,2.0,0.0,5.0,1.244897959,interim
foundation_200,ICML,spotlight,method,tables,49,0.081633,0.0,0.0,0.0,0.0,0.0,1.0,0.081632653,interim
foundation_200,ICML,spotlight,method,algorithms,49,0.44898,0.225806,0.0,0.0,1.0,0.0,3.0,0.448979592,interim
foundation_200,ICML,spotlight,method,displayed_equations,49,7.367347,5.806452,5.0,3.0,9.0,0.0,27.0,7.367346939,interim
foundation_200,ICML,spotlight,method,visual_objects,49,1.77551,1.677419,2.0,1.0,3.0,0.0,5.0,1.775510204,interim
foundation_200,ICML,spotlight,method,visual_objects_per_1000_words,49,1.383843,1.29357,1.40647,0.735294,1.676914,0.0,4.911591,1.383842808,interim
foundation_200,ICML,spotlight,method,equations_per_1000_words,49,5.459807,4.759417,4.098361,2.347418,8.338679,0.0,16.923077,5.459807143,interim
foundation_200,ICML,spotlight,method,visual_share_within_main,48,0.201339,0.184115,0.166667,0.108333,0.285714,0.0,0.6,0.201338646,interim
foundation_200,ICML,spotlight,method,equation_share_within_main,46,0.573624,0.582266,0.607692,0.313322,0.796429,0.0,1.0,0.573623995,interim
foundation_200,ICML,spotlight,theory,present,49,0.693878,0.806452,1.0,0.0,1.0,0.0,1.0,0.693877551,interim
foundation_200,ICML,spotlight,theory,estimated_words,49,1019.979592,558.0,500.0,0.0,1080.0,0.0,14280.0,1019.979591837,interim
foundation_200,ICML,spotlight,theory,figures,49,0.265306,0.032258,0.0,0.0,0.0,0.0,3.0,0.265306122,interim
foundation_200,ICML,spotlight,theory,tables,49,0.040816,0.0,0.0,0.0,0.0,0.0,1.0,0.040816327,interim
foundation_200,ICML,spotlight,theory,algorithms,49,0.0,0.0,0.0,0.0,0.0,0.0,0.0,0.0,interim
foundation_200,ICML,spotlight,theory,displayed_equations,49,9.734694,3.064516,3.0,0.0,6.0,0.0,262.0,9.734693878,interim
foundation_200,ICML,spotlight,theory,visual_objects,49,0.306122,0.064516,0.0,0.0,0.0,0.0,3.0,0.306122449,interim
foundation_200,ICML,spotlight,theory,visual_objects_per_1000_words,34,0.598267,0.135633,0.0,0.0,0.636603,0.0,4.761905,0.598267436,interim
foundation_200,ICML,spotlight,theory,equations_per_1000_words,34,7.749894,6.934736,5.832869,4.136364,10.192875,0.0,24.705882,7.749893779,interim
foundation_200,ICML,spotlight,theory,visual_share_within_main,48,0.035961,0.003704,0.0,0.0,0.0,0.0,0.4,0.035960865,interim
foundation_200,ICML,spotlight,theory,equation_share_within_main,46,0.353844,0.327433,0.348485,0.0,0.592857,0.0,1.0,0.353843848,interim
foundation_200,ICML,spotlight,theory,main_word_share,46,0.104019,0.088896,0.08455,0.0,0.17265,0.0,0.312,0.104018956,interim
foundation_200,ICML,spotlight,experimental_design,present,49,0.979592,1.0,1.0,1.0,1.0,0.0,1.0,0.979591837,interim
foundation_200,ICML,spotlight,experimental_design,estimated_words,49,613.979592,569.419355,570.0,440.0,702.0,0.0,2000.0,613.979591837,interim
foundation_200,ICML,spotlight,experimental_design,main_word_share,49,0.100073,0.098824,0.0986,0.0775,0.127705,0.0,0.2004,0.100072956,interim
foundation_200,ICML,spotlight,experimental_design,figures,49,0.163265,0.0,0.0,0.0,0.0,0.0,2.0,0.163265306,interim
foundation_200,ICML,spotlight,experimental_design,tables,49,0.122449,0.0,0.0,0.0,0.0,0.0,3.0,0.12244898,interim
foundation_200,ICML,spotlight,experimental_design,algorithms,49,0.0,0.0,0.0,0.0,0.0,0.0,0.0,0.0,interim
foundation_200,ICML,spotlight,experimental_design,displayed_equations,49,0.244898,0.0,0.0,0.0,0.0,0.0,4.0,0.244897959,interim
foundation_200,ICML,spotlight,experimental_design,visual_objects,49,0.285714,0.0,0.0,0.0,0.0,0.0,5.0,0.285714286,interim
foundation_200,ICML,spotlight,experimental_design,visual_objects_per_1000_words,48,0.491111,0.0,0.0,0.0,0.0,0.0,10.067114,0.491110671,interim
foundation_200,ICML,spotlight,experimental_design,equations_per_1000_words,48,0.523974,0.0,0.0,0.0,0.0,0.0,7.936508,0.523974265,interim
foundation_200,ICML,spotlight,experimental_design,visual_share_within_main,48,0.023059,0.0,0.0,0.0,0.0,0.0,0.294118,0.023058986,interim
foundation_200,ICML,spotlight,experimental_design,equation_share_within_main,46,0.025691,0.0,0.0,0.0,0.0,0.0,0.5,0.025690597,interim
foundation_200,ICML,spotlight,results,present,49,0.979592,1.0,1.0,1.0,1.0,0.0,1.0,0.979591837,interim
foundation_200,ICML,spotlight,results,estimated_words,49,930.836735,860.774194,842.0,609.0,1178.0,0.0,2528.0,930.836734694,interim
foundation_200,ICML,spotlight,results,main_word_share,49,0.164646,0.15241,0.143,0.1,0.2041,0.0,0.415,0.164645685,interim
foundation_200,ICML,spotlight,results,figures,49,2.408163,2.032258,2.0,1.0,3.0,0.0,10.0,2.408163265,interim
foundation_200,ICML,spotlight,results,tables,49,2.244898,2.032258,2.0,1.0,3.0,0.0,8.0,2.244897959,interim
foundation_200,ICML,spotlight,results,algorithms,49,0.0,0.0,0.0,0.0,0.0,0.0,0.0,0.0,interim
foundation_200,ICML,spotlight,results,displayed_equations,49,0.061224,0.0,0.0,0.0,0.0,0.0,2.0,0.06122449,interim
foundation_200,ICML,spotlight,results,visual_objects,49,4.653061,4.322581,4.0,3.0,6.0,0.0,12.0,4.653061224,interim
foundation_200,ICML,spotlight,results,visual_objects_per_1000_words,48,5.557205,5.217069,5.351288,3.67922,6.420388,2.020202,14.754098,5.557205463,interim
foundation_200,ICML,spotlight,results,equations_per_1000_words,48,0.071232,0.0,0.0,0.0,0.0,0.0,2.375297,0.071232047,interim
foundation_200,ICML,spotlight,results,visual_share_within_main,48,0.503373,0.482644,0.461538,0.397222,0.60625,0.230769,1.0,0.50337265,interim
foundation_200,ICML,spotlight,results,equation_share_within_main,46,0.007325,0.0,0.0,0.0,0.0,0.0,0.25,0.007325142,interim
foundation_200,ICML,spotlight,ablation,present,49,0.77551,0.935484,1.0,1.0,1.0,0.0,1.0,0.775510204,interim
foundation_200,ICML,spotlight,ablation,estimated_words,49,351.959184,322.677419,335.0,120.0,520.0,0.0,1878.0,351.959183673,interim
foundation_200,ICML,spotlight,ablation,figures,49,0.979592,0.580645,1.0,0.0,1.0,0.0,7.0,0.979591837,interim
foundation_200,ICML,spotlight,ablation,tables,49,0.693878,0.483871,0.0,0.0,1.0,0.0,3.0,0.693877551,interim
foundation_200,ICML,spotlight,ablation,algorithms,49,0.0,0.0,0.0,0.0,0.0,0.0,0.0,0.0,interim
foundation_200,ICML,spotlight,ablation,displayed_equations,49,0.102041,0.0,0.0,0.0,0.0,0.0,4.0,0.102040816,interim
foundation_200,ICML,spotlight,ablation,visual_objects,49,1.673469,1.387097,1.0,0.0,3.0,0.0,7.0,1.673469388,interim
foundation_200,ICML,spotlight,ablation,visual_objects_per_1000_words,38,4.807692,4.573926,4.09699,2.952151,7.083134,0.0,10.822511,4.807692346,interim
foundation_200,ICML,spotlight,ablation,equations_per_1000_words,38,0.287443,0.0,0.0,0.0,0.0,0.0,9.73236,0.28744306,interim
foundation_200,ICML,spotlight,ablation,visual_share_within_main,48,0.163616,0.146482,0.153846,0.0,0.25,0.0,0.5,0.163616476,interim
foundation_200,ICML,spotlight,ablation,equation_share_within_main,46,0.005625,0.0,0.0,0.0,0.0,0.0,0.181818,0.00562481,interim
foundation_200,ICML,spotlight,ablation,main_word_share,47,0.053575,0.049796,0.051073,0.0,0.0915,0.0,0.1569,0.053574597,interim
foundation_200,ICML,spotlight,conclusion,present,49,0.979592,1.0,1.0,1.0,1.0,0.0,1.0,0.979591837,interim
foundation_200,ICML,spotlight,conclusion,estimated_words,49,169.857143,147.741935,135.0,109.0,220.0,0.0,580.0,169.857142857,interim
foundation_200,ICML,spotlight,conclusion,main_word_share,49,0.029431,0.026662,0.025499,0.021,0.0337,0.0,0.0785,0.029430771,interim
foundation_200,ICML,spotlight,conclusion,figures,49,0.0,0.0,0.0,0.0,0.0,0.0,0.0,0.0,interim
foundation_200,ICML,spotlight,conclusion,tables,49,0.0,0.0,0.0,0.0,0.0,0.0,0.0,0.0,interim
foundation_200,ICML,spotlight,conclusion,algorithms,49,0.0,0.0,0.0,0.0,0.0,0.0,0.0,0.0,interim
foundation_200,ICML,spotlight,conclusion,displayed_equations,49,0.0,0.0,0.0,0.0,0.0,0.0,0.0,0.0,interim
foundation_200,ICML,spotlight,conclusion,visual_objects,49,0.0,0.0,0.0,0.0,0.0,0.0,0.0,0.0,interim
foundation_200,ICML,spotlight,conclusion,visual_objects_per_1000_words,48,0.0,0.0,0.0,0.0,0.0,0.0,0.0,0.0,interim
foundation_200,ICML,spotlight,conclusion,equations_per_1000_words,48,0.0,0.0,0.0,0.0,0.0,0.0,0.0,0.0,interim
foundation_200,ICML,spotlight,conclusion,visual_share_within_main,48,0.0,0.0,0.0,0.0,0.0,0.0,0.0,0.0,interim
foundation_200,ICML,spotlight,conclusion,equation_share_within_main,46,0.0,0.0,0.0,0.0,0.0,0.0,0.0,0.0,interim
foundation_200,ICML,spotlight,limitations,present,49,0.755102,0.903226,1.0,1.0,1.0,0.0,1.0,0.755102041,interim
foundation_200,ICML,spotlight,limitations,estimated_words,49,176.040816,135.225806,135.0,25.0,251.0,0.0,700.0,176.040816327,interim
foundation_200,ICML,spotlight,limitations,main_word_share,42,0.024408,0.019338,0.02,0.0,0.035682,0.0,0.0875,0.024408169,interim
foundation_200,ICML,spotlight,limitations,figures,49,0.0,0.0,0.0,0.0,0.0,0.0,0.0,0.0,interim
foundation_200,ICML,spotlight,limitations,tables,49,0.0,0.0,0.0,0.0,0.0,0.0,0.0,0.0,interim
foundation_200,ICML,spotlight,limitations,algorithms,49,0.0,0.0,0.0,0.0,0.0,0.0,0.0,0.0,interim
foundation_200,ICML,spotlight,limitations,displayed_equations,49,0.0,0.0,0.0,0.0,0.0,0.0,0.0,0.0,interim
foundation_200,ICML,spotlight,limitations,visual_objects,49,0.0,0.0,0.0,0.0,0.0,0.0,0.0,0.0,interim
foundation_200,ICML,spotlight,limitations,visual_objects_per_1000_words,37,0.0,0.0,0.0,0.0,0.0,0.0,0.0,0.0,interim
foundation_200,ICML,spotlight,limitations,equations_per_1000_words,37,0.0,0.0,0.0,0.0,0.0,0.0,0.0,0.0,interim
foundation_200,ICML,spotlight,limitations,visual_share_within_main,48,0.0,0.0,0.0,0.0,0.0,0.0,0.0,0.0,interim
foundation_200,ICML,spotlight,limitations,equation_share_within_main,46,0.0,0.0,0.0,0.0,0.0,0.0,0.0,0.0,interim
foundation_200,ICML,spotlight,appendix,present,49,0.979592,1.0,1.0,1.0,1.0,0.0,1.0,0.979591837,interim
foundation_200,ICML,spotlight,appendix,estimated_words,49,6075.061224,4537.709677,4120.0,2667.0,7065.0,0.0,29300.0,6075.06122449,interim
foundation_200,ICML,spotlight,appendix,figures,49,6.836735,4.16129,4.0,1.0,8.0,0.0,76.0,6.836734694,interim
foundation_200,ICML,spotlight,appendix,tables,49,4.938776,3.483871,3.0,1.0,6.0,0.0,24.0,4.93877551,interim
foundation_200,ICML,spotlight,appendix,algorithms,49,0.714286,0.258065,0.0,0.0,1.0,0.0,7.0,0.714285714,interim
foundation_200,ICML,spotlight,appendix,displayed_equations,49,21.673469,12.032258,10.0,2.0,24.0,0.0,125.0,21.673469388,interim
foundation_200,ICML,spotlight,appendix,visual_objects,49,12.489796,9.806452,8.0,5.0,17.0,0.0,89.0,12.489795918,interim
foundation_200,ICML,spotlight,appendix,visual_objects_per_1000_words,47,2.728798,2.190668,2.0,1.187095,3.394368,0.0,9.64975,2.728798165,interim
foundation_200,ICML,spotlight,appendix,equations_per_1000_words,47,4.401692,3.1858,3.680982,0.27268,6.25945,0.0,27.298851,4.401692365,interim
foundation_200,ICML,spotlight,appendix,visual_share_within_main,48,1.636051,1.118433,0.867521,0.633523,1.804545,0.0,14.833333,1.636051399,interim
foundation_200,ICML,spotlight,appendix,equation_share_within_main,46,1.775475,1.154636,1.033333,0.033675,2.692105,0.0,12.5,1.775474576,interim
foundation_200,ICML,spotlight,appendix,main_word_share,7,0.0,0.0,0.0,0.0,0.0,0.0,0.0,0.0,interim
foundation_200,ICML,spotlight,other,present,49,0.938776,1.0,1.0,1.0,1.0,0.0,1.0,0.93877551,interim
foundation_200,ICML,spotlight,other,estimated_words,49,975.122449,754.709677,404.0,243.0,1659.0,0.0,4100.0,975.12244898,interim
foundation_200,ICML,spotlight,other,main_word_share,26,0.039701,0.033534,0.03085,0.011812,0.056487,0.0,0.135,0.039700566,interim
foundation_200,ICML,spotlight,other,figures,49,0.040816,0.0,0.0,0.0,0.0,0.0,1.0,0.040816327,interim
foundation_200,ICML,spotlight,other,tables,49,0.0,0.0,0.0,0.0,0.0,0.0,0.0,0.0,interim
foundation_200,ICML,spotlight,other,algorithms,49,0.0,0.0,0.0,0.0,0.0,0.0,0.0,0.0,interim
foundation_200,ICML,spotlight,other,displayed_equations,49,0.265306,0.0,0.0,0.0,0.0,0.0,4.0,0.265306122,interim
foundation_200,ICML,spotlight,other,visual_objects,49,0.040816,0.0,0.0,0.0,0.0,0.0,1.0,0.040816327,interim
foundation_200,ICML,spotlight,other,visual_objects_per_1000_words,46,0.141441,0.0,0.0,0.0,0.0,0.0,4.0,0.141440558,interim
foundation_200,ICML,spotlight,other,equations_per_1000_words,46,0.801402,0.0,0.0,0.0,0.0,0.0,12.345679,0.801402077,interim
foundation_200,ICML,spotlight,other,visual_share_within_main,48,0.004919,0.0,0.0,0.0,0.0,0.0,0.125,0.004918981,interim
foundation_200,ICML,spotlight,other,equation_share_within_main,46,0.02377,0.0,0.0,0.0,0.0,0.0,0.307692,0.023769709,interim
replication_200,ICLR,all,abstract,present,11,1.0,1.0,1.0,1.0,1.0,1.0,1.0,1.0,interim
replication_200,ICLR,all,abstract,estimated_words,11,194.545455,199.0,203.0,178.0,216.0,116.0,247.0,194.545454545,interim
replication_200,ICLR,all,abstract,main_word_share,11,0.035455,0.034314,0.0348,0.02805,0.0414,0.024,0.0518,0.035454545,interim
replication_200,ICLR,all,abstract,figures,11,0.090909,0.0,0.0,0.0,0.0,0.0,1.0,0.090909091,interim
replication_200,ICLR,all,abstract,tables,11,0.0,0.0,0.0,0.0,0.0,0.0,0.0,0.0,interim
replication_200,ICLR,all,abstract,algorithms,11,0.0,0.0,0.0,0.0,0.0,0.0,0.0,0.0,interim
replication_200,ICLR,all,abstract,displayed_equations,11,0.0,0.0,0.0,0.0,0.0,0.0,0.0,0.0,interim
replication_200,ICLR,all,abstract,visual_objects,11,0.090909,0.0,0.0,0.0,0.0,0.0,1.0,0.090909091,interim
replication_200,ICLR,all,abstract,visual_objects_per_1000_words,11,0.4662,0.0,0.0,0.0,0.0,0.0,5.128205,0.466200466,interim
replication_200,ICLR,all,abstract,equations_per_1000_words,11,0.0,0.0,0.0,0.0,0.0,0.0,0.0,0.0,interim
replication_200,ICLR,all,abstract,visual_share_within_main,11,0.008264,0.0,0.0,0.0,0.0,0.0,0.090909,0.008264463,interim
replication_200,ICLR,all,abstract,equation_share_within_main,10,0.0,0.0,0.0,0.0,0.0,0.0,0.0,0.0,interim
replication_200,ICLR,all,introduction,present,11,1.0,1.0,1.0,1.0,1.0,1.0,1.0,1.0,interim
replication_200,ICLR,all,introduction,estimated_words,11,643.909091,630.857143,611.0,535.0,720.5,421.0,945.0,643.909090909,interim
replication_200,ICLR,all,introduction,main_word_share,11,0.114973,0.112857,0.106,0.098,0.1313,0.082,0.16,0.114972727,interim
replication_200,ICLR,all,introduction,figures,11,0.636364,0.571429,1.0,0.0,1.0,0.0,2.0,0.636363636,interim
replication_200,ICLR,all,introduction,tables,11,0.0,0.0,0.0,0.0,0.0,0.0,0.0,0.0,interim
replication_200,ICLR,all,introduction,algorithms,11,0.0,0.0,0.0,0.0,0.0,0.0,0.0,0.0,interim
replication_200,ICLR,all,introduction,displayed_equations,11,0.090909,0.0,0.0,0.0,0.0,0.0,1.0,0.090909091,interim
replication_200,ICLR,all,introduction,visual_objects,11,0.636364,0.571429,1.0,0.0,1.0,0.0,2.0,0.636363636,interim
replication_200,ICLR,all,introduction,visual_objects_per_1000_words,11,0.989816,0.747009,1.058201,0.0,1.511378,0.0,3.333333,0.98981609,interim
replication_200,ICLR,all,introduction,equations_per_1000_words,11,0.0962,0.0,0.0,0.0,0.0,0.0,1.058201,0.096200096,interim
replication_200,ICLR,all,introduction,visual_share_within_main,11,0.07966,0.059704,0.090909,0.0,0.118056,0.0,0.333333,0.079660239,interim
replication_200,ICLR,all,introduction,equation_share_within_main,10,0.02,0.0,0.0,0.0,0.0,0.0,0.2,0.02,interim
replication_200,ICLR,all,related_work,present,11,1.0,1.0,1.0,1.0,1.0,1.0,1.0,1.0,interim
replication_200,ICLR,all,related_work,estimated_words,11,541.0,560.571429,489.0,479.0,682.0,220.0,739.0,541.0,interim
replication_200,ICLR,all,related_work,main_word_share,11,0.098173,0.100529,0.101,0.0812,0.11985,0.035,0.142,0.098172727,interim
replication_200,ICLR,all,related_work,figures,11,0.0,0.0,0.0,0.0,0.0,0.0,0.0,0.0,interim
replication_200,ICLR,all,related_work,tables,11,0.0,0.0,0.0,0.0,0.0,0.0,0.0,0.0,interim
replication_200,ICLR,all,related_work,algorithms,11,0.0,0.0,0.0,0.0,0.0,0.0,0.0,0.0,interim
replication_200,ICLR,all,related_work,displayed_equations,11,0.181818,0.0,0.0,0.0,0.0,0.0,2.0,0.181818182,interim
replication_200,ICLR,all,related_work,visual_objects,11,0.0,0.0,0.0,0.0,0.0,0.0,0.0,0.0,interim
replication_200,ICLR,all,related_work,visual_objects_per_1000_words,11,0.0,0.0,0.0,0.0,0.0,0.0,0.0,0.0,interim
replication_200,ICLR,all,related_work,equations_per_1000_words,11,0.246033,0.0,0.0,0.0,0.0,0.0,2.70636,0.246032722,interim
replication_200,ICLR,all,related_work,visual_share_within_main,11,0.0,0.0,0.0,0.0,0.0,0.0,0.0,0.0,interim
replication_200,ICLR,all,related_work,equation_share_within_main,10,0.007692,0.0,0.0,0.0,0.0,0.0,0.076923,0.007692308,interim
replication_200,ICLR,all,method,present,11,1.0,1.0,1.0,1.0,1.0,1.0,1.0,1.0,interim
replication_200,ICLR,all,method,estimated_words,11,1327.454545,1247.571429,1250.0,1095.0,1405.0,481.0,2728.0,1327.454545455,interim
replication_200,ICLR,all,method,main_word_share,11,0.238636,0.220057,0.202,0.17035,0.293,0.1008,0.462,0.238636364,interim
replication_200,ICLR,all,method,figures,11,1.363636,1.285714,1.0,0.5,2.0,0.0,3.0,1.363636364,interim
replication_200,ICLR,all,method,tables,11,0.090909,0.0,0.0,0.0,0.0,0.0,1.0,0.090909091,interim
replication_200,ICLR,all,method,algorithms,11,0.272727,0.0,0.0,0.0,0.0,0.0,2.0,0.272727273,interim
replication_200,ICLR,all,method,displayed_equations,11,4.0,3.571429,3.0,2.0,5.5,0.0,12.0,4.0,interim
replication_200,ICLR,all,method,visual_objects,11,1.727273,1.857143,2.0,0.5,3.0,0.0,3.0,1.727272727,interim
replication_200,ICLR,all,method,visual_objects_per_1000_words,11,1.448561,1.339452,1.25,0.537634,2.135258,0.0,4.158004,1.448560791,interim
replication_200,ICLR,all,method,equations_per_1000_words,11,3.218108,2.518339,2.142857,1.772639,3.706291,0.0,12.0,3.218108373,interim
replication_200,ICLR,all,method,visual_share_within_main,11,0.159922,0.16083,0.181818,0.071429,0.21875,0.0,0.333333,0.159922275,interim
replication_200,ICLR,all,method,equation_share_within_main,10,0.615346,0.61532,0.6,0.513889,0.759091,0.0,1.0,0.615345765,interim
replication_200,ICLR,all,theory,present,11,0.636364,0.714286,1.0,0.0,1.0,0.0,1.0,0.636363636,interim
replication_200,ICLR,all,theory,estimated_words,11,535.909091,324.428571,244.0,0.0,748.5,0.0,2470.0,535.909090909,interim
replication_200,ICLR,all,theory,main_word_share,11,0.087373,0.054229,0.044,0.0,0.11495,0.0,0.3875,0.087372727,interim
replication_200,ICLR,all,theory,figures,11,0.090909,0.0,0.0,0.0,0.0,0.0,1.0,0.090909091,interim
replication_200,ICLR,all,theory,tables,11,0.0,0.0,0.0,0.0,0.0,0.0,0.0,0.0,interim
replication_200,ICLR,all,theory,algorithms,11,0.0,0.0,0.0,0.0,0.0,0.0,0.0,0.0,interim
replication_200,ICLR,all,theory,displayed_equations,11,2.545455,2.285714,3.0,0.0,4.0,0.0,8.0,2.545454545,interim
replication_200,ICLR,all,theory,visual_objects,11,0.090909,0.0,0.0,0.0,0.0,0.0,1.0,0.090909091,interim
replication_200,ICLR,all,theory,visual_share_within_main,11,0.005682,0.0,0.0,0.0,0.0,0.0,0.0625,0.005681818,interim
replication_200,ICLR,all,theory,equation_share_within_main,10,0.341577,0.319296,0.381818,0.076923,0.433333,0.0,1.0,0.341577312,interim
replication_200,ICLR,all,theory,visual_objects_per_1000_words,7,0.18797,0.0,0.0,0.0,0.0,0.0,1.315789,0.187969925,interim
replication_200,ICLR,all,theory,equations_per_1000_words,7,8.145883,7.602089,6.666667,4.008962,11.662926,1.619433,17.391304,8.14588294,interim
replication_200,ICLR,all,experimental_design,present,11,1.0,1.0,1.0,1.0,1.0,1.0,1.0,1.0,interim
replication_200,ICLR,all,experimental_design,estimated_words,11,539.181818,464.428571,490.0,360.0,570.0,154.0,1650.0,539.181818182,interim
replication_200,ICLR,all,experimental_design,main_word_share,11,0.092318,0.083329,0.093,0.05885,0.10205,0.027,0.226,0.092318182,interim
replication_200,ICLR,all,experimental_design,figures,11,0.0,0.0,0.0,0.0,0.0,0.0,0.0,0.0,interim
replication_200,ICLR,all,experimental_design,tables,11,0.181818,0.0,0.0,0.0,0.0,0.0,1.0,0.181818182,interim
replication_200,ICLR,all,experimental_design,algorithms,11,0.0,0.0,0.0,0.0,0.0,0.0,0.0,0.0,interim
replication_200,ICLR,all,experimental_design,displayed_equations,11,0.363636,0.0,0.0,0.0,0.0,0.0,4.0,0.363636364,interim
replication_200,ICLR,all,experimental_design,visual_objects,11,0.181818,0.0,0.0,0.0,0.0,0.0,1.0,0.181818182,interim
replication_200,ICLR,all,experimental_design,visual_objects_per_1000_words,11,0.400105,0.0,0.0,0.0,0.0,0.0,2.777778,0.400104946,interim
replication_200,ICLR,all,experimental_design,equations_per_1000_words,11,0.616333,0.0,0.0,0.0,0.0,0.0,6.779661,0.61633282,interim
replication_200,ICLR,all,experimental_design,visual_share_within_main,11,0.017355,0.0,0.0,0.0,0.0,0.0,0.1,0.017355372,interim
replication_200,ICLR,all,experimental_design,equation_share_within_main,10,0.015385,0.0,0.0,0.0,0.0,0.0,0.153846,0.015384615,interim
replication_200,ICLR,all,results,present,11,1.0,1.0,1.0,1.0,1.0,1.0,1.0,1.0,interim
replication_200,ICLR,all,results,estimated_words,11,1115.818182,1024.428571,1100.0,793.5,1217.0,465.0,2040.0,1115.818181818,interim
replication_200,ICLR,all,results,main_word_share,11,0.200527,0.198014,0.1849,0.157,0.2555,0.073,0.3388,0.200527273,interim
replication_200,ICLR,all,results,figures,11,2.272727,2.0,2.0,1.0,3.0,0.0,6.0,2.272727273,interim
replication_200,ICLR,all,results,tables,11,2.727273,2.857143,3.0,2.0,3.5,0.0,5.0,2.727272727,interim
replication_200,ICLR,all,results,algorithms,11,0.0,0.0,0.0,0.0,0.0,0.0,0.0,0.0,interim
replication_200,ICLR,all,results,displayed_equations,11,0.0,0.0,0.0,0.0,0.0,0.0,0.0,0.0,interim
replication_200,ICLR,all,results,visual_objects,11,5.0,4.857143,5.0,3.0,6.5,2.0,8.0,5.0,interim
replication_200,ICLR,all,results,visual_objects_per_1000_words,11,4.741738,4.59416,4.301075,3.268137,6.59213,2.727273,7.272727,4.741738433,interim
replication_200,ICLR,all,results,equations_per_1000_words,11,0.0,0.0,0.0,0.0,0.0,0.0,0.0,0.0,interim
replication_200,ICLR,all,results,visual_share_within_main,11,0.561344,0.550402,0.545455,0.464286,0.666667,0.333333,0.875,0.561343959,interim
replication_200,ICLR,all,results,equation_share_within_main,10,0.0,0.0,0.0,0.0,0.0,0.0,0.0,0.0,interim
replication_200,ICLR,all,ablation,present,11,0.909091,1.0,1.0,1.0,1.0,0.0,1.0,0.909090909,interim
replication_200,ICLR,all,ablation,estimated_words,11,444.545455,340.285714,279.0,126.5,679.5,0.0,1453.0,444.545454545,interim
replication_200,ICLR,all,ablation,main_word_share,11,0.087482,0.0626,0.047,0.02105,0.1345,0.0,0.3044,0.087481818,interim
replication_200,ICLR,all,ablation,figures,11,1.090909,0.714286,0.0,0.0,2.0,0.0,4.0,1.090909091,interim
replication_200,ICLR,all,ablation,tables,11,0.363636,0.285714,0.0,0.0,1.0,0.0,1.0,0.363636364,interim
replication_200,ICLR,all,ablation,algorithms,11,0.0,0.0,0.0,0.0,0.0,0.0,0.0,0.0,interim
replication_200,ICLR,all,ablation,displayed_equations,11,0.0,0.0,0.0,0.0,0.0,0.0,0.0,0.0,interim
replication_200,ICLR,all,ablation,visual_objects,11,1.454545,1.285714,1.0,1.0,2.0,0.0,4.0,1.454545455,interim
replication_200,ICLR,all,ablation,visual_objects_per_1000_words,10,4.601834,4.150101,4.10295,1.809307,6.445087,0.0,12.5,4.601834005,interim
replication_200,ICLR,all,ablation,equations_per_1000_words,10,0.0,0.0,0.0,0.0,0.0,0.0,0.0,0.0,interim
replication_200,ICLR,all,ablation,visual_share_within_main,11,0.159507,0.137482,0.1,0.087121,0.236111,0.0,0.428571,0.159507412,interim
replication_200,ICLR,all,ablation,equation_share_within_main,10,0.0,0.0,0.0,0.0,0.0,0.0,0.0,0.0,interim
replication_200,ICLR,all,conclusion,present,11,0.909091,1.0,1.0,1.0,1.0,0.0,1.0,0.909090909,interim
replication_200,ICLR,all,conclusion,estimated_words,11,110.818182,110.142857,116.0,87.5,127.5,0.0,223.0,110.818181818,interim
replication_200,ICLR,all,conclusion,main_word_share,11,0.0204,0.019543,0.0204,0.014,0.02315,0.0,0.0468,0.0204,interim
replication_200,ICLR,all,conclusion,figures,11,0.0,0.0,0.0,0.0,0.0,0.0,0.0,0.0,interim
replication_200,ICLR,all,conclusion,tables,11,0.0,0.0,0.0,0.0,0.0,0.0,0.0,0.0,interim
replication_200,ICLR,all,conclusion,algorithms,11,0.0,0.0,0.0,0.0,0.0,0.0,0.0,0.0,interim
replication_200,ICLR,all,conclusion,displayed_equations,11,0.0,0.0,0.0,0.0,0.0,0.0,0.0,0.0,interim
replication_200,ICLR,all,conclusion,visual_objects,11,0.0,0.0,0.0,0.0,0.0,0.0,0.0,0.0,interim
replication_200,ICLR,all,conclusion,visual_objects_per_1000_words,10,0.0,0.0,0.0,0.0,0.0,0.0,0.0,0.0,interim
replication_200,ICLR,all,conclusion,equations_per_1000_words,10,0.0,0.0,0.0,0.0,0.0,0.0,0.0,0.0,interim
replication_200,ICLR,all,conclusion,visual_share_within_main,11,0.0,0.0,0.0,0.0,0.0,0.0,0.0,0.0,interim
replication_200,ICLR,all,conclusion,equation_share_within_main,10,0.0,0.0,0.0,0.0,0.0,0.0,0.0,0.0,interim
replication_200,ICLR,all,limitations,present,11,0.454545,0.428571,0.0,0.0,1.0,0.0,1.0,0.454545455,interim
replication_200,ICLR,all,limitations,estimated_words,11,52.454545,40.857143,0.0,0.0,121.0,0.0,155.0,52.454545455,interim
replication_200,ICLR,all,limitations,main_word_share,11,0.009155,0.006829,0.0,0.0,0.0193,0.0,0.03,0.009154545,interim
replication_200,ICLR,all,limitations,figures,11,0.0,0.0,0.0,0.0,0.0,0.0,0.0,0.0,interim
replication_200,ICLR,all,limitations,tables,11,0.0,0.0,0.0,0.0,0.0,0.0,0.0,0.0,interim
replication_200,ICLR,all,limitations,algorithms,11,0.0,0.0,0.0,0.0,0.0,0.0,0.0,0.0,interim
replication_200,ICLR,all,limitations,displayed_equations,11,0.0,0.0,0.0,0.0,0.0,0.0,0.0,0.0,interim
replication_200,ICLR,all,limitations,visual_objects,11,0.0,0.0,0.0,0.0,0.0,0.0,0.0,0.0,interim
replication_200,ICLR,all,limitations,visual_share_within_main,11,0.0,0.0,0.0,0.0,0.0,0.0,0.0,0.0,interim
replication_200,ICLR,all,limitations,equation_share_within_main,10,0.0,0.0,0.0,0.0,0.0,0.0,0.0,0.0,interim
replication_200,ICLR,all,limitations,visual_objects_per_1000_words,5,0.0,0.0,0.0,0.0,0.0,0.0,0.0,0.0,interim
replication_200,ICLR,all,limitations,equations_per_1000_words,5,0.0,0.0,0.0,0.0,0.0,0.0,0.0,0.0,interim
replication_200,ICLR,all,appendix,present,11,0.727273,0.857143,1.0,0.5,1.0,0.0,1.0,0.727272727,interim
replication_200,ICLR,all,appendix,estimated_words,11,4889.454545,3508.285714,4101.0,48.5,7500.0,0.0,15438.0,4889.454545455,interim
replication_200,ICLR,all,appendix,figures,11,4.727273,3.285714,2.0,0.0,9.0,0.0,15.0,4.727272727,interim
replication_200,ICLR,all,appendix,tables,11,4.545455,3.142857,3.0,0.5,6.5,0.0,17.0,4.545454545,interim
replication_200,ICLR,all,appendix,algorithms,11,0.181818,0.0,0.0,0.0,0.0,0.0,1.0,0.181818182,interim
replication_200,ICLR,all,appendix,displayed_equations,11,6.363636,3.142857,0.0,0.0,11.0,0.0,33.0,6.363636364,interim
replication_200,ICLR,all,appendix,visual_objects,11,9.454545,6.857143,7.0,0.5,13.5,0.0,30.0,9.454545455,interim
replication_200,ICLR,all,appendix,visual_share_within_main,11,1.248564,1.108132,1.285714,0.05,2.208333,0.0,3.25,1.248563558,interim
replication_200,ICLR,all,appendix,equation_share_within_main,10,0.763287,0.378205,0.0,0.0,1.201923,0.0,4.0,0.763286713,interim
replication_200,ICLR,all,appendix,main_word_share,2,0.0,0.0,0.0,0.0,0.0,0.0,0.0,0.0,interim
replication_200,ICLR,all,appendix,visual_objects_per_1000_words,8,3.446975,2.632139,1.965951,1.737695,3.202603,1.473684,10.309278,3.446974853,interim
replication_200,ICLR,all,appendix,equations_per_1000_words,8,1.372968,0.672729,0.435161,0.0,1.277328,0.0,6.947368,1.372968131,interim
replication_200,ICLR,all,other,present,11,0.909091,1.0,1.0,1.0,1.0,0.0,1.0,0.909090909,interim
replication_200,ICLR,all,other,estimated_words,11,764.727273,594.285714,185.0,73.5,1492.5,0.0,2460.0,764.727272727,interim
replication_200,ICLR,all,other,figures,11,0.090909,0.0,0.0,0.0,0.0,0.0,1.0,0.090909091,interim
replication_200,ICLR,all,other,tables,11,0.0,0.0,0.0,0.0,0.0,0.0,0.0,0.0,interim
replication_200,ICLR,all,other,algorithms,11,0.0,0.0,0.0,0.0,0.0,0.0,0.0,0.0,interim
replication_200,ICLR,all,other,displayed_equations,11,0.0,0.0,0.0,0.0,0.0,0.0,0.0,0.0,interim
replication_200,ICLR,all,other,visual_objects,11,0.090909,0.0,0.0,0.0,0.0,0.0,1.0,0.090909091,interim
replication_200,ICLR,all,other,visual_objects_per_1000_words,10,0.074794,0.0,0.0,0.0,0.0,0.0,0.747943,0.074794316,interim
replication_200,ICLR,all,other,equations_per_1000_words,10,0.0,0.0,0.0,0.0,0.0,0.0,0.0,0.0,interim
replication_200,ICLR,all,other,visual_share_within_main,11,0.008264,0.0,0.0,0.0,0.0,0.0,0.090909,0.008264463,interim
replication_200,ICLR,all,other,equation_share_within_main,10,0.0,0.0,0.0,0.0,0.0,0.0,0.0,0.0,interim
replication_200,ICLR,all,other,main_word_share,6,0.0728,0.0457,0.031,0.02045,0.08565,0.0,0.254,0.0728,interim
replication_200,ICLR,oral,abstract,present,11,1.0,1.0,1.0,1.0,1.0,1.0,1.0,1.0,interim
replication_200,ICLR,oral,abstract,estimated_words,11,194.545455,199.0,203.0,178.0,216.0,116.0,247.0,194.545454545,interim
replication_200,ICLR,oral,abstract,main_word_share,11,0.035455,0.034314,0.0348,0.02805,0.0414,0.024,0.0518,0.035454545,interim
replication_200,ICLR,oral,abstract,figures,11,0.090909,0.0,0.0,0.0,0.0,0.0,1.0,0.090909091,interim
replication_200,ICLR,oral,abstract,tables,11,0.0,0.0,0.0,0.0,0.0,0.0,0.0,0.0,interim
replication_200,ICLR,oral,abstract,algorithms,11,0.0,0.0,0.0,0.0,0.0,0.0,0.0,0.0,interim
replication_200,ICLR,oral,abstract,displayed_equations,11,0.0,0.0,0.0,0.0,0.0,0.0,0.0,0.0,interim
replication_200,ICLR,oral,abstract,visual_objects,11,0.090909,0.0,0.0,0.0,0.0,0.0,1.0,0.090909091,interim
replication_200,ICLR,oral,abstract,visual_objects_per_1000_words,11,0.4662,0.0,0.0,0.0,0.0,0.0,5.128205,0.466200466,interim
replication_200,ICLR,oral,abstract,equations_per_1000_words,11,0.0,0.0,0.0,0.0,0.0,0.0,0.0,0.0,interim
replication_200,ICLR,oral,abstract,visual_share_within_main,11,0.008264,0.0,0.0,0.0,0.0,0.0,0.090909,0.008264463,interim
replication_200,ICLR,oral,abstract,equation_share_within_main,10,0.0,0.0,0.0,0.0,0.0,0.0,0.0,0.0,interim
replication_200,ICLR,oral,introduction,present,11,1.0,1.0,1.0,1.0,1.0,1.0,1.0,1.0,interim
replication_200,ICLR,oral,introduction,estimated_words,11,643.909091,630.857143,611.0,535.0,720.5,421.0,945.0,643.909090909,interim
replication_200,ICLR,oral,introduction,main_word_share,11,0.114973,0.112857,0.106,0.098,0.1313,0.082,0.16,0.114972727,interim
replication_200,ICLR,oral,introduction,figures,11,0.636364,0.571429,1.0,0.0,1.0,0.0,2.0,0.636363636,interim
replication_200,ICLR,oral,introduction,tables,11,0.0,0.0,0.0,0.0,0.0,0.0,0.0,0.0,interim
replication_200,ICLR,oral,introduction,algorithms,11,0.0,0.0,0.0,0.0,0.0,0.0,0.0,0.0,interim
replication_200,ICLR,oral,introduction,displayed_equations,11,0.090909,0.0,0.0,0.0,0.0,0.0,1.0,0.090909091,interim
replication_200,ICLR,oral,introduction,visual_objects,11,0.636364,0.571429,1.0,0.0,1.0,0.0,2.0,0.636363636,interim
replication_200,ICLR,oral,introduction,visual_objects_per_1000_words,11,0.989816,0.747009,1.058201,0.0,1.511378,0.0,3.333333,0.98981609,interim
replication_200,ICLR,oral,introduction,equations_per_1000_words,11,0.0962,0.0,0.0,0.0,0.0,0.0,1.058201,0.096200096,interim
replication_200,ICLR,oral,introduction,visual_share_within_main,11,0.07966,0.059704,0.090909,0.0,0.118056,0.0,0.333333,0.079660239,interim
replication_200,ICLR,oral,introduction,equation_share_within_main,10,0.02,0.0,0.0,0.0,0.0,0.0,0.2,0.02,interim
replication_200,ICLR,oral,related_work,present,11,1.0,1.0,1.0,1.0,1.0,1.0,1.0,1.0,interim
replication_200,ICLR,oral,related_work,estimated_words,11,541.0,560.571429,489.0,479.0,682.0,220.0,739.0,541.0,interim
replication_200,ICLR,oral,related_work,main_word_share,11,0.098173,0.100529,0.101,0.0812,0.11985,0.035,0.142,0.098172727,interim
replication_200,ICLR,oral,related_work,figures,11,0.0,0.0,0.0,0.0,0.0,0.0,0.0,0.0,interim
replication_200,ICLR,oral,related_work,tables,11,0.0,0.0,0.0,0.0,0.0,0.0,0.0,0.0,interim
replication_200,ICLR,oral,related_work,algorithms,11,0.0,0.0,0.0,0.0,0.0,0.0,0.0,0.0,interim
replication_200,ICLR,oral,related_work,displayed_equations,11,0.181818,0.0,0.0,0.0,0.0,0.0,2.0,0.181818182,interim
replication_200,ICLR,oral,related_work,visual_objects,11,0.0,0.0,0.0,0.0,0.0,0.0,0.0,0.0,interim
replication_200,ICLR,oral,related_work,visual_objects_per_1000_words,11,0.0,0.0,0.0,0.0,0.0,0.0,0.0,0.0,interim
replication_200,ICLR,oral,related_work,equations_per_1000_words,11,0.246033,0.0,0.0,0.0,0.0,0.0,2.70636,0.246032722,interim
replication_200,ICLR,oral,related_work,visual_share_within_main,11,0.0,0.0,0.0,0.0,0.0,0.0,0.0,0.0,interim
replication_200,ICLR,oral,related_work,equation_share_within_main,10,0.007692,0.0,0.0,0.0,0.0,0.0,0.076923,0.007692308,interim
replication_200,ICLR,oral,method,present,11,1.0,1.0,1.0,1.0,1.0,1.0,1.0,1.0,interim
replication_200,ICLR,oral,method,estimated_words,11,1327.454545,1247.571429,1250.0,1095.0,1405.0,481.0,2728.0,1327.454545455,interim
replication_200,ICLR,oral,method,main_word_share,11,0.238636,0.220057,0.202,0.17035,0.293,0.1008,0.462,0.238636364,interim
replication_200,ICLR,oral,method,figures,11,1.363636,1.285714,1.0,0.5,2.0,0.0,3.0,1.363636364,interim
replication_200,ICLR,oral,method,tables,11,0.090909,0.0,0.0,0.0,0.0,0.0,1.0,0.090909091,interim
replication_200,ICLR,oral,method,algorithms,11,0.272727,0.0,0.0,0.0,0.0,0.0,2.0,0.272727273,interim
replication_200,ICLR,oral,method,displayed_equations,11,4.0,3.571429,3.0,2.0,5.5,0.0,12.0,4.0,interim
replication_200,ICLR,oral,method,visual_objects,11,1.727273,1.857143,2.0,0.5,3.0,0.0,3.0,1.727272727,interim
replication_200,ICLR,oral,method,visual_objects_per_1000_words,11,1.448561,1.339452,1.25,0.537634,2.135258,0.0,4.158004,1.448560791,interim
replication_200,ICLR,oral,method,equations_per_1000_words,11,3.218108,2.518339,2.142857,1.772639,3.706291,0.0,12.0,3.218108373,interim
replication_200,ICLR,oral,method,visual_share_within_main,11,0.159922,0.16083,0.181818,0.071429,0.21875,0.0,0.333333,0.159922275,interim
replication_200,ICLR,oral,method,equation_share_within_main,10,0.615346,0.61532,0.6,0.513889,0.759091,0.0,1.0,0.615345765,interim
replication_200,ICLR,oral,theory,present,11,0.636364,0.714286,1.0,0.0,1.0,0.0,1.0,0.636363636,interim
replication_200,ICLR,oral,theory,estimated_words,11,535.909091,324.428571,244.0,0.0,748.5,0.0,2470.0,535.909090909,interim
replication_200,ICLR,oral,theory,main_word_share,11,0.087373,0.054229,0.044,0.0,0.11495,0.0,0.3875,0.087372727,interim
replication_200,ICLR,oral,theory,figures,11,0.090909,0.0,0.0,0.0,0.0,0.0,1.0,0.090909091,interim
replication_200,ICLR,oral,theory,tables,11,0.0,0.0,0.0,0.0,0.0,0.0,0.0,0.0,interim
replication_200,ICLR,oral,theory,algorithms,11,0.0,0.0,0.0,0.0,0.0,0.0,0.0,0.0,interim
replication_200,ICLR,oral,theory,displayed_equations,11,2.545455,2.285714,3.0,0.0,4.0,0.0,8.0,2.545454545,interim
replication_200,ICLR,oral,theory,visual_objects,11,0.090909,0.0,0.0,0.0,0.0,0.0,1.0,0.090909091,interim
replication_200,ICLR,oral,theory,visual_share_within_main,11,0.005682,0.0,0.0,0.0,0.0,0.0,0.0625,0.005681818,interim
replication_200,ICLR,oral,theory,equation_share_within_main,10,0.341577,0.319296,0.381818,0.076923,0.433333,0.0,1.0,0.341577312,interim
replication_200,ICLR,oral,theory,visual_objects_per_1000_words,7,0.18797,0.0,0.0,0.0,0.0,0.0,1.315789,0.187969925,interim
replication_200,ICLR,oral,theory,equations_per_1000_words,7,8.145883,7.602089,6.666667,4.008962,11.662926,1.619433,17.391304,8.14588294,interim
replication_200,ICLR,oral,experimental_design,present,11,1.0,1.0,1.0,1.0,1.0,1.0,1.0,1.0,interim
replication_200,ICLR,oral,experimental_design,estimated_words,11,539.181818,464.428571,490.0,360.0,570.0,154.0,1650.0,539.181818182,interim
replication_200,ICLR,oral,experimental_design,main_word_share,11,0.092318,0.083329,0.093,0.05885,0.10205,0.027,0.226,0.092318182,interim
replication_200,ICLR,oral,experimental_design,figures,11,0.0,0.0,0.0,0.0,0.0,0.0,0.0,0.0,interim
replication_200,ICLR,oral,experimental_design,tables,11,0.181818,0.0,0.0,0.0,0.0,0.0,1.0,0.181818182,interim
replication_200,ICLR,oral,experimental_design,algorithms,11,0.0,0.0,0.0,0.0,0.0,0.0,0.0,0.0,interim
replication_200,ICLR,oral,experimental_design,displayed_equations,11,0.363636,0.0,0.0,0.0,0.0,0.0,4.0,0.363636364,interim
replication_200,ICLR,oral,experimental_design,visual_objects,11,0.181818,0.0,0.0,0.0,0.0,0.0,1.0,0.181818182,interim
replication_200,ICLR,oral,experimental_design,visual_objects_per_1000_words,11,0.400105,0.0,0.0,0.0,0.0,0.0,2.777778,0.400104946,interim
replication_200,ICLR,oral,experimental_design,equations_per_1000_words,11,0.616333,0.0,0.0,0.0,0.0,0.0,6.779661,0.61633282,interim
replication_200,ICLR,oral,experimental_design,visual_share_within_main,11,0.017355,0.0,0.0,0.0,0.0,0.0,0.1,0.017355372,interim
replication_200,ICLR,oral,experimental_design,equation_share_within_main,10,0.015385,0.0,0.0,0.0,0.0,0.0,0.153846,0.015384615,interim
replication_200,ICLR,oral,results,present,11,1.0,1.0,1.0,1.0,1.0,1.0,1.0,1.0,interim
replication_200,ICLR,oral,results,estimated_words,11,1115.818182,1024.428571,1100.0,793.5,1217.0,465.0,2040.0,1115.818181818,interim
replication_200,ICLR,oral,results,main_word_share,11,0.200527,0.198014,0.1849,0.157,0.2555,0.073,0.3388,0.200527273,interim
replication_200,ICLR,oral,results,figures,11,2.272727,2.0,2.0,1.0,3.0,0.0,6.0,2.272727273,interim
replication_200,ICLR,oral,results,tables,11,2.727273,2.857143,3.0,2.0,3.5,0.0,5.0,2.727272727,interim
replication_200,ICLR,oral,results,algorithms,11,0.0,0.0,0.0,0.0,0.0,0.0,0.0,0.0,interim
replication_200,ICLR,oral,results,displayed_equations,11,0.0,0.0,0.0,0.0,0.0,0.0,0.0,0.0,interim
replication_200,ICLR,oral,results,visual_objects,11,5.0,4.857143,5.0,3.0,6.5,2.0,8.0,5.0,interim
replication_200,ICLR,oral,results,visual_objects_per_1000_words,11,4.741738,4.59416,4.301075,3.268137,6.59213,2.727273,7.272727,4.741738433,interim
replication_200,ICLR,oral,results,equations_per_1000_words,11,0.0,0.0,0.0,0.0,0.0,0.0,0.0,0.0,interim
replication_200,ICLR,oral,results,visual_share_within_main,11,0.561344,0.550402,0.545455,0.464286,0.666667,0.333333,0.875,0.561343959,interim
replication_200,ICLR,oral,results,equation_share_within_main,10,0.0,0.0,0.0,0.0,0.0,0.0,0.0,0.0,interim
replication_200,ICLR,oral,ablation,present,11,0.909091,1.0,1.0,1.0,1.0,0.0,1.0,0.909090909,interim
replication_200,ICLR,oral,ablation,estimated_words,11,444.545455,340.285714,279.0,126.5,679.5,0.0,1453.0,444.545454545,interim
replication_200,ICLR,oral,ablation,main_word_share,11,0.087482,0.0626,0.047,0.02105,0.1345,0.0,0.3044,0.087481818,interim
replication_200,ICLR,oral,ablation,figures,11,1.090909,0.714286,0.0,0.0,2.0,0.0,4.0,1.090909091,interim
replication_200,ICLR,oral,ablation,tables,11,0.363636,0.285714,0.0,0.0,1.0,0.0,1.0,0.363636364,interim
replication_200,ICLR,oral,ablation,algorithms,11,0.0,0.0,0.0,0.0,0.0,0.0,0.0,0.0,interim
replication_200,ICLR,oral,ablation,displayed_equations,11,0.0,0.0,0.0,0.0,0.0,0.0,0.0,0.0,interim
replication_200,ICLR,oral,ablation,visual_objects,11,1.454545,1.285714,1.0,1.0,2.0,0.0,4.0,1.454545455,interim
replication_200,ICLR,oral,ablation,visual_objects_per_1000_words,10,4.601834,4.150101,4.10295,1.809307,6.445087,0.0,12.5,4.601834005,interim
replication_200,ICLR,oral,ablation,equations_per_1000_words,10,0.0,0.0,0.0,0.0,0.0,0.0,0.0,0.0,interim
replication_200,ICLR,oral,ablation,visual_share_within_main,11,0.159507,0.137482,0.1,0.087121,0.236111,0.0,0.428571,0.159507412,interim
replication_200,ICLR,oral,ablation,equation_share_within_main,10,0.0,0.0,0.0,0.0,0.0,0.0,0.0,0.0,interim
replication_200,ICLR,oral,conclusion,present,11,0.909091,1.0,1.0,1.0,1.0,0.0,1.0,0.909090909,interim
replication_200,ICLR,oral,conclusion,estimated_words,11,110.818182,110.142857,116.0,87.5,127.5,0.0,223.0,110.818181818,interim
replication_200,ICLR,oral,conclusion,main_word_share,11,0.0204,0.019543,0.0204,0.014,0.02315,0.0,0.0468,0.0204,interim
replication_200,ICLR,oral,conclusion,figures,11,0.0,0.0,0.0,0.0,0.0,0.0,0.0,0.0,interim
replication_200,ICLR,oral,conclusion,tables,11,0.0,0.0,0.0,0.0,0.0,0.0,0.0,0.0,interim
replication_200,ICLR,oral,conclusion,algorithms,11,0.0,0.0,0.0,0.0,0.0,0.0,0.0,0.0,interim
replication_200,ICLR,oral,conclusion,displayed_equations,11,0.0,0.0,0.0,0.0,0.0,0.0,0.0,0.0,interim
replication_200,ICLR,oral,conclusion,visual_objects,11,0.0,0.0,0.0,0.0,0.0,0.0,0.0,0.0,interim
replication_200,ICLR,oral,conclusion,visual_objects_per_1000_words,10,0.0,0.0,0.0,0.0,0.0,0.0,0.0,0.0,interim
replication_200,ICLR,oral,conclusion,equations_per_1000_words,10,0.0,0.0,0.0,0.0,0.0,0.0,0.0,0.0,interim
replication_200,ICLR,oral,conclusion,visual_share_within_main,11,0.0,0.0,0.0,0.0,0.0,0.0,0.0,0.0,interim
replication_200,ICLR,oral,conclusion,equation_share_within_main,10,0.0,0.0,0.0,0.0,0.0,0.0,0.0,0.0,interim
replication_200,ICLR,oral,limitations,present,11,0.454545,0.428571,0.0,0.0,1.0,0.0,1.0,0.454545455,interim
replication_200,ICLR,oral,limitations,estimated_words,11,52.454545,40.857143,0.0,0.0,121.0,0.0,155.0,52.454545455,interim
replication_200,ICLR,oral,limitations,main_word_share,11,0.009155,0.006829,0.0,0.0,0.0193,0.0,0.03,0.009154545,interim
replication_200,ICLR,oral,limitations,figures,11,0.0,0.0,0.0,0.0,0.0,0.0,0.0,0.0,interim
replication_200,ICLR,oral,limitations,tables,11,0.0,0.0,0.0,0.0,0.0,0.0,0.0,0.0,interim
replication_200,ICLR,oral,limitations,algorithms,11,0.0,0.0,0.0,0.0,0.0,0.0,0.0,0.0,interim
replication_200,ICLR,oral,limitations,displayed_equations,11,0.0,0.0,0.0,0.0,0.0,0.0,0.0,0.0,interim
replication_200,ICLR,oral,limitations,visual_objects,11,0.0,0.0,0.0,0.0,0.0,0.0,0.0,0.0,interim
replication_200,ICLR,oral,limitations,visual_share_within_main,11,0.0,0.0,0.0,0.0,0.0,0.0,0.0,0.0,interim
replication_200,ICLR,oral,limitations,equation_share_within_main,10,0.0,0.0,0.0,0.0,0.0,0.0,0.0,0.0,interim
replication_200,ICLR,oral,limitations,visual_objects_per_1000_words,5,0.0,0.0,0.0,0.0,0.0,0.0,0.0,0.0,interim
replication_200,ICLR,oral,limitations,equations_per_1000_words,5,0.0,0.0,0.0,0.0,0.0,0.0,0.0,0.0,interim
replication_200,ICLR,oral,appendix,present,11,0.727273,0.857143,1.0,0.5,1.0,0.0,1.0,0.727272727,interim
replication_200,ICLR,oral,appendix,estimated_words,11,4889.454545,3508.285714,4101.0,48.5,7500.0,0.0,15438.0,4889.454545455,interim
replication_200,ICLR,oral,appendix,figures,11,4.727273,3.285714,2.0,0.0,9.0,0.0,15.0,4.727272727,interim
replication_200,ICLR,oral,appendix,tables,11,4.545455,3.142857,3.0,0.5,6.5,0.0,17.0,4.545454545,interim
replication_200,ICLR,oral,appendix,algorithms,11,0.181818,0.0,0.0,0.0,0.0,0.0,1.0,0.181818182,interim
replication_200,ICLR,oral,appendix,displayed_equations,11,6.363636,3.142857,0.0,0.0,11.0,0.0,33.0,6.363636364,interim
replication_200,ICLR,oral,appendix,visual_objects,11,9.454545,6.857143,7.0,0.5,13.5,0.0,30.0,9.454545455,interim
replication_200,ICLR,oral,appendix,visual_share_within_main,11,1.248564,1.108132,1.285714,0.05,2.208333,0.0,3.25,1.248563558,interim
replication_200,ICLR,oral,appendix,equation_share_within_main,10,0.763287,0.378205,0.0,0.0,1.201923,0.0,4.0,0.763286713,interim
replication_200,ICLR,oral,appendix,main_word_share,2,0.0,0.0,0.0,0.0,0.0,0.0,0.0,0.0,interim
replication_200,ICLR,oral,appendix,visual_objects_per_1000_words,8,3.446975,2.632139,1.965951,1.737695,3.202603,1.473684,10.309278,3.446974853,interim
replication_200,ICLR,oral,appendix,equations_per_1000_words,8,1.372968,0.672729,0.435161,0.0,1.277328,0.0,6.947368,1.372968131,interim
replication_200,ICLR,oral,other,present,11,0.909091,1.0,1.0,1.0,1.0,0.0,1.0,0.909090909,interim
replication_200,ICLR,oral,other,estimated_words,11,764.727273,594.285714,185.0,73.5,1492.5,0.0,2460.0,764.727272727,interim
replication_200,ICLR,oral,other,figures,11,0.090909,0.0,0.0,0.0,0.0,0.0,1.0,0.090909091,interim
replication_200,ICLR,oral,other,tables,11,0.0,0.0,0.0,0.0,0.0,0.0,0.0,0.0,interim
replication_200,ICLR,oral,other,algorithms,11,0.0,0.0,0.0,0.0,0.0,0.0,0.0,0.0,interim
replication_200,ICLR,oral,other,displayed_equations,11,0.0,0.0,0.0,0.0,0.0,0.0,0.0,0.0,interim
replication_200,ICLR,oral,other,visual_objects,11,0.090909,0.0,0.0,0.0,0.0,0.0,1.0,0.090909091,interim
replication_200,ICLR,oral,other,visual_objects_per_1000_words,10,0.074794,0.0,0.0,0.0,0.0,0.0,0.747943,0.074794316,interim
replication_200,ICLR,oral,other,equations_per_1000_words,10,0.0,0.0,0.0,0.0,0.0,0.0,0.0,0.0,interim
replication_200,ICLR,oral,other,visual_share_within_main,11,0.008264,0.0,0.0,0.0,0.0,0.0,0.090909,0.008264463,interim
replication_200,ICLR,oral,other,equation_share_within_main,10,0.0,0.0,0.0,0.0,0.0,0.0,0.0,0.0,interim
replication_200,ICLR,oral,other,main_word_share,6,0.0728,0.0457,0.031,0.02045,0.08565,0.0,0.254,0.0728,interim
combined_400,ICLR,all,abstract,present,26,1.0,1.0,1.0,1.0,1.0,1.0,1.0,1.0,interim
combined_400,ICLR,all,abstract,estimated_words,26,197.961538,199.3125,199.0,180.5,219.5,116.0,262.0,198.158280922,interim
combined_400,ICLR,all,abstract,main_word_share,26,0.036165,0.035441,0.03655,0.029464,0.0406,0.024,0.052129,0.036233006,interim
combined_400,ICLR,all,abstract,figures,26,0.076923,0.0,0.0,0.0,0.0,0.0,1.0,0.073375262,interim
combined_400,ICLR,all,abstract,tables,26,0.0,0.0,0.0,0.0,0.0,0.0,0.0,0.0,interim
combined_400,ICLR,all,abstract,algorithms,26,0.0,0.0,0.0,0.0,0.0,0.0,0.0,0.0,interim
combined_400,ICLR,all,abstract,displayed_equations,26,0.0,0.0,0.0,0.0,0.0,0.0,0.0,0.0,interim
combined_400,ICLR,all,abstract,visual_objects,26,0.076923,0.0,0.0,0.0,0.0,0.0,1.0,0.073375262,interim
combined_400,ICLR,all,abstract,visual_objects_per_1000_words,26,0.402915,0.0,0.0,0.0,0.0,0.0,5.347594,0.383872304,interim
combined_400,ICLR,all,abstract,equations_per_1000_words,26,0.0,0.0,0.0,0.0,0.0,0.0,0.0,0.0,interim
combined_400,ICLR,all,abstract,equation_share_within_main,23,0.0,0.0,0.0,0.0,0.0,0.0,0.0,0.0,interim
combined_400,ICLR,all,abstract,visual_share_within_main,25,0.010303,0.0,0.0,0.0,0.0,0.0,0.166667,0.009623927,interim
combined_400,ICLR,all,introduction,present,26,1.0,1.0,1.0,1.0,1.0,1.0,1.0,1.0,interim
combined_400,ICLR,all,introduction,estimated_words,26,676.769231,678.9375,694.5,600.0,757.75,395.0,945.0,676.17610063,interim
combined_400,ICLR,all,introduction,main_word_share,26,0.121748,0.121391,0.1245,0.103364,0.1385,0.082,0.16,0.121762686,interim
combined_400,ICLR,all,introduction,figures,26,0.615385,0.5,0.5,0.0,1.0,0.0,2.0,0.620545073,interim
combined_400,ICLR,all,introduction,tables,26,0.0,0.0,0.0,0.0,0.0,0.0,0.0,0.0,interim
combined_400,ICLR,all,introduction,algorithms,26,0.0,0.0,0.0,0.0,0.0,0.0,0.0,0.0,interim
combined_400,ICLR,all,introduction,displayed_equations,26,0.115385,0.0,0.0,0.0,0.0,0.0,2.0,0.116352201,interim
combined_400,ICLR,all,introduction,visual_objects,26,0.615385,0.5,0.5,0.0,1.0,0.0,2.0,0.620545073,interim
combined_400,ICLR,all,introduction,visual_objects_per_1000_words,26,0.933699,0.668969,0.529101,0.0,1.594279,0.0,3.333333,0.941528486,interim
combined_400,ICLR,all,introduction,equations_per_1000_words,26,0.168905,0.0,0.0,0.0,0.0,0.0,3.333333,0.170321564,interim
combined_400,ICLR,all,introduction,equation_share_within_main,23,0.052174,0.0,0.0,0.0,0.0,0.0,1.0,0.052669039,interim
combined_400,ICLR,all,introduction,visual_share_within_main,25,0.068179,0.051886,0.083333,0.0,0.111111,0.0,0.333333,0.06847504,interim
combined_400,ICLR,all,related_work,present,26,1.0,1.0,1.0,1.0,1.0,1.0,1.0,1.0,interim
combined_400,ICLR,all,related_work,estimated_words,26,551.346154,566.875,551.5,464.5,688.75,220.0,816.0,553.026205449,interim
combined_400,ICLR,all,related_work,main_word_share,26,0.100475,0.102355,0.104,0.0761,0.123325,0.035,0.159,0.100851689,interim
combined_400,ICLR,all,related_work,figures,26,0.038462,0.0,0.0,0.0,0.0,0.0,1.0,0.038784067,interim
combined_400,ICLR,all,related_work,tables,26,0.076923,0.0,0.0,0.0,0.0,0.0,1.0,0.077568134,interim
combined_400,ICLR,all,related_work,algorithms,26,0.0,0.0,0.0,0.0,0.0,0.0,0.0,0.0,interim
combined_400,ICLR,all,related_work,displayed_equations,26,0.076923,0.0,0.0,0.0,0.0,0.0,2.0,0.077568134,interim
combined_400,ICLR,all,related_work,visual_objects,26,0.115385,0.0,0.0,0.0,0.0,0.0,1.0,0.116352201,interim
combined_400,ICLR,all,related_work,visual_objects_per_1000_words,26,0.167823,0.0,0.0,0.0,0.0,0.0,1.769912,0.16923004,interim
combined_400,ICLR,all,related_work,equations_per_1000_words,26,0.104091,0.0,0.0,0.0,0.0,0.0,2.70636,0.104963646,interim
combined_400,ICLR,all,related_work,equation_share_within_main,23,0.003344,0.0,0.0,0.0,0.0,0.0,0.076923,0.00337622,interim
combined_400,ICLR,all,related_work,visual_share_within_main,25,0.010857,0.0,0.0,0.0,0.0,0.0,0.1,0.010904297,interim
combined_400,ICLR,all,method,present,26,1.0,1.0,1.0,1.0,1.0,1.0,1.0,1.0,interim
combined_400,ICLR,all,method,estimated_words,26,1363.769231,1325.625,1260.0,1024.25,1730.5,481.0,2728.0,1364.22851153,interim
combined_400,ICLR,all,method,main_word_share,26,0.243132,0.234114,0.21475,0.182416,0.301,0.096,0.462,0.243384546,interim
combined_400,ICLR,all,method,figures,26,1.384615,1.4375,1.0,1.0,2.0,0.0,3.0,1.387840671,interim
combined_400,ICLR,all,method,tables,26,0.115385,0.0,0.0,0.0,0.0,0.0,1.0,0.116352201,interim
combined_400,ICLR,all,method,algorithms,26,0.153846,0.0,0.0,0.0,0.0,0.0,2.0,0.155136268,interim
combined_400,ICLR,all,method,displayed_equations,26,3.615385,2.9375,3.0,0.0,5.75,0.0,12.0,3.599580713,interim
combined_400,ICLR,all,method,visual_objects,26,1.653846,1.75,2.0,1.0,2.0,0.0,3.0,1.65932914,interim
combined_400,ICLR,all,method,visual_objects_per_1000_words,26,1.38603,1.377622,1.222015,0.810793,1.952748,0.0,4.158004,1.387171004,interim
combined_400,ICLR,all,method,equations_per_1000_words,26,2.561766,2.021408,2.135258,0.0,3.90008,0.0,12.0,2.557878863,interim
combined_400,ICLR,all,method,equation_share_within_main,23,0.584812,0.630044,0.6,0.430769,0.928571,0.0,1.0,0.587099159,interim
combined_400,ICLR,all,method,visual_share_within_main,25,0.179607,0.178551,0.181818,0.111111,0.25,0.0,0.4,0.178939132,interim
combined_400,ICLR,all,theory,present,26,0.576923,0.625,1.0,0.0,1.0,0.0,1.0,0.577568134,interim
combined_400,ICLR,all,theory,estimated_words,26,442.5,271.75,237.0,0.0,692.75,0.0,2470.0,438.625786167,interim
combined_400,ICLR,all,theory,main_word_share,26,0.077065,0.049282,0.04335,0.0,0.115714,0.0,0.3875,0.076449307,interim
combined_400,ICLR,all,theory,figures,26,0.153846,0.0,0.0,0.0,0.0,0.0,2.0,0.155136268,interim
combined_400,ICLR,all,theory,tables,26,0.0,0.0,0.0,0.0,0.0,0.0,0.0,0.0,interim
combined_400,ICLR,all,theory,algorithms,26,0.0,0.0,0.0,0.0,0.0,0.0,0.0,0.0,interim
combined_400,ICLR,all,theory,displayed_equations,26,2.0,1.625,1.5,0.0,3.75,0.0,8.0,2.0,interim
combined_400,ICLR,all,theory,visual_objects,26,0.153846,0.0,0.0,0.0,0.0,0.0,2.0,0.155136268,interim
combined_400,ICLR,all,theory,visual_objects_per_1000_words,15,0.34508,0.0,0.0,0.0,0.0,0.0,2.074689,0.347584618,interim
combined_400,ICLR,all,theory,equations_per_1000_words,15,6.681574,5.693848,6.0,3.529701,8.130384,0.0,17.391304,6.714027522,interim
combined_400,ICLR,all,theory,equation_share_within_main,23,0.306785,0.230404,0.25,0.0,0.430556,0.0,1.0,0.308510614,interim
combined_400,ICLR,all,theory,visual_share_within_main,25,0.015833,0.0,0.0,0.0,0.0,0.0,0.25,0.015902099,interim
combined_400,ICLR,all,experimental_design,present,26,0.961538,1.0,1.0,1.0,1.0,0.0,1.0,0.965408805,interim
combined_400,ICLR,all,experimental_design,estimated_words,26,588.192308,472.1875,495.0,325.5,609.5,0.0,1749.0,586.877358492,interim
combined_400,ICLR,all,experimental_design,main_word_share,26,0.103224,0.088227,0.093,0.061369,0.113325,0.0,0.301,0.10312986,interim
combined_400,ICLR,all,experimental_design,figures,26,0.230769,0.0,0.0,0.0,0.0,0.0,4.0,0.22851153,interim
combined_400,ICLR,all,experimental_design,tables,26,0.269231,0.0,0.0,0.0,0.0,0.0,2.0,0.27148847,interim
combined_400,ICLR,all,experimental_design,algorithms,26,0.0,0.0,0.0,0.0,0.0,0.0,0.0,0.0,interim
combined_400,ICLR,all,experimental_design,displayed_equations,26,0.192308,0.0,0.0,0.0,0.0,0.0,4.0,0.189727463,interim
combined_400,ICLR,all,experimental_design,visual_objects,26,0.5,0.0625,0.0,0.0,0.0,0.0,5.0,0.5,interim
combined_400,ICLR,all,experimental_design,equation_share_within_main,23,0.050167,0.0,0.0,0.0,0.0,0.0,1.0,0.045898348,interim
combined_400,ICLR,all,experimental_design,visual_objects_per_1000_words,25,0.547731,0.044743,0.0,0.0,0.0,0.0,4.048583,0.547195502,interim
combined_400,ICLR,all,experimental_design,equations_per_1000_words,25,0.298032,0.0,0.0,0.0,0.0,0.0,6.779661,0.296411627,interim
combined_400,ICLR,all,experimental_design,visual_share_within_main,25,0.04729,0.006061,0.0,0.0,0.0,0.0,0.5,0.046771578,interim
combined_400,ICLR,all,results,present,26,1.0,1.0,1.0,1.0,1.0,1.0,1.0,1.0,interim
combined_400,ICLR,all,results,estimated_words,26,1059.730769,993.1875,941.5,850.0,1178.0,384.0,2090.0,1060.856394129,interim
combined_400,ICLR,all,results,main_word_share,26,0.191431,0.182577,0.179,0.14525,0.239283,0.073,0.371,0.191795304,interim
combined_400,ICLR,all,results,figures,26,1.615385,1.375,1.0,0.0,2.75,0.0,6.0,1.624737945,interim
combined_400,ICLR,all,results,tables,26,2.730769,2.5625,3.0,1.25,3.75,0.0,6.0,2.749475891,interim
combined_400,ICLR,all,results,algorithms,26,0.0,0.0,0.0,0.0,0.0,0.0,0.0,0.0,interim
combined_400,ICLR,all,results,displayed_equations,26,0.038462,0.0,0.0,0.0,0.0,0.0,1.0,0.034591195,interim
combined_400,ICLR,all,results,visual_objects,26,4.346154,4.125,4.0,2.0,6.0,0.0,9.0,4.374213836,interim
combined_400,ICLR,all,results,visual_objects_per_1000_words,26,4.341505,4.272957,4.277335,2.902924,5.946317,0.0,9.74026,4.368895137,interim
combined_400,ICLR,all,results,equations_per_1000_words,26,0.041761,0.0,0.0,0.0,0.0,0.0,1.085776,0.037558301,interim
combined_400,ICLR,all,results,equation_share_within_main,23,0.002717,0.0,0.0,0.0,0.0,0.0,0.0625,0.002446619,interim
combined_400,ICLR,all,results,visual_share_within_main,25,0.479078,0.472193,0.5,0.363636,0.583333,0.2,0.875,0.479710906,interim
combined_400,ICLR,all,ablation,present,26,0.923077,1.0,1.0,1.0,1.0,0.0,1.0,0.926624738,interim
combined_400,ICLR,all,ablation,estimated_words,26,382.846154,323.25,332.5,192.75,437.5,0.0,1453.0,384.672955973,interim
combined_400,ICLR,all,ablation,main_word_share,26,0.072464,0.058585,0.056,0.036236,0.077998,0.0,0.3044,0.072857972,interim
combined_400,ICLR,all,ablation,figures,26,0.692308,0.25,0.0,0.0,1.0,0.0,4.0,0.698113208,interim
combined_400,ICLR,all,ablation,tables,26,0.961538,0.875,1.0,0.0,1.75,0.0,3.0,0.969601677,interim
combined_400,ICLR,all,ablation,algorithms,26,0.0,0.0,0.0,0.0,0.0,0.0,0.0,0.0,interim
combined_400,ICLR,all,ablation,displayed_equations,26,0.0,0.0,0.0,0.0,0.0,0.0,0.0,0.0,interim
combined_400,ICLR,all,ablation,visual_objects,26,1.653846,1.4375,1.0,1.0,2.0,0.0,5.0,1.667714885,interim
combined_400,ICLR,all,ablation,equation_share_within_main,23,0.0,0.0,0.0,0.0,0.0,0.0,0.0,0.0,interim
combined_400,ICLR,all,ablation,visual_objects_per_1000_words,24,5.049558,4.61241,5.076273,2.868464,6.198389,0.0,14.778325,5.0724063,interim
combined_400,ICLR,all,ablation,equations_per_1000_words,24,0.0,0.0,0.0,0.0,0.0,0.0,0.0,0.0,interim
combined_400,ICLR,all,ablation,visual_share_within_main,25,0.177597,0.161595,0.142857,0.090909,0.25,0.0,0.428571,0.178368727,interim
combined_400,ICLR,all,conclusion,present,26,0.961538,1.0,1.0,1.0,1.0,0.0,1.0,0.961215933,interim
combined_400,ICLR,all,conclusion,estimated_words,26,126.461538,113.5625,111.0,96.25,130.75,0.0,390.0,126.230607967,interim
combined_400,ICLR,all,conclusion,main_word_share,26,0.023208,0.02097,0.02115,0.016075,0.025474,0.0,0.072289,0.023192718,interim
combined_400,ICLR,all,conclusion,figures,26,0.0,0.0,0.0,0.0,0.0,0.0,0.0,0.0,interim
combined_400,ICLR,all,conclusion,tables,26,0.0,0.0,0.0,0.0,0.0,0.0,0.0,0.0,interim
combined_400,ICLR,all,conclusion,algorithms,26,0.0,0.0,0.0,0.0,0.0,0.0,0.0,0.0,interim
combined_400,ICLR,all,conclusion,displayed_equations,26,0.0,0.0,0.0,0.0,0.0,0.0,0.0,0.0,interim
combined_400,ICLR,all,conclusion,visual_objects,26,0.0,0.0,0.0,0.0,0.0,0.0,0.0,0.0,interim
combined_400,ICLR,all,conclusion,visual_objects_per_1000_words,25,0.0,0.0,0.0,0.0,0.0,0.0,0.0,0.0,interim
combined_400,ICLR,all,conclusion,equations_per_1000_words,25,0.0,0.0,0.0,0.0,0.0,0.0,0.0,0.0,interim
combined_400,ICLR,all,conclusion,equation_share_within_main,23,0.0,0.0,0.0,0.0,0.0,0.0,0.0,0.0,interim
combined_400,ICLR,all,conclusion,visual_share_within_main,25,0.0,0.0,0.0,0.0,0.0,0.0,0.0,0.0,interim
combined_400,ICLR,all,limitations,present,26,0.461538,0.4375,0.0,0.0,1.0,0.0,1.0,0.461215933,interim
combined_400,ICLR,all,limitations,estimated_words,26,92.192308,46.1875,0.0,0.0,134.5,0.0,600.0,90.449685536,interim
combined_400,ICLR,all,limitations,main_word_share,26,0.011954,0.0053,0.0,0.0,0.02015,0.0,0.092,0.011668344,interim
combined_400,ICLR,all,limitations,figures,26,0.076923,0.0,0.0,0.0,0.0,0.0,2.0,0.077568134,interim
combined_400,ICLR,all,limitations,tables,26,0.038462,0.0,0.0,0.0,0.0,0.0,1.0,0.038784067,interim
combined_400,ICLR,all,limitations,algorithms,26,0.0,0.0,0.0,0.0,0.0,0.0,0.0,0.0,interim
combined_400,ICLR,all,limitations,displayed_equations,26,0.0,0.0,0.0,0.0,0.0,0.0,0.0,0.0,interim
combined_400,ICLR,all,limitations,visual_objects,26,0.115385,0.0,0.0,0.0,0.0,0.0,3.0,0.116352201,interim
combined_400,ICLR,all,limitations,equation_share_within_main,23,0.0,0.0,0.0,0.0,0.0,0.0,0.0,0.0,interim
combined_400,ICLR,all,limitations,visual_objects_per_1000_words,12,0.484496,0.0,0.0,0.0,0.0,0.0,5.813953,0.488900634,interim
combined_400,ICLR,all,limitations,equations_per_1000_words,12,0.0,0.0,0.0,0.0,0.0,0.0,0.0,0.0,interim
combined_400,ICLR,all,limitations,visual_share_within_main,25,0.005714,0.0,0.0,0.0,0.0,0.0,0.142857,0.005739103,interim
combined_400,ICLR,all,appendix,present,26,0.846154,1.0,1.0,1.0,1.0,0.0,1.0,0.844863732,interim
combined_400,ICLR,all,appendix,estimated_words,26,3889.692308,2601.8125,2481.0,952.0,4443.0,0.0,15438.0,3847.823899413,interim
combined_400,ICLR,all,appendix,figures,26,4.192308,2.5625,2.0,0.0,5.75,0.0,15.0,4.206498952,interim
combined_400,ICLR,all,appendix,tables,26,3.961538,2.75,3.0,0.0,5.5,0.0,17.0,3.957023061,interim
combined_400,ICLR,all,appendix,algorithms,26,0.076923,0.0,0.0,0.0,0.0,0.0,1.0,0.077568134,interim
combined_400,ICLR,all,appendix,displayed_equations,26,4.730769,0.75,0.0,0.0,3.75,0.0,41.0,4.56918239,interim
combined_400,ICLR,all,appendix,visual_objects,26,8.230769,6.125,6.0,1.0,11.25,0.0,30.0,8.241090147,interim
combined_400,ICLR,all,appendix,visual_objects_per_1000_words,22,3.151955,2.51611,2.333693,1.526302,4.057453,0.0,10.309278,3.178215777,interim
combined_400,ICLR,all,appendix,equations_per_1000_words,22,1.222466,0.167721,0.0,0.0,0.779278,0.0,10.419314,1.180378913,interim
combined_400,ICLR,all,appendix,equation_share_within_main,23,0.85632,0.242191,0.0,0.0,1.134615,0.0,7.0,0.819073053,interim
combined_400,ICLR,all,appendix,visual_share_within_main,25,1.064189,0.855164,0.727273,0.1,1.75,0.0,3.25,1.058677006,interim
combined_400,ICLR,all,appendix,main_word_share,3,0.0,0.0,0.0,0.0,0.0,0.0,0.0,0.0,interim
combined_400,ICLR,all,other,present,26,0.961538,1.0,1.0,1.0,1.0,0.0,1.0,0.961215933,interim
combined_400,ICLR,all,other,estimated_words,26,956.576923,808.8125,819.0,120.25,1579.5,0.0,3322.0,956.493710692,interim
combined_400,ICLR,all,other,figures,26,0.076923,0.0,0.0,0.0,0.0,0.0,1.0,0.077568134,interim
combined_400,ICLR,all,other,tables,26,0.0,0.0,0.0,0.0,0.0,0.0,0.0,0.0,interim
combined_400,ICLR,all,other,algorithms,26,0.0,0.0,0.0,0.0,0.0,0.0,0.0,0.0,interim
combined_400,ICLR,all,other,displayed_equations,26,0.0,0.0,0.0,0.0,0.0,0.0,0.0,0.0,interim
combined_400,ICLR,all,other,visual_objects,26,0.076923,0.0,0.0,0.0,0.0,0.0,1.0,0.077568134,interim
combined_400,ICLR,all,other,visual_objects_per_1000_words,25,0.230923,0.0,0.0,0.0,0.0,0.0,5.025126,0.232937345,interim
combined_400,ICLR,all,other,equations_per_1000_words,25,0.0,0.0,0.0,0.0,0.0,0.0,0.0,0.0,interim
combined_400,ICLR,all,other,equation_share_within_main,23,0.0,0.0,0.0,0.0,0.0,0.0,0.0,0.0,interim
combined_400,ICLR,all,other,main_word_share,13,0.058292,0.039556,0.027,0.0129,0.089,0.0,0.254,0.057573585,interim
combined_400,ICLR,all,other,visual_share_within_main,25,0.005541,0.0,0.0,0.0,0.0,0.0,0.090909,0.005565191,interim
combined_400,ICLR,oral,abstract,present,24,1.0,1.0,1.0,1.0,1.0,1.0,1.0,1.0,interim
combined_400,ICLR,oral,abstract,estimated_words,24,199.916667,201.4375,204.5,183.5,220.0,116.0,262.0,199.916666667,interim
combined_400,ICLR,oral,abstract,main_word_share,24,0.036845,0.036253,0.037,0.031414,0.04085,0.024,0.052129,0.036844919,interim
combined_400,ICLR,oral,abstract,figures,24,0.041667,0.0,0.0,0.0,0.0,0.0,1.0,0.041666667,interim
combined_400,ICLR,oral,abstract,tables,24,0.0,0.0,0.0,0.0,0.0,0.0,0.0,0.0,interim
combined_400,ICLR,oral,abstract,algorithms,24,0.0,0.0,0.0,0.0,0.0,0.0,0.0,0.0,interim
combined_400,ICLR,oral,abstract,displayed_equations,24,0.0,0.0,0.0,0.0,0.0,0.0,0.0,0.0,interim
combined_400,ICLR,oral,abstract,visual_objects,24,0.041667,0.0,0.0,0.0,0.0,0.0,1.0,0.041666667,interim
combined_400,ICLR,oral,abstract,visual_objects_per_1000_words,24,0.213675,0.0,0.0,0.0,0.0,0.0,5.128205,0.213675214,interim
combined_400,ICLR,oral,abstract,equations_per_1000_words,24,0.0,0.0,0.0,0.0,0.0,0.0,0.0,0.0,interim
combined_400,ICLR,oral,abstract,visual_share_within_main,24,0.003788,0.0,0.0,0.0,0.0,0.0,0.090909,0.003787879,interim
combined_400,ICLR,oral,abstract,equation_share_within_main,21,0.0,0.0,0.0,0.0,0.0,0.0,0.0,0.0,interim
combined_400,ICLR,oral,introduction,present,24,1.0,1.0,1.0,1.0,1.0,1.0,1.0,1.0,interim
combined_400,ICLR,oral,introduction,estimated_words,24,670.875,670.8125,694.5,584.75,751.25,395.0,945.0,670.875,interim
combined_400,ICLR,oral,introduction,main_word_share,24,0.121894,0.121766,0.1245,0.103093,0.140375,0.082,0.16,0.121893697,interim
combined_400,ICLR,oral,introduction,figures,24,0.666667,0.5625,1.0,0.0,1.0,0.0,2.0,0.666666667,interim
combined_400,ICLR,oral,introduction,tables,24,0.0,0.0,0.0,0.0,0.0,0.0,0.0,0.0,interim
combined_400,ICLR,oral,introduction,algorithms,24,0.0,0.0,0.0,0.0,0.0,0.0,0.0,0.0,interim
combined_400,ICLR,oral,introduction,displayed_equations,24,0.125,0.0,0.0,0.0,0.0,0.0,2.0,0.125,interim
combined_400,ICLR,oral,introduction,visual_objects,24,0.666667,0.5625,1.0,0.0,1.0,0.0,2.0,0.666666667,interim
combined_400,ICLR,oral,introduction,visual_objects_per_1000_words,24,1.011507,0.806938,1.066735,0.0,1.656336,0.0,3.333333,1.011506954,interim
combined_400,ICLR,oral,introduction,equations_per_1000_words,24,0.182981,0.0,0.0,0.0,0.0,0.0,3.333333,0.1829806,interim
combined_400,ICLR,oral,introduction,visual_share_within_main,24,0.07102,0.056455,0.087121,0.0,0.111111,0.0,0.333333,0.071019721,interim
combined_400,ICLR,oral,introduction,equation_share_within_main,21,0.057143,0.0,0.0,0.0,0.0,0.0,1.0,0.057142857,interim
combined_400,ICLR,oral,related_work,present,24,1.0,1.0,1.0,1.0,1.0,1.0,1.0,1.0,interim
combined_400,ICLR,oral,related_work,estimated_words,24,568.041667,582.5,584.5,479.5,691.75,220.0,816.0,568.041666667,interim
combined_400,ICLR,oral,related_work,main_word_share,24,0.104222,0.105792,0.104363,0.0821,0.125625,0.035,0.159,0.104222423,interim
combined_400,ICLR,oral,related_work,figures,24,0.041667,0.0,0.0,0.0,0.0,0.0,1.0,0.041666667,interim
combined_400,ICLR,oral,related_work,tables,24,0.083333,0.0,0.0,0.0,0.0,0.0,1.0,0.083333333,interim
combined_400,ICLR,oral,related_work,algorithms,24,0.0,0.0,0.0,0.0,0.0,0.0,0.0,0.0,interim
combined_400,ICLR,oral,related_work,displayed_equations,24,0.083333,0.0,0.0,0.0,0.0,0.0,2.0,0.083333333,interim
combined_400,ICLR,oral,related_work,visual_objects,24,0.125,0.0,0.0,0.0,0.0,0.0,1.0,0.125,interim
combined_400,ICLR,oral,related_work,visual_objects_per_1000_words,24,0.181808,0.0,0.0,0.0,0.0,0.0,1.769912,0.181807948,interim
combined_400,ICLR,oral,related_work,equations_per_1000_words,24,0.112765,0.0,0.0,0.0,0.0,0.0,2.70636,0.112764998,interim
combined_400,ICLR,oral,related_work,visual_share_within_main,24,0.01131,0.0,0.0,0.0,0.0,0.0,0.1,0.011309524,interim
combined_400,ICLR,oral,related_work,equation_share_within_main,21,0.003663,0.0,0.0,0.0,0.0,0.0,0.076923,0.003663004,interim
combined_400,ICLR,oral,method,present,24,1.0,1.0,1.0,1.0,1.0,1.0,1.0,1.0,interim
combined_400,ICLR,oral,method,estimated_words,24,1368.333333,1325.625,1260.0,1032.75,1693.5,481.0,2728.0,1368.333333333,interim
combined_400,ICLR,oral,method,main_word_share,24,0.245643,0.235739,0.21475,0.186848,0.297275,0.096,0.462,0.245642857,interim
combined_400,ICLR,oral,method,figures,24,1.416667,1.4375,1.0,1.0,2.0,0.0,3.0,1.416666667,interim
combined_400,ICLR,oral,method,tables,24,0.125,0.0,0.0,0.0,0.0,0.0,1.0,0.125,interim
combined_400,ICLR,oral,method,algorithms,24,0.166667,0.0,0.0,0.0,0.0,0.0,2.0,0.166666667,interim
combined_400,ICLR,oral,method,displayed_equations,24,3.458333,2.9375,3.0,0.0,5.25,0.0,12.0,3.458333333,interim
combined_400,ICLR,oral,method,visual_objects,24,1.708333,1.75,2.0,1.0,2.0,0.0,3.0,1.708333333,interim
combined_400,ICLR,oral,method,visual_objects_per_1000_words,24,1.397366,1.377622,1.222015,0.832378,1.936676,0.0,4.158004,1.397366146,interim
combined_400,ICLR,oral,method,equations_per_1000_words,24,2.523138,2.021408,2.135258,0.0,3.210246,0.0,12.0,2.523137914,interim
combined_400,ICLR,oral,method,visual_share_within_main,24,0.173202,0.173642,0.181818,0.108333,0.2125,0.0,0.4,0.173201509,interim
combined_400,ICLR,oral,method,equation_share_within_main,21,0.60777,0.67409,0.6,0.461538,1.0,0.0,1.0,0.607769743,interim
combined_400,ICLR,oral,theory,present,24,0.583333,0.625,1.0,0.0,1.0,0.0,1.0,0.583333333,interim
combined_400,ICLR,oral,theory,estimated_words,24,404.0,271.75,237.0,0.0,604.25,0.0,2470.0,404.0,interim
combined_400,ICLR,oral,theory,main_word_share,24,0.070946,0.049282,0.04335,0.0,0.109905,0.0,0.3875,0.070945539,interim
combined_400,ICLR,oral,theory,figures,24,0.166667,0.0,0.0,0.0,0.0,0.0,2.0,0.166666667,interim
combined_400,ICLR,oral,theory,tables,24,0.0,0.0,0.0,0.0,0.0,0.0,0.0,0.0,interim
combined_400,ICLR,oral,theory,algorithms,24,0.0,0.0,0.0,0.0,0.0,0.0,0.0,0.0,interim
combined_400,ICLR,oral,theory,displayed_equations,24,2.0,1.625,1.5,0.0,3.25,0.0,8.0,2.0,interim
combined_400,ICLR,oral,theory,visual_objects,24,0.166667,0.0,0.0,0.0,0.0,0.0,2.0,0.166666667,interim
combined_400,ICLR,oral,theory,visual_share_within_main,24,0.016493,0.0,0.0,0.0,0.0,0.0,0.25,0.016493056,interim
combined_400,ICLR,oral,theory,equation_share_within_main,21,0.324098,0.24662,0.307692,0.0,0.444444,0.0,1.0,0.324098388,interim
combined_400,ICLR,oral,theory,visual_objects_per_1000_words,14,0.369728,0.131579,0.0,0.0,0.0,0.0,2.074689,0.36972804,interim
combined_400,ICLR,oral,theory,equations_per_1000_words,14,7.000889,6.260827,6.289474,3.978165,8.729371,0.0,17.391304,7.000889332,interim
combined_400,ICLR,oral,experimental_design,present,24,1.0,1.0,1.0,1.0,1.0,1.0,1.0,1.0,interim
combined_400,ICLR,oral,experimental_design,estimated_words,24,575.125,472.1875,495.0,348.5,596.5,154.0,1749.0,575.125,interim
combined_400,ICLR,oral,experimental_design,main_word_share,24,0.102285,0.088227,0.093,0.062106,0.108775,0.027,0.301,0.102284782,interim
combined_400,ICLR,oral,experimental_design,figures,24,0.208333,0.0,0.0,0.0,0.0,0.0,4.0,0.208333333,interim
combined_400,ICLR,oral,experimental_design,tables,24,0.291667,0.0625,0.0,0.0,0.0,0.0,2.0,0.291666667,interim
combined_400,ICLR,oral,experimental_design,algorithms,24,0.0,0.0,0.0,0.0,0.0,0.0,0.0,0.0,interim
combined_400,ICLR,oral,experimental_design,displayed_equations,24,0.166667,0.0,0.0,0.0,0.0,0.0,4.0,0.166666667,interim
combined_400,ICLR,oral,experimental_design,visual_objects,24,0.5,0.0625,0.0,0.0,0.0,0.0,5.0,0.5,interim
combined_400,ICLR,oral,experimental_design,visual_objects_per_1000_words,24,0.542589,0.101461,0.0,0.0,0.0,0.0,4.048583,0.542589422,interim
combined_400,ICLR,oral,experimental_design,equations_per_1000_words,24,0.282486,0.0,0.0,0.0,0.0,0.0,6.779661,0.282485876,interim
combined_400,ICLR,oral,experimental_design,visual_share_within_main,24,0.042316,0.005682,0.0,0.0,0.0,0.0,0.5,0.042316017,interim
combined_400,ICLR,oral,experimental_design,equation_share_within_main,21,0.007326,0.0,0.0,0.0,0.0,0.0,0.153846,0.007326007,interim
combined_400,ICLR,oral,results,present,24,1.0,1.0,1.0,1.0,1.0,1.0,1.0,1.0,interim
combined_400,ICLR,oral,results,estimated_words,24,1070.916667,1001.6875,967.5,827.5,1200.5,384.0,2090.0,1070.916666667,interim
combined_400,ICLR,oral,results,main_word_share,24,0.19505,0.188744,0.18295,0.14875,0.246283,0.073,0.371,0.195050361,interim
combined_400,ICLR,oral,results,figures,24,1.708333,1.5,1.5,0.0,3.0,0.0,6.0,1.708333333,interim
combined_400,ICLR,oral,results,tables,24,2.916667,2.8125,3.0,2.0,4.0,0.0,6.0,2.916666667,interim
combined_400,ICLR,oral,results,algorithms,24,0.0,0.0,0.0,0.0,0.0,0.0,0.0,0.0,interim
combined_400,ICLR,oral,results,displayed_equations,24,0.0,0.0,0.0,0.0,0.0,0.0,0.0,0.0,interim
combined_400,ICLR,oral,results,visual_objects,24,4.625,4.4375,4.5,2.75,6.0,2.0,9.0,4.625,interim
combined_400,ICLR,oral,results,visual_objects_per_1000_words,24,4.613692,4.502503,4.29416,3.103715,6.048705,0.956938,9.74026,4.613691688,interim
combined_400,ICLR,oral,results,equations_per_1000_words,24,0.0,0.0,0.0,0.0,0.0,0.0,0.0,0.0,interim
combined_400,ICLR,oral,results,visual_share_within_main,24,0.485151,0.484348,0.5,0.390909,0.5875,0.2,0.875,0.485150613,interim
combined_400,ICLR,oral,results,equation_share_within_main,21,0.0,0.0,0.0,0.0,0.0,0.0,0.0,0.0,interim
combined_400,ICLR,oral,ablation,present,24,0.958333,1.0,1.0,1.0,1.0,0.0,1.0,0.958333333,interim
combined_400,ICLR,oral,ablation,estimated_words,24,401.0,344.0,339.5,196.25,455.0,0.0,1453.0,401.0,interim
combined_400,ICLR,oral,ablation,main_word_share,24,0.076378,0.062367,0.063864,0.038909,0.08275,0.0,0.3044,0.076377821,interim
combined_400,ICLR,oral,ablation,figures,24,0.75,0.375,0.0,0.0,1.0,0.0,4.0,0.75,interim
combined_400,ICLR,oral,ablation,tables,24,1.041667,1.0,1.0,0.0,2.0,0.0,3.0,1.041666667,interim
combined_400,ICLR,oral,ablation,algorithms,24,0.0,0.0,0.0,0.0,0.0,0.0,0.0,0.0,interim
combined_400,ICLR,oral,ablation,displayed_equations,24,0.0,0.0,0.0,0.0,0.0,0.0,0.0,0.0,interim
combined_400,ICLR,oral,ablation,visual_objects,24,1.791667,1.5625,1.0,1.0,2.25,0.0,5.0,1.791666667,interim
combined_400,ICLR,oral,ablation,visual_objects_per_1000_words,23,5.269104,4.744465,5.102041,2.938637,6.354481,0.0,14.778325,5.269103606,interim
combined_400,ICLR,oral,ablation,equations_per_1000_words,23,0.0,0.0,0.0,0.0,0.0,0.0,0.0,0.0,interim
combined_400,ICLR,oral,ablation,visual_share_within_main,24,0.184997,0.170245,0.171429,0.090909,0.25,0.0,0.428571,0.184997294,interim
combined_400,ICLR,oral,ablation,equation_share_within_main,21,0.0,0.0,0.0,0.0,0.0,0.0,0.0,0.0,interim
combined_400,ICLR,oral,conclusion,present,24,0.958333,1.0,1.0,1.0,1.0,0.0,1.0,0.958333333,interim
combined_400,ICLR,oral,conclusion,estimated_words,24,124.166667,112.8125,111.0,93.75,130.25,0.0,390.0,124.166666667,interim
combined_400,ICLR,oral,conclusion,main_word_share,24,0.023058,0.02097,0.02115,0.016225,0.024691,0.0,0.072289,0.023058393,interim
combined_400,ICLR,oral,conclusion,figures,24,0.0,0.0,0.0,0.0,0.0,0.0,0.0,0.0,interim
combined_400,ICLR,oral,conclusion,tables,24,0.0,0.0,0.0,0.0,0.0,0.0,0.0,0.0,interim
combined_400,ICLR,oral,conclusion,algorithms,24,0.0,0.0,0.0,0.0,0.0,0.0,0.0,0.0,interim
combined_400,ICLR,oral,conclusion,displayed_equations,24,0.0,0.0,0.0,0.0,0.0,0.0,0.0,0.0,interim
combined_400,ICLR,oral,conclusion,visual_objects,24,0.0,0.0,0.0,0.0,0.0,0.0,0.0,0.0,interim
combined_400,ICLR,oral,conclusion,visual_objects_per_1000_words,23,0.0,0.0,0.0,0.0,0.0,0.0,0.0,0.0,interim
combined_400,ICLR,oral,conclusion,equations_per_1000_words,23,0.0,0.0,0.0,0.0,0.0,0.0,0.0,0.0,interim
combined_400,ICLR,oral,conclusion,visual_share_within_main,24,0.0,0.0,0.0,0.0,0.0,0.0,0.0,0.0,interim
combined_400,ICLR,oral,conclusion,equation_share_within_main,21,0.0,0.0,0.0,0.0,0.0,0.0,0.0,0.0,interim
combined_400,ICLR,oral,limitations,present,24,0.458333,0.4375,0.0,0.0,1.0,0.0,1.0,0.458333333,interim
combined_400,ICLR,oral,limitations,estimated_words,24,74.875,46.1875,0.0,0.0,131.5,0.0,516.0,74.875,interim
combined_400,ICLR,oral,limitations,main_word_share,24,0.009117,0.0053,0.0,0.0,0.01845,0.0,0.043,0.009116667,interim
combined_400,ICLR,oral,limitations,figures,24,0.083333,0.0,0.0,0.0,0.0,0.0,2.0,0.083333333,interim
combined_400,ICLR,oral,limitations,tables,24,0.041667,0.0,0.0,0.0,0.0,0.0,1.0,0.041666667,interim
combined_400,ICLR,oral,limitations,algorithms,24,0.0,0.0,0.0,0.0,0.0,0.0,0.0,0.0,interim
combined_400,ICLR,oral,limitations,displayed_equations,24,0.0,0.0,0.0,0.0,0.0,0.0,0.0,0.0,interim
combined_400,ICLR,oral,limitations,visual_objects,24,0.125,0.0,0.0,0.0,0.0,0.0,3.0,0.125,interim
combined_400,ICLR,oral,limitations,visual_share_within_main,24,0.005952,0.0,0.0,0.0,0.0,0.0,0.142857,0.005952381,interim
combined_400,ICLR,oral,limitations,equation_share_within_main,21,0.0,0.0,0.0,0.0,0.0,0.0,0.0,0.0,interim
combined_400,ICLR,oral,limitations,visual_objects_per_1000_words,11,0.528541,0.0,0.0,0.0,0.0,0.0,5.813953,0.528541226,interim
combined_400,ICLR,oral,limitations,equations_per_1000_words,11,0.0,0.0,0.0,0.0,0.0,0.0,0.0,0.0,interim
combined_400,ICLR,oral,appendix,present,24,0.833333,1.0,1.0,1.0,1.0,0.0,1.0,0.833333333,interim
combined_400,ICLR,oral,appendix,estimated_words,24,3473.625,2361.9375,2203.0,902.0,4215.0,0.0,15438.0,3473.625,interim
combined_400,ICLR,oral,appendix,main_word_share,3,0.0,0.0,0.0,0.0,0.0,0.0,0.0,0.0,interim
combined_400,ICLR,oral,appendix,figures,24,4.333333,3.0,2.0,0.0,6.75,0.0,15.0,4.333333333,interim
combined_400,ICLR,oral,appendix,tables,24,3.916667,2.75,3.0,0.0,4.5,0.0,17.0,3.916666667,interim
combined_400,ICLR,oral,appendix,algorithms,24,0.083333,0.0,0.0,0.0,0.0,0.0,1.0,0.083333333,interim
combined_400,ICLR,oral,appendix,displayed_equations,24,3.125,0.3125,0.0,0.0,0.0,0.0,33.0,3.125,interim
combined_400,ICLR,oral,appendix,visual_objects,24,8.333333,6.125,6.0,1.0,9.75,0.0,30.0,8.333333333,interim
combined_400,ICLR,oral,appendix,visual_share_within_main,24,1.011308,0.801716,0.676136,0.095833,1.5625,0.0,3.25,1.011308021,interim
combined_400,ICLR,oral,appendix,equation_share_within_main,21,0.482517,0.076923,0.0,0.0,0.0,0.0,4.0,0.482517483,interim
combined_400,ICLR,oral,appendix,visual_objects_per_1000_words,20,3.416536,2.716722,2.548353,1.737695,4.356097,0.0,10.309278,3.416535509,interim
combined_400,ICLR,oral,appendix,equations_per_1000_words,20,0.798439,0.072527,0.0,0.0,0.217581,0.0,6.947368,0.798439496,interim
combined_400,ICLR,oral,other,present,24,0.958333,1.0,1.0,1.0,1.0,0.0,1.0,0.958333333,interim
combined_400,ICLR,oral,other,estimated_words,24,955.75,802.375,624.0,102.75,1630.75,0.0,3322.0,955.75,interim
combined_400,ICLR,oral,other,main_word_share,12,0.05115,0.03185,0.025,0.012175,0.0515,0.0,0.254,0.05115,interim
combined_400,ICLR,oral,other,figures,24,0.083333,0.0,0.0,0.0,0.0,0.0,1.0,0.083333333,interim
combined_400,ICLR,oral,other,tables,24,0.0,0.0,0.0,0.0,0.0,0.0,0.0,0.0,interim
combined_400,ICLR,oral,other,algorithms,24,0.0,0.0,0.0,0.0,0.0,0.0,0.0,0.0,interim
combined_400,ICLR,oral,other,displayed_equations,24,0.0,0.0,0.0,0.0,0.0,0.0,0.0,0.0,interim
combined_400,ICLR,oral,other,visual_objects,24,0.083333,0.0,0.0,0.0,0.0,0.0,1.0,0.083333333,interim
combined_400,ICLR,oral,other,visual_objects_per_1000_words,23,0.251003,0.0,0.0,0.0,0.0,0.0,5.025126,0.251002991,interim
combined_400,ICLR,oral,other,equations_per_1000_words,23,0.0,0.0,0.0,0.0,0.0,0.0,0.0,0.0,interim
combined_400,ICLR,oral,other,visual_share_within_main,24,0.005772,0.0,0.0,0.0,0.0,0.0,0.090909,0.005772006,interim
combined_400,ICLR,oral,other,equation_share_within_main,21,0.0,0.0,0.0,0.0,0.0,0.0,0.0,0.0,interim
combined_400,ICLR,outstanding,abstract,present,2,1.0,1.0,1.0,1.0,1.0,1.0,1.0,1.0,interim
combined_400,ICLR,outstanding,abstract,estimated_words,2,174.5,174.5,174.5,168.25,180.75,162.0,187.0,174.5,interim
combined_400,ICLR,outstanding,abstract,main_word_share,2,0.028,0.028,0.028,0.0275,0.0285,0.027,0.029,0.028,interim
combined_400,ICLR,outstanding,abstract,figures,2,0.5,0.5,0.5,0.25,0.75,0.0,1.0,0.5,interim
combined_400,ICLR,outstanding,abstract,tables,2,0.0,0.0,0.0,0.0,0.0,0.0,0.0,0.0,interim
combined_400,ICLR,outstanding,abstract,algorithms,2,0.0,0.0,0.0,0.0,0.0,0.0,0.0,0.0,interim
combined_400,ICLR,outstanding,abstract,displayed_equations,2,0.0,0.0,0.0,0.0,0.0,0.0,0.0,0.0,interim
combined_400,ICLR,outstanding,abstract,visual_objects,2,0.5,0.5,0.5,0.25,0.75,0.0,1.0,0.5,interim
combined_400,ICLR,outstanding,abstract,visual_objects_per_1000_words,2,2.673797,2.673797,2.673797,1.336898,4.010695,0.0,5.347594,2.673796791,interim
combined_400,ICLR,outstanding,abstract,equations_per_1000_words,2,0.0,0.0,0.0,0.0,0.0,0.0,0.0,0.0,interim
combined_400,ICLR,outstanding,abstract,equation_share_within_main,2,0.0,0.0,0.0,0.0,0.0,0.0,0.0,0.0,interim
combined_400,ICLR,outstanding,abstract,visual_share_within_main,1,0.166667,0.166667,0.166667,0.166667,0.166667,0.166667,0.166667,0.166666667,interim
combined_400,ICLR,outstanding,introduction,present,2,1.0,1.0,1.0,1.0,1.0,1.0,1.0,1.0,interim
combined_400,ICLR,outstanding,introduction,estimated_words,2,747.5,747.5,747.5,708.75,786.25,670.0,825.0,747.5,interim
combined_400,ICLR,outstanding,introduction,main_word_share,2,0.12,0.12,0.12,0.1115,0.1285,0.103,0.137,0.12,interim
combined_400,ICLR,outstanding,introduction,figures,2,0.0,0.0,0.0,0.0,0.0,0.0,0.0,0.0,interim
combined_400,ICLR,outstanding,introduction,tables,2,0.0,0.0,0.0,0.0,0.0,0.0,0.0,0.0,interim
combined_400,ICLR,outstanding,introduction,algorithms,2,0.0,0.0,0.0,0.0,0.0,0.0,0.0,0.0,interim
combined_400,ICLR,outstanding,introduction,displayed_equations,2,0.0,0.0,0.0,0.0,0.0,0.0,0.0,0.0,interim
combined_400,ICLR,outstanding,introduction,visual_objects,2,0.0,0.0,0.0,0.0,0.0,0.0,0.0,0.0,interim
combined_400,ICLR,outstanding,introduction,visual_objects_per_1000_words,2,0.0,0.0,0.0,0.0,0.0,0.0,0.0,0.0,interim
combined_400,ICLR,outstanding,introduction,equations_per_1000_words,2,0.0,0.0,0.0,0.0,0.0,0.0,0.0,0.0,interim
combined_400,ICLR,outstanding,introduction,equation_share_within_main,2,0.0,0.0,0.0,0.0,0.0,0.0,0.0,0.0,interim
combined_400,ICLR,outstanding,introduction,visual_share_within_main,1,0.0,0.0,0.0,0.0,0.0,0.0,0.0,0.0,interim
combined_400,ICLR,outstanding,related_work,present,2,1.0,1.0,1.0,1.0,1.0,1.0,1.0,1.0,interim
combined_400,ICLR,outstanding,related_work,estimated_words,2,351.0,351.0,351.0,296.5,405.5,242.0,460.0,351.0,interim
combined_400,ICLR,outstanding,related_work,main_word_share,2,0.0555,0.0555,0.0555,0.04775,0.06325,0.04,0.071,0.0555,interim
combined_400,ICLR,outstanding,related_work,figures,2,0.0,0.0,0.0,0.0,0.0,0.0,0.0,0.0,interim
combined_400,ICLR,outstanding,related_work,tables,2,0.0,0.0,0.0,0.0,0.0,0.0,0.0,0.0,interim
combined_400,ICLR,outstanding,related_work,algorithms,2,0.0,0.0,0.0,0.0,0.0,0.0,0.0,0.0,interim
combined_400,ICLR,outstanding,related_work,displayed_equations,2,0.0,0.0,0.0,0.0,0.0,0.0,0.0,0.0,interim
combined_400,ICLR,outstanding,related_work,visual_objects,2,0.0,0.0,0.0,0.0,0.0,0.0,0.0,0.0,interim
combined_400,ICLR,outstanding,related_work,visual_objects_per_1000_words,2,0.0,0.0,0.0,0.0,0.0,0.0,0.0,0.0,interim
combined_400,ICLR,outstanding,related_work,equations_per_1000_words,2,0.0,0.0,0.0,0.0,0.0,0.0,0.0,0.0,interim
combined_400,ICLR,outstanding,related_work,equation_share_within_main,2,0.0,0.0,0.0,0.0,0.0,0.0,0.0,0.0,interim
combined_400,ICLR,outstanding,related_work,visual_share_within_main,1,0.0,0.0,0.0,0.0,0.0,0.0,0.0,0.0,interim
combined_400,ICLR,outstanding,method,present,2,1.0,1.0,1.0,1.0,1.0,1.0,1.0,1.0,interim
combined_400,ICLR,outstanding,method,estimated_words,2,1309.0,1309.0,1309.0,1054.5,1563.5,800.0,1818.0,1309.0,interim
combined_400,ICLR,outstanding,method,main_word_share,2,0.213,0.213,0.213,0.168,0.258,0.123,0.303,0.213,interim
combined_400,ICLR,outstanding,method,figures,2,1.0,1.0,1.0,0.5,1.5,0.0,2.0,1.0,interim
combined_400,ICLR,outstanding,method,tables,2,0.0,0.0,0.0,0.0,0.0,0.0,0.0,0.0,interim
combined_400,ICLR,outstanding,method,algorithms,2,0.0,0.0,0.0,0.0,0.0,0.0,0.0,0.0,interim
combined_400,ICLR,outstanding,method,displayed_equations,2,5.5,5.5,5.5,2.75,8.25,0.0,11.0,5.5,interim
combined_400,ICLR,outstanding,method,visual_objects,2,1.0,1.0,1.0,0.5,1.5,0.0,2.0,1.0,interim
combined_400,ICLR,outstanding,method,visual_objects_per_1000_words,2,1.25,1.25,1.25,0.625,1.875,0.0,2.5,1.25,interim
combined_400,ICLR,outstanding,method,equations_per_1000_words,2,3.025303,3.025303,3.025303,1.512651,4.537954,0.0,6.050605,3.02530253,interim
combined_400,ICLR,outstanding,method,equation_share_within_main,2,0.34375,0.34375,0.34375,0.171875,0.515625,0.0,0.6875,0.34375,interim
combined_400,ICLR,outstanding,method,visual_share_within_main,1,0.333333,0.333333,0.333333,0.333333,0.333333,0.333333,0.333333,0.333333333,interim
combined_400,ICLR,outstanding,theory,present,2,0.5,0.5,0.5,0.25,0.75,0.0,1.0,0.5,interim
combined_400,ICLR,outstanding,theory,estimated_words,2,904.5,904.5,904.5,452.25,1356.75,0.0,1809.0,904.5,interim
combined_400,ICLR,outstanding,theory,main_word_share,2,0.1505,0.1505,0.1505,0.07525,0.22575,0.0,0.301,0.1505,interim
combined_400,ICLR,outstanding,theory,figures,2,0.0,0.0,0.0,0.0,0.0,0.0,0.0,0.0,interim
combined_400,ICLR,outstanding,theory,tables,2,0.0,0.0,0.0,0.0,0.0,0.0,0.0,0.0,interim
combined_400,ICLR,outstanding,theory,algorithms,2,0.0,0.0,0.0,0.0,0.0,0.0,0.0,0.0,interim
combined_400,ICLR,outstanding,theory,displayed_equations,2,2.0,2.0,2.0,1.0,3.0,0.0,4.0,2.0,interim
combined_400,ICLR,outstanding,theory,visual_objects,2,0.0,0.0,0.0,0.0,0.0,0.0,0.0,0.0,interim
combined_400,ICLR,outstanding,theory,visual_objects_per_1000_words,1,0.0,0.0,0.0,0.0,0.0,0.0,0.0,0.0,interim
combined_400,ICLR,outstanding,theory,equations_per_1000_words,1,2.211166,2.211166,2.211166,2.211166,2.211166,2.211166,2.211166,2.21116639,interim
combined_400,ICLR,outstanding,theory,equation_share_within_main,2,0.125,0.125,0.125,0.0625,0.1875,0.0,0.25,0.125,interim
combined_400,ICLR,outstanding,theory,visual_share_within_main,1,0.0,0.0,0.0,0.0,0.0,0.0,0.0,0.0,interim
combined_400,ICLR,outstanding,experimental_design,present,2,0.5,0.5,0.5,0.25,0.75,0.0,1.0,0.5,interim
combined_400,ICLR,outstanding,experimental_design,estimated_words,2,745.0,745.0,745.0,372.5,1117.5,0.0,1490.0,745.0,interim
combined_400,ICLR,outstanding,experimental_design,main_word_share,2,0.1145,0.1145,0.1145,0.05725,0.17175,0.0,0.229,0.1145,interim
combined_400,ICLR,outstanding,experimental_design,figures,2,0.5,0.5,0.5,0.25,0.75,0.0,1.0,0.5,interim
combined_400,ICLR,outstanding,experimental_design,tables,2,0.0,0.0,0.0,0.0,0.0,0.0,0.0,0.0,interim
combined_400,ICLR,outstanding,experimental_design,algorithms,2,0.0,0.0,0.0,0.0,0.0,0.0,0.0,0.0,interim
combined_400,ICLR,outstanding,experimental_design,displayed_equations,2,0.5,0.5,0.5,0.25,0.75,0.0,1.0,0.5,interim
combined_400,ICLR,outstanding,experimental_design,visual_objects,2,0.5,0.5,0.5,0.25,0.75,0.0,1.0,0.5,interim
combined_400,ICLR,outstanding,experimental_design,equation_share_within_main,2,0.5,0.5,0.5,0.25,0.75,0.0,1.0,0.5,interim
combined_400,ICLR,outstanding,experimental_design,visual_objects_per_1000_words,1,0.671141,0.671141,0.671141,0.671141,0.671141,0.671141,0.671141,0.67114094,interim
combined_400,ICLR,outstanding,experimental_design,equations_per_1000_words,1,0.671141,0.671141,0.671141,0.671141,0.671141,0.671141,0.671141,0.67114094,interim
combined_400,ICLR,outstanding,experimental_design,visual_share_within_main,1,0.166667,0.166667,0.166667,0.166667,0.166667,0.166667,0.166667,0.166666667,interim
combined_400,ICLR,outstanding,results,present,2,1.0,1.0,1.0,1.0,1.0,1.0,1.0,1.0,interim
combined_400,ICLR,outstanding,results,estimated_words,2,925.5,925.5,925.5,923.25,927.75,921.0,930.0,925.5,interim
combined_400,ICLR,outstanding,results,main_word_share,2,0.148,0.148,0.148,0.1455,0.1505,0.143,0.153,0.148,interim
combined_400,ICLR,outstanding,results,figures,2,0.5,0.5,0.5,0.25,0.75,0.0,1.0,0.5,interim
combined_400,ICLR,outstanding,results,tables,2,0.5,0.5,0.5,0.25,0.75,0.0,1.0,0.5,interim
combined_400,ICLR,outstanding,results,algorithms,2,0.0,0.0,0.0,0.0,0.0,0.0,0.0,0.0,interim
combined_400,ICLR,outstanding,results,displayed_equations,2,0.5,0.5,0.5,0.25,0.75,0.0,1.0,0.5,interim
combined_400,ICLR,outstanding,results,visual_objects,2,1.0,1.0,1.0,0.5,1.5,0.0,2.0,1.0,interim
combined_400,ICLR,outstanding,results,visual_objects_per_1000_words,2,1.075269,1.075269,1.075269,0.537634,1.612903,0.0,2.150538,1.075268817,interim
combined_400,ICLR,outstanding,results,equations_per_1000_words,2,0.542888,0.542888,0.542888,0.271444,0.814332,0.0,1.085776,0.542888165,interim
combined_400,ICLR,outstanding,results,equation_share_within_main,2,0.03125,0.03125,0.03125,0.015625,0.046875,0.0,0.0625,0.03125,interim
combined_400,ICLR,outstanding,results,visual_share_within_main,1,0.333333,0.333333,0.333333,0.333333,0.333333,0.333333,0.333333,0.333333333,interim
combined_400,ICLR,outstanding,ablation,present,2,0.5,0.5,0.5,0.25,0.75,0.0,1.0,0.5,interim
combined_400,ICLR,outstanding,ablation,estimated_words,2,165.0,165.0,165.0,82.5,247.5,0.0,330.0,165.0,interim
combined_400,ICLR,outstanding,ablation,main_word_share,2,0.0255,0.0255,0.0255,0.01275,0.03825,0.0,0.051,0.0255,interim
combined_400,ICLR,outstanding,ablation,figures,2,0.0,0.0,0.0,0.0,0.0,0.0,0.0,0.0,interim
combined_400,ICLR,outstanding,ablation,tables,2,0.0,0.0,0.0,0.0,0.0,0.0,0.0,0.0,interim
combined_400,ICLR,outstanding,ablation,algorithms,2,0.0,0.0,0.0,0.0,0.0,0.0,0.0,0.0,interim
combined_400,ICLR,outstanding,ablation,displayed_equations,2,0.0,0.0,0.0,0.0,0.0,0.0,0.0,0.0,interim
combined_400,ICLR,outstanding,ablation,visual_objects,2,0.0,0.0,0.0,0.0,0.0,0.0,0.0,0.0,interim
combined_400,ICLR,outstanding,ablation,equation_share_within_main,2,0.0,0.0,0.0,0.0,0.0,0.0,0.0,0.0,interim
combined_400,ICLR,outstanding,ablation,visual_objects_per_1000_words,1,0.0,0.0,0.0,0.0,0.0,0.0,0.0,0.0,interim
combined_400,ICLR,outstanding,ablation,equations_per_1000_words,1,0.0,0.0,0.0,0.0,0.0,0.0,0.0,0.0,interim
combined_400,ICLR,outstanding,ablation,visual_share_within_main,1,0.0,0.0,0.0,0.0,0.0,0.0,0.0,0.0,interim
combined_400,ICLR,outstanding,conclusion,present,2,1.0,1.0,1.0,1.0,1.0,1.0,1.0,1.0,interim
combined_400,ICLR,outstanding,conclusion,estimated_words,2,154.0,154.0,154.0,127.0,181.0,100.0,208.0,154.0,interim
combined_400,ICLR,outstanding,conclusion,main_word_share,2,0.025,0.025,0.025,0.02,0.03,0.015,0.035,0.025,interim
combined_400,ICLR,outstanding,conclusion,figures,2,0.0,0.0,0.0,0.0,0.0,0.0,0.0,0.0,interim
combined_400,ICLR,outstanding,conclusion,tables,2,0.0,0.0,0.0,0.0,0.0,0.0,0.0,0.0,interim
combined_400,ICLR,outstanding,conclusion,algorithms,2,0.0,0.0,0.0,0.0,0.0,0.0,0.0,0.0,interim
combined_400,ICLR,outstanding,conclusion,displayed_equations,2,0.0,0.0,0.0,0.0,0.0,0.0,0.0,0.0,interim
combined_400,ICLR,outstanding,conclusion,visual_objects,2,0.0,0.0,0.0,0.0,0.0,0.0,0.0,0.0,interim
combined_400,ICLR,outstanding,conclusion,visual_objects_per_1000_words,2,0.0,0.0,0.0,0.0,0.0,0.0,0.0,0.0,interim
combined_400,ICLR,outstanding,conclusion,equations_per_1000_words,2,0.0,0.0,0.0,0.0,0.0,0.0,0.0,0.0,interim
combined_400,ICLR,outstanding,conclusion,equation_share_within_main,2,0.0,0.0,0.0,0.0,0.0,0.0,0.0,0.0,interim
combined_400,ICLR,outstanding,conclusion,visual_share_within_main,1,0.0,0.0,0.0,0.0,0.0,0.0,0.0,0.0,interim
combined_400,ICLR,outstanding,limitations,present,2,0.5,0.5,0.5,0.25,0.75,0.0,1.0,0.5,interim
combined_400,ICLR,outstanding,limitations,estimated_words,2,300.0,300.0,300.0,150.0,450.0,0.0,600.0,300.0,interim
combined_400,ICLR,outstanding,limitations,main_word_share,2,0.046,0.046,0.046,0.023,0.069,0.0,0.092,0.046,interim
combined_400,ICLR,outstanding,limitations,figures,2,0.0,0.0,0.0,0.0,0.0,0.0,0.0,0.0,interim
combined_400,ICLR,outstanding,limitations,tables,2,0.0,0.0,0.0,0.0,0.0,0.0,0.0,0.0,interim
combined_400,ICLR,outstanding,limitations,algorithms,2,0.0,0.0,0.0,0.0,0.0,0.0,0.0,0.0,interim
combined_400,ICLR,outstanding,limitations,displayed_equations,2,0.0,0.0,0.0,0.0,0.0,0.0,0.0,0.0,interim
combined_400,ICLR,outstanding,limitations,visual_objects,2,0.0,0.0,0.0,0.0,0.0,0.0,0.0,0.0,interim
combined_400,ICLR,outstanding,limitations,equation_share_within_main,2,0.0,0.0,0.0,0.0,0.0,0.0,0.0,0.0,interim
combined_400,ICLR,outstanding,limitations,visual_objects_per_1000_words,1,0.0,0.0,0.0,0.0,0.0,0.0,0.0,0.0,interim
combined_400,ICLR,outstanding,limitations,equations_per_1000_words,1,0.0,0.0,0.0,0.0,0.0,0.0,0.0,0.0,interim
combined_400,ICLR,outstanding,limitations,visual_share_within_main,1,0.0,0.0,0.0,0.0,0.0,0.0,0.0,0.0,interim
combined_400,ICLR,outstanding,appendix,present,2,1.0,1.0,1.0,1.0,1.0,1.0,1.0,1.0,interim
combined_400,ICLR,outstanding,appendix,estimated_words,2,8882.5,8882.5,8882.5,6408.75,11356.25,3935.0,13830.0,8882.5,interim
combined_400,ICLR,outstanding,appendix,figures,2,2.5,2.5,2.5,1.25,3.75,0.0,5.0,2.5,interim
combined_400,ICLR,outstanding,appendix,tables,2,4.5,4.5,4.5,2.25,6.75,0.0,9.0,4.5,interim
combined_400,ICLR,outstanding,appendix,algorithms,2,0.0,0.0,0.0,0.0,0.0,0.0,0.0,0.0,interim
combined_400,ICLR,outstanding,appendix,displayed_equations,2,24.0,24.0,24.0,15.5,32.5,7.0,41.0,24.0,interim
combined_400,ICLR,outstanding,appendix,visual_objects,2,7.0,7.0,7.0,3.5,10.5,0.0,14.0,7.0,interim
combined_400,ICLR,outstanding,appendix,visual_objects_per_1000_words,2,0.506146,0.506146,0.506146,0.253073,0.759219,0.0,1.012292,0.506146059,interim
combined_400,ICLR,outstanding,appendix,equations_per_1000_words,2,5.46273,5.46273,5.46273,2.984438,7.941022,0.506146,10.419314,5.462729955,interim
combined_400,ICLR,outstanding,appendix,equation_share_within_main,2,4.78125,4.78125,4.78125,3.671875,5.890625,2.5625,7.0,4.78125,interim
combined_400,ICLR,outstanding,appendix,visual_share_within_main,1,2.333333,2.333333,2.333333,2.333333,2.333333,2.333333,2.333333,2.333333333,interim
combined_400,ICLR,outstanding,other,present,2,1.0,1.0,1.0,1.0,1.0,1.0,1.0,1.0,interim
combined_400,ICLR,outstanding,other,estimated_words,2,966.5,966.5,966.5,953.25,979.75,940.0,993.0,966.5,interim
combined_400,ICLR,outstanding,other,figures,2,0.0,0.0,0.0,0.0,0.0,0.0,0.0,0.0,interim
combined_400,ICLR,outstanding,other,tables,2,0.0,0.0,0.0,0.0,0.0,0.0,0.0,0.0,interim
combined_400,ICLR,outstanding,other,algorithms,2,0.0,0.0,0.0,0.0,0.0,0.0,0.0,0.0,interim
combined_400,ICLR,outstanding,other,displayed_equations,2,0.0,0.0,0.0,0.0,0.0,0.0,0.0,0.0,interim
combined_400,ICLR,outstanding,other,visual_objects,2,0.0,0.0,0.0,0.0,0.0,0.0,0.0,0.0,interim
combined_400,ICLR,outstanding,other,visual_objects_per_1000_words,2,0.0,0.0,0.0,0.0,0.0,0.0,0.0,0.0,interim
combined_400,ICLR,outstanding,other,equations_per_1000_words,2,0.0,0.0,0.0,0.0,0.0,0.0,0.0,0.0,interim
combined_400,ICLR,outstanding,other,equation_share_within_main,2,0.0,0.0,0.0,0.0,0.0,0.0,0.0,0.0,interim
combined_400,ICLR,outstanding,other,main_word_share,1,0.144,0.144,0.144,0.144,0.144,0.144,0.144,0.144,interim
combined_400,ICLR,outstanding,other,visual_share_within_main,1,0.0,0.0,0.0,0.0,0.0,0.0,0.0,0.0,interim
combined_400,ICML,all,abstract,present,100,1.0,1.0,1.0,1.0,1.0,1.0,1.0,1.0,interim
combined_400,ICML,all,abstract,estimated_words,100,179.52,173.416667,172.0,152.75,197.25,86.0,338.0,179.230263478,interim
combined_400,ICML,all,abstract,main_word_share,99,0.031197,0.030482,0.03,0.026,0.034979,0.011,0.059,0.031703664,interim
combined_400,ICML,all,abstract,figures,100,0.09,0.0,0.0,0.0,0.0,0.0,1.0,0.086689719,interim
combined_400,ICML,all,abstract,tables,100,0.0,0.0,0.0,0.0,0.0,0.0,0.0,0.0,interim
combined_400,ICML,all,abstract,algorithms,100,0.0,0.0,0.0,0.0,0.0,0.0,0.0,0.0,interim
combined_400,ICML,all,abstract,displayed_equations,100,0.0,0.0,0.0,0.0,0.0,0.0,0.0,0.0,interim
combined_400,ICML,all,abstract,visual_objects,100,0.09,0.0,0.0,0.0,0.0,0.0,1.0,0.086689719,interim
combined_400,ICML,all,abstract,visual_objects_per_1000_words,100,0.458693,0.0,0.0,0.0,0.0,0.0,6.802721,0.470047131,interim
combined_400,ICML,all,abstract,equations_per_1000_words,100,0.0,0.0,0.0,0.0,0.0,0.0,0.0,0.0,interim
combined_400,ICML,all,abstract,visual_share_within_main,99,0.00839,0.0,0.0,0.0,0.0,0.0,0.142857,0.008626831,interim
combined_400,ICML,all,abstract,equation_share_within_main,94,0.0,0.0,0.0,0.0,0.0,0.0,0.0,0.0,interim
combined_400,ICML,all,introduction,present,100,1.0,1.0,1.0,1.0,1.0,1.0,1.0,1.0,interim
combined_400,ICML,all,introduction,estimated_words,100,875.15,856.266667,860.0,699.75,1022.5,375.0,1580.0,858.75069399,interim
combined_400,ICML,all,introduction,main_word_share,100,0.149545,0.147027,0.142105,0.12045,0.178325,0.039,0.298993,0.148669841,interim
combined_400,ICML,all,introduction,figures,100,0.45,0.383333,0.0,0.0,1.0,0.0,2.0,0.483563045,interim
combined_400,ICML,all,introduction,tables,100,0.02,0.0,0.0,0.0,0.0,0.0,1.0,0.020211367,interim
combined_400,ICML,all,introduction,algorithms,100,0.02,0.0,0.0,0.0,0.0,0.0,2.0,0.011688501,interim
combined_400,ICML,all,introduction,displayed_equations,100,0.15,0.0,0.0,0.0,0.0,0.0,3.0,0.145278332,interim
combined_400,ICML,all,introduction,visual_objects,100,0.49,0.416667,0.0,0.0,1.0,0.0,3.0,0.515462913,interim
combined_400,ICML,all,introduction,visual_objects_per_1000_words,100,0.597042,0.438228,0.0,0.0,1.240718,0.0,3.125,0.642808887,interim
combined_400,ICML,all,introduction,equations_per_1000_words,100,0.156194,0.0,0.0,0.0,0.0,0.0,3.125,0.156825357,interim
combined_400,ICML,all,introduction,visual_share_within_main,99,0.049378,0.032717,0.0,0.0,0.095455,0.0,0.272727,0.052067219,interim
combined_400,ICML,all,introduction,equation_share_within_main,94,0.007694,0.0,0.0,0.0,0.0,0.0,0.117647,0.007917124,interim
combined_400,ICML,all,related_work,present,100,0.99,1.0,1.0,1.0,1.0,0.0,1.0,0.994155749,interim
combined_400,ICML,all,related_work,estimated_words,100,598.91,566.266667,555.0,430.0,705.75,0.0,1670.0,592.039107771,interim
combined_400,ICML,all,related_work,main_word_share,96,0.089305,0.089841,0.09079,0.067984,0.113793,0.0,0.185071,0.089008174,interim
combined_400,ICML,all,related_work,figures,100,0.02,0.0,0.0,0.0,0.0,0.0,1.0,0.020211367,interim
combined_400,ICML,all,related_work,tables,100,0.0,0.0,0.0,0.0,0.0,0.0,0.0,0.0,interim
combined_400,ICML,all,related_work,algorithms,100,0.0,0.0,0.0,0.0,0.0,0.0,0.0,0.0,interim
combined_400,ICML,all,related_work,displayed_equations,100,0.03,0.0,0.0,0.0,0.0,0.0,2.0,0.026055618,interim
combined_400,ICML,all,related_work,visual_objects,100,0.02,0.0,0.0,0.0,0.0,0.0,1.0,0.020211367,interim
combined_400,ICML,all,related_work,visual_objects_per_1000_words,99,0.021961,0.0,0.0,0.0,0.0,0.0,1.098901,0.022201934,interim
combined_400,ICML,all,related_work,equations_per_1000_words,99,0.040626,0.0,0.0,0.0,0.0,0.0,3.246753,0.030289157,interim
combined_400,ICML,all,related_work,visual_share_within_main,99,0.002165,0.0,0.0,0.0,0.0,0.0,0.142857,0.002505894,interim
combined_400,ICML,all,related_work,equation_share_within_main,94,0.001882,0.0,0.0,0.0,0.0,0.0,0.1,0.001798647,interim
combined_400,ICML,all,method,present,100,1.0,1.0,1.0,1.0,1.0,1.0,1.0,1.0,interim
combined_400,ICML,all,method,estimated_words,100,1449.18,1410.066667,1388.5,985.0,1822.0,320.0,3310.0,1435.334972957,interim
combined_400,ICML,all,method,main_word_share,100,0.236715,0.230631,0.236,0.17746,0.282927,0.07,0.523847,0.239447114,interim
combined_400,ICML,all,method,figures,100,1.24,1.083333,1.0,0.0,2.0,0.0,5.0,1.244581893,interim
combined_400,ICML,all,method,tables,100,0.13,0.0,0.0,0.0,0.0,0.0,2.0,0.110066722,interim
combined_400,ICML,all,method,algorithms,100,0.49,0.216667,0.0,0.0,1.0,0.0,4.0,0.471825841,interim
combined_400,ICML,all,method,displayed_equations,100,7.25,6.0,6.0,3.0,9.0,0.0,27.0,7.295426874,interim
combined_400,ICML,all,method,visual_objects,100,1.86,1.75,2.0,1.0,3.0,0.0,6.0,1.826474456,interim
combined_400,ICML,all,method,visual_objects_per_1000_words,100,1.391636,1.227443,1.279321,0.733289,1.666667,0.0,6.25,1.39028546,interim
combined_400,ICML,all,method,equations_per_1000_words,100,5.159881,4.548046,4.136439,2.560539,7.242509,0.0,16.923077,5.282747289,interim
combined_400,ICML,all,method,visual_share_within_main,99,0.195134,0.177488,0.166667,0.1,0.272727,0.0,0.714286,0.197422753,interim
combined_400,ICML,all,method,equation_share_within_main,94,0.573476,0.57997,0.607692,0.317199,0.8,0.0,1.0,0.573316846,interim
combined_400,ICML,all,theory,present,100,0.67,0.783333,1.0,0.0,1.0,0.0,1.0,0.679296742,interim
combined_400,ICML,all,theory,estimated_words,100,966.15,575.066667,569.0,0.0,1085.0,0.0,14280.0,988.01392882,interim
combined_400,ICML,all,theory,main_word_share,95,0.114836,0.092731,0.103,0.0,0.190056,0.0,0.542,0.110154098,interim
combined_400,ICML,all,theory,figures,100,0.34,0.016667,0.0,0.0,0.0,0.0,6.0,0.306433546,interim
combined_400,ICML,all,theory,tables,100,0.07,0.0,0.0,0.0,0.0,0.0,1.0,0.057955486,interim
combined_400,ICML,all,theory,algorithms,100,0.02,0.0,0.0,0.0,0.0,0.0,1.0,0.010665758,interim
combined_400,ICML,all,theory,displayed_equations,100,8.16,3.5,3.5,0.0,8.0,0.0,262.0,8.826133542,interim
combined_400,ICML,all,theory,visual_objects,100,0.43,0.05,0.0,0.0,0.0,0.0,7.0,0.37505479,interim
combined_400,ICML,all,theory,visual_objects_per_1000_words,67,0.712337,0.124731,0.0,0.0,0.559687,0.0,6.666667,0.65506203,interim
combined_400,ICML,all,theory,equations_per_1000_words,67,8.093671,7.176903,7.744434,4.359989,9.789179,0.0,24.705882,7.960368465,interim
combined_400,ICML,all,theory,visual_share_within_main,99,0.050559,0.00381,0.0,0.0,0.0,0.0,0.5,0.043976075,interim
combined_400,ICML,all,theory,equation_share_within_main,94,0.341854,0.307253,0.320513,0.0,0.555556,0.0,1.0,0.34700349,interim
combined_400,ICML,all,experimental_design,present,100,0.97,1.0,1.0,1.0,1.0,0.0,1.0,0.974967126,interim
combined_400,ICML,all,experimental_design,estimated_words,100,638.9,576.85,570.0,447.5,712.5,0.0,2400.0,629.254468406,interim
combined_400,ICML,all,experimental_design,main_word_share,100,0.101297,0.097197,0.096,0.076825,0.126859,0.0,0.245,0.100895781,interim
combined_400,ICML,all,experimental_design,figures,100,0.16,0.0,0.0,0.0,0.0,0.0,2.0,0.161690937,interim
combined_400,ICML,all,experimental_design,tables,100,0.15,0.0,0.0,0.0,0.0,0.0,3.0,0.138800955,interim
combined_400,ICML,all,experimental_design,algorithms,100,0.0,0.0,0.0,0.0,0.0,0.0,0.0,0.0,interim
combined_400,ICML,all,experimental_design,displayed_equations,100,0.28,0.0,0.0,0.0,0.0,0.0,5.0,0.265913408,interim
combined_400,ICML,all,experimental_design,visual_objects,100,0.31,0.0,0.0,0.0,0.0,0.0,5.0,0.300491891,interim
combined_400,ICML,all,experimental_design,visual_share_within_main,99,0.027344,0.0,0.0,0.0,0.0,0.0,0.294118,0.025621943,interim
combined_400,ICML,all,experimental_design,equation_share_within_main,94,0.021495,0.0,0.0,0.0,0.0,0.0,0.5,0.023292961,interim
combined_400,ICML,all,experimental_design,visual_objects_per_1000_words,97,0.508764,0.0,0.0,0.0,0.0,0.0,10.067114,0.501890619,interim
combined_400,ICML,all,experimental_design,equations_per_1000_words,97,0.533016,0.0,0.0,0.0,0.0,0.0,11.904762,0.529781295,interim
combined_400,ICML,all,results,present,100,0.97,1.0,1.0,1.0,1.0,0.0,1.0,0.974967126,interim
combined_400,ICML,all,results,estimated_words,100,973.44,909.5,850.0,610.0,1296.25,0.0,2528.0,956.257439226,interim
combined_400,ICML,all,results,main_word_share,100,0.161038,0.152519,0.1445,0.10875,0.200275,0.0,0.415,0.162613427,interim
combined_400,ICML,all,results,figures,100,2.62,2.25,2.0,1.0,4.0,0.0,10.0,2.531778113,interim
combined_400,ICML,all,results,tables,100,2.14,1.983333,2.0,1.0,3.0,0.0,8.0,2.186139385,interim
combined_400,ICML,all,results,algorithms,100,0.0,0.0,0.0,0.0,0.0,0.0,0.0,0.0,interim
combined_400,ICML,all,results,displayed_equations,100,0.17,0.0,0.0,0.0,0.0,0.0,5.0,0.124920859,interim
combined_400,ICML,all,results,visual_objects,100,4.76,4.466667,4.5,3.0,6.0,0.0,13.0,4.717917499,interim
combined_400,ICML,all,results,visual_share_within_main,99,0.484768,0.480343,0.461538,0.394444,0.591667,0.0,1.0,0.4928356,interim
combined_400,ICML,all,results,equation_share_within_main,94,0.014342,0.0,0.0,0.0,0.0,0.0,0.294118,0.011444624,interim
combined_400,ICML,all,results,visual_objects_per_1000_words,97,5.609649,5.180643,5.309735,3.562945,6.613757,1.538462,16.981132,5.588092676,interim
combined_400,ICML,all,results,equations_per_1000_words,97,0.222017,0.0,0.0,0.0,0.0,0.0,4.83871,0.158980344,interim
combined_400,ICML,all,ablation,present,100,0.77,0.95,1.0,1.0,1.0,0.0,1.0,0.773876199,interim
combined_400,ICML,all,ablation,estimated_words,100,425.99,344.216667,375.0,115.0,544.75,0.0,5624.0,395.944576991,interim
combined_400,ICML,all,ablation,main_word_share,97,0.050944,0.044838,0.0468,0.0,0.084502,0.0,0.1782,0.052143391,interim
combined_400,ICML,all,ablation,figures,100,2.35,0.566667,0.0,0.0,2.0,0.0,128.0,1.782496469,interim
combined_400,ICML,all,ablation,tables,100,0.84,0.5,0.0,0.0,1.0,0.0,8.0,0.780694492,interim
combined_400,ICML,all,ablation,algorithms,100,0.0,0.0,0.0,0.0,0.0,0.0,0.0,0.0,interim
combined_400,ICML,all,ablation,displayed_equations,100,0.1,0.0,0.0,0.0,0.0,0.0,5.0,0.101056835,interim
combined_400,ICML,all,ablation,visual_objects,100,3.19,1.433333,1.0,0.0,3.0,0.0,128.0,2.56319096,interim
combined_400,ICML,all,ablation,visual_share_within_main,99,0.177634,0.14835,0.142857,0.0,0.285714,0.0,0.955224,0.17218435,interim
combined_400,ICML,all,ablation,equation_share_within_main,94,0.006299,0.0,0.0,0.0,0.0,0.0,0.333333,0.006031142,interim
combined_400,ICML,all,ablation,visual_objects_per_1000_words,76,5.342305,4.760105,4.499494,2.837302,7.286634,0.0,22.759602,5.116865819,interim
combined_400,ICML,all,ablation,equations_per_1000_words,76,0.15542,0.0,0.0,0.0,0.0,0.0,9.73236,0.211092095,interim
combined_400,ICML,all,conclusion,present,100,0.95,1.0,1.0,1.0,1.0,0.0,1.0,0.962255881,interim
combined_400,ICML,all,conclusion,estimated_words,100,173.43,159.466667,160.0,113.0,220.0,0.0,580.0,171.956168118,interim
combined_400,ICML,all,conclusion,main_word_share,100,0.02897,0.02713,0.02685,0.02,0.034275,0.0,0.08,0.029164301,interim
combined_400,ICML,all,conclusion,figures,100,0.0,0.0,0.0,0.0,0.0,0.0,0.0,0.0,interim
combined_400,ICML,all,conclusion,tables,100,0.0,0.0,0.0,0.0,0.0,0.0,0.0,0.0,interim
combined_400,ICML,all,conclusion,algorithms,100,0.0,0.0,0.0,0.0,0.0,0.0,0.0,0.0,interim
combined_400,ICML,all,conclusion,displayed_equations,100,0.0,0.0,0.0,0.0,0.0,0.0,0.0,0.0,interim
combined_400,ICML,all,conclusion,visual_objects,100,0.0,0.0,0.0,0.0,0.0,0.0,0.0,0.0,interim
combined_400,ICML,all,conclusion,visual_objects_per_1000_words,95,0.0,0.0,0.0,0.0,0.0,0.0,0.0,0.0,interim
combined_400,ICML,all,conclusion,equations_per_1000_words,95,0.0,0.0,0.0,0.0,0.0,0.0,0.0,0.0,interim
combined_400,ICML,all,conclusion,visual_share_within_main,99,0.0,0.0,0.0,0.0,0.0,0.0,0.0,0.0,interim
combined_400,ICML,all,conclusion,equation_share_within_main,94,0.0,0.0,0.0,0.0,0.0,0.0,0.0,0.0,interim
combined_400,ICML,all,limitations,present,100,0.77,0.95,1.0,1.0,1.0,0.0,1.0,0.765353334,interim
combined_400,ICML,all,limitations,estimated_words,100,181.06,136.216667,121.5,55.25,253.25,0.0,1570.0,179.334242437,interim
combined_400,ICML,all,limitations,main_word_share,90,0.024054,0.018126,0.0195,0.0,0.034,0.0,0.167,0.0242536,interim
combined_400,ICML,all,limitations,figures,100,0.01,0.0,0.0,0.0,0.0,0.0,1.0,0.005844251,interim
combined_400,ICML,all,limitations,tables,100,0.0,0.0,0.0,0.0,0.0,0.0,0.0,0.0,interim
combined_400,ICML,all,limitations,algorithms,100,0.0,0.0,0.0,0.0,0.0,0.0,0.0,0.0,interim
combined_400,ICML,all,limitations,displayed_equations,100,0.0,0.0,0.0,0.0,0.0,0.0,0.0,0.0,interim
combined_400,ICML,all,limitations,visual_objects,100,0.01,0.0,0.0,0.0,0.0,0.0,1.0,0.005844251,interim
combined_400,ICML,all,limitations,visual_share_within_main,99,0.001122,0.0,0.0,0.0,0.0,0.0,0.111111,0.000658827,interim
combined_400,ICML,all,limitations,equation_share_within_main,94,0.0,0.0,0.0,0.0,0.0,0.0,0.0,0.0,interim
combined_400,ICML,all,limitations,visual_objects_per_1000_words,77,0.04329,0.0,0.0,0.0,0.0,0.0,3.333333,0.025453388,interim
combined_400,ICML,all,limitations,equations_per_1000_words,77,0.0,0.0,0.0,0.0,0.0,0.0,0.0,0.0,interim
combined_400,ICML,all,appendix,present,100,0.99,1.0,1.0,1.0,1.0,0.0,1.0,0.985632884,interim
combined_400,ICML,all,appendix,estimated_words,100,6425.16,4948.183333,4519.0,2759.25,8215.75,0.0,29300.0,6275.301758003,interim
combined_400,ICML,all,appendix,figures,100,7.89,4.583333,4.0,1.0,8.0,0.0,130.0,7.463205571,interim
combined_400,ICML,all,appendix,tables,100,5.07,3.566667,3.0,1.0,6.25,0.0,24.0,5.021477621,interim
combined_400,ICML,all,appendix,algorithms,100,0.67,0.25,0.0,0.0,1.0,0.0,7.0,0.689865095,interim
combined_400,ICML,all,appendix,displayed_equations,100,26.1,12.433333,9.5,1.0,29.25,0.0,225.0,24.28023182,interim
combined_400,ICML,all,appendix,visual_objects,100,13.63,10.066667,9.0,5.0,17.0,0.0,131.0,13.174548288,interim
combined_400,ICML,all,appendix,visual_objects_per_1000_words,97,2.72301,2.248072,2.215417,1.213592,3.505155,0.0,14.925373,2.726656711,interim
combined_400,ICML,all,appendix,equations_per_1000_words,97,4.250912,2.766397,2.040816,0.27027,6.333333,0.0,27.298851,4.320185586,interim
combined_400,ICML,all,appendix,visual_share_within_main,99,1.449481,1.116022,0.954545,0.585714,1.8,0.0,14.833333,1.529267097,interim
combined_400,ICML,all,appendix,equation_share_within_main,94,1.82181,1.139858,1.0,0.119485,2.3,0.0,12.5,1.805050575,interim
combined_400,ICML,all,appendix,main_word_share,15,0.0,0.0,0.0,0.0,0.0,0.0,0.0,0.0,interim
combined_400,ICML,all,other,present,100,0.96,1.0,1.0,1.0,1.0,0.0,1.0,0.9510544,interim
combined_400,ICML,all,other,estimated_words,100,1054.04,842.516667,710.0,179.75,1760.0,0.0,4975.0,1020.941362652,interim
combined_400,ICML,all,other,figures,100,0.03,0.0,0.0,0.0,0.0,0.0,1.0,0.034578483,interim
combined_400,ICML,all,other,tables,100,0.0,0.0,0.0,0.0,0.0,0.0,0.0,0.0,interim
combined_400,ICML,all,other,algorithms,100,0.0,0.0,0.0,0.0,0.0,0.0,0.0,0.0,interim
combined_400,ICML,all,other,displayed_equations,100,0.39,0.0,0.0,0.0,0.0,0.0,6.0,0.338723031,interim
combined_400,ICML,all,other,visual_objects,100,0.03,0.0,0.0,0.0,0.0,0.0,1.0,0.034578483,interim
combined_400,ICML,all,other,visual_objects_per_1000_words,95,0.081982,0.0,0.0,0.0,0.0,0.0,4.0,0.106821647,interim
combined_400,ICML,all,other,equations_per_1000_words,95,0.802935,0.0,0.0,0.0,0.0,0.0,12.345679,0.804036832,interim
combined_400,ICML,all,other,visual_share_within_main,99,0.003507,0.0,0.0,0.0,0.0,0.0,0.125,0.004100509,interim
combined_400,ICML,all,other,equation_share_within_main,94,0.032958,0.0,0.0,0.0,0.0,0.0,0.444444,0.029195165,interim
combined_400,ICML,all,other,main_word_share,57,0.049971,0.033154,0.027,0.01,0.078,0.0,0.5155,0.045868397,interim
combined_400,ICML,oral,abstract,present,49,1.0,1.0,1.0,1.0,1.0,1.0,1.0,1.0,interim
combined_400,ICML,oral,abstract,estimated_words,49,182.591837,174.806452,172.0,156.0,197.0,98.0,338.0,182.591836735,interim
combined_400,ICML,oral,abstract,main_word_share,48,0.030396,0.029434,0.03,0.025,0.033865,0.011,0.055,0.030396147,interim
combined_400,ICML,oral,abstract,figures,49,0.102041,0.0,0.0,0.0,0.0,0.0,1.0,0.102040816,interim
combined_400,ICML,oral,abstract,tables,49,0.0,0.0,0.0,0.0,0.0,0.0,0.0,0.0,interim
combined_400,ICML,oral,abstract,algorithms,49,0.0,0.0,0.0,0.0,0.0,0.0,0.0,0.0,interim
combined_400,ICML,oral,abstract,displayed_equations,49,0.0,0.0,0.0,0.0,0.0,0.0,0.0,0.0,interim
combined_400,ICML,oral,abstract,visual_objects,49,0.102041,0.0,0.0,0.0,0.0,0.0,1.0,0.102040816,interim
combined_400,ICML,oral,abstract,visual_objects_per_1000_words,49,0.452473,0.0,0.0,0.0,0.0,0.0,5.882353,0.452472884,interim
combined_400,ICML,oral,abstract,equations_per_1000_words,49,0.0,0.0,0.0,0.0,0.0,0.0,0.0,0.0,interim
combined_400,ICML,oral,abstract,visual_share_within_main,49,0.008214,0.0,0.0,0.0,0.0,0.0,0.125,0.008213658,interim
combined_400,ICML,oral,abstract,equation_share_within_main,46,0.0,0.0,0.0,0.0,0.0,0.0,0.0,0.0,interim
combined_400,ICML,oral,introduction,present,49,1.0,1.0,1.0,1.0,1.0,1.0,1.0,1.0,interim
combined_400,ICML,oral,introduction,estimated_words,49,891.979592,881.064516,900.0,700.0,1080.0,375.0,1440.0,891.979591837,interim
combined_400,ICML,oral,introduction,main_word_share,49,0.148078,0.144416,0.14,0.112,0.1771,0.039,0.298993,0.148077557,interim
combined_400,ICML,oral,introduction,figures,49,0.367347,0.290323,0.0,0.0,1.0,0.0,1.0,0.367346939,interim
combined_400,ICML,oral,introduction,tables,49,0.020408,0.0,0.0,0.0,0.0,0.0,1.0,0.020408163,interim
combined_400,ICML,oral,introduction,algorithms,49,0.040816,0.0,0.0,0.0,0.0,0.0,2.0,0.040816327,interim
combined_400,ICML,oral,introduction,displayed_equations,49,0.122449,0.0,0.0,0.0,0.0,0.0,3.0,0.12244898,interim
combined_400,ICML,oral,introduction,visual_objects,49,0.428571,0.322581,0.0,0.0,1.0,0.0,3.0,0.428571429,interim
combined_400,ICML,oral,introduction,visual_objects_per_1000_words,49,0.494904,0.31173,0.0,0.0,1.0,0.0,3.125,0.494903753,interim
combined_400,ICML,oral,introduction,equations_per_1000_words,49,0.132889,0.0,0.0,0.0,0.0,0.0,3.125,0.132889122,interim
combined_400,ICML,oral,introduction,visual_share_within_main,49,0.043209,0.023171,0.0,0.0,0.083333,0.0,0.272727,0.043208818,interim
combined_400,ICML,oral,introduction,equation_share_within_main,46,0.005098,0.0,0.0,0.0,0.0,0.0,0.117647,0.005098482,interim
combined_400,ICML,oral,related_work,present,49,0.979592,1.0,1.0,1.0,1.0,0.0,1.0,0.979591837,interim
combined_400,ICML,oral,related_work,estimated_words,49,617.918367,587.451613,615.0,430.0,730.0,0.0,1670.0,617.918367347,interim
combined_400,ICML,oral,related_work,main_word_share,47,0.089815,0.08982,0.086,0.062575,0.129,0.0,0.178,0.089814516,interim
combined_400,ICML,oral,related_work,figures,49,0.020408,0.0,0.0,0.0,0.0,0.0,1.0,0.020408163,interim
combined_400,ICML,oral,related_work,tables,49,0.0,0.0,0.0,0.0,0.0,0.0,0.0,0.0,interim
combined_400,ICML,oral,related_work,algorithms,49,0.0,0.0,0.0,0.0,0.0,0.0,0.0,0.0,interim
combined_400,ICML,oral,related_work,displayed_equations,49,0.040816,0.0,0.0,0.0,0.0,0.0,2.0,0.040816327,interim
combined_400,ICML,oral,related_work,visual_objects,49,0.020408,0.0,0.0,0.0,0.0,0.0,1.0,0.020408163,interim
combined_400,ICML,oral,related_work,visual_objects_per_1000_words,48,0.022401,0.0,0.0,0.0,0.0,0.0,1.075269,0.022401434,interim
combined_400,ICML,oral,related_work,equations_per_1000_words,48,0.067641,0.0,0.0,0.0,0.0,0.0,3.246753,0.067640693,interim
combined_400,ICML,oral,related_work,visual_share_within_main,49,0.001458,0.0,0.0,0.0,0.0,0.0,0.071429,0.001457726,interim
combined_400,ICML,oral,related_work,equation_share_within_main,46,0.002174,0.0,0.0,0.0,0.0,0.0,0.1,0.002173913,interim
combined_400,ICML,oral,method,present,49,1.0,1.0,1.0,1.0,1.0,1.0,1.0,1.0,interim
combined_400,ICML,oral,method,estimated_words,49,1479.734694,1455.419355,1485.0,1087.0,1840.0,320.0,3185.0,1479.734693878,interim
combined_400,ICML,oral,method,main_word_share,49,0.229726,0.226784,0.238,0.18,0.26,0.07,0.394,0.229725879,interim
combined_400,ICML,oral,method,figures,49,1.285714,1.16129,1.0,0.0,2.0,0.0,4.0,1.285714286,interim
combined_400,ICML,oral,method,tables,49,0.183673,0.0,0.0,0.0,0.0,0.0,2.0,0.183673469,interim
combined_400,ICML,oral,method,algorithms,49,0.510204,0.225806,0.0,0.0,1.0,0.0,4.0,0.510204082,interim
combined_400,ICML,oral,method,displayed_equations,49,7.061224,6.129032,6.0,3.0,9.0,0.0,25.0,7.06122449,interim
combined_400,ICML,oral,method,visual_objects,49,1.979592,1.870968,2.0,1.0,3.0,0.0,6.0,1.979591837,interim
combined_400,ICML,oral,method,visual_objects_per_1000_words,49,1.437422,1.197339,1.162791,0.8,1.574803,0.0,6.25,1.437421654,interim
combined_400,ICML,oral,method,equations_per_1000_words,49,4.81228,4.357086,4.125413,2.631579,6.666667,0.0,13.12336,4.812280477,interim
combined_400,ICML,oral,method,visual_share_within_main,49,0.183416,0.171607,0.176471,0.1,0.25,0.0,0.714286,0.18341606,interim
combined_400,ICML,oral,method,equation_share_within_main,46,0.568914,0.573349,0.590278,0.324405,0.825,0.0,1.0,0.568914439,interim
combined_400,ICML,oral,theory,present,49,0.632653,0.709677,1.0,0.0,1.0,0.0,1.0,0.632653061,interim
combined_400,ICML,oral,theory,estimated_words,49,900.020408,585.677419,660.0,0.0,1070.0,0.0,10525.0,900.020408163,interim
combined_400,ICML,oral,theory,main_word_share,47,0.121586,0.094676,0.107,0.0,0.195056,0.0,0.542,0.121585728,interim
combined_400,ICML,oral,theory,figures,49,0.367347,0.032258,0.0,0.0,0.0,0.0,6.0,0.367346939,interim
combined_400,ICML,oral,theory,tables,49,0.102041,0.0,0.0,0.0,0.0,0.0,1.0,0.102040816,interim
combined_400,ICML,oral,theory,algorithms,49,0.020408,0.0,0.0,0.0,0.0,0.0,1.0,0.020408163,interim
combined_400,ICML,oral,theory,displayed_equations,49,6.755102,4.258065,4.0,0.0,10.0,0.0,45.0,6.755102041,interim
combined_400,ICML,oral,theory,visual_objects,49,0.489796,0.032258,0.0,0.0,0.0,0.0,7.0,0.489795918,interim
combined_400,ICML,oral,theory,visual_objects_per_1000_words,31,0.652877,0.086865,0.0,0.0,0.408726,0.0,6.451613,0.652876557,interim
combined_400,ICML,oral,theory,equations_per_1000_words,31,8.756692,7.813276,8.602151,4.65368,9.789179,0.94697,23.287671,8.756691577,interim
combined_400,ICML,oral,theory,visual_share_within_main,49,0.054555,0.004608,0.0,0.0,0.0,0.0,0.5,0.054554754,interim
combined_400,ICML,oral,theory,equation_share_within_main,46,0.33277,0.290855,0.313725,0.0,0.554167,0.0,1.0,0.332770346,interim
combined_400,ICML,oral,experimental_design,present,49,0.979592,1.0,1.0,1.0,1.0,0.0,1.0,0.979591837,interim
combined_400,ICML,oral,experimental_design,estimated_words,49,679.020408,596.419355,600.0,450.0,770.0,0.0,2400.0,679.020408163,interim
combined_400,ICML,oral,experimental_design,main_word_share,49,0.104717,0.09717,0.095,0.0771,0.126,0.0,0.245,0.104716582,interim
combined_400,ICML,oral,experimental_design,figures,49,0.163265,0.0,0.0,0.0,0.0,0.0,2.0,0.163265306,interim
combined_400,ICML,oral,experimental_design,tables,49,0.183673,0.0,0.0,0.0,0.0,0.0,2.0,0.183673469,interim
combined_400,ICML,oral,experimental_design,algorithms,49,0.0,0.0,0.0,0.0,0.0,0.0,0.0,0.0,interim
combined_400,ICML,oral,experimental_design,displayed_equations,49,0.326531,0.0,0.0,0.0,0.0,0.0,5.0,0.326530612,interim
combined_400,ICML,oral,experimental_design,visual_objects,49,0.346939,0.096774,0.0,0.0,0.0,0.0,2.0,0.346938776,interim
combined_400,ICML,oral,experimental_design,visual_objects_per_1000_words,48,0.537018,0.093348,0.0,0.0,0.208333,0.0,4.255319,0.537017571,interim
combined_400,ICML,oral,experimental_design,equations_per_1000_words,48,0.553163,0.0,0.0,0.0,0.0,0.0,11.904762,0.553162526,interim
combined_400,ICML,oral,experimental_design,visual_share_within_main,49,0.032657,0.006144,0.0,0.0,0.0,0.0,0.285714,0.032656742,interim
combined_400,ICML,oral,experimental_design,equation_share_within_main,46,0.018234,0.0,0.0,0.0,0.0,0.0,0.263158,0.01823428,interim
combined_400,ICML,oral,results,present,49,0.979592,1.0,1.0,1.0,1.0,0.0,1.0,0.979591837,interim
combined_400,ICML,oral,results,estimated_words,49,1028.204082,967.387097,850.0,640.0,1350.0,0.0,2460.0,1028.204081633,interim
combined_400,ICML,oral,results,main_word_share,49,0.1588,0.155222,0.1557,0.11,0.196,0.0,0.302,0.158799849,interim
combined_400,ICML,oral,results,figures,49,2.836735,2.548387,3.0,1.0,4.0,0.0,9.0,2.836734694,interim
combined_400,ICML,oral,results,tables,49,2.081633,1.967742,2.0,1.0,3.0,0.0,7.0,2.081632653,interim
combined_400,ICML,oral,results,algorithms,49,0.0,0.0,0.0,0.0,0.0,0.0,0.0,0.0,interim
combined_400,ICML,oral,results,displayed_equations,49,0.285714,0.0,0.0,0.0,0.0,0.0,5.0,0.285714286,interim
combined_400,ICML,oral,results,visual_objects,49,4.918367,4.645161,5.0,3.0,6.0,0.0,13.0,4.918367347,interim
combined_400,ICML,oral,results,visual_objects_per_1000_words,48,5.671015,5.159634,5.263563,3.39306,6.657525,1.538462,16.981132,5.671014678,interim
combined_400,ICML,oral,results,equations_per_1000_words,48,0.377427,0.0,0.0,0.0,0.0,0.0,4.83871,0.377427384,interim
combined_400,ICML,oral,results,visual_share_within_main,49,0.473342,0.476943,0.5,0.4,0.571429,0.0,0.8,0.47334186,interim
combined_400,ICML,oral,results,equation_share_within_main,46,0.021982,0.0,0.0,0.0,0.0,0.0,0.294118,0.021982199,interim
combined_400,ICML,oral,ablation,present,49,0.795918,0.967742,1.0,1.0,1.0,0.0,1.0,0.795918367,interim
combined_400,ICML,oral,ablation,estimated_words,49,517.408163,388.225806,415.0,170.0,600.0,0.0,5624.0,517.408163265,interim
combined_400,ICML,oral,ablation,main_word_share,48,0.050491,0.043379,0.041277,0.0,0.079625,0.0,0.1782,0.050490737,interim
combined_400,ICML,oral,ablation,figures,49,3.816327,0.645161,0.0,0.0,2.0,0.0,128.0,3.816326531,interim
combined_400,ICML,oral,ablation,tables,49,1.020408,0.612903,0.0,0.0,2.0,0.0,8.0,1.020408163,interim
combined_400,ICML,oral,ablation,algorithms,49,0.0,0.0,0.0,0.0,0.0,0.0,0.0,0.0,interim
combined_400,ICML,oral,ablation,displayed_equations,49,0.102041,0.0,0.0,0.0,0.0,0.0,5.0,0.102040816,interim
combined_400,ICML,oral,ablation,visual_objects,49,4.836735,1.677419,1.0,0.0,3.0,0.0,128.0,4.836734694,interim
combined_400,ICML,oral,ablation,visual_share_within_main,49,0.198615,0.164499,0.142857,0.0,0.3,0.0,0.955224,0.198615234,interim
combined_400,ICML,oral,ablation,equation_share_within_main,46,0.007246,0.0,0.0,0.0,0.0,0.0,0.333333,0.007246377,interim
combined_400,ICML,oral,ablation,visual_objects_per_1000_words,38,5.876917,5.032562,4.790591,2.797619,7.85163,0.0,22.759602,5.876917277,interim
combined_400,ICML,oral,ablation,equations_per_1000_words,38,0.023396,0.0,0.0,0.0,0.0,0.0,0.889047,0.023395972,interim
combined_400,ICML,oral,conclusion,present,49,0.918367,1.0,1.0,1.0,1.0,0.0,1.0,0.918367347,interim
combined_400,ICML,oral,conclusion,estimated_words,49,177.367347,172.258065,170.0,130.0,220.0,0.0,490.0,177.367346939,interim
combined_400,ICML,oral,conclusion,main_word_share,49,0.028548,0.027689,0.028,0.02,0.033,0.0,0.08,0.028548435,interim
combined_400,ICML,oral,conclusion,figures,49,0.0,0.0,0.0,0.0,0.0,0.0,0.0,0.0,interim
combined_400,ICML,oral,conclusion,tables,49,0.0,0.0,0.0,0.0,0.0,0.0,0.0,0.0,interim
combined_400,ICML,oral,conclusion,algorithms,49,0.0,0.0,0.0,0.0,0.0,0.0,0.0,0.0,interim
combined_400,ICML,oral,conclusion,displayed_equations,49,0.0,0.0,0.0,0.0,0.0,0.0,0.0,0.0,interim
combined_400,ICML,oral,conclusion,visual_objects,49,0.0,0.0,0.0,0.0,0.0,0.0,0.0,0.0,interim
combined_400,ICML,oral,conclusion,visual_objects_per_1000_words,45,0.0,0.0,0.0,0.0,0.0,0.0,0.0,0.0,interim
combined_400,ICML,oral,conclusion,equations_per_1000_words,45,0.0,0.0,0.0,0.0,0.0,0.0,0.0,0.0,interim
combined_400,ICML,oral,conclusion,visual_share_within_main,49,0.0,0.0,0.0,0.0,0.0,0.0,0.0,0.0,interim
combined_400,ICML,oral,conclusion,equation_share_within_main,46,0.0,0.0,0.0,0.0,0.0,0.0,0.0,0.0,interim
combined_400,ICML,oral,limitations,present,49,0.816327,1.0,1.0,1.0,1.0,0.0,1.0,0.816326531,interim
combined_400,ICML,oral,limitations,estimated_words,49,193.469388,149.709677,120.0,60.0,260.0,0.0,1570.0,193.469387755,interim
combined_400,ICML,oral,limitations,main_word_share,46,0.024777,0.018562,0.02,0.0087,0.03325,0.0,0.167,0.024776625,interim
combined_400,ICML,oral,limitations,figures,49,0.020408,0.0,0.0,0.0,0.0,0.0,1.0,0.020408163,interim
combined_400,ICML,oral,limitations,tables,49,0.0,0.0,0.0,0.0,0.0,0.0,0.0,0.0,interim
combined_400,ICML,oral,limitations,algorithms,49,0.0,0.0,0.0,0.0,0.0,0.0,0.0,0.0,interim
combined_400,ICML,oral,limitations,displayed_equations,49,0.0,0.0,0.0,0.0,0.0,0.0,0.0,0.0,interim
combined_400,ICML,oral,limitations,visual_objects,49,0.020408,0.0,0.0,0.0,0.0,0.0,1.0,0.020408163,interim
combined_400,ICML,oral,limitations,visual_objects_per_1000_words,40,0.083333,0.0,0.0,0.0,0.0,0.0,3.333333,0.083333333,interim
combined_400,ICML,oral,limitations,equations_per_1000_words,40,0.0,0.0,0.0,0.0,0.0,0.0,0.0,0.0,interim
combined_400,ICML,oral,limitations,visual_share_within_main,49,0.002268,0.0,0.0,0.0,0.0,0.0,0.111111,0.002267574,interim
combined_400,ICML,oral,limitations,equation_share_within_main,46,0.0,0.0,0.0,0.0,0.0,0.0,0.0,0.0,interim
combined_400,ICML,oral,appendix,present,49,1.0,1.0,1.0,1.0,1.0,1.0,1.0,1.0,interim
combined_400,ICML,oral,appendix,estimated_words,49,6702.428571,5455.709677,4615.0,2774.0,8950.0,0.0,29300.0,6702.428571429,interim
combined_400,ICML,oral,appendix,figures,49,9.204082,5.354839,5.0,2.0,9.0,0.0,130.0,9.204081633,interim
combined_400,ICML,oral,appendix,tables,49,5.326531,3.870968,4.0,1.0,7.0,0.0,24.0,5.326530612,interim
combined_400,ICML,oral,appendix,algorithms,49,0.653061,0.290323,0.0,0.0,1.0,0.0,6.0,0.653061224,interim
combined_400,ICML,oral,appendix,displayed_equations,49,31.102041,14.193548,9.0,1.0,33.0,0.0,225.0,31.102040816,interim
combined_400,ICML,oral,appendix,visual_objects,49,15.183673,10.967742,10.0,6.0,19.0,0.0,131.0,15.183673469,interim
combined_400,ICML,oral,appendix,visual_objects_per_1000_words,48,2.741825,2.302704,2.24837,1.28564,3.513439,0.0,14.925373,2.741824763,interim
combined_400,ICML,oral,appendix,equations_per_1000_words,48,4.235263,2.737626,1.631357,0.264188,7.604006,0.0,17.58886,4.235262501,interim
combined_400,ICML,oral,appendix,visual_share_within_main,49,1.312895,1.164295,1.071429,0.545455,1.8,0.0,4.2,1.312894505,interim
combined_400,ICML,oral,appendix,equation_share_within_main,46,1.919638,1.160357,1.0,0.1875,2.194118,0.0,8.727273,1.919637772,interim
combined_400,ICML,oral,appendix,main_word_share,8,0.0,0.0,0.0,0.0,0.0,0.0,0.0,0.0,interim
combined_400,ICML,oral,other,present,49,0.979592,1.0,1.0,1.0,1.0,0.0,1.0,0.979591837,interim
combined_400,ICML,oral,other,estimated_words,49,1130.142857,943.032258,854.0,145.0,1890.0,0.0,4975.0,1130.142857143,interim
combined_400,ICML,oral,other,main_word_share,31,0.058585,0.03467,0.026,0.0075,0.090415,0.0,0.5155,0.058585405,interim
combined_400,ICML,oral,other,figures,49,0.020408,0.0,0.0,0.0,0.0,0.0,1.0,0.020408163,interim
combined_400,ICML,oral,other,tables,49,0.0,0.0,0.0,0.0,0.0,0.0,0.0,0.0,interim
combined_400,ICML,oral,other,algorithms,49,0.0,0.0,0.0,0.0,0.0,0.0,0.0,0.0,interim
combined_400,ICML,oral,other,displayed_equations,49,0.530612,0.0,0.0,0.0,0.0,0.0,6.0,0.530612245,interim
combined_400,ICML,oral,other,visual_objects,49,0.020408,0.0,0.0,0.0,0.0,0.0,1.0,0.020408163,interim
combined_400,ICML,oral,other,visual_objects_per_1000_words,47,0.027278,0.0,0.0,0.0,0.0,0.0,1.282051,0.027277687,interim
combined_400,ICML,oral,other,equations_per_1000_words,47,0.838603,0.0,0.0,0.0,0.0,0.0,11.428571,0.83860295,interim
combined_400,ICML,oral,other,visual_share_within_main,49,0.002268,0.0,0.0,0.0,0.0,0.0,0.111111,0.002267574,interim
combined_400,ICML,oral,other,equation_share_within_main,46,0.04358,0.0,0.0,0.0,0.0,0.0,0.444444,0.043579964,interim
combined_400,ICML,outstanding,abstract,present,2,1.0,1.0,1.0,1.0,1.0,1.0,1.0,1.0,interim
combined_400,ICML,outstanding,abstract,estimated_words,2,127.5,127.5,127.5,106.75,148.25,86.0,169.0,127.5,interim
combined_400,ICML,outstanding,abstract,main_word_share,2,0.022,0.022,0.022,0.018,0.026,0.014,0.03,0.022,interim
combined_400,ICML,outstanding,abstract,figures,2,0.0,0.0,0.0,0.0,0.0,0.0,0.0,0.0,interim
combined_400,ICML,outstanding,abstract,tables,2,0.0,0.0,0.0,0.0,0.0,0.0,0.0,0.0,interim
combined_400,ICML,outstanding,abstract,algorithms,2,0.0,0.0,0.0,0.0,0.0,0.0,0.0,0.0,interim
combined_400,ICML,outstanding,abstract,displayed_equations,2,0.0,0.0,0.0,0.0,0.0,0.0,0.0,0.0,interim
combined_400,ICML,outstanding,abstract,visual_objects,2,0.0,0.0,0.0,0.0,0.0,0.0,0.0,0.0,interim
combined_400,ICML,outstanding,abstract,visual_objects_per_1000_words,2,0.0,0.0,0.0,0.0,0.0,0.0,0.0,0.0,interim
combined_400,ICML,outstanding,abstract,equations_per_1000_words,2,0.0,0.0,0.0,0.0,0.0,0.0,0.0,0.0,interim
combined_400,ICML,outstanding,abstract,visual_share_within_main,2,0.0,0.0,0.0,0.0,0.0,0.0,0.0,0.0,interim
combined_400,ICML,outstanding,abstract,equation_share_within_main,2,0.0,0.0,0.0,0.0,0.0,0.0,0.0,0.0,interim
combined_400,ICML,outstanding,introduction,present,2,1.0,1.0,1.0,1.0,1.0,1.0,1.0,1.0,interim
combined_400,ICML,outstanding,introduction,estimated_words,2,1366.0,1366.0,1366.0,1259.0,1473.0,1152.0,1580.0,1366.0,interim
combined_400,ICML,outstanding,introduction,main_word_share,2,0.2275,0.2275,0.2275,0.21625,0.23875,0.205,0.25,0.2275,interim
combined_400,ICML,outstanding,introduction,figures,2,0.5,0.5,0.5,0.25,0.75,0.0,1.0,0.5,interim
combined_400,ICML,outstanding,introduction,tables,2,0.0,0.0,0.0,0.0,0.0,0.0,0.0,0.0,interim
combined_400,ICML,outstanding,introduction,algorithms,2,0.0,0.0,0.0,0.0,0.0,0.0,0.0,0.0,interim
combined_400,ICML,outstanding,introduction,displayed_equations,2,1.0,1.0,1.0,0.5,1.5,0.0,2.0,1.0,interim
combined_400,ICML,outstanding,introduction,visual_objects,2,0.5,0.5,0.5,0.25,0.75,0.0,1.0,0.5,interim
combined_400,ICML,outstanding,introduction,visual_objects_per_1000_words,2,0.434028,0.434028,0.434028,0.217014,0.651042,0.0,0.868056,0.434027778,interim
combined_400,ICML,outstanding,introduction,equations_per_1000_words,2,0.632911,0.632911,0.632911,0.316456,0.949367,0.0,1.265823,0.632911392,interim
combined_400,ICML,outstanding,introduction,visual_share_within_main,2,0.045455,0.045455,0.045455,0.022727,0.068182,0.0,0.090909,0.045454545,interim
combined_400,ICML,outstanding,introduction,equation_share_within_main,2,0.05,0.05,0.05,0.025,0.075,0.0,0.1,0.05,interim
combined_400,ICML,outstanding,related_work,present,2,1.0,1.0,1.0,1.0,1.0,1.0,1.0,1.0,interim
combined_400,ICML,outstanding,related_work,estimated_words,2,543.0,543.0,543.0,421.5,664.5,300.0,786.0,543.0,interim
combined_400,ICML,outstanding,related_work,main_word_share,2,0.0935,0.0935,0.0935,0.07025,0.11675,0.047,0.14,0.0935,interim
combined_400,ICML,outstanding,related_work,figures,2,0.0,0.0,0.0,0.0,0.0,0.0,0.0,0.0,interim
combined_400,ICML,outstanding,related_work,tables,2,0.0,0.0,0.0,0.0,0.0,0.0,0.0,0.0,interim
combined_400,ICML,outstanding,related_work,algorithms,2,0.0,0.0,0.0,0.0,0.0,0.0,0.0,0.0,interim
combined_400,ICML,outstanding,related_work,displayed_equations,2,0.0,0.0,0.0,0.0,0.0,0.0,0.0,0.0,interim
combined_400,ICML,outstanding,related_work,visual_objects,2,0.0,0.0,0.0,0.0,0.0,0.0,0.0,0.0,interim
combined_400,ICML,outstanding,related_work,visual_objects_per_1000_words,2,0.0,0.0,0.0,0.0,0.0,0.0,0.0,0.0,interim
combined_400,ICML,outstanding,related_work,equations_per_1000_words,2,0.0,0.0,0.0,0.0,0.0,0.0,0.0,0.0,interim
combined_400,ICML,outstanding,related_work,visual_share_within_main,2,0.0,0.0,0.0,0.0,0.0,0.0,0.0,0.0,interim
combined_400,ICML,outstanding,related_work,equation_share_within_main,2,0.0,0.0,0.0,0.0,0.0,0.0,0.0,0.0,interim
combined_400,ICML,outstanding,method,present,2,1.0,1.0,1.0,1.0,1.0,1.0,1.0,1.0,interim
combined_400,ICML,outstanding,method,estimated_words,2,1506.0,1506.0,1506.0,1174.0,1838.0,842.0,2170.0,1506.0,interim
combined_400,ICML,outstanding,method,main_word_share,2,0.2465,0.2465,0.2465,0.19825,0.29475,0.15,0.343,0.2465,interim
combined_400,ICML,outstanding,method,figures,2,0.0,0.0,0.0,0.0,0.0,0.0,0.0,0.0,interim
combined_400,ICML,outstanding,method,tables,2,0.0,0.0,0.0,0.0,0.0,0.0,0.0,0.0,interim
combined_400,ICML,outstanding,method,algorithms,2,1.0,1.0,1.0,0.5,1.5,0.0,2.0,1.0,interim
combined_400,ICML,outstanding,method,displayed_equations,2,9.0,9.0,9.0,7.5,10.5,6.0,12.0,9.0,interim
combined_400,ICML,outstanding,method,visual_objects,2,1.0,1.0,1.0,0.5,1.5,0.0,2.0,1.0,interim
combined_400,ICML,outstanding,method,visual_objects_per_1000_words,2,0.460829,0.460829,0.460829,0.230415,0.691244,0.0,0.921659,0.460829493,interim
combined_400,ICML,outstanding,method,equations_per_1000_words,2,6.327922,6.327922,6.327922,5.928938,6.726907,5.529954,7.125891,6.327922327,interim
combined_400,ICML,outstanding,method,visual_share_within_main,2,0.333333,0.333333,0.333333,0.166667,0.5,0.0,0.666667,0.333333333,interim
combined_400,ICML,outstanding,method,equation_share_within_main,2,0.675,0.675,0.675,0.6375,0.7125,0.6,0.75,0.675,interim
combined_400,ICML,outstanding,theory,present,2,1.0,1.0,1.0,1.0,1.0,1.0,1.0,1.0,interim
combined_400,ICML,outstanding,theory,estimated_words,2,1267.5,1267.5,1267.5,858.75,1676.25,450.0,2085.0,1267.5,interim
combined_400,ICML,outstanding,theory,main_word_share,2,0.205,0.205,0.205,0.1425,0.2675,0.08,0.33,0.205,interim
combined_400,ICML,outstanding,theory,figures,2,1.5,1.5,1.5,0.75,2.25,0.0,3.0,1.5,interim
combined_400,ICML,outstanding,theory,tables,2,0.0,0.0,0.0,0.0,0.0,0.0,0.0,0.0,interim
combined_400,ICML,outstanding,theory,algorithms,2,0.5,0.5,0.5,0.25,0.75,0.0,1.0,0.5,interim
combined_400,ICML,outstanding,theory,displayed_equations,2,4.0,4.0,4.0,3.0,5.0,2.0,6.0,4.0,interim
combined_400,ICML,outstanding,theory,visual_objects,2,2.0,2.0,2.0,1.5,2.5,1.0,3.0,2.0,interim
combined_400,ICML,outstanding,theory,visual_objects_per_1000_words,2,3.573141,3.573141,3.573141,2.026379,5.119904,0.479616,6.666667,3.573141487,interim
combined_400,ICML,outstanding,theory,equations_per_1000_words,2,3.661071,3.661071,3.661071,3.269384,4.052758,2.877698,4.444444,3.661071143,interim
combined_400,ICML,outstanding,theory,visual_share_within_main,2,0.30303,0.30303,0.30303,0.287879,0.318182,0.272727,0.333333,0.303030303,interim
combined_400,ICML,outstanding,theory,equation_share_within_main,2,0.275,0.275,0.275,0.2625,0.2875,0.25,0.3,0.275,interim
combined_400,ICML,outstanding,experimental_design,present,2,0.5,0.5,0.5,0.25,0.75,0.0,1.0,0.5,interim
combined_400,ICML,outstanding,experimental_design,estimated_words,2,266.5,266.5,266.5,133.25,399.75,0.0,533.0,266.5,interim
combined_400,ICML,outstanding,experimental_design,main_word_share,2,0.0475,0.0475,0.0475,0.02375,0.07125,0.0,0.095,0.0475,interim
combined_400,ICML,outstanding,experimental_design,figures,2,0.0,0.0,0.0,0.0,0.0,0.0,0.0,0.0,interim
combined_400,ICML,outstanding,experimental_design,tables,2,0.0,0.0,0.0,0.0,0.0,0.0,0.0,0.0,interim
combined_400,ICML,outstanding,experimental_design,algorithms,2,0.0,0.0,0.0,0.0,0.0,0.0,0.0,0.0,interim
combined_400,ICML,outstanding,experimental_design,displayed_equations,2,0.0,0.0,0.0,0.0,0.0,0.0,0.0,0.0,interim
combined_400,ICML,outstanding,experimental_design,visual_objects,2,0.0,0.0,0.0,0.0,0.0,0.0,0.0,0.0,interim
combined_400,ICML,outstanding,experimental_design,visual_share_within_main,2,0.0,0.0,0.0,0.0,0.0,0.0,0.0,0.0,interim
combined_400,ICML,outstanding,experimental_design,equation_share_within_main,2,0.0,0.0,0.0,0.0,0.0,0.0,0.0,0.0,interim
combined_400,ICML,outstanding,experimental_design,visual_objects_per_1000_words,1,0.0,0.0,0.0,0.0,0.0,0.0,0.0,0.0,interim
combined_400,ICML,outstanding,experimental_design,equations_per_1000_words,1,0.0,0.0,0.0,0.0,0.0,0.0,0.0,0.0,interim
combined_400,ICML,outstanding,results,present,2,0.5,0.5,0.5,0.25,0.75,0.0,1.0,0.5,interim
combined_400,ICML,outstanding,results,estimated_words,2,675.5,675.5,675.5,337.75,1013.25,0.0,1351.0,675.5,interim
combined_400,ICML,outstanding,results,main_word_share,2,0.1275,0.1275,0.1275,0.06375,0.19125,0.0,0.255,0.1275,interim
combined_400,ICML,outstanding,results,figures,2,2.5,2.5,2.5,1.25,3.75,0.0,5.0,2.5,interim
combined_400,ICML,outstanding,results,tables,2,1.0,1.0,1.0,0.5,1.5,0.0,2.0,1.0,interim
combined_400,ICML,outstanding,results,algorithms,2,0.0,0.0,0.0,0.0,0.0,0.0,0.0,0.0,interim
combined_400,ICML,outstanding,results,displayed_equations,2,0.0,0.0,0.0,0.0,0.0,0.0,0.0,0.0,interim
combined_400,ICML,outstanding,results,visual_objects,2,3.5,3.5,3.5,1.75,5.25,0.0,7.0,3.5,interim
combined_400,ICML,outstanding,results,visual_share_within_main,2,0.318182,0.318182,0.318182,0.159091,0.477273,0.0,0.636364,0.318181818,interim
combined_400,ICML,outstanding,results,equation_share_within_main,2,0.0,0.0,0.0,0.0,0.0,0.0,0.0,0.0,interim
combined_400,ICML,outstanding,results,visual_objects_per_1000_words,1,5.181347,5.181347,5.181347,5.181347,5.181347,5.181347,5.181347,5.18134715,interim
combined_400,ICML,outstanding,results,equations_per_1000_words,1,0.0,0.0,0.0,0.0,0.0,0.0,0.0,0.0,interim
combined_400,ICML,outstanding,ablation,present,2,0.0,0.0,0.0,0.0,0.0,0.0,0.0,0.0,interim
combined_400,ICML,outstanding,ablation,estimated_words,2,0.0,0.0,0.0,0.0,0.0,0.0,0.0,0.0,interim
combined_400,ICML,outstanding,ablation,main_word_share,2,0.0,0.0,0.0,0.0,0.0,0.0,0.0,0.0,interim
combined_400,ICML,outstanding,ablation,figures,2,0.0,0.0,0.0,0.0,0.0,0.0,0.0,0.0,interim
combined_400,ICML,outstanding,ablation,tables,2,0.0,0.0,0.0,0.0,0.0,0.0,0.0,0.0,interim
combined_400,ICML,outstanding,ablation,algorithms,2,0.0,0.0,0.0,0.0,0.0,0.0,0.0,0.0,interim
combined_400,ICML,outstanding,ablation,displayed_equations,2,0.0,0.0,0.0,0.0,0.0,0.0,0.0,0.0,interim
combined_400,ICML,outstanding,ablation,visual_objects,2,0.0,0.0,0.0,0.0,0.0,0.0,0.0,0.0,interim
combined_400,ICML,outstanding,ablation,visual_share_within_main,2,0.0,0.0,0.0,0.0,0.0,0.0,0.0,0.0,interim
combined_400,ICML,outstanding,ablation,equation_share_within_main,2,0.0,0.0,0.0,0.0,0.0,0.0,0.0,0.0,interim
combined_400,ICML,outstanding,conclusion,present,2,1.0,1.0,1.0,1.0,1.0,1.0,1.0,1.0,interim
combined_400,ICML,outstanding,conclusion,estimated_words,2,164.5,164.5,164.5,134.75,194.25,105.0,224.0,164.5,interim
combined_400,ICML,outstanding,conclusion,main_word_share,2,0.028,0.028,0.028,0.022,0.034,0.016,0.04,0.028,interim
combined_400,ICML,outstanding,conclusion,figures,2,0.0,0.0,0.0,0.0,0.0,0.0,0.0,0.0,interim
combined_400,ICML,outstanding,conclusion,tables,2,0.0,0.0,0.0,0.0,0.0,0.0,0.0,0.0,interim
combined_400,ICML,outstanding,conclusion,algorithms,2,0.0,0.0,0.0,0.0,0.0,0.0,0.0,0.0,interim
combined_400,ICML,outstanding,conclusion,displayed_equations,2,0.0,0.0,0.0,0.0,0.0,0.0,0.0,0.0,interim
combined_400,ICML,outstanding,conclusion,visual_objects,2,0.0,0.0,0.0,0.0,0.0,0.0,0.0,0.0,interim
combined_400,ICML,outstanding,conclusion,visual_objects_per_1000_words,2,0.0,0.0,0.0,0.0,0.0,0.0,0.0,0.0,interim
combined_400,ICML,outstanding,conclusion,equations_per_1000_words,2,0.0,0.0,0.0,0.0,0.0,0.0,0.0,0.0,interim
combined_400,ICML,outstanding,conclusion,visual_share_within_main,2,0.0,0.0,0.0,0.0,0.0,0.0,0.0,0.0,interim
combined_400,ICML,outstanding,conclusion,equation_share_within_main,2,0.0,0.0,0.0,0.0,0.0,0.0,0.0,0.0,interim
combined_400,ICML,outstanding,limitations,present,2,0.0,0.0,0.0,0.0,0.0,0.0,0.0,0.0,interim
combined_400,ICML,outstanding,limitations,estimated_words,2,0.0,0.0,0.0,0.0,0.0,0.0,0.0,0.0,interim
combined_400,ICML,outstanding,limitations,main_word_share,2,0.0,0.0,0.0,0.0,0.0,0.0,0.0,0.0,interim
combined_400,ICML,outstanding,limitations,figures,2,0.0,0.0,0.0,0.0,0.0,0.0,0.0,0.0,interim
combined_400,ICML,outstanding,limitations,tables,2,0.0,0.0,0.0,0.0,0.0,0.0,0.0,0.0,interim
combined_400,ICML,outstanding,limitations,algorithms,2,0.0,0.0,0.0,0.0,0.0,0.0,0.0,0.0,interim
combined_400,ICML,outstanding,limitations,displayed_equations,2,0.0,0.0,0.0,0.0,0.0,0.0,0.0,0.0,interim
combined_400,ICML,outstanding,limitations,visual_objects,2,0.0,0.0,0.0,0.0,0.0,0.0,0.0,0.0,interim
combined_400,ICML,outstanding,limitations,visual_share_within_main,2,0.0,0.0,0.0,0.0,0.0,0.0,0.0,0.0,interim
combined_400,ICML,outstanding,limitations,equation_share_within_main,2,0.0,0.0,0.0,0.0,0.0,0.0,0.0,0.0,interim
combined_400,ICML,outstanding,appendix,present,2,1.0,1.0,1.0,1.0,1.0,1.0,1.0,1.0,interim
combined_400,ICML,outstanding,appendix,estimated_words,2,8209.5,8209.5,8209.5,4924.25,11494.75,1639.0,14780.0,8209.5,interim
combined_400,ICML,outstanding,appendix,figures,2,1.5,1.5,1.5,0.75,2.25,0.0,3.0,1.5,interim
combined_400,ICML,outstanding,appendix,tables,2,2.0,2.0,2.0,1.0,3.0,0.0,4.0,2.0,interim
combined_400,ICML,outstanding,appendix,algorithms,2,0.0,0.0,0.0,0.0,0.0,0.0,0.0,0.0,interim
combined_400,ICML,outstanding,appendix,displayed_equations,2,12.0,12.0,12.0,6.5,17.5,1.0,23.0,12.0,interim
combined_400,ICML,outstanding,appendix,visual_objects,2,3.5,3.5,3.5,1.75,5.25,0.0,7.0,3.5,interim
combined_400,ICML,outstanding,appendix,visual_objects_per_1000_words,2,2.135448,2.135448,2.135448,1.067724,3.203173,0.0,4.270897,2.135448444,interim
combined_400,ICML,outstanding,appendix,equations_per_1000_words,2,1.083143,1.083143,1.083143,0.846635,1.31965,0.610128,1.556157,1.083142548,interim
combined_400,ICML,outstanding,appendix,visual_share_within_main,2,0.318182,0.318182,0.318182,0.159091,0.477273,0.0,0.636364,0.318181818,interim
combined_400,ICML,outstanding,appendix,equation_share_within_main,2,0.6375,0.6375,0.6375,0.38125,0.89375,0.125,1.15,0.6375,interim
combined_400,ICML,outstanding,other,present,2,1.0,1.0,1.0,1.0,1.0,1.0,1.0,1.0,interim
combined_400,ICML,outstanding,other,estimated_words,2,1123.0,1123.0,1123.0,911.5,1334.5,700.0,1546.0,1123.0,interim
combined_400,ICML,outstanding,other,figures,2,0.0,0.0,0.0,0.0,0.0,0.0,0.0,0.0,interim
combined_400,ICML,outstanding,other,tables,2,0.0,0.0,0.0,0.0,0.0,0.0,0.0,0.0,interim
combined_400,ICML,outstanding,other,algorithms,2,0.0,0.0,0.0,0.0,0.0,0.0,0.0,0.0,interim
combined_400,ICML,outstanding,other,displayed_equations,2,0.0,0.0,0.0,0.0,0.0,0.0,0.0,0.0,interim
combined_400,ICML,outstanding,other,visual_objects,2,0.0,0.0,0.0,0.0,0.0,0.0,0.0,0.0,interim
combined_400,ICML,outstanding,other,visual_objects_per_1000_words,2,0.0,0.0,0.0,0.0,0.0,0.0,0.0,0.0,interim
combined_400,ICML,outstanding,other,equations_per_1000_words,2,0.0,0.0,0.0,0.0,0.0,0.0,0.0,0.0,interim
combined_400,ICML,outstanding,other,visual_share_within_main,2,0.0,0.0,0.0,0.0,0.0,0.0,0.0,0.0,interim
combined_400,ICML,outstanding,other,equation_share_within_main,2,0.0,0.0,0.0,0.0,0.0,0.0,0.0,0.0,interim
combined_400,ICML,spotlight,abstract,present,49,1.0,1.0,1.0,1.0,1.0,1.0,1.0,1.0,interim
combined_400,ICML,spotlight,abstract,estimated_words,49,178.571429,173.806452,173.0,152.0,198.0,110.0,266.0,178.571428571,interim
combined_400,ICML,spotlight,abstract,main_word_share,49,0.032358,0.031686,0.031171,0.027,0.035,0.0172,0.059,0.032357599,interim
combined_400,ICML,spotlight,abstract,figures,49,0.081633,0.0,0.0,0.0,0.0,0.0,1.0,0.081632653,interim
combined_400,ICML,spotlight,abstract,tables,49,0.0,0.0,0.0,0.0,0.0,0.0,0.0,0.0,interim
combined_400,ICML,spotlight,abstract,algorithms,49,0.0,0.0,0.0,0.0,0.0,0.0,0.0,0.0,interim
combined_400,ICML,spotlight,abstract,displayed_equations,49,0.0,0.0,0.0,0.0,0.0,0.0,0.0,0.0,interim
combined_400,ICML,spotlight,abstract,visual_objects,49,0.081633,0.0,0.0,0.0,0.0,0.0,1.0,0.081632653,interim
combined_400,ICML,spotlight,abstract,visual_objects_per_1000_words,49,0.483635,0.0,0.0,0.0,0.0,0.0,6.802721,0.483634533,interim
combined_400,ICML,spotlight,abstract,equations_per_1000_words,49,0.0,0.0,0.0,0.0,0.0,0.0,0.0,0.0,interim
combined_400,ICML,spotlight,abstract,visual_share_within_main,48,0.008919,0.0,0.0,0.0,0.0,0.0,0.142857,0.008919032,interim
combined_400,ICML,spotlight,abstract,equation_share_within_main,46,0.0,0.0,0.0,0.0,0.0,0.0,0.0,0.0,interim
combined_400,ICML,spotlight,introduction,present,49,1.0,1.0,1.0,1.0,1.0,1.0,1.0,1.0,interim
combined_400,ICML,spotlight,introduction,estimated_words,49,838.285714,823.258065,815.0,680.0,983.0,475.0,1500.0,838.285714286,interim
combined_400,ICML,spotlight,introduction,main_word_share,49,0.147831,0.146733,0.141,0.124,0.176577,0.083,0.235,0.14783098,interim
combined_400,ICML,spotlight,introduction,figures,49,0.530612,0.483871,0.0,0.0,1.0,0.0,2.0,0.530612245,interim
combined_400,ICML,spotlight,introduction,tables,49,0.020408,0.0,0.0,0.0,0.0,0.0,1.0,0.020408163,interim
combined_400,ICML,spotlight,introduction,algorithms,49,0.0,0.0,0.0,0.0,0.0,0.0,0.0,0.0,interim
combined_400,ICML,spotlight,introduction,displayed_equations,49,0.142857,0.0,0.0,0.0,0.0,0.0,2.0,0.142857143,interim
combined_400,ICML,spotlight,introduction,visual_objects,49,0.55102,0.516129,1.0,0.0,1.0,0.0,2.0,0.551020408,interim
combined_400,ICML,spotlight,introduction,visual_objects_per_1000_words,49,0.705834,0.604634,0.826446,0.0,1.342282,0.0,2.105263,0.705833505,interim
combined_400,ICML,spotlight,introduction,equations_per_1000_words,49,0.160041,0.0,0.0,0.0,0.0,0.0,2.797203,0.160040855,interim
combined_400,ICML,spotlight,introduction,visual_share_within_main,48,0.055838,0.043995,0.055556,0.0,0.102778,0.0,0.25,0.055838172,interim
combined_400,ICML,spotlight,introduction,equation_share_within_main,46,0.00845,0.0,0.0,0.0,0.0,0.0,0.105263,0.008449659,interim
combined_400,ICML,spotlight,related_work,present,49,1.0,1.0,1.0,1.0,1.0,1.0,1.0,1.0,interim
combined_400,ICML,spotlight,related_work,estimated_words,49,582.183673,548.258065,550.0,436.0,670.0,210.0,1405.0,582.183673469,interim
combined_400,ICML,spotlight,related_work,main_word_share,47,0.088616,0.09102,0.0917,0.071909,0.10885,0.0,0.185071,0.088616025,interim
combined_400,ICML,spotlight,related_work,figures,49,0.020408,0.0,0.0,0.0,0.0,0.0,1.0,0.020408163,interim
combined_400,ICML,spotlight,related_work,tables,49,0.0,0.0,0.0,0.0,0.0,0.0,0.0,0.0,interim
combined_400,ICML,spotlight,related_work,algorithms,49,0.0,0.0,0.0,0.0,0.0,0.0,0.0,0.0,interim
combined_400,ICML,spotlight,related_work,displayed_equations,49,0.020408,0.0,0.0,0.0,0.0,0.0,1.0,0.020408163,interim
combined_400,ICML,spotlight,related_work,visual_objects,49,0.020408,0.0,0.0,0.0,0.0,0.0,1.0,0.020408163,interim
combined_400,ICML,spotlight,related_work,visual_objects_per_1000_words,49,0.022427,0.0,0.0,0.0,0.0,0.0,1.098901,0.022426553,interim
combined_400,ICML,spotlight,related_work,equations_per_1000_words,49,0.01582,0.0,0.0,0.0,0.0,0.0,0.775194,0.015820282,interim
combined_400,ICML,spotlight,related_work,visual_share_within_main,48,0.002976,0.0,0.0,0.0,0.0,0.0,0.142857,0.00297619,interim
combined_400,ICML,spotlight,related_work,equation_share_within_main,46,0.001672,0.0,0.0,0.0,0.0,0.0,0.076923,0.001672241,interim
combined_400,ICML,spotlight,method,present,49,1.0,1.0,1.0,1.0,1.0,1.0,1.0,1.0,interim
combined_400,ICML,spotlight,method,estimated_words,49,1416.306122,1353.806452,1362.0,830.0,1800.0,364.0,3310.0,1416.306122449,interim
combined_400,ICML,spotlight,method,main_word_share,49,0.243305,0.234478,0.234,0.17284,0.289,0.081,0.523847,0.243304906,interim
combined_400,ICML,spotlight,method,figures,49,1.244898,1.064516,1.0,1.0,2.0,0.0,5.0,1.244897959,interim
combined_400,ICML,spotlight,method,tables,49,0.081633,0.0,0.0,0.0,0.0,0.0,1.0,0.081632653,interim
combined_400,ICML,spotlight,method,algorithms,49,0.44898,0.225806,0.0,0.0,1.0,0.0,3.0,0.448979592,interim
combined_400,ICML,spotlight,method,displayed_equations,49,7.367347,5.806452,5.0,3.0,9.0,0.0,27.0,7.367346939,interim
combined_400,ICML,spotlight,method,visual_objects,49,1.77551,1.677419,2.0,1.0,3.0,0.0,5.0,1.775510204,interim
combined_400,ICML,spotlight,method,visual_objects_per_1000_words,49,1.383843,1.29357,1.40647,0.735294,1.676914,0.0,4.911591,1.383842808,interim
combined_400,ICML,spotlight,method,equations_per_1000_words,49,5.459807,4.759417,4.098361,2.347418,8.338679,0.0,16.923077,5.459807143,interim
combined_400,ICML,spotlight,method,visual_share_within_main,48,0.201339,0.184115,0.166667,0.108333,0.285714,0.0,0.6,0.201338646,interim
combined_400,ICML,spotlight,method,equation_share_within_main,46,0.573624,0.582266,0.607692,0.313322,0.796429,0.0,1.0,0.573623995,interim
combined_400,ICML,spotlight,theory,present,49,0.693878,0.806452,1.0,0.0,1.0,0.0,1.0,0.693877551,interim
combined_400,ICML,spotlight,theory,estimated_words,49,1019.979592,558.0,500.0,0.0,1080.0,0.0,14280.0,1019.979591837,interim
combined_400,ICML,spotlight,theory,figures,49,0.265306,0.032258,0.0,0.0,0.0,0.0,3.0,0.265306122,interim
combined_400,ICML,spotlight,theory,tables,49,0.040816,0.0,0.0,0.0,0.0,0.0,1.0,0.040816327,interim
combined_400,ICML,spotlight,theory,algorithms,49,0.0,0.0,0.0,0.0,0.0,0.0,0.0,0.0,interim
combined_400,ICML,spotlight,theory,displayed_equations,49,9.734694,3.064516,3.0,0.0,6.0,0.0,262.0,9.734693878,interim
combined_400,ICML,spotlight,theory,visual_objects,49,0.306122,0.064516,0.0,0.0,0.0,0.0,3.0,0.306122449,interim
combined_400,ICML,spotlight,theory,visual_objects_per_1000_words,34,0.598267,0.135633,0.0,0.0,0.636603,0.0,4.761905,0.598267436,interim
combined_400,ICML,spotlight,theory,equations_per_1000_words,34,7.749894,6.934736,5.832869,4.136364,10.192875,0.0,24.705882,7.749893779,interim
combined_400,ICML,spotlight,theory,visual_share_within_main,48,0.035961,0.003704,0.0,0.0,0.0,0.0,0.4,0.035960865,interim
combined_400,ICML,spotlight,theory,equation_share_within_main,46,0.353844,0.327433,0.348485,0.0,0.592857,0.0,1.0,0.353843848,interim
combined_400,ICML,spotlight,theory,main_word_share,46,0.104019,0.088896,0.08455,0.0,0.17265,0.0,0.312,0.104018956,interim
combined_400,ICML,spotlight,experimental_design,present,49,0.979592,1.0,1.0,1.0,1.0,0.0,1.0,0.979591837,interim
combined_400,ICML,spotlight,experimental_design,estimated_words,49,613.979592,569.419355,570.0,440.0,702.0,0.0,2000.0,613.979591837,interim
combined_400,ICML,spotlight,experimental_design,main_word_share,49,0.100073,0.098824,0.0986,0.0775,0.127705,0.0,0.2004,0.100072956,interim
combined_400,ICML,spotlight,experimental_design,figures,49,0.163265,0.0,0.0,0.0,0.0,0.0,2.0,0.163265306,interim
combined_400,ICML,spotlight,experimental_design,tables,49,0.122449,0.0,0.0,0.0,0.0,0.0,3.0,0.12244898,interim
combined_400,ICML,spotlight,experimental_design,algorithms,49,0.0,0.0,0.0,0.0,0.0,0.0,0.0,0.0,interim
combined_400,ICML,spotlight,experimental_design,displayed_equations,49,0.244898,0.0,0.0,0.0,0.0,0.0,4.0,0.244897959,interim
combined_400,ICML,spotlight,experimental_design,visual_objects,49,0.285714,0.0,0.0,0.0,0.0,0.0,5.0,0.285714286,interim
combined_400,ICML,spotlight,experimental_design,visual_objects_per_1000_words,48,0.491111,0.0,0.0,0.0,0.0,0.0,10.067114,0.491110671,interim
combined_400,ICML,spotlight,experimental_design,equations_per_1000_words,48,0.523974,0.0,0.0,0.0,0.0,0.0,7.936508,0.523974265,interim
combined_400,ICML,spotlight,experimental_design,visual_share_within_main,48,0.023059,0.0,0.0,0.0,0.0,0.0,0.294118,0.023058986,interim
combined_400,ICML,spotlight,experimental_design,equation_share_within_main,46,0.025691,0.0,0.0,0.0,0.0,0.0,0.5,0.025690597,interim
combined_400,ICML,spotlight,results,present,49,0.979592,1.0,1.0,1.0,1.0,0.0,1.0,0.979591837,interim
combined_400,ICML,spotlight,results,estimated_words,49,930.836735,860.774194,842.0,609.0,1178.0,0.0,2528.0,930.836734694,interim
combined_400,ICML,spotlight,results,main_word_share,49,0.164646,0.15241,0.143,0.1,0.2041,0.0,0.415,0.164645685,interim
combined_400,ICML,spotlight,results,figures,49,2.408163,2.032258,2.0,1.0,3.0,0.0,10.0,2.408163265,interim
combined_400,ICML,spotlight,results,tables,49,2.244898,2.032258,2.0,1.0,3.0,0.0,8.0,2.244897959,interim
combined_400,ICML,spotlight,results,algorithms,49,0.0,0.0,0.0,0.0,0.0,0.0,0.0,0.0,interim
combined_400,ICML,spotlight,results,displayed_equations,49,0.061224,0.0,0.0,0.0,0.0,0.0,2.0,0.06122449,interim
combined_400,ICML,spotlight,results,visual_objects,49,4.653061,4.322581,4.0,3.0,6.0,0.0,12.0,4.653061224,interim
combined_400,ICML,spotlight,results,visual_objects_per_1000_words,48,5.557205,5.217069,5.351288,3.67922,6.420388,2.020202,14.754098,5.557205463,interim
combined_400,ICML,spotlight,results,equations_per_1000_words,48,0.071232,0.0,0.0,0.0,0.0,0.0,2.375297,0.071232047,interim
combined_400,ICML,spotlight,results,visual_share_within_main,48,0.503373,0.482644,0.461538,0.397222,0.60625,0.230769,1.0,0.50337265,interim
combined_400,ICML,spotlight,results,equation_share_within_main,46,0.007325,0.0,0.0,0.0,0.0,0.0,0.25,0.007325142,interim
combined_400,ICML,spotlight,ablation,present,49,0.77551,0.935484,1.0,1.0,1.0,0.0,1.0,0.775510204,interim
combined_400,ICML,spotlight,ablation,estimated_words,49,351.959184,322.677419,335.0,120.0,520.0,0.0,1878.0,351.959183673,interim
combined_400,ICML,spotlight,ablation,figures,49,0.979592,0.580645,1.0,0.0,1.0,0.0,7.0,0.979591837,interim
combined_400,ICML,spotlight,ablation,tables,49,0.693878,0.483871,0.0,0.0,1.0,0.0,3.0,0.693877551,interim
combined_400,ICML,spotlight,ablation,algorithms,49,0.0,0.0,0.0,0.0,0.0,0.0,0.0,0.0,interim
combined_400,ICML,spotlight,ablation,displayed_equations,49,0.102041,0.0,0.0,0.0,0.0,0.0,4.0,0.102040816,interim
combined_400,ICML,spotlight,ablation,visual_objects,49,1.673469,1.387097,1.0,0.0,3.0,0.0,7.0,1.673469388,interim
combined_400,ICML,spotlight,ablation,visual_objects_per_1000_words,38,4.807692,4.573926,4.09699,2.952151,7.083134,0.0,10.822511,4.807692346,interim
combined_400,ICML,spotlight,ablation,equations_per_1000_words,38,0.287443,0.0,0.0,0.0,0.0,0.0,9.73236,0.28744306,interim
combined_400,ICML,spotlight,ablation,visual_share_within_main,48,0.163616,0.146482,0.153846,0.0,0.25,0.0,0.5,0.163616476,interim
combined_400,ICML,spotlight,ablation,equation_share_within_main,46,0.005625,0.0,0.0,0.0,0.0,0.0,0.181818,0.00562481,interim
combined_400,ICML,spotlight,ablation,main_word_share,47,0.053575,0.049796,0.051073,0.0,0.0915,0.0,0.1569,0.053574597,interim
combined_400,ICML,spotlight,conclusion,present,49,0.979592,1.0,1.0,1.0,1.0,0.0,1.0,0.979591837,interim
combined_400,ICML,spotlight,conclusion,estimated_words,49,169.857143,147.741935,135.0,109.0,220.0,0.0,580.0,169.857142857,interim
combined_400,ICML,spotlight,conclusion,main_word_share,49,0.029431,0.026662,0.025499,0.021,0.0337,0.0,0.0785,0.029430771,interim
combined_400,ICML,spotlight,conclusion,figures,49,0.0,0.0,0.0,0.0,0.0,0.0,0.0,0.0,interim
combined_400,ICML,spotlight,conclusion,tables,49,0.0,0.0,0.0,0.0,0.0,0.0,0.0,0.0,interim
combined_400,ICML,spotlight,conclusion,algorithms,49,0.0,0.0,0.0,0.0,0.0,0.0,0.0,0.0,interim
combined_400,ICML,spotlight,conclusion,displayed_equations,49,0.0,0.0,0.0,0.0,0.0,0.0,0.0,0.0,interim
combined_400,ICML,spotlight,conclusion,visual_objects,49,0.0,0.0,0.0,0.0,0.0,0.0,0.0,0.0,interim
combined_400,ICML,spotlight,conclusion,visual_objects_per_1000_words,48,0.0,0.0,0.0,0.0,0.0,0.0,0.0,0.0,interim
combined_400,ICML,spotlight,conclusion,equations_per_1000_words,48,0.0,0.0,0.0,0.0,0.0,0.0,0.0,0.0,interim
combined_400,ICML,spotlight,conclusion,visual_share_within_main,48,0.0,0.0,0.0,0.0,0.0,0.0,0.0,0.0,interim
combined_400,ICML,spotlight,conclusion,equation_share_within_main,46,0.0,0.0,0.0,0.0,0.0,0.0,0.0,0.0,interim
combined_400,ICML,spotlight,limitations,present,49,0.755102,0.903226,1.0,1.0,1.0,0.0,1.0,0.755102041,interim
combined_400,ICML,spotlight,limitations,estimated_words,49,176.040816,135.225806,135.0,25.0,251.0,0.0,700.0,176.040816327,interim
combined_400,ICML,spotlight,limitations,main_word_share,42,0.024408,0.019338,0.02,0.0,0.035682,0.0,0.0875,0.024408169,interim
combined_400,ICML,spotlight,limitations,figures,49,0.0,0.0,0.0,0.0,0.0,0.0,0.0,0.0,interim
combined_400,ICML,spotlight,limitations,tables,49,0.0,0.0,0.0,0.0,0.0,0.0,0.0,0.0,interim
combined_400,ICML,spotlight,limitations,algorithms,49,0.0,0.0,0.0,0.0,0.0,0.0,0.0,0.0,interim
combined_400,ICML,spotlight,limitations,displayed_equations,49,0.0,0.0,0.0,0.0,0.0,0.0,0.0,0.0,interim
combined_400,ICML,spotlight,limitations,visual_objects,49,0.0,0.0,0.0,0.0,0.0,0.0,0.0,0.0,interim
combined_400,ICML,spotlight,limitations,visual_objects_per_1000_words,37,0.0,0.0,0.0,0.0,0.0,0.0,0.0,0.0,interim
combined_400,ICML,spotlight,limitations,equations_per_1000_words,37,0.0,0.0,0.0,0.0,0.0,0.0,0.0,0.0,interim
combined_400,ICML,spotlight,limitations,visual_share_within_main,48,0.0,0.0,0.0,0.0,0.0,0.0,0.0,0.0,interim
combined_400,ICML,spotlight,limitations,equation_share_within_main,46,0.0,0.0,0.0,0.0,0.0,0.0,0.0,0.0,interim
combined_400,ICML,spotlight,appendix,present,49,0.979592,1.0,1.0,1.0,1.0,0.0,1.0,0.979591837,interim
combined_400,ICML,spotlight,appendix,estimated_words,49,6075.061224,4537.709677,4120.0,2667.0,7065.0,0.0,29300.0,6075.06122449,interim
combined_400,ICML,spotlight,appendix,figures,49,6.836735,4.16129,4.0,1.0,8.0,0.0,76.0,6.836734694,interim
combined_400,ICML,spotlight,appendix,tables,49,4.938776,3.483871,3.0,1.0,6.0,0.0,24.0,4.93877551,interim
combined_400,ICML,spotlight,appendix,algorithms,49,0.714286,0.258065,0.0,0.0,1.0,0.0,7.0,0.714285714,interim
combined_400,ICML,spotlight,appendix,displayed_equations,49,21.673469,12.032258,10.0,2.0,24.0,0.0,125.0,21.673469388,interim
combined_400,ICML,spotlight,appendix,visual_objects,49,12.489796,9.806452,8.0,5.0,17.0,0.0,89.0,12.489795918,interim
combined_400,ICML,spotlight,appendix,visual_objects_per_1000_words,47,2.728798,2.190668,2.0,1.187095,3.394368,0.0,9.64975,2.728798165,interim
combined_400,ICML,spotlight,appendix,equations_per_1000_words,47,4.401692,3.1858,3.680982,0.27268,6.25945,0.0,27.298851,4.401692365,interim
combined_400,ICML,spotlight,appendix,visual_share_within_main,48,1.636051,1.118433,0.867521,0.633523,1.804545,0.0,14.833333,1.636051399,interim
combined_400,ICML,spotlight,appendix,equation_share_within_main,46,1.775475,1.154636,1.033333,0.033675,2.692105,0.0,12.5,1.775474576,interim
combined_400,ICML,spotlight,appendix,main_word_share,7,0.0,0.0,0.0,0.0,0.0,0.0,0.0,0.0,interim
combined_400,ICML,spotlight,other,present,49,0.938776,1.0,1.0,1.0,1.0,0.0,1.0,0.93877551,interim
combined_400,ICML,spotlight,other,estimated_words,49,975.122449,754.709677,404.0,243.0,1659.0,0.0,4100.0,975.12244898,interim
combined_400,ICML,spotlight,other,main_word_share,26,0.039701,0.033534,0.03085,0.011812,0.056487,0.0,0.135,0.039700566,interim
combined_400,ICML,spotlight,other,figures,49,0.040816,0.0,0.0,0.0,0.0,0.0,1.0,0.040816327,interim
combined_400,ICML,spotlight,other,tables,49,0.0,0.0,0.0,0.0,0.0,0.0,0.0,0.0,interim
combined_400,ICML,spotlight,other,algorithms,49,0.0,0.0,0.0,0.0,0.0,0.0,0.0,0.0,interim
combined_400,ICML,spotlight,other,displayed_equations,49,0.265306,0.0,0.0,0.0,0.0,0.0,4.0,0.265306122,interim
combined_400,ICML,spotlight,other,visual_objects,49,0.040816,0.0,0.0,0.0,0.0,0.0,1.0,0.040816327,interim
combined_400,ICML,spotlight,other,visual_objects_per_1000_words,46,0.141441,0.0,0.0,0.0,0.0,0.0,4.0,0.141440558,interim
combined_400,ICML,spotlight,other,equations_per_1000_words,46,0.801402,0.0,0.0,0.0,0.0,0.0,12.345679,0.801402077,interim
combined_400,ICML,spotlight,other,visual_share_within_main,48,0.004919,0.0,0.0,0.0,0.0,0.0,0.125,0.004918981,interim
combined_400,ICML,spotlight,other,equation_share_within_main,46,0.02377,0.0,0.0,0.0,0.0,0.0,0.307692,0.023769709,interim
