analysis_view,conference,analysis_stratum,dimension,value,papers,papers_present,paper_prevalence,design_weighted_prevalence,mean_count_per_paper,median_count_per_paper,status
foundation_200,ICLR,all,abstract_function,core_idea,15,14,0.933333333,0.968202466,0.933333333,1.0,interim
foundation_200,ICLR,all,abstract_function,experimental_setup,15,12,0.8,0.824140169,0.8,1.0,interim
foundation_200,ICLR,all,abstract_function,impact_claim,15,15,1.0,1.0,1.0,1.0,interim
foundation_200,ICLR,all,abstract_function,limitation,15,2,0.133333333,0.144062297,0.133333333,0.0,interim
foundation_200,ICLR,all,abstract_function,method,15,14,0.933333333,0.968202466,0.933333333,1.0,interim
foundation_200,ICLR,all,abstract_function,object_scope,15,15,1.0,1.0,1.0,1.0,interim
foundation_200,ICLR,all,abstract_function,problem_gap,15,14,0.933333333,0.968202466,0.933333333,1.0,interim
foundation_200,ICLR,all,abstract_function,qualitative_result,15,14,0.933333333,0.927968851,0.933333333,1.0,interim
foundation_200,ICLR,all,abstract_function,quantitative_result,15,10,0.666666667,0.680077872,0.666666667,1.0,interim
foundation_200,ICLR,all,abstract_function,theory,15,4,0.266666667,0.24789098,0.266666667,0.0,interim
foundation_200,ICLR,all,appendix_category,ablation,15,5,0.333333333,0.319922128,0.6,0.0,interim
foundation_200,ICLR,all,appendix_category,additional_result,15,11,0.733333333,0.75210902,1.733333333,1.0,interim
foundation_200,ICLR,all,appendix_category,dataset_detail,15,4,0.266666667,0.288124594,0.533333333,0.0,interim
foundation_200,ICLR,all,appendix_category,ethics_impact,15,3,0.2,0.216093446,0.2,0.0,interim
foundation_200,ICLR,all,appendix_category,extended_method,15,5,0.333333333,0.319922128,0.533333333,0.0,interim
foundation_200,ICLR,all,appendix_category,failure_case,15,3,0.2,0.216093446,0.266666667,0.0,interim
foundation_200,ICLR,all,appendix_category,hyperparameter,15,2,0.133333333,0.144062297,0.133333333,0.0,interim
foundation_200,ICLR,all,appendix_category,implementation_detail,15,11,0.733333333,0.75210902,1.0,1.0,interim
foundation_200,ICLR,all,appendix_category,other,15,11,0.733333333,0.75210902,1.0,1.0,interim
foundation_200,ICLR,all,appendix_category,proof,15,2,0.133333333,0.103828683,0.533333333,0.0,interim
foundation_200,ICLR,all,appendix_category,qualitative_example,15,7,0.466666667,0.463984426,0.6,0.0,interim
foundation_200,ICLR,all,appendix_category,reproducibility,15,8,0.533333333,0.536015574,0.733333333,1.0,interim
foundation_200,ICLR,all,appendix_category,robustness,15,7,0.466666667,0.463984426,0.666666667,0.0,interim
foundation_200,ICLR,all,claim_status,closed,15,12,0.8,0.783906554,2.133333333,2.0,interim
foundation_200,ICLR,all,claim_status,not_testable_here,15,2,0.133333333,0.103828683,0.2,0.0,interim
foundation_200,ICLR,all,claim_status,open,15,4,0.266666667,0.288124594,0.333333333,0.0,interim
foundation_200,ICLR,all,claim_status,partially_closed,15,15,1.0,1.0,5.2,6.0,interim
foundation_200,ICLR,all,limitation_type,assumption,15,1,0.066666667,0.072031149,0.133333333,0.0,interim
foundation_200,ICLR,all,limitation_type,baseline,15,1,0.066666667,0.072031149,0.066666667,0.0,interim
foundation_200,ICLR,all,limitation_type,compute,15,1,0.066666667,0.072031149,0.066666667,0.0,interim
foundation_200,ICLR,all,limitation_type,data,15,2,0.133333333,0.144062297,0.2,0.0,interim
foundation_200,ICLR,all,limitation_type,deployment,15,1,0.066666667,0.072031149,0.066666667,0.0,interim
foundation_200,ICLR,all,limitation_type,generality,15,2,0.133333333,0.144062297,0.133333333,0.0,interim
foundation_200,ICLR,all,limitation_type,metric,15,2,0.133333333,0.144062297,0.133333333,0.0,interim
foundation_200,ICLR,all,limitation_type,scope,15,1,0.066666667,0.072031149,0.133333333,0.0,interim
foundation_200,ICLR,all,limitation_type,unspecified,15,13,0.866666667,0.855937703,6.733333333,7.0,interim
foundation_200,ICLR,all,statistical_field_reported,aggregation_units,15,1,0.066666667,0.072031149,0.066666667,0.0,interim
foundation_200,ICLR,all,statistical_field_reported,bayesian,15,0,0.0,0.0,0.0,0.0,interim
foundation_200,ICLR,all,statistical_field_reported,bootstrap,15,0,0.0,0.0,0.0,0.0,interim
foundation_200,ICLR,all,statistical_field_reported,central_tendency,15,1,0.066666667,0.072031149,0.066666667,0.0,interim
foundation_200,ICLR,all,statistical_field_reported,correlation,15,0,0.0,0.0,0.0,0.0,interim
foundation_200,ICLR,all,statistical_field_reported,dispersion,15,0,0.0,0.0,0.0,0.0,interim
foundation_200,ICLR,all,statistical_field_reported,hypothesis_tests,15,0,0.0,0.0,0.0,0.0,interim
foundation_200,ICLR,all,statistical_field_reported,intervals,15,0,0.0,0.0,0.0,0.0,interim
foundation_200,ICLR,all,statistical_field_reported,multiple_comparisons,15,0,0.0,0.0,0.0,0.0,interim
foundation_200,ICLR,all,statistical_field_reported,regression,15,0,0.0,0.0,0.0,0.0,interim
foundation_200,ICLR,all,statistical_field_reported,seed_hierarchy,15,1,0.066666667,0.072031149,0.066666667,0.0,interim
foundation_200,ICLR,all,statistical_field_reported,significance_language,15,1,0.066666667,0.072031149,0.066666667,0.0,interim
foundation_200,ICLR,all,statistical_field_reported,substantive_vs_statistical,15,1,0.066666667,0.072031149,0.066666667,0.0,interim
foundation_200,ICLR,all,statistical_field_reported,uncertainty_reported,15,1,0.066666667,0.072031149,0.066666667,0.0,interim
foundation_200,ICLR,all,theory_kind,corollary,15,1,0.066666667,0.031797534,0.2,0.0,interim
foundation_200,ICLR,all,theory_kind,displayed_equation,15,6,0.4,0.391953277,1.533333333,0.0,interim
foundation_200,ICLR,all,theory_kind,lemma,15,1,0.066666667,0.031797534,0.133333333,0.0,interim
foundation_200,ICLR,all,theory_kind,numbered_equation,15,11,0.733333333,0.75210902,4.333333333,4.0,interim
foundation_200,ICLR,all,theory_kind,proof,15,2,0.133333333,0.103828683,0.533333333,0.0,interim
foundation_200,ICLR,all,theory_kind,proposition,15,1,0.066666667,0.031797534,0.466666667,0.0,interim
foundation_200,ICLR,all,theory_kind,theorem,15,1,0.066666667,0.031797534,0.266666667,0.0,interim
foundation_200,ICLR,all,theory_role,core_chain,15,13,0.866666667,0.855937703,5.533333333,4.0,interim
foundation_200,ICLR,all,theory_role,diagnostic,15,3,0.2,0.135626217,0.333333333,0.0,interim
foundation_200,ICLR,all,theory_role,explanation,15,7,0.466666667,0.423750811,1.133333333,0.0,interim
foundation_200,ICLR,all,theory_role,guarantee,15,2,0.133333333,0.103828683,0.466666667,0.0,interim
foundation_200,ICLR,all,visual_kind,algorithm,15,1,0.066666667,0.072031149,0.066666667,0.0,interim
foundation_200,ICLR,all,visual_kind,figure,15,14,0.933333333,0.968202466,8.266666667,7.0,interim
foundation_200,ICLR,all,visual_kind,table,15,14,0.933333333,0.968202466,8.333333333,9.0,interim
foundation_200,ICLR,all,visual_module,ablation,15,13,0.866666667,0.936404932,1.8,1.0,interim
foundation_200,ICLR,all,visual_module,abstract,15,1,0.066666667,0.031797534,0.066666667,0.0,interim
foundation_200,ICLR,all,visual_module,appendix,15,12,0.8,0.824140169,7.333333333,5.0,interim
foundation_200,ICLR,all,visual_module,experimental_design,15,5,0.333333333,0.319922128,0.8,0.0,interim
foundation_200,ICLR,all,visual_module,introduction,15,7,0.466666667,0.50421804,0.6,0.0,interim
foundation_200,ICLR,all,visual_module,limitations,15,1,0.066666667,0.072031149,0.2,0.0,interim
foundation_200,ICLR,all,visual_module,method,15,14,0.933333333,0.968202466,1.533333333,2.0,interim
foundation_200,ICLR,all,visual_module,other,15,1,0.066666667,0.072031149,0.066666667,0.0,interim
foundation_200,ICLR,all,visual_module,related_work,15,3,0.2,0.216093446,0.2,0.0,interim
foundation_200,ICLR,all,visual_module,results,15,14,0.933333333,0.968202466,3.866666667,4.0,interim
foundation_200,ICLR,all,visual_module,theory,15,2,0.133333333,0.144062297,0.2,0.0,interim
foundation_200,ICLR,oral,abstract_function,core_idea,13,13,1.0,1.0,1.0,1.0,interim
foundation_200,ICLR,oral,abstract_function,experimental_setup,13,11,0.846153846,0.846153846,0.846153846,1.0,interim
foundation_200,ICLR,oral,abstract_function,impact_claim,13,13,1.0,1.0,1.0,1.0,interim
foundation_200,ICLR,oral,abstract_function,limitation,13,2,0.153846154,0.153846154,0.153846154,0.0,interim
foundation_200,ICLR,oral,abstract_function,method,13,13,1.0,1.0,1.0,1.0,interim
foundation_200,ICLR,oral,abstract_function,object_scope,13,13,1.0,1.0,1.0,1.0,interim
foundation_200,ICLR,oral,abstract_function,problem_gap,13,13,1.0,1.0,1.0,1.0,interim
foundation_200,ICLR,oral,abstract_function,qualitative_result,13,12,0.923076923,0.923076923,0.923076923,1.0,interim
foundation_200,ICLR,oral,abstract_function,quantitative_result,13,9,0.692307692,0.692307692,0.692307692,1.0,interim
foundation_200,ICLR,oral,abstract_function,theory,13,3,0.230769231,0.230769231,0.230769231,0.0,interim
foundation_200,ICLR,oral,appendix_category,ablation,13,4,0.307692308,0.307692308,0.384615385,0.0,interim
foundation_200,ICLR,oral,appendix_category,additional_result,13,10,0.769230769,0.769230769,1.923076923,2.0,interim
foundation_200,ICLR,oral,appendix_category,dataset_detail,13,4,0.307692308,0.307692308,0.615384615,0.0,interim
foundation_200,ICLR,oral,appendix_category,ethics_impact,13,3,0.230769231,0.230769231,0.230769231,0.0,interim
foundation_200,ICLR,oral,appendix_category,extended_method,13,4,0.307692308,0.307692308,0.384615385,0.0,interim
foundation_200,ICLR,oral,appendix_category,failure_case,13,3,0.230769231,0.230769231,0.307692308,0.0,interim
foundation_200,ICLR,oral,appendix_category,hyperparameter,13,2,0.153846154,0.153846154,0.153846154,0.0,interim
foundation_200,ICLR,oral,appendix_category,implementation_detail,13,10,0.769230769,0.769230769,1.0,1.0,interim
foundation_200,ICLR,oral,appendix_category,other,13,10,0.769230769,0.769230769,1.0,1.0,interim
foundation_200,ICLR,oral,appendix_category,proof,13,1,0.076923077,0.076923077,0.076923077,0.0,interim
foundation_200,ICLR,oral,appendix_category,qualitative_example,13,6,0.461538462,0.461538462,0.615384615,0.0,interim
foundation_200,ICLR,oral,appendix_category,reproducibility,13,7,0.538461538,0.538461538,0.692307692,1.0,interim
foundation_200,ICLR,oral,appendix_category,robustness,13,6,0.461538462,0.461538462,0.692307692,0.0,interim
foundation_200,ICLR,oral,claim_status,closed,13,10,0.769230769,0.769230769,1.769230769,2.0,interim
foundation_200,ICLR,oral,claim_status,not_testable_here,13,1,0.076923077,0.076923077,0.076923077,0.0,interim
foundation_200,ICLR,oral,claim_status,open,13,4,0.307692308,0.307692308,0.384615385,0.0,interim
foundation_200,ICLR,oral,claim_status,partially_closed,13,13,1.0,1.0,5.615384615,6.0,interim
foundation_200,ICLR,oral,limitation_type,assumption,13,1,0.076923077,0.076923077,0.153846154,0.0,interim
foundation_200,ICLR,oral,limitation_type,baseline,13,1,0.076923077,0.076923077,0.076923077,0.0,interim
foundation_200,ICLR,oral,limitation_type,compute,13,1,0.076923077,0.076923077,0.076923077,0.0,interim
foundation_200,ICLR,oral,limitation_type,data,13,2,0.153846154,0.153846154,0.230769231,0.0,interim
foundation_200,ICLR,oral,limitation_type,deployment,13,1,0.076923077,0.076923077,0.076923077,0.0,interim
foundation_200,ICLR,oral,limitation_type,generality,13,2,0.153846154,0.153846154,0.153846154,0.0,interim
foundation_200,ICLR,oral,limitation_type,metric,13,2,0.153846154,0.153846154,0.153846154,0.0,interim
foundation_200,ICLR,oral,limitation_type,scope,13,1,0.076923077,0.076923077,0.153846154,0.0,interim
foundation_200,ICLR,oral,limitation_type,unspecified,13,11,0.846153846,0.846153846,6.153846154,7.0,interim
foundation_200,ICLR,oral,statistical_field_reported,aggregation_units,13,1,0.076923077,0.076923077,0.076923077,0.0,interim
foundation_200,ICLR,oral,statistical_field_reported,bayesian,13,0,0.0,0.0,0.0,0.0,interim
foundation_200,ICLR,oral,statistical_field_reported,bootstrap,13,0,0.0,0.0,0.0,0.0,interim
foundation_200,ICLR,oral,statistical_field_reported,central_tendency,13,1,0.076923077,0.076923077,0.076923077,0.0,interim
foundation_200,ICLR,oral,statistical_field_reported,correlation,13,0,0.0,0.0,0.0,0.0,interim
foundation_200,ICLR,oral,statistical_field_reported,dispersion,13,0,0.0,0.0,0.0,0.0,interim
foundation_200,ICLR,oral,statistical_field_reported,hypothesis_tests,13,0,0.0,0.0,0.0,0.0,interim
foundation_200,ICLR,oral,statistical_field_reported,intervals,13,0,0.0,0.0,0.0,0.0,interim
foundation_200,ICLR,oral,statistical_field_reported,multiple_comparisons,13,0,0.0,0.0,0.0,0.0,interim
foundation_200,ICLR,oral,statistical_field_reported,regression,13,0,0.0,0.0,0.0,0.0,interim
foundation_200,ICLR,oral,statistical_field_reported,seed_hierarchy,13,1,0.076923077,0.076923077,0.076923077,0.0,interim
foundation_200,ICLR,oral,statistical_field_reported,significance_language,13,1,0.076923077,0.076923077,0.076923077,0.0,interim
foundation_200,ICLR,oral,statistical_field_reported,substantive_vs_statistical,13,1,0.076923077,0.076923077,0.076923077,0.0,interim
foundation_200,ICLR,oral,statistical_field_reported,uncertainty_reported,13,1,0.076923077,0.076923077,0.076923077,0.0,interim
foundation_200,ICLR,oral,theory_kind,displayed_equation,13,5,0.384615385,0.384615385,1.153846154,0.0,interim
foundation_200,ICLR,oral,theory_kind,numbered_equation,13,10,0.769230769,0.769230769,4.076923077,4.0,interim
foundation_200,ICLR,oral,theory_kind,proof,13,1,0.076923077,0.076923077,0.076923077,0.0,interim
foundation_200,ICLR,oral,theory_role,core_chain,13,11,0.846153846,0.846153846,4.307692308,4.0,interim
foundation_200,ICLR,oral,theory_role,diagnostic,13,1,0.076923077,0.076923077,0.153846154,0.0,interim
foundation_200,ICLR,oral,theory_role,explanation,13,5,0.384615385,0.384615385,0.615384615,0.0,interim
foundation_200,ICLR,oral,theory_role,guarantee,13,1,0.076923077,0.076923077,0.230769231,0.0,interim
foundation_200,ICLR,oral,visual_kind,algorithm,13,1,0.076923077,0.076923077,0.076923077,0.0,interim
foundation_200,ICLR,oral,visual_kind,figure,13,13,1.0,1.0,8.769230769,7.0,interim
foundation_200,ICLR,oral,visual_kind,table,13,13,1.0,1.0,8.846153846,9.0,interim
foundation_200,ICLR,oral,visual_module,ablation,13,13,1.0,1.0,2.076923077,2.0,interim
foundation_200,ICLR,oral,visual_module,appendix,13,11,0.846153846,0.846153846,7.384615385,5.0,interim
foundation_200,ICLR,oral,visual_module,experimental_design,13,4,0.307692308,0.307692308,0.846153846,0.0,interim
foundation_200,ICLR,oral,visual_module,introduction,13,7,0.538461538,0.538461538,0.692307692,1.0,interim
foundation_200,ICLR,oral,visual_module,limitations,13,1,0.076923077,0.076923077,0.230769231,0.0,interim
foundation_200,ICLR,oral,visual_module,method,13,13,1.0,1.0,1.615384615,2.0,interim
foundation_200,ICLR,oral,visual_module,other,13,1,0.076923077,0.076923077,0.076923077,0.0,interim
foundation_200,ICLR,oral,visual_module,related_work,13,3,0.230769231,0.230769231,0.230769231,0.0,interim
foundation_200,ICLR,oral,visual_module,results,13,13,1.0,1.0,4.307692308,4.0,interim
foundation_200,ICLR,oral,visual_module,theory,13,2,0.153846154,0.153846154,0.230769231,0.0,interim
foundation_200,ICLR,outstanding,abstract_function,core_idea,2,1,0.5,0.5,0.5,0.5,interim
foundation_200,ICLR,outstanding,abstract_function,experimental_setup,2,1,0.5,0.5,0.5,0.5,interim
foundation_200,ICLR,outstanding,abstract_function,impact_claim,2,2,1.0,1.0,1.0,1.0,interim
foundation_200,ICLR,outstanding,abstract_function,limitation,2,0,0.0,0.0,0.0,0.0,interim
foundation_200,ICLR,outstanding,abstract_function,method,2,1,0.5,0.5,0.5,0.5,interim
foundation_200,ICLR,outstanding,abstract_function,object_scope,2,2,1.0,1.0,1.0,1.0,interim
foundation_200,ICLR,outstanding,abstract_function,problem_gap,2,1,0.5,0.5,0.5,0.5,interim
foundation_200,ICLR,outstanding,abstract_function,qualitative_result,2,2,1.0,1.0,1.0,1.0,interim
foundation_200,ICLR,outstanding,abstract_function,quantitative_result,2,1,0.5,0.5,0.5,0.5,interim
foundation_200,ICLR,outstanding,abstract_function,theory,2,1,0.5,0.5,0.5,0.5,interim
foundation_200,ICLR,outstanding,appendix_category,ablation,2,1,0.5,0.5,2.0,2.0,interim
foundation_200,ICLR,outstanding,appendix_category,additional_result,2,1,0.5,0.5,0.5,0.5,interim
foundation_200,ICLR,outstanding,appendix_category,extended_method,2,1,0.5,0.5,1.5,1.5,interim
foundation_200,ICLR,outstanding,appendix_category,implementation_detail,2,1,0.5,0.5,1.0,1.0,interim
foundation_200,ICLR,outstanding,appendix_category,other,2,1,0.5,0.5,1.0,1.0,interim
foundation_200,ICLR,outstanding,appendix_category,proof,2,1,0.5,0.5,3.5,3.5,interim
foundation_200,ICLR,outstanding,appendix_category,qualitative_example,2,1,0.5,0.5,0.5,0.5,interim
foundation_200,ICLR,outstanding,appendix_category,reproducibility,2,1,0.5,0.5,1.0,1.0,interim
foundation_200,ICLR,outstanding,appendix_category,robustness,2,1,0.5,0.5,0.5,0.5,interim
foundation_200,ICLR,outstanding,claim_status,closed,2,2,1.0,1.0,4.5,4.5,interim
foundation_200,ICLR,outstanding,claim_status,not_testable_here,2,1,0.5,0.5,1.0,1.0,interim
foundation_200,ICLR,outstanding,claim_status,partially_closed,2,2,1.0,1.0,2.5,2.5,interim
foundation_200,ICLR,outstanding,limitation_type,unspecified,2,2,1.0,1.0,10.5,10.5,interim
foundation_200,ICLR,outstanding,theory_kind,corollary,2,1,0.5,0.5,1.5,1.5,interim
foundation_200,ICLR,outstanding,theory_kind,displayed_equation,2,1,0.5,0.5,4.0,4.0,interim
foundation_200,ICLR,outstanding,theory_kind,lemma,2,1,0.5,0.5,1.0,1.0,interim
foundation_200,ICLR,outstanding,theory_kind,numbered_equation,2,1,0.5,0.5,6.0,6.0,interim
foundation_200,ICLR,outstanding,theory_kind,proof,2,1,0.5,0.5,3.5,3.5,interim
foundation_200,ICLR,outstanding,theory_kind,proposition,2,1,0.5,0.5,3.5,3.5,interim
foundation_200,ICLR,outstanding,theory_kind,theorem,2,1,0.5,0.5,2.0,2.0,interim
foundation_200,ICLR,outstanding,theory_role,core_chain,2,2,1.0,1.0,13.5,13.5,interim
foundation_200,ICLR,outstanding,theory_role,diagnostic,2,2,1.0,1.0,1.5,1.5,interim
foundation_200,ICLR,outstanding,theory_role,explanation,2,2,1.0,1.0,4.5,4.5,interim
foundation_200,ICLR,outstanding,theory_role,guarantee,2,1,0.5,0.5,2.0,2.0,interim
foundation_200,ICLR,outstanding,visual_kind,figure,2,1,0.5,0.5,5.0,5.0,interim
foundation_200,ICLR,outstanding,visual_kind,table,2,1,0.5,0.5,5.0,5.0,interim
foundation_200,ICLR,outstanding,visual_module,abstract,2,1,0.5,0.5,0.5,0.5,interim
foundation_200,ICLR,outstanding,visual_module,appendix,2,1,0.5,0.5,7.0,7.0,interim
foundation_200,ICLR,outstanding,visual_module,experimental_design,2,1,0.5,0.5,0.5,0.5,interim
foundation_200,ICLR,outstanding,visual_module,method,2,1,0.5,0.5,1.0,1.0,interim
foundation_200,ICLR,outstanding,visual_module,results,2,1,0.5,0.5,1.0,1.0,interim
foundation_200,ICML,all,abstract_function,core_idea,100,96,0.96,0.97998336,0.96,1.0,interim
foundation_200,ICML,all,abstract_function,experimental_setup,100,70,0.7,0.71942446,0.7,1.0,interim
foundation_200,ICML,all,abstract_function,impact_claim,100,90,0.9,0.898448588,0.9,1.0,interim
foundation_200,ICML,all,abstract_function,limitation,100,22,0.22,0.219938335,0.22,0.0,interim
foundation_200,ICML,all,abstract_function,method,100,97,0.97,0.982381442,0.97,1.0,interim
foundation_200,ICML,all,abstract_function,object_scope,100,100,1.0,1.0,1.0,1.0,interim
foundation_200,ICML,all,abstract_function,problem_gap,100,93,0.93,0.936671071,0.93,1.0,interim
foundation_200,ICML,all,abstract_function,qualitative_result,100,88,0.88,0.886702883,0.88,1.0,interim
foundation_200,ICML,all,abstract_function,quantitative_result,100,45,0.45,0.437184946,0.45,0.0,interim
foundation_200,ICML,all,abstract_function,theory,100,53,0.53,0.530465424,0.53,1.0,interim
foundation_200,ICML,all,appendix_category,ablation,100,30,0.3,0.287525082,0.45,0.0,interim
foundation_200,ICML,all,appendix_category,additional_result,100,75,0.75,0.733274605,1.36,1.0,interim
foundation_200,ICML,all,appendix_category,broader_impact,100,2,0.02,0.028874859,0.02,0.0,interim
foundation_200,ICML,all,appendix_category,dataset_detail,100,40,0.4,0.428424607,0.5,0.0,interim
foundation_200,ICML,all,appendix_category,ethics_impact,100,2,0.02,0.020310282,0.03,0.0,interim
foundation_200,ICML,all,appendix_category,extended_method,100,68,0.68,0.695639407,1.15,1.0,interim
foundation_200,ICML,all,appendix_category,failure_case,100,14,0.14,0.138697205,0.16,0.0,interim
foundation_200,ICML,all,appendix_category,hyperparameter,100,41,0.41,0.451426614,0.46,0.0,interim
foundation_200,ICML,all,appendix_category,implementation_detail,100,72,0.72,0.719130818,1.12,1.0,interim
foundation_200,ICML,all,appendix_category,other,100,48,0.48,0.449713698,0.72,0.0,interim
foundation_200,ICML,all,appendix_category,proof,100,51,0.51,0.518719718,1.52,1.0,interim
foundation_200,ICML,all,appendix_category,qualitative_example,100,41,0.41,0.420643077,0.49,0.0,interim
foundation_200,ICML,all,appendix_category,reproducibility,100,37,0.37,0.362893359,0.5,0.0,interim
foundation_200,ICML,all,appendix_category,review_response_residue,100,1,0.01,0.005872853,0.01,0.0,interim
foundation_200,ICML,all,appendix_category,robustness,100,42,0.42,0.431605736,0.58,0.0,interim
foundation_200,ICML,all,claim_status,closed,100,94,0.94,0.939069153,1.98,2.0,interim
foundation_200,ICML,all,claim_status,not_testable_here,100,41,0.41,0.400039152,0.42,0.0,interim
foundation_200,ICML,all,claim_status,open,100,30,0.3,0.270395928,0.31,0.0,interim
foundation_200,ICML,all,claim_status,partially_closed,100,100,1.0,1.0,4.1,4.0,interim
foundation_200,ICML,all,limitation_type,assumption,100,6,0.06,0.05236627,0.11,0.0,interim
foundation_200,ICML,all,limitation_type,assumption / causality,100,1,0.01,0.01443743,0.01,0.0,interim
foundation_200,ICML,all,limitation_type,assumption/causality,100,1,0.01,0.01443743,0.01,0.0,interim
foundation_200,ICML,all,limitation_type,baseline,100,2,0.02,0.020310282,0.02,0.0,interim
foundation_200,ICML,all,limitation_type,causality,100,3,0.03,0.017618558,0.03,0.0,interim
foundation_200,ICML,all,limitation_type,compute,100,8,0.08,0.072676553,0.1,0.0,interim
foundation_200,ICML,all,limitation_type,data,100,6,0.06,0.05236627,0.09,0.0,interim
foundation_200,ICML,all,limitation_type,data/generality,100,1,0.01,0.01443743,0.01,0.0,interim
foundation_200,ICML,all,limitation_type,deployment,100,4,0.04,0.032055988,0.06,0.0,interim
foundation_200,ICML,all,limitation_type,deployment / ethics,100,1,0.01,0.01443743,0.01,0.0,interim
foundation_200,ICML,all,limitation_type,deployment/ethics,100,1,0.01,0.01443743,0.01,0.0,interim
foundation_200,ICML,all,limitation_type,ethics,100,3,0.03,0.026183135,0.03,0.0,interim
foundation_200,ICML,all,limitation_type,generality,100,7,0.07,0.075368277,0.07,0.0,interim
foundation_200,ICML,all,limitation_type,method/causality,100,1,0.01,0.01443743,0.01,0.0,interim
foundation_200,ICML,all,limitation_type,metric,100,6,0.06,0.043801693,0.06,0.0,interim
foundation_200,ICML,all,limitation_type,reporting,100,1,0.01,0.005872853,0.01,0.0,interim
foundation_200,ICML,all,limitation_type,scope,100,5,0.05,0.037928841,0.07,0.0,interim
foundation_200,ICML,all,limitation_type,statistical reporting,100,1,0.01,0.005872853,0.01,0.0,interim
foundation_200,ICML,all,limitation_type,unspecified,100,88,0.88,0.886702883,5.93,6.0,interim
foundation_200,ICML,all,statistical_field_reported,aggregation_and_denominators,100,2,0.02,0.011745705,0.02,0.0,interim
foundation_200,ICML,all,statistical_field_reported,aggregation_unit,100,2,0.02,0.020310282,0.02,0.0,interim
foundation_200,ICML,all,statistical_field_reported,aggregation_units,100,2,0.02,0.020310282,0.02,0.0,interim
foundation_200,ICML,all,statistical_field_reported,bayesian,100,0,0.0,0.0,0.0,0.0,interim
foundation_200,ICML,all,statistical_field_reported,bayesian_analysis,100,0,0.0,0.0,0.0,0.0,interim
foundation_200,ICML,all,statistical_field_reported,bootstrap,100,1,0.01,0.01443743,0.01,0.0,interim
foundation_200,ICML,all,statistical_field_reported,caption_self_containment,100,1,0.01,0.01443743,0.01,0.0,interim
foundation_200,ICML,all,statistical_field_reported,center,100,1,0.01,0.01443743,0.01,0.0,interim
foundation_200,ICML,all,statistical_field_reported,central_tendency,100,2,0.02,0.020310282,0.02,0.0,interim
foundation_200,ICML,all,statistical_field_reported,correlation,100,0,0.0,0.0,0.0,0.0,interim
foundation_200,ICML,all,statistical_field_reported,decision_quantities,100,2,0.02,0.020310282,0.02,0.0,interim
foundation_200,ICML,all,statistical_field_reported,denominator,100,1,0.01,0.01443743,0.01,0.0,interim
foundation_200,ICML,all,statistical_field_reported,dispersion,100,1,0.01,0.01443743,0.01,0.0,interim
foundation_200,ICML,all,statistical_field_reported,dispersion_or_intervals,100,1,0.01,0.005872853,0.01,0.0,interim
foundation_200,ICML,all,statistical_field_reported,empirical_statistics,100,0,0.0,0.0,0.0,0.0,interim
foundation_200,ICML,all,statistical_field_reported,figure_caption_independence,100,1,0.01,0.005872853,0.01,0.0,interim
foundation_200,ICML,all,statistical_field_reported,figure_table_independence,100,1,0.01,0.005872853,0.01,0.0,interim
foundation_200,ICML,all,statistical_field_reported,hypothesis_tests,100,0,0.0,0.0,0.0,0.0,interim
foundation_200,ICML,all,statistical_field_reported,intervals,100,1,0.01,0.01443743,0.01,0.0,interim
foundation_200,ICML,all,statistical_field_reported,methods_not_present,100,2,0.02,0.011745705,0.02,0.0,interim
foundation_200,ICML,all,statistical_field_reported,methods_present,100,2,0.02,0.011745705,0.02,0.0,interim
foundation_200,ICML,all,statistical_field_reported,multiple_comparisons,100,0,0.0,0.0,0.0,0.0,interim
foundation_200,ICML,all,statistical_field_reported,regression_or_fit,100,1,0.01,0.01443743,0.01,0.0,interim
foundation_200,ICML,all,statistical_field_reported,seed_level,100,0,0.0,0.0,0.0,0.0,interim
foundation_200,ICML,all,statistical_field_reported,seed_task_dataset_levels,100,1,0.01,0.01443743,0.01,0.0,interim
foundation_200,ICML,all,statistical_field_reported,significance_vs_substance,100,2,0.02,0.011745705,0.02,0.0,interim
foundation_200,ICML,all,statistical_field_reported,statistical_significance_vs_mechanism,100,1,0.01,0.01443743,0.01,0.0,interim
foundation_200,ICML,all,statistical_field_reported,theoretical_probability,100,1,0.01,0.005872853,0.01,0.0,interim
foundation_200,ICML,all,statistical_field_reported,uncertainty_in_visuals,100,1,0.01,0.005872853,0.01,0.0,interim
foundation_200,ICML,all,statistical_field_reported,uncertainty_reporting,100,1,0.01,0.01443743,0.01,0.0,interim
foundation_200,ICML,all,theory_kind,corollary,100,20,0.2,0.173934322,0.53,0.0,interim
foundation_200,ICML,all,theory_kind,displayed_equation,100,49,0.49,0.49331963,2.2,0.0,interim
foundation_200,ICML,all,theory_kind,lemma,100,32,0.32,0.304360593,2.04,0.0,interim
foundation_200,ICML,all,theory_kind,numbered_equation,100,88,0.88,0.895267459,15.77,11.0,interim
foundation_200,ICML,all,theory_kind,proof,100,40,0.4,0.3941663,1.56,0.0,interim
foundation_200,ICML,all,theory_kind,proposition,100,30,0.3,0.266921157,1.14,0.0,interim
foundation_200,ICML,all,theory_kind,theorem,100,43,0.43,0.420349435,2.02,0.0,interim
foundation_200,ICML,all,theory_role,core_chain,100,92,0.92,0.927323447,9.45,8.0,interim
foundation_200,ICML,all,theory_role,diagnostic,100,68,0.68,0.683600059,2.23,1.0,interim
foundation_200,ICML,all,theory_role,explanation,100,83,0.83,0.835119659,6.31,4.0,interim
foundation_200,ICML,all,theory_role,guarantee,100,51,0.51,0.498115793,7.27,1.0,interim
foundation_200,ICML,all,visual_kind,algorithm,100,57,0.57,0.571085988,1.18,1.0,interim
foundation_200,ICML,all,visual_kind,figure,100,98,0.98,0.983164489,13.39,10.0,interim
foundation_200,ICML,all,visual_kind,table,100,94,0.94,0.951108501,8.2,7.0,interim
foundation_200,ICML,all,visual_module,ablation,100,68,0.68,0.681985024,3.09,2.0,interim
foundation_200,ICML,all,visual_module,abstract,100,8,0.08,0.072676553,0.08,0.0,interim
foundation_200,ICML,all,visual_module,appendix,100,95,0.95,0.956981354,11.81,8.0,interim
foundation_200,ICML,all,visual_module,experimental_design,100,19,0.19,0.17153624,0.31,0.0,interim
foundation_200,ICML,all,visual_module,introduction,100,41,0.41,0.43429746,0.42,0.0,interim
foundation_200,ICML,all,visual_module,limitations,100,1,0.01,0.005872853,0.01,0.0,interim
foundation_200,ICML,all,visual_module,method,100,87,0.87,0.884304801,1.92,2.0,interim
foundation_200,ICML,all,visual_module,other,100,3,0.03,0.034747712,0.03,0.0,interim
foundation_200,ICML,all,visual_module,related_work,100,2,0.02,0.020310282,0.02,0.0,interim
foundation_200,ICML,all,visual_module,results,100,97,0.97,0.977291636,4.7,4.0,interim
foundation_200,ICML,all,visual_module,theory,100,23,0.23,0.222336417,0.38,0.0,interim
foundation_200,ICML,oral,abstract_function,core_idea,49,46,0.93877551,0.93877551,0.93877551,1.0,interim
foundation_200,ICML,oral,abstract_function,experimental_setup,49,34,0.693877551,0.693877551,0.693877551,1.0,interim
foundation_200,ICML,oral,abstract_function,impact_claim,49,44,0.897959184,0.897959184,0.897959184,1.0,interim
foundation_200,ICML,oral,abstract_function,limitation,49,10,0.204081633,0.204081633,0.204081633,0.0,interim
foundation_200,ICML,oral,abstract_function,method,49,46,0.93877551,0.93877551,0.93877551,1.0,interim
foundation_200,ICML,oral,abstract_function,object_scope,49,49,1.0,1.0,1.0,1.0,interim
foundation_200,ICML,oral,abstract_function,problem_gap,49,46,0.93877551,0.93877551,0.93877551,1.0,interim
foundation_200,ICML,oral,abstract_function,qualitative_result,49,42,0.857142857,0.857142857,0.857142857,1.0,interim
foundation_200,ICML,oral,abstract_function,quantitative_result,49,22,0.448979592,0.448979592,0.448979592,0.0,interim
foundation_200,ICML,oral,abstract_function,theory,49,26,0.530612245,0.530612245,0.530612245,1.0,interim
foundation_200,ICML,oral,appendix_category,ablation,49,17,0.346938776,0.346938776,0.510204082,0.0,interim
foundation_200,ICML,oral,appendix_category,additional_result,49,38,0.775510204,0.775510204,1.428571429,1.0,interim
foundation_200,ICML,oral,appendix_category,dataset_detail,49,16,0.326530612,0.326530612,0.387755102,0.0,interim
foundation_200,ICML,oral,appendix_category,ethics_impact,49,1,0.020408163,0.020408163,0.040816327,0.0,interim
foundation_200,ICML,oral,appendix_category,extended_method,49,32,0.653061224,0.653061224,1.102040816,1.0,interim
foundation_200,ICML,oral,appendix_category,failure_case,49,6,0.12244898,0.12244898,0.142857143,0.0,interim
foundation_200,ICML,oral,appendix_category,hyperparameter,49,15,0.306122449,0.306122449,0.367346939,0.0,interim
foundation_200,ICML,oral,appendix_category,implementation_detail,49,36,0.734693878,0.734693878,1.163265306,1.0,interim
foundation_200,ICML,oral,appendix_category,other,49,27,0.551020408,0.551020408,0.87755102,1.0,interim
foundation_200,ICML,oral,appendix_category,proof,49,24,0.489795918,0.489795918,1.591836735,0.0,interim
foundation_200,ICML,oral,appendix_category,qualitative_example,49,20,0.408163265,0.408163265,0.489795918,0.0,interim
foundation_200,ICML,oral,appendix_category,reproducibility,49,20,0.408163265,0.408163265,0.510204082,0.0,interim
foundation_200,ICML,oral,appendix_category,review_response_residue,49,1,0.020408163,0.020408163,0.020408163,0.0,interim
foundation_200,ICML,oral,appendix_category,robustness,49,19,0.387755102,0.387755102,0.571428571,0.0,interim
foundation_200,ICML,oral,claim_status,closed,49,46,0.93877551,0.93877551,2.163265306,2.0,interim
foundation_200,ICML,oral,claim_status,not_testable_here,49,21,0.428571429,0.428571429,0.448979592,0.0,interim
foundation_200,ICML,oral,claim_status,open,49,19,0.387755102,0.387755102,0.387755102,0.0,interim
foundation_200,ICML,oral,claim_status,partially_closed,49,49,1.0,1.0,3.857142857,4.0,interim
foundation_200,ICML,oral,limitation_type,assumption,49,4,0.081632653,0.081632653,0.102040816,0.0,interim
foundation_200,ICML,oral,limitation_type,baseline,49,1,0.020408163,0.020408163,0.020408163,0.0,interim
foundation_200,ICML,oral,limitation_type,causality,49,3,0.06122449,0.06122449,0.06122449,0.0,interim
foundation_200,ICML,oral,limitation_type,compute,49,5,0.102040816,0.102040816,0.12244898,0.0,interim
foundation_200,ICML,oral,limitation_type,data,49,4,0.081632653,0.081632653,0.12244898,0.0,interim
foundation_200,ICML,oral,limitation_type,deployment,49,3,0.06122449,0.06122449,0.102040816,0.0,interim
foundation_200,ICML,oral,limitation_type,ethics,49,2,0.040816327,0.040816327,0.040816327,0.0,interim
foundation_200,ICML,oral,limitation_type,generality,49,3,0.06122449,0.06122449,0.06122449,0.0,interim
foundation_200,ICML,oral,limitation_type,metric,49,5,0.102040816,0.102040816,0.102040816,0.0,interim
foundation_200,ICML,oral,limitation_type,reporting,49,1,0.020408163,0.020408163,0.020408163,0.0,interim
foundation_200,ICML,oral,limitation_type,scope,49,4,0.081632653,0.081632653,0.12244898,0.0,interim
foundation_200,ICML,oral,limitation_type,statistical reporting,49,1,0.020408163,0.020408163,0.020408163,0.0,interim
foundation_200,ICML,oral,limitation_type,unspecified,49,42,0.857142857,0.857142857,5.693877551,6.0,interim
foundation_200,ICML,oral,statistical_field_reported,aggregation_and_denominators,49,2,0.040816327,0.040816327,0.040816327,0.0,interim
foundation_200,ICML,oral,statistical_field_reported,aggregation_unit,49,1,0.020408163,0.020408163,0.020408163,0.0,interim
foundation_200,ICML,oral,statistical_field_reported,aggregation_units,49,1,0.020408163,0.020408163,0.020408163,0.0,interim
foundation_200,ICML,oral,statistical_field_reported,central_tendency,49,1,0.020408163,0.020408163,0.020408163,0.0,interim
foundation_200,ICML,oral,statistical_field_reported,decision_quantities,49,1,0.020408163,0.020408163,0.020408163,0.0,interim
foundation_200,ICML,oral,statistical_field_reported,dispersion_or_intervals,49,1,0.020408163,0.020408163,0.020408163,0.0,interim
foundation_200,ICML,oral,statistical_field_reported,empirical_statistics,49,0,0.0,0.0,0.0,0.0,interim
foundation_200,ICML,oral,statistical_field_reported,figure_caption_independence,49,1,0.020408163,0.020408163,0.020408163,0.0,interim
foundation_200,ICML,oral,statistical_field_reported,figure_table_independence,49,1,0.020408163,0.020408163,0.020408163,0.0,interim
foundation_200,ICML,oral,statistical_field_reported,hypothesis_tests,49,0,0.0,0.0,0.0,0.0,interim
foundation_200,ICML,oral,statistical_field_reported,methods_not_present,49,2,0.040816327,0.040816327,0.040816327,0.0,interim
foundation_200,ICML,oral,statistical_field_reported,methods_present,49,2,0.040816327,0.040816327,0.040816327,0.0,interim
foundation_200,ICML,oral,statistical_field_reported,multiple_comparisons,49,0,0.0,0.0,0.0,0.0,interim
foundation_200,ICML,oral,statistical_field_reported,seed_level,49,0,0.0,0.0,0.0,0.0,interim
foundation_200,ICML,oral,statistical_field_reported,significance_vs_substance,49,2,0.040816327,0.040816327,0.040816327,0.0,interim
foundation_200,ICML,oral,statistical_field_reported,theoretical_probability,49,1,0.020408163,0.020408163,0.020408163,0.0,interim
foundation_200,ICML,oral,statistical_field_reported,uncertainty_in_visuals,49,1,0.020408163,0.020408163,0.020408163,0.0,interim
foundation_200,ICML,oral,theory_kind,corollary,49,12,0.244897959,0.244897959,0.612244898,0.0,interim
foundation_200,ICML,oral,theory_kind,displayed_equation,49,25,0.510204082,0.510204082,2.693877551,1.0,interim
foundation_200,ICML,oral,theory_kind,lemma,49,17,0.346938776,0.346938776,2.734693878,0.0,interim
foundation_200,ICML,oral,theory_kind,numbered_equation,49,41,0.836734694,0.836734694,12.591836735,8.0,interim
foundation_200,ICML,oral,theory_kind,proof,49,20,0.408163265,0.408163265,2.285714286,0.0,interim
foundation_200,ICML,oral,theory_kind,proposition,49,18,0.367346939,0.367346939,1.428571429,0.0,interim
foundation_200,ICML,oral,theory_kind,theorem,49,22,0.448979592,0.448979592,2.265306122,0.0,interim
foundation_200,ICML,oral,theory_role,core_chain,49,44,0.897959184,0.897959184,9.816326531,7.0,interim
foundation_200,ICML,oral,theory_role,diagnostic,49,32,0.653061224,0.653061224,1.918367347,1.0,interim
foundation_200,ICML,oral,theory_role,explanation,49,41,0.836734694,0.836734694,6.265306122,4.0,interim
foundation_200,ICML,oral,theory_role,guarantee,49,25,0.510204082,0.510204082,6.612244898,1.0,interim
foundation_200,ICML,oral,visual_kind,algorithm,49,28,0.571428571,0.571428571,1.142857143,1.0,interim
foundation_200,ICML,oral,visual_kind,figure,49,49,1.0,1.0,14.816326531,11.0,interim
foundation_200,ICML,oral,visual_kind,table,49,46,0.93877551,0.93877551,8.530612245,8.0,interim
foundation_200,ICML,oral,visual_module,ablation,49,35,0.714285714,0.714285714,4.612244898,2.0,interim
foundation_200,ICML,oral,visual_module,abstract,49,5,0.102040816,0.102040816,0.102040816,0.0,interim
foundation_200,ICML,oral,visual_module,appendix,49,47,0.959183673,0.959183673,11.775510204,9.0,interim
foundation_200,ICML,oral,visual_module,experimental_design,49,12,0.244897959,0.244897959,0.346938776,0.0,interim
foundation_200,ICML,oral,visual_module,introduction,49,17,0.346938776,0.346938776,0.346938776,0.0,interim
foundation_200,ICML,oral,visual_module,limitations,49,1,0.020408163,0.020408163,0.020408163,0.0,interim
foundation_200,ICML,oral,visual_module,method,49,42,0.857142857,0.857142857,2.020408163,2.0,interim
foundation_200,ICML,oral,visual_module,other,49,1,0.020408163,0.020408163,0.020408163,0.0,interim
foundation_200,ICML,oral,visual_module,related_work,49,1,0.020408163,0.020408163,0.020408163,0.0,interim
foundation_200,ICML,oral,visual_module,results,49,48,0.979591837,0.979591837,4.857142857,4.0,interim
foundation_200,ICML,oral,visual_module,theory,49,10,0.204081633,0.204081633,0.367346939,0.0,interim
foundation_200,ICML,outstanding,abstract_function,core_idea,2,1,0.5,0.5,0.5,0.5,interim
foundation_200,ICML,outstanding,abstract_function,experimental_setup,2,0,0.0,0.0,0.0,0.0,interim
foundation_200,ICML,outstanding,abstract_function,impact_claim,2,2,1.0,1.0,1.0,1.0,interim
foundation_200,ICML,outstanding,abstract_function,limitation,2,1,0.5,0.5,0.5,0.5,interim
foundation_200,ICML,outstanding,abstract_function,method,2,2,1.0,1.0,1.0,1.0,interim
foundation_200,ICML,outstanding,abstract_function,object_scope,2,2,1.0,1.0,1.0,1.0,interim
foundation_200,ICML,outstanding,abstract_function,problem_gap,2,1,0.5,0.5,0.5,0.5,interim
foundation_200,ICML,outstanding,abstract_function,qualitative_result,2,2,1.0,1.0,1.0,1.0,interim
foundation_200,ICML,outstanding,abstract_function,quantitative_result,2,2,1.0,1.0,1.0,1.0,interim
foundation_200,ICML,outstanding,abstract_function,theory,2,1,0.5,0.5,0.5,0.5,interim
foundation_200,ICML,outstanding,appendix_category,additional_result,2,2,1.0,1.0,1.0,1.0,interim
foundation_200,ICML,outstanding,appendix_category,dataset_detail,2,1,0.5,0.5,0.5,0.5,interim
foundation_200,ICML,outstanding,appendix_category,extended_method,2,1,0.5,0.5,0.5,0.5,interim
foundation_200,ICML,outstanding,appendix_category,failure_case,2,1,0.5,0.5,0.5,0.5,interim
foundation_200,ICML,outstanding,appendix_category,hyperparameter,2,1,0.5,0.5,0.5,0.5,interim
foundation_200,ICML,outstanding,appendix_category,implementation_detail,2,1,0.5,0.5,0.5,0.5,interim
foundation_200,ICML,outstanding,appendix_category,other,2,1,0.5,0.5,0.5,0.5,interim
foundation_200,ICML,outstanding,appendix_category,proof,2,1,0.5,0.5,2.0,2.0,interim
foundation_200,ICML,outstanding,appendix_category,robustness,2,1,0.5,0.5,1.5,1.5,interim
foundation_200,ICML,outstanding,claim_status,closed,2,2,1.0,1.0,2.0,2.0,interim
foundation_200,ICML,outstanding,claim_status,not_testable_here,2,1,0.5,0.5,0.5,0.5,interim
foundation_200,ICML,outstanding,claim_status,partially_closed,2,2,1.0,1.0,4.0,4.0,interim
foundation_200,ICML,outstanding,limitation_type,unspecified,2,2,1.0,1.0,6.0,6.0,interim
foundation_200,ICML,outstanding,theory_kind,corollary,2,1,0.5,0.5,3.0,3.0,interim
foundation_200,ICML,outstanding,theory_kind,lemma,2,1,0.5,0.5,9.0,9.0,interim
foundation_200,ICML,outstanding,theory_kind,numbered_equation,2,2,1.0,1.0,26.0,26.0,interim
foundation_200,ICML,outstanding,theory_kind,proof,2,1,0.5,0.5,0.5,0.5,interim
foundation_200,ICML,outstanding,theory_kind,proposition,2,1,0.5,0.5,4.0,4.0,interim
foundation_200,ICML,outstanding,theory_kind,theorem,2,1,0.5,0.5,3.0,3.0,interim
foundation_200,ICML,outstanding,theory_role,core_chain,2,2,1.0,1.0,14.0,14.0,interim
foundation_200,ICML,outstanding,theory_role,diagnostic,2,2,1.0,1.0,1.0,1.0,interim
foundation_200,ICML,outstanding,theory_role,explanation,2,1,0.5,0.5,13.5,13.5,interim
foundation_200,ICML,outstanding,theory_role,guarantee,2,2,1.0,1.0,17.0,17.0,interim
foundation_200,ICML,outstanding,visual_kind,algorithm,2,1,0.5,0.5,1.5,1.5,interim
foundation_200,ICML,outstanding,visual_kind,figure,2,1,0.5,0.5,6.0,6.0,interim
foundation_200,ICML,outstanding,visual_kind,table,2,1,0.5,0.5,3.0,3.0,interim
foundation_200,ICML,outstanding,visual_module,appendix,2,1,0.5,0.5,3.5,3.5,interim
foundation_200,ICML,outstanding,visual_module,introduction,2,1,0.5,0.5,0.5,0.5,interim
foundation_200,ICML,outstanding,visual_module,method,2,1,0.5,0.5,1.0,1.0,interim
foundation_200,ICML,outstanding,visual_module,results,2,1,0.5,0.5,3.5,3.5,interim
foundation_200,ICML,outstanding,visual_module,theory,2,2,1.0,1.0,2.0,2.0,interim
foundation_200,ICML,spotlight,abstract_function,core_idea,49,49,1.0,1.0,1.0,1.0,interim
foundation_200,ICML,spotlight,abstract_function,experimental_setup,49,36,0.734693878,0.734693878,0.734693878,1.0,interim
foundation_200,ICML,spotlight,abstract_function,impact_claim,49,44,0.897959184,0.897959184,0.897959184,1.0,interim
foundation_200,ICML,spotlight,abstract_function,limitation,49,11,0.224489796,0.224489796,0.224489796,0.0,interim
foundation_200,ICML,spotlight,abstract_function,method,49,49,1.0,1.0,1.0,1.0,interim
foundation_200,ICML,spotlight,abstract_function,object_scope,49,49,1.0,1.0,1.0,1.0,interim
foundation_200,ICML,spotlight,abstract_function,problem_gap,49,46,0.93877551,0.93877551,0.93877551,1.0,interim
foundation_200,ICML,spotlight,abstract_function,qualitative_result,49,44,0.897959184,0.897959184,0.897959184,1.0,interim
foundation_200,ICML,spotlight,abstract_function,quantitative_result,49,21,0.428571429,0.428571429,0.428571429,0.0,interim
foundation_200,ICML,spotlight,abstract_function,theory,49,26,0.530612245,0.530612245,0.530612245,1.0,interim
foundation_200,ICML,spotlight,appendix_category,ablation,49,13,0.265306122,0.265306122,0.408163265,0.0,interim
foundation_200,ICML,spotlight,appendix_category,additional_result,49,35,0.714285714,0.714285714,1.306122449,1.0,interim
foundation_200,ICML,spotlight,appendix_category,broader_impact,49,2,0.040816327,0.040816327,0.040816327,0.0,interim
foundation_200,ICML,spotlight,appendix_category,dataset_detail,49,23,0.469387755,0.469387755,0.612244898,0.0,interim
foundation_200,ICML,spotlight,appendix_category,ethics_impact,49,1,0.020408163,0.020408163,0.020408163,0.0,interim
foundation_200,ICML,spotlight,appendix_category,extended_method,49,35,0.714285714,0.714285714,1.224489796,1.0,interim
foundation_200,ICML,spotlight,appendix_category,failure_case,49,7,0.142857143,0.142857143,0.163265306,0.0,interim
foundation_200,ICML,spotlight,appendix_category,hyperparameter,49,25,0.510204082,0.510204082,0.551020408,1.0,interim
foundation_200,ICML,spotlight,appendix_category,implementation_detail,49,35,0.714285714,0.714285714,1.102040816,1.0,interim
foundation_200,ICML,spotlight,appendix_category,other,49,20,0.408163265,0.408163265,0.571428571,0.0,interim
foundation_200,ICML,spotlight,appendix_category,proof,49,26,0.530612245,0.530612245,1.428571429,1.0,interim
foundation_200,ICML,spotlight,appendix_category,qualitative_example,49,21,0.428571429,0.428571429,0.510204082,0.0,interim
foundation_200,ICML,spotlight,appendix_category,reproducibility,49,17,0.346938776,0.346938776,0.510204082,0.0,interim
foundation_200,ICML,spotlight,appendix_category,robustness,49,22,0.448979592,0.448979592,0.551020408,0.0,interim
foundation_200,ICML,spotlight,claim_status,closed,49,46,0.93877551,0.93877551,1.795918367,2.0,interim
foundation_200,ICML,spotlight,claim_status,not_testable_here,49,19,0.387755102,0.387755102,0.387755102,0.0,interim
foundation_200,ICML,spotlight,claim_status,open,49,11,0.224489796,0.224489796,0.244897959,0.0,interim
foundation_200,ICML,spotlight,claim_status,partially_closed,49,49,1.0,1.0,4.346938776,4.0,interim
foundation_200,ICML,spotlight,limitation_type,assumption,49,2,0.040816327,0.040816327,0.12244898,0.0,interim
foundation_200,ICML,spotlight,limitation_type,assumption / causality,49,1,0.020408163,0.020408163,0.020408163,0.0,interim
foundation_200,ICML,spotlight,limitation_type,assumption/causality,49,1,0.020408163,0.020408163,0.020408163,0.0,interim
foundation_200,ICML,spotlight,limitation_type,baseline,49,1,0.020408163,0.020408163,0.020408163,0.0,interim
foundation_200,ICML,spotlight,limitation_type,compute,49,3,0.06122449,0.06122449,0.081632653,0.0,interim
foundation_200,ICML,spotlight,limitation_type,data,49,2,0.040816327,0.040816327,0.06122449,0.0,interim
foundation_200,ICML,spotlight,limitation_type,data/generality,49,1,0.020408163,0.020408163,0.020408163,0.0,interim
foundation_200,ICML,spotlight,limitation_type,deployment,49,1,0.020408163,0.020408163,0.020408163,0.0,interim
foundation_200,ICML,spotlight,limitation_type,deployment / ethics,49,1,0.020408163,0.020408163,0.020408163,0.0,interim
foundation_200,ICML,spotlight,limitation_type,deployment/ethics,49,1,0.020408163,0.020408163,0.020408163,0.0,interim
foundation_200,ICML,spotlight,limitation_type,ethics,49,1,0.020408163,0.020408163,0.020408163,0.0,interim
foundation_200,ICML,spotlight,limitation_type,generality,49,4,0.081632653,0.081632653,0.081632653,0.0,interim
foundation_200,ICML,spotlight,limitation_type,method/causality,49,1,0.020408163,0.020408163,0.020408163,0.0,interim
foundation_200,ICML,spotlight,limitation_type,metric,49,1,0.020408163,0.020408163,0.020408163,0.0,interim
foundation_200,ICML,spotlight,limitation_type,scope,49,1,0.020408163,0.020408163,0.020408163,0.0,interim
foundation_200,ICML,spotlight,limitation_type,unspecified,49,44,0.897959184,0.897959184,6.163265306,7.0,interim
foundation_200,ICML,spotlight,statistical_field_reported,aggregation_unit,49,1,0.020408163,0.020408163,0.020408163,0.0,interim
foundation_200,ICML,spotlight,statistical_field_reported,aggregation_units,49,1,0.020408163,0.020408163,0.020408163,0.0,interim
foundation_200,ICML,spotlight,statistical_field_reported,bayesian,49,0,0.0,0.0,0.0,0.0,interim
foundation_200,ICML,spotlight,statistical_field_reported,bayesian_analysis,49,0,0.0,0.0,0.0,0.0,interim
foundation_200,ICML,spotlight,statistical_field_reported,bootstrap,49,1,0.020408163,0.020408163,0.020408163,0.0,interim
foundation_200,ICML,spotlight,statistical_field_reported,caption_self_containment,49,1,0.020408163,0.020408163,0.020408163,0.0,interim
foundation_200,ICML,spotlight,statistical_field_reported,center,49,1,0.020408163,0.020408163,0.020408163,0.0,interim
foundation_200,ICML,spotlight,statistical_field_reported,central_tendency,49,1,0.020408163,0.020408163,0.020408163,0.0,interim
foundation_200,ICML,spotlight,statistical_field_reported,correlation,49,0,0.0,0.0,0.0,0.0,interim
foundation_200,ICML,spotlight,statistical_field_reported,decision_quantities,49,1,0.020408163,0.020408163,0.020408163,0.0,interim
foundation_200,ICML,spotlight,statistical_field_reported,denominator,49,1,0.020408163,0.020408163,0.020408163,0.0,interim
foundation_200,ICML,spotlight,statistical_field_reported,dispersion,49,1,0.020408163,0.020408163,0.020408163,0.0,interim
foundation_200,ICML,spotlight,statistical_field_reported,hypothesis_tests,49,0,0.0,0.0,0.0,0.0,interim
foundation_200,ICML,spotlight,statistical_field_reported,intervals,49,1,0.020408163,0.020408163,0.020408163,0.0,interim
foundation_200,ICML,spotlight,statistical_field_reported,multiple_comparisons,49,0,0.0,0.0,0.0,0.0,interim
foundation_200,ICML,spotlight,statistical_field_reported,regression_or_fit,49,1,0.020408163,0.020408163,0.020408163,0.0,interim
foundation_200,ICML,spotlight,statistical_field_reported,seed_task_dataset_levels,49,1,0.020408163,0.020408163,0.020408163,0.0,interim
foundation_200,ICML,spotlight,statistical_field_reported,statistical_significance_vs_mechanism,49,1,0.020408163,0.020408163,0.020408163,0.0,interim
foundation_200,ICML,spotlight,statistical_field_reported,uncertainty_reporting,49,1,0.020408163,0.020408163,0.020408163,0.0,interim
foundation_200,ICML,spotlight,theory_kind,corollary,49,7,0.142857143,0.142857143,0.346938776,0.0,interim
foundation_200,ICML,spotlight,theory_kind,displayed_equation,49,24,0.489795918,0.489795918,1.795918367,0.0,interim
foundation_200,ICML,spotlight,theory_kind,lemma,49,14,0.285714286,0.285714286,1.06122449,0.0,interim
foundation_200,ICML,spotlight,theory_kind,numbered_equation,49,45,0.918367347,0.918367347,18.530612245,12.0,interim
foundation_200,ICML,spotlight,theory_kind,proof,49,19,0.387755102,0.387755102,0.87755102,0.0,interim
foundation_200,ICML,spotlight,theory_kind,proposition,49,11,0.224489796,0.224489796,0.734693878,0.0,interim
foundation_200,ICML,spotlight,theory_kind,theorem,49,20,0.408163265,0.408163265,1.734693878,0.0,interim
foundation_200,ICML,spotlight,theory_role,core_chain,49,46,0.93877551,0.93877551,8.897959184,8.0,interim
foundation_200,ICML,spotlight,theory_role,diagnostic,49,34,0.693877551,0.693877551,2.591836735,1.0,interim
foundation_200,ICML,spotlight,theory_role,explanation,49,41,0.836734694,0.836734694,6.06122449,4.0,interim
foundation_200,ICML,spotlight,theory_role,guarantee,49,24,0.489795918,0.489795918,7.530612245,0.0,interim
foundation_200,ICML,spotlight,visual_kind,algorithm,49,28,0.571428571,0.571428571,1.204081633,1.0,interim
foundation_200,ICML,spotlight,visual_kind,figure,49,48,0.979591837,0.979591837,12.265306122,10.0,interim
foundation_200,ICML,spotlight,visual_kind,table,49,47,0.959183673,0.959183673,8.081632653,6.0,interim
foundation_200,ICML,spotlight,visual_module,ablation,49,33,0.673469388,0.673469388,1.693877551,2.0,interim
foundation_200,ICML,spotlight,visual_module,abstract,49,3,0.06122449,0.06122449,0.06122449,0.0,interim
foundation_200,ICML,spotlight,visual_module,appendix,49,47,0.959183673,0.959183673,12.183673469,8.0,interim
foundation_200,ICML,spotlight,visual_module,experimental_design,49,7,0.142857143,0.142857143,0.285714286,0.0,interim
foundation_200,ICML,spotlight,visual_module,introduction,49,23,0.469387755,0.469387755,0.489795918,0.0,interim
foundation_200,ICML,spotlight,visual_module,method,49,44,0.897959184,0.897959184,1.857142857,2.0,interim
foundation_200,ICML,spotlight,visual_module,other,49,2,0.040816327,0.040816327,0.040816327,0.0,interim
foundation_200,ICML,spotlight,visual_module,related_work,49,1,0.020408163,0.020408163,0.020408163,0.0,interim
foundation_200,ICML,spotlight,visual_module,results,49,48,0.979591837,0.979591837,4.591836735,4.0,interim
foundation_200,ICML,spotlight,visual_module,theory,49,11,0.224489796,0.224489796,0.326530612,0.0,interim
replication_200,ICLR,all,abstract_function,core_idea,11,10,0.909090909,0.909090909,0.909090909,1.0,interim
replication_200,ICLR,all,abstract_function,experimental_setup,11,9,0.818181818,0.818181818,0.818181818,1.0,interim
replication_200,ICLR,all,abstract_function,impact_claim,11,11,1.0,1.0,1.0,1.0,interim
replication_200,ICLR,all,abstract_function,limitation,11,4,0.363636364,0.363636364,0.363636364,0.0,interim
replication_200,ICLR,all,abstract_function,method,11,11,1.0,1.0,1.0,1.0,interim
replication_200,ICLR,all,abstract_function,object_scope,11,11,1.0,1.0,1.0,1.0,interim
replication_200,ICLR,all,abstract_function,problem_gap,11,11,1.0,1.0,1.0,1.0,interim
replication_200,ICLR,all,abstract_function,qualitative_result,11,10,0.909090909,0.909090909,0.909090909,1.0,interim
replication_200,ICLR,all,abstract_function,quantitative_result,11,4,0.363636364,0.363636364,0.363636364,0.0,interim
replication_200,ICLR,all,abstract_function,theory,11,4,0.363636364,0.363636364,0.363636364,0.0,interim
replication_200,ICLR,all,appendix_category,ablation,11,3,0.272727273,0.272727273,0.363636364,0.0,interim
replication_200,ICLR,all,appendix_category,additional_result,11,9,0.818181818,0.818181818,1.818181818,1.0,interim
replication_200,ICLR,all,appendix_category,dataset_detail,11,4,0.363636364,0.363636364,0.363636364,0.0,interim
replication_200,ICLR,all,appendix_category,extended_method,11,5,0.454545455,0.454545455,0.909090909,0.0,interim
replication_200,ICLR,all,appendix_category,failure_case,11,3,0.272727273,0.272727273,0.272727273,0.0,interim
replication_200,ICLR,all,appendix_category,hyperparameter,11,3,0.272727273,0.272727273,0.636363636,0.0,interim
replication_200,ICLR,all,appendix_category,implementation_detail,11,4,0.363636364,0.363636364,0.454545455,0.0,interim
replication_200,ICLR,all,appendix_category,other,11,4,0.363636364,0.363636364,0.545454545,0.0,interim
replication_200,ICLR,all,appendix_category,proof,11,4,0.363636364,0.363636364,0.909090909,0.0,interim
replication_200,ICLR,all,appendix_category,qualitative_example,11,5,0.454545455,0.454545455,0.545454545,0.0,interim
replication_200,ICLR,all,appendix_category,reproducibility,11,4,0.363636364,0.363636364,0.363636364,0.0,interim
replication_200,ICLR,all,appendix_category,robustness,11,6,0.545454545,0.545454545,0.909090909,1.0,interim
replication_200,ICLR,all,claim_status,closed,11,9,0.818181818,0.818181818,2.181818182,2.0,interim
replication_200,ICLR,all,claim_status,not_testable_here,11,4,0.363636364,0.363636364,0.363636364,0.0,interim
replication_200,ICLR,all,claim_status,open,11,4,0.363636364,0.363636364,0.363636364,0.0,interim
replication_200,ICLR,all,claim_status,partially_closed,11,11,1.0,1.0,5.545454545,6.0,interim
replication_200,ICLR,all,limitation_type,baseline,11,2,0.181818182,0.181818182,0.181818182,0.0,interim
replication_200,ICLR,all,limitation_type,causality,11,1,0.090909091,0.090909091,0.090909091,0.0,interim
replication_200,ICLR,all,limitation_type,compute,11,1,0.090909091,0.090909091,0.090909091,0.0,interim
replication_200,ICLR,all,limitation_type,data,11,2,0.181818182,0.181818182,0.181818182,0.0,interim
replication_200,ICLR,all,limitation_type,deployment,11,2,0.181818182,0.181818182,0.181818182,0.0,interim
replication_200,ICLR,all,limitation_type,ethics,11,1,0.090909091,0.090909091,0.090909091,0.0,interim
replication_200,ICLR,all,limitation_type,generality,11,2,0.181818182,0.181818182,0.272727273,0.0,interim
replication_200,ICLR,all,limitation_type,scope,11,2,0.181818182,0.181818182,0.272727273,0.0,interim
replication_200,ICLR,all,limitation_type,unspecified,11,9,0.818181818,0.818181818,6.545454545,6.0,interim
replication_200,ICLR,all,statistical_field_reported,aggregation,11,1,0.090909091,0.090909091,0.090909091,0.0,interim
replication_200,ICLR,all,statistical_field_reported,aggregation_and_denominators,11,1,0.090909091,0.090909091,0.090909091,0.0,interim
replication_200,ICLR,all,statistical_field_reported,aggregation_unit,11,1,0.090909091,0.090909091,0.090909091,0.0,interim
replication_200,ICLR,all,statistical_field_reported,aggregation_units,11,2,0.181818182,0.181818182,0.181818182,0.0,interim
replication_200,ICLR,all,statistical_field_reported,bayesian,11,0,0.0,0.0,0.0,0.0,interim
replication_200,ICLR,all,statistical_field_reported,bayesian_analysis,11,0,0.0,0.0,0.0,0.0,interim
replication_200,ICLR,all,statistical_field_reported,bootstrap,11,0,0.0,0.0,0.0,0.0,interim
replication_200,ICLR,all,statistical_field_reported,caption_self_containment,11,1,0.090909091,0.090909091,0.090909091,0.0,interim
replication_200,ICLR,all,statistical_field_reported,center,11,2,0.181818182,0.181818182,0.181818182,0.0,interim
replication_200,ICLR,all,statistical_field_reported,central_tendency,11,1,0.090909091,0.090909091,0.090909091,0.0,interim
replication_200,ICLR,all,statistical_field_reported,decision_quantities,11,2,0.181818182,0.181818182,0.181818182,0.0,interim
replication_200,ICLR,all,statistical_field_reported,denominator_risk,11,1,0.090909091,0.090909091,0.090909091,0.0,interim
replication_200,ICLR,all,statistical_field_reported,denominators,11,1,0.090909091,0.090909091,0.090909091,0.0,interim
replication_200,ICLR,all,statistical_field_reported,dispersion,11,2,0.181818182,0.181818182,0.181818182,0.0,interim
replication_200,ICLR,all,statistical_field_reported,effect_sizes,11,1,0.090909091,0.090909091,0.090909091,0.0,interim
replication_200,ICLR,all,statistical_field_reported,hierarchy,11,1,0.090909091,0.090909091,0.090909091,0.0,interim
replication_200,ICLR,all,statistical_field_reported,human_level,11,1,0.090909091,0.090909091,0.090909091,0.0,interim
replication_200,ICLR,all,statistical_field_reported,hypothesis_tests,11,1,0.090909091,0.090909091,0.090909091,0.0,interim
replication_200,ICLR,all,statistical_field_reported,intervals,11,1,0.090909091,0.090909091,0.090909091,0.0,interim
replication_200,ICLR,all,statistical_field_reported,intervention_level,11,1,0.090909091,0.090909091,0.090909091,0.0,interim
replication_200,ICLR,all,statistical_field_reported,methods_not_present,11,1,0.090909091,0.090909091,0.090909091,0.0,interim
replication_200,ICLR,all,statistical_field_reported,methods_present,11,1,0.090909091,0.090909091,0.090909091,0.0,interim
replication_200,ICLR,all,statistical_field_reported,multiple_comparison,11,0,0.0,0.0,0.0,0.0,interim
replication_200,ICLR,all,statistical_field_reported,multiple_comparison_control,11,0,0.0,0.0,0.0,0.0,interim
replication_200,ICLR,all,statistical_field_reported,multiple_comparisons,11,0,0.0,0.0,0.0,0.0,interim
replication_200,ICLR,all,statistical_field_reported,observation_unit,11,1,0.090909091,0.090909091,0.090909091,0.0,interim
replication_200,ICLR,all,statistical_field_reported,regression,11,1,0.090909091,0.090909091,0.090909091,0.0,interim
replication_200,ICLR,all,statistical_field_reported,regression_correlation_fit,11,0,0.0,0.0,0.0,0.0,interim
replication_200,ICLR,all,statistical_field_reported,regression_or_correlation,11,1,0.090909091,0.090909091,0.090909091,0.0,interim
replication_200,ICLR,all,statistical_field_reported,seed_hierarchy,11,0,0.0,0.0,0.0,0.0,interim
replication_200,ICLR,all,statistical_field_reported,significance_mechanism_separation,11,1,0.090909091,0.090909091,0.090909091,0.0,interim
replication_200,ICLR,all,statistical_field_reported,significance_vs_substance,11,3,0.272727273,0.272727273,0.272727273,0.0,interim
replication_200,ICLR,all,statistical_field_reported,tests,11,1,0.090909091,0.090909091,0.090909091,0.0,interim
replication_200,ICLR,all,statistical_field_reported,uncertainty,11,1,0.090909091,0.090909091,0.090909091,0.0,interim
replication_200,ICLR,all,statistical_field_reported,uncertainty_quality,11,1,0.090909091,0.090909091,0.090909091,0.0,interim
replication_200,ICLR,all,statistical_field_reported,uncertainty_reporting,11,1,0.090909091,0.090909091,0.090909091,0.0,interim
replication_200,ICLR,all,theory_kind,corollary,11,1,0.090909091,0.090909091,0.090909091,0.0,interim
replication_200,ICLR,all,theory_kind,displayed_equation,11,6,0.545454545,0.545454545,1.181818182,1.0,interim
replication_200,ICLR,all,theory_kind,lemma,11,1,0.090909091,0.090909091,0.090909091,0.0,interim
replication_200,ICLR,all,theory_kind,numbered_equation,11,8,0.727272727,0.727272727,6.636363636,5.0,interim
replication_200,ICLR,all,theory_kind,proof,11,4,0.363636364,0.363636364,1.181818182,0.0,interim
replication_200,ICLR,all,theory_kind,proposition,11,3,0.272727273,0.272727273,0.636363636,0.0,interim
replication_200,ICLR,all,theory_kind,theorem,11,2,0.181818182,0.181818182,0.181818182,0.0,interim
replication_200,ICLR,all,theory_role,core_chain,11,10,0.909090909,0.909090909,4.272727273,4.0,interim
replication_200,ICLR,all,theory_role,diagnostic,11,4,0.363636364,0.363636364,0.818181818,0.0,interim
replication_200,ICLR,all,theory_role,explanation,11,7,0.636363636,0.636363636,3.454545455,2.0,interim
replication_200,ICLR,all,theory_role,guarantee,11,6,0.545454545,0.545454545,1.454545455,1.0,interim
replication_200,ICLR,all,visual_kind,algorithm,11,4,0.363636364,0.363636364,0.545454545,0.0,interim
replication_200,ICLR,all,visual_kind,figure,11,11,1.0,1.0,10.272727273,8.0,interim
replication_200,ICLR,all,visual_kind,table,11,11,1.0,1.0,7.818181818,6.0,interim
replication_200,ICLR,all,visual_module,ablation,11,9,0.818181818,0.818181818,1.454545455,1.0,interim
replication_200,ICLR,all,visual_module,abstract,11,1,0.090909091,0.090909091,0.090909091,0.0,interim
replication_200,ICLR,all,visual_module,appendix,11,8,0.727272727,0.727272727,9.454545455,7.0,interim
replication_200,ICLR,all,visual_module,experimental_design,11,2,0.181818182,0.181818182,0.181818182,0.0,interim
replication_200,ICLR,all,visual_module,introduction,11,6,0.545454545,0.545454545,0.727272727,1.0,interim
replication_200,ICLR,all,visual_module,method,11,8,0.727272727,0.727272727,1.636363636,2.0,interim
replication_200,ICLR,all,visual_module,other,11,1,0.090909091,0.090909091,0.181818182,0.0,interim
replication_200,ICLR,all,visual_module,results,11,11,1.0,1.0,4.818181818,5.0,interim
replication_200,ICLR,all,visual_module,theory,11,1,0.090909091,0.090909091,0.090909091,0.0,interim
replication_200,ICLR,oral,abstract_function,core_idea,11,10,0.909090909,0.909090909,0.909090909,1.0,interim
replication_200,ICLR,oral,abstract_function,experimental_setup,11,9,0.818181818,0.818181818,0.818181818,1.0,interim
replication_200,ICLR,oral,abstract_function,impact_claim,11,11,1.0,1.0,1.0,1.0,interim
replication_200,ICLR,oral,abstract_function,limitation,11,4,0.363636364,0.363636364,0.363636364,0.0,interim
replication_200,ICLR,oral,abstract_function,method,11,11,1.0,1.0,1.0,1.0,interim
replication_200,ICLR,oral,abstract_function,object_scope,11,11,1.0,1.0,1.0,1.0,interim
replication_200,ICLR,oral,abstract_function,problem_gap,11,11,1.0,1.0,1.0,1.0,interim
replication_200,ICLR,oral,abstract_function,qualitative_result,11,10,0.909090909,0.909090909,0.909090909,1.0,interim
replication_200,ICLR,oral,abstract_function,quantitative_result,11,4,0.363636364,0.363636364,0.363636364,0.0,interim
replication_200,ICLR,oral,abstract_function,theory,11,4,0.363636364,0.363636364,0.363636364,0.0,interim
replication_200,ICLR,oral,appendix_category,ablation,11,3,0.272727273,0.272727273,0.363636364,0.0,interim
replication_200,ICLR,oral,appendix_category,additional_result,11,9,0.818181818,0.818181818,1.818181818,1.0,interim
replication_200,ICLR,oral,appendix_category,dataset_detail,11,4,0.363636364,0.363636364,0.363636364,0.0,interim
replication_200,ICLR,oral,appendix_category,extended_method,11,5,0.454545455,0.454545455,0.909090909,0.0,interim
replication_200,ICLR,oral,appendix_category,failure_case,11,3,0.272727273,0.272727273,0.272727273,0.0,interim
replication_200,ICLR,oral,appendix_category,hyperparameter,11,3,0.272727273,0.272727273,0.636363636,0.0,interim
replication_200,ICLR,oral,appendix_category,implementation_detail,11,4,0.363636364,0.363636364,0.454545455,0.0,interim
replication_200,ICLR,oral,appendix_category,other,11,4,0.363636364,0.363636364,0.545454545,0.0,interim
replication_200,ICLR,oral,appendix_category,proof,11,4,0.363636364,0.363636364,0.909090909,0.0,interim
replication_200,ICLR,oral,appendix_category,qualitative_example,11,5,0.454545455,0.454545455,0.545454545,0.0,interim
replication_200,ICLR,oral,appendix_category,reproducibility,11,4,0.363636364,0.363636364,0.363636364,0.0,interim
replication_200,ICLR,oral,appendix_category,robustness,11,6,0.545454545,0.545454545,0.909090909,1.0,interim
replication_200,ICLR,oral,claim_status,closed,11,9,0.818181818,0.818181818,2.181818182,2.0,interim
replication_200,ICLR,oral,claim_status,not_testable_here,11,4,0.363636364,0.363636364,0.363636364,0.0,interim
replication_200,ICLR,oral,claim_status,open,11,4,0.363636364,0.363636364,0.363636364,0.0,interim
replication_200,ICLR,oral,claim_status,partially_closed,11,11,1.0,1.0,5.545454545,6.0,interim
replication_200,ICLR,oral,limitation_type,baseline,11,2,0.181818182,0.181818182,0.181818182,0.0,interim
replication_200,ICLR,oral,limitation_type,causality,11,1,0.090909091,0.090909091,0.090909091,0.0,interim
replication_200,ICLR,oral,limitation_type,compute,11,1,0.090909091,0.090909091,0.090909091,0.0,interim
replication_200,ICLR,oral,limitation_type,data,11,2,0.181818182,0.181818182,0.181818182,0.0,interim
replication_200,ICLR,oral,limitation_type,deployment,11,2,0.181818182,0.181818182,0.181818182,0.0,interim
replication_200,ICLR,oral,limitation_type,ethics,11,1,0.090909091,0.090909091,0.090909091,0.0,interim
replication_200,ICLR,oral,limitation_type,generality,11,2,0.181818182,0.181818182,0.272727273,0.0,interim
replication_200,ICLR,oral,limitation_type,scope,11,2,0.181818182,0.181818182,0.272727273,0.0,interim
replication_200,ICLR,oral,limitation_type,unspecified,11,9,0.818181818,0.818181818,6.545454545,6.0,interim
replication_200,ICLR,oral,statistical_field_reported,aggregation,11,1,0.090909091,0.090909091,0.090909091,0.0,interim
replication_200,ICLR,oral,statistical_field_reported,aggregation_and_denominators,11,1,0.090909091,0.090909091,0.090909091,0.0,interim
replication_200,ICLR,oral,statistical_field_reported,aggregation_unit,11,1,0.090909091,0.090909091,0.090909091,0.0,interim
replication_200,ICLR,oral,statistical_field_reported,aggregation_units,11,2,0.181818182,0.181818182,0.181818182,0.0,interim
replication_200,ICLR,oral,statistical_field_reported,bayesian,11,0,0.0,0.0,0.0,0.0,interim
replication_200,ICLR,oral,statistical_field_reported,bayesian_analysis,11,0,0.0,0.0,0.0,0.0,interim
replication_200,ICLR,oral,statistical_field_reported,bootstrap,11,0,0.0,0.0,0.0,0.0,interim
replication_200,ICLR,oral,statistical_field_reported,caption_self_containment,11,1,0.090909091,0.090909091,0.090909091,0.0,interim
replication_200,ICLR,oral,statistical_field_reported,center,11,2,0.181818182,0.181818182,0.181818182,0.0,interim
replication_200,ICLR,oral,statistical_field_reported,central_tendency,11,1,0.090909091,0.090909091,0.090909091,0.0,interim
replication_200,ICLR,oral,statistical_field_reported,decision_quantities,11,2,0.181818182,0.181818182,0.181818182,0.0,interim
replication_200,ICLR,oral,statistical_field_reported,denominator_risk,11,1,0.090909091,0.090909091,0.090909091,0.0,interim
replication_200,ICLR,oral,statistical_field_reported,denominators,11,1,0.090909091,0.090909091,0.090909091,0.0,interim
replication_200,ICLR,oral,statistical_field_reported,dispersion,11,2,0.181818182,0.181818182,0.181818182,0.0,interim
replication_200,ICLR,oral,statistical_field_reported,effect_sizes,11,1,0.090909091,0.090909091,0.090909091,0.0,interim
replication_200,ICLR,oral,statistical_field_reported,hierarchy,11,1,0.090909091,0.090909091,0.090909091,0.0,interim
replication_200,ICLR,oral,statistical_field_reported,human_level,11,1,0.090909091,0.090909091,0.090909091,0.0,interim
replication_200,ICLR,oral,statistical_field_reported,hypothesis_tests,11,1,0.090909091,0.090909091,0.090909091,0.0,interim
replication_200,ICLR,oral,statistical_field_reported,intervals,11,1,0.090909091,0.090909091,0.090909091,0.0,interim
replication_200,ICLR,oral,statistical_field_reported,intervention_level,11,1,0.090909091,0.090909091,0.090909091,0.0,interim
replication_200,ICLR,oral,statistical_field_reported,methods_not_present,11,1,0.090909091,0.090909091,0.090909091,0.0,interim
replication_200,ICLR,oral,statistical_field_reported,methods_present,11,1,0.090909091,0.090909091,0.090909091,0.0,interim
replication_200,ICLR,oral,statistical_field_reported,multiple_comparison,11,0,0.0,0.0,0.0,0.0,interim
replication_200,ICLR,oral,statistical_field_reported,multiple_comparison_control,11,0,0.0,0.0,0.0,0.0,interim
replication_200,ICLR,oral,statistical_field_reported,multiple_comparisons,11,0,0.0,0.0,0.0,0.0,interim
replication_200,ICLR,oral,statistical_field_reported,observation_unit,11,1,0.090909091,0.090909091,0.090909091,0.0,interim
replication_200,ICLR,oral,statistical_field_reported,regression,11,1,0.090909091,0.090909091,0.090909091,0.0,interim
replication_200,ICLR,oral,statistical_field_reported,regression_correlation_fit,11,0,0.0,0.0,0.0,0.0,interim
replication_200,ICLR,oral,statistical_field_reported,regression_or_correlation,11,1,0.090909091,0.090909091,0.090909091,0.0,interim
replication_200,ICLR,oral,statistical_field_reported,seed_hierarchy,11,0,0.0,0.0,0.0,0.0,interim
replication_200,ICLR,oral,statistical_field_reported,significance_mechanism_separation,11,1,0.090909091,0.090909091,0.090909091,0.0,interim
replication_200,ICLR,oral,statistical_field_reported,significance_vs_substance,11,3,0.272727273,0.272727273,0.272727273,0.0,interim
replication_200,ICLR,oral,statistical_field_reported,tests,11,1,0.090909091,0.090909091,0.090909091,0.0,interim
replication_200,ICLR,oral,statistical_field_reported,uncertainty,11,1,0.090909091,0.090909091,0.090909091,0.0,interim
replication_200,ICLR,oral,statistical_field_reported,uncertainty_quality,11,1,0.090909091,0.090909091,0.090909091,0.0,interim
replication_200,ICLR,oral,statistical_field_reported,uncertainty_reporting,11,1,0.090909091,0.090909091,0.090909091,0.0,interim
replication_200,ICLR,oral,theory_kind,corollary,11,1,0.090909091,0.090909091,0.090909091,0.0,interim
replication_200,ICLR,oral,theory_kind,displayed_equation,11,6,0.545454545,0.545454545,1.181818182,1.0,interim
replication_200,ICLR,oral,theory_kind,lemma,11,1,0.090909091,0.090909091,0.090909091,0.0,interim
replication_200,ICLR,oral,theory_kind,numbered_equation,11,8,0.727272727,0.727272727,6.636363636,5.0,interim
replication_200,ICLR,oral,theory_kind,proof,11,4,0.363636364,0.363636364,1.181818182,0.0,interim
replication_200,ICLR,oral,theory_kind,proposition,11,3,0.272727273,0.272727273,0.636363636,0.0,interim
replication_200,ICLR,oral,theory_kind,theorem,11,2,0.181818182,0.181818182,0.181818182,0.0,interim
replication_200,ICLR,oral,theory_role,core_chain,11,10,0.909090909,0.909090909,4.272727273,4.0,interim
replication_200,ICLR,oral,theory_role,diagnostic,11,4,0.363636364,0.363636364,0.818181818,0.0,interim
replication_200,ICLR,oral,theory_role,explanation,11,7,0.636363636,0.636363636,3.454545455,2.0,interim
replication_200,ICLR,oral,theory_role,guarantee,11,6,0.545454545,0.545454545,1.454545455,1.0,interim
replication_200,ICLR,oral,visual_kind,algorithm,11,4,0.363636364,0.363636364,0.545454545,0.0,interim
replication_200,ICLR,oral,visual_kind,figure,11,11,1.0,1.0,10.272727273,8.0,interim
replication_200,ICLR,oral,visual_kind,table,11,11,1.0,1.0,7.818181818,6.0,interim
replication_200,ICLR,oral,visual_module,ablation,11,9,0.818181818,0.818181818,1.454545455,1.0,interim
replication_200,ICLR,oral,visual_module,abstract,11,1,0.090909091,0.090909091,0.090909091,0.0,interim
replication_200,ICLR,oral,visual_module,appendix,11,8,0.727272727,0.727272727,9.454545455,7.0,interim
replication_200,ICLR,oral,visual_module,experimental_design,11,2,0.181818182,0.181818182,0.181818182,0.0,interim
replication_200,ICLR,oral,visual_module,introduction,11,6,0.545454545,0.545454545,0.727272727,1.0,interim
replication_200,ICLR,oral,visual_module,method,11,8,0.727272727,0.727272727,1.636363636,2.0,interim
replication_200,ICLR,oral,visual_module,other,11,1,0.090909091,0.090909091,0.181818182,0.0,interim
replication_200,ICLR,oral,visual_module,results,11,11,1.0,1.0,4.818181818,5.0,interim
replication_200,ICLR,oral,visual_module,theory,11,1,0.090909091,0.090909091,0.090909091,0.0,interim
combined_400,ICLR,all,abstract_function,core_idea,26,24,0.923076923,0.926624738,0.923076923,1.0,interim
combined_400,ICLR,all,abstract_function,experimental_setup,26,21,0.807692308,0.810272537,0.807692308,1.0,interim
combined_400,ICLR,all,abstract_function,impact_claim,26,26,1.0,1.0,1.0,1.0,interim
combined_400,ICLR,all,abstract_function,limitation,26,6,0.230769231,0.232704403,0.230769231,0.0,interim
combined_400,ICLR,all,abstract_function,method,26,25,0.961538462,0.965408805,0.961538462,1.0,interim
combined_400,ICLR,all,abstract_function,object_scope,26,26,1.0,1.0,1.0,1.0,interim
combined_400,ICLR,all,abstract_function,problem_gap,26,25,0.961538462,0.965408805,0.961538462,1.0,interim
combined_400,ICLR,all,abstract_function,qualitative_result,26,24,0.923076923,0.922431866,0.923076923,1.0,interim
combined_400,ICLR,all,abstract_function,quantitative_result,26,14,0.538461538,0.538784067,0.538461538,1.0,interim
combined_400,ICLR,all,abstract_function,theory,26,8,0.307692308,0.306079665,0.307692308,0.0,interim
combined_400,ICLR,all,appendix_category,ablation,26,8,0.307692308,0.306079665,0.5,0.0,interim
combined_400,ICLR,all,appendix_category,additional_result,26,20,0.769230769,0.77148847,1.769230769,1.0,interim
combined_400,ICLR,all,appendix_category,dataset_detail,26,8,0.307692308,0.310272537,0.461538462,0.0,interim
combined_400,ICLR,all,appendix_category,ethics_impact,26,3,0.115384615,0.116352201,0.115384615,0.0,interim
combined_400,ICLR,all,appendix_category,extended_method,26,10,0.384615385,0.383647799,0.692307692,0.0,interim
combined_400,ICLR,all,appendix_category,failure_case,26,6,0.230769231,0.232704403,0.269230769,0.0,interim
combined_400,ICLR,all,appendix_category,hyperparameter,26,5,0.192307692,0.193920335,0.346153846,0.0,interim
combined_400,ICLR,all,appendix_category,implementation_detail,26,15,0.576923077,0.577568134,0.769230769,1.0,interim
combined_400,ICLR,all,appendix_category,other,26,15,0.576923077,0.577568134,0.807692308,1.0,interim
combined_400,ICLR,all,appendix_category,proof,26,6,0.230769231,0.22851153,0.692307692,0.0,interim
combined_400,ICLR,all,appendix_category,qualitative_example,26,12,0.461538462,0.461215933,0.576923077,0.0,interim
combined_400,ICLR,all,appendix_category,reproducibility,26,12,0.461538462,0.461215933,0.576923077,0.0,interim
combined_400,ICLR,all,appendix_category,robustness,26,13,0.5,0.5,0.769230769,0.5,interim
combined_400,ICLR,all,claim_status,closed,26,21,0.807692308,0.806079665,2.153846154,2.0,interim
combined_400,ICLR,all,claim_status,not_testable_here,26,6,0.230769231,0.22851153,0.269230769,0.0,interim
combined_400,ICLR,all,claim_status,open,26,8,0.307692308,0.310272537,0.346153846,0.0,interim
combined_400,ICLR,all,claim_status,partially_closed,26,26,1.0,1.0,5.346153846,6.0,interim
combined_400,ICLR,all,limitation_type,assumption,26,1,0.038461538,0.038784067,0.076923077,0.0,interim
combined_400,ICLR,all,limitation_type,baseline,26,3,0.115384615,0.116352201,0.115384615,0.0,interim
combined_400,ICLR,all,limitation_type,causality,26,1,0.038461538,0.038784067,0.038461538,0.0,interim
combined_400,ICLR,all,limitation_type,compute,26,2,0.076923077,0.077568134,0.076923077,0.0,interim
combined_400,ICLR,all,limitation_type,data,26,4,0.153846154,0.155136268,0.192307692,0.0,interim
combined_400,ICLR,all,limitation_type,deployment,26,3,0.115384615,0.116352201,0.115384615,0.0,interim
combined_400,ICLR,all,limitation_type,ethics,26,1,0.038461538,0.038784067,0.038461538,0.0,interim
combined_400,ICLR,all,limitation_type,generality,26,4,0.153846154,0.155136268,0.192307692,0.0,interim
combined_400,ICLR,all,limitation_type,metric,26,2,0.076923077,0.077568134,0.076923077,0.0,interim
combined_400,ICLR,all,limitation_type,scope,26,3,0.115384615,0.116352201,0.192307692,0.0,interim
combined_400,ICLR,all,limitation_type,unspecified,26,22,0.846153846,0.844863732,6.653846154,7.0,interim
combined_400,ICLR,all,statistical_field_reported,aggregation,26,1,0.038461538,0.038784067,0.038461538,0.0,interim
combined_400,ICLR,all,statistical_field_reported,aggregation_and_denominators,26,1,0.038461538,0.038784067,0.038461538,0.0,interim
combined_400,ICLR,all,statistical_field_reported,aggregation_unit,26,1,0.038461538,0.038784067,0.038461538,0.0,interim
combined_400,ICLR,all,statistical_field_reported,aggregation_units,26,3,0.115384615,0.116352201,0.115384615,0.0,interim
combined_400,ICLR,all,statistical_field_reported,bayesian,26,0,0.0,0.0,0.0,0.0,interim
combined_400,ICLR,all,statistical_field_reported,bayesian_analysis,26,0,0.0,0.0,0.0,0.0,interim
combined_400,ICLR,all,statistical_field_reported,bootstrap,26,0,0.0,0.0,0.0,0.0,interim
combined_400,ICLR,all,statistical_field_reported,caption_self_containment,26,1,0.038461538,0.038784067,0.038461538,0.0,interim
combined_400,ICLR,all,statistical_field_reported,center,26,2,0.076923077,0.077568134,0.076923077,0.0,interim
combined_400,ICLR,all,statistical_field_reported,central_tendency,26,2,0.076923077,0.077568134,0.076923077,0.0,interim
combined_400,ICLR,all,statistical_field_reported,correlation,26,0,0.0,0.0,0.0,0.0,interim
combined_400,ICLR,all,statistical_field_reported,decision_quantities,26,2,0.076923077,0.077568134,0.076923077,0.0,interim
combined_400,ICLR,all,statistical_field_reported,denominator_risk,26,1,0.038461538,0.038784067,0.038461538,0.0,interim
combined_400,ICLR,all,statistical_field_reported,denominators,26,1,0.038461538,0.038784067,0.038461538,0.0,interim
combined_400,ICLR,all,statistical_field_reported,dispersion,26,2,0.076923077,0.077568134,0.076923077,0.0,interim
combined_400,ICLR,all,statistical_field_reported,effect_sizes,26,1,0.038461538,0.038784067,0.038461538,0.0,interim
combined_400,ICLR,all,statistical_field_reported,hierarchy,26,1,0.038461538,0.038784067,0.038461538,0.0,interim
combined_400,ICLR,all,statistical_field_reported,human_level,26,1,0.038461538,0.038784067,0.038461538,0.0,interim
combined_400,ICLR,all,statistical_field_reported,hypothesis_tests,26,1,0.038461538,0.038784067,0.038461538,0.0,interim
combined_400,ICLR,all,statistical_field_reported,intervals,26,1,0.038461538,0.038784067,0.038461538,0.0,interim
combined_400,ICLR,all,statistical_field_reported,intervention_level,26,1,0.038461538,0.038784067,0.038461538,0.0,interim
combined_400,ICLR,all,statistical_field_reported,methods_not_present,26,1,0.038461538,0.038784067,0.038461538,0.0,interim
combined_400,ICLR,all,statistical_field_reported,methods_present,26,1,0.038461538,0.038784067,0.038461538,0.0,interim
combined_400,ICLR,all,statistical_field_reported,multiple_comparison,26,0,0.0,0.0,0.0,0.0,interim
combined_400,ICLR,all,statistical_field_reported,multiple_comparison_control,26,0,0.0,0.0,0.0,0.0,interim
combined_400,ICLR,all,statistical_field_reported,multiple_comparisons,26,0,0.0,0.0,0.0,0.0,interim
combined_400,ICLR,all,statistical_field_reported,observation_unit,26,1,0.038461538,0.038784067,0.038461538,0.0,interim
combined_400,ICLR,all,statistical_field_reported,regression,26,1,0.038461538,0.038784067,0.038461538,0.0,interim
combined_400,ICLR,all,statistical_field_reported,regression_correlation_fit,26,0,0.0,0.0,0.0,0.0,interim
combined_400,ICLR,all,statistical_field_reported,regression_or_correlation,26,1,0.038461538,0.038784067,0.038461538,0.0,interim
combined_400,ICLR,all,statistical_field_reported,seed_hierarchy,26,1,0.038461538,0.038784067,0.038461538,0.0,interim
combined_400,ICLR,all,statistical_field_reported,significance_language,26,1,0.038461538,0.038784067,0.038461538,0.0,interim
combined_400,ICLR,all,statistical_field_reported,significance_mechanism_separation,26,1,0.038461538,0.038784067,0.038461538,0.0,interim
combined_400,ICLR,all,statistical_field_reported,significance_vs_substance,26,3,0.115384615,0.116352201,0.115384615,0.0,interim
combined_400,ICLR,all,statistical_field_reported,substantive_vs_statistical,26,1,0.038461538,0.038784067,0.038461538,0.0,interim
combined_400,ICLR,all,statistical_field_reported,tests,26,1,0.038461538,0.038784067,0.038461538,0.0,interim
combined_400,ICLR,all,statistical_field_reported,uncertainty,26,1,0.038461538,0.038784067,0.038461538,0.0,interim
combined_400,ICLR,all,statistical_field_reported,uncertainty_quality,26,1,0.038461538,0.038784067,0.038461538,0.0,interim
combined_400,ICLR,all,statistical_field_reported,uncertainty_reported,26,1,0.038461538,0.038784067,0.038461538,0.0,interim
combined_400,ICLR,all,statistical_field_reported,uncertainty_reporting,26,1,0.038461538,0.038784067,0.038461538,0.0,interim
combined_400,ICLR,all,theory_kind,corollary,26,2,0.076923077,0.073375262,0.153846154,0.0,interim
combined_400,ICLR,all,theory_kind,displayed_equation,26,12,0.461538462,0.461215933,1.384615385,0.0,interim
combined_400,ICLR,all,theory_kind,lemma,26,2,0.076923077,0.073375262,0.115384615,0.0,interim
combined_400,ICLR,all,theory_kind,numbered_equation,26,19,0.730769231,0.732704403,5.307692308,4.5,interim
combined_400,ICLR,all,theory_kind,proof,26,6,0.230769231,0.22851153,0.807692308,0.0,interim
combined_400,ICLR,all,theory_kind,proposition,26,4,0.153846154,0.150943396,0.538461538,0.0,interim
combined_400,ICLR,all,theory_kind,theorem,26,3,0.115384615,0.112159329,0.230769231,0.0,interim
combined_400,ICLR,all,theory_role,core_chain,26,23,0.884615385,0.883647799,5.0,4.0,interim
combined_400,ICLR,all,theory_role,diagnostic,26,7,0.269230769,0.263102725,0.538461538,0.0,interim
combined_400,ICLR,all,theory_role,explanation,26,14,0.538461538,0.534591195,2.115384615,1.0,interim
combined_400,ICLR,all,theory_role,guarantee,26,8,0.307692308,0.306079665,0.884615385,0.0,interim
combined_400,ICLR,all,visual_kind,algorithm,26,5,0.192307692,0.193920335,0.269230769,0.0,interim
combined_400,ICLR,all,visual_kind,figure,26,25,0.961538462,0.965408805,9.115384615,7.5,interim
combined_400,ICLR,all,visual_kind,table,26,25,0.961538462,0.965408805,8.115384615,8.0,interim
combined_400,ICLR,all,visual_module,ablation,26,22,0.846153846,0.853249476,1.653846154,1.0,interim
combined_400,ICLR,all,visual_module,abstract,26,2,0.076923077,0.073375262,0.076923077,0.0,interim
combined_400,ICLR,all,visual_module,appendix,26,20,0.769230769,0.77148847,8.230769231,6.0,interim
combined_400,ICLR,all,visual_module,experimental_design,26,7,0.269230769,0.267295597,0.538461538,0.0,interim
combined_400,ICLR,all,visual_module,introduction,26,13,0.5,0.504192872,0.653846154,0.5,interim
combined_400,ICLR,all,visual_module,limitations,26,1,0.038461538,0.038784067,0.115384615,0.0,interim
combined_400,ICLR,all,visual_module,method,26,22,0.846153846,0.849056604,1.576923077,2.0,interim
combined_400,ICLR,all,visual_module,other,26,2,0.076923077,0.077568134,0.115384615,0.0,interim
combined_400,ICLR,all,visual_module,related_work,26,3,0.115384615,0.116352201,0.115384615,0.0,interim
combined_400,ICLR,all,visual_module,results,26,25,0.961538462,0.965408805,4.269230769,4.0,interim
combined_400,ICLR,all,visual_module,theory,26,3,0.115384615,0.116352201,0.153846154,0.0,interim
combined_400,ICLR,oral,abstract_function,core_idea,24,23,0.958333333,0.958333333,0.958333333,1.0,interim
combined_400,ICLR,oral,abstract_function,experimental_setup,24,20,0.833333333,0.833333333,0.833333333,1.0,interim
combined_400,ICLR,oral,abstract_function,impact_claim,24,24,1.0,1.0,1.0,1.0,interim
combined_400,ICLR,oral,abstract_function,limitation,24,6,0.25,0.25,0.25,0.0,interim
combined_400,ICLR,oral,abstract_function,method,24,24,1.0,1.0,1.0,1.0,interim
combined_400,ICLR,oral,abstract_function,object_scope,24,24,1.0,1.0,1.0,1.0,interim
combined_400,ICLR,oral,abstract_function,problem_gap,24,24,1.0,1.0,1.0,1.0,interim
combined_400,ICLR,oral,abstract_function,qualitative_result,24,22,0.916666667,0.916666667,0.916666667,1.0,interim
combined_400,ICLR,oral,abstract_function,quantitative_result,24,13,0.541666667,0.541666667,0.541666667,1.0,interim
combined_400,ICLR,oral,abstract_function,theory,24,7,0.291666667,0.291666667,0.291666667,0.0,interim
combined_400,ICLR,oral,appendix_category,ablation,24,7,0.291666667,0.291666667,0.375,0.0,interim
combined_400,ICLR,oral,appendix_category,additional_result,24,19,0.791666667,0.791666667,1.875,1.0,interim
combined_400,ICLR,oral,appendix_category,dataset_detail,24,8,0.333333333,0.333333333,0.5,0.0,interim
combined_400,ICLR,oral,appendix_category,ethics_impact,24,3,0.125,0.125,0.125,0.0,interim
combined_400,ICLR,oral,appendix_category,extended_method,24,9,0.375,0.375,0.625,0.0,interim
combined_400,ICLR,oral,appendix_category,failure_case,24,6,0.25,0.25,0.291666667,0.0,interim
combined_400,ICLR,oral,appendix_category,hyperparameter,24,5,0.208333333,0.208333333,0.375,0.0,interim
combined_400,ICLR,oral,appendix_category,implementation_detail,24,14,0.583333333,0.583333333,0.75,1.0,interim
combined_400,ICLR,oral,appendix_category,other,24,14,0.583333333,0.583333333,0.791666667,1.0,interim
combined_400,ICLR,oral,appendix_category,proof,24,5,0.208333333,0.208333333,0.458333333,0.0,interim
combined_400,ICLR,oral,appendix_category,qualitative_example,24,11,0.458333333,0.458333333,0.583333333,0.0,interim
combined_400,ICLR,oral,appendix_category,reproducibility,24,11,0.458333333,0.458333333,0.541666667,0.0,interim
combined_400,ICLR,oral,appendix_category,robustness,24,12,0.5,0.5,0.791666667,0.5,interim
combined_400,ICLR,oral,claim_status,closed,24,19,0.791666667,0.791666667,1.958333333,2.0,interim
combined_400,ICLR,oral,claim_status,not_testable_here,24,5,0.208333333,0.208333333,0.208333333,0.0,interim
combined_400,ICLR,oral,claim_status,open,24,8,0.333333333,0.333333333,0.375,0.0,interim
combined_400,ICLR,oral,claim_status,partially_closed,24,24,1.0,1.0,5.583333333,6.0,interim
combined_400,ICLR,oral,limitation_type,assumption,24,1,0.041666667,0.041666667,0.083333333,0.0,interim
combined_400,ICLR,oral,limitation_type,baseline,24,3,0.125,0.125,0.125,0.0,interim
combined_400,ICLR,oral,limitation_type,causality,24,1,0.041666667,0.041666667,0.041666667,0.0,interim
combined_400,ICLR,oral,limitation_type,compute,24,2,0.083333333,0.083333333,0.083333333,0.0,interim
combined_400,ICLR,oral,limitation_type,data,24,4,0.166666667,0.166666667,0.208333333,0.0,interim
combined_400,ICLR,oral,limitation_type,deployment,24,3,0.125,0.125,0.125,0.0,interim
combined_400,ICLR,oral,limitation_type,ethics,24,1,0.041666667,0.041666667,0.041666667,0.0,interim
combined_400,ICLR,oral,limitation_type,generality,24,4,0.166666667,0.166666667,0.208333333,0.0,interim
combined_400,ICLR,oral,limitation_type,metric,24,2,0.083333333,0.083333333,0.083333333,0.0,interim
combined_400,ICLR,oral,limitation_type,scope,24,3,0.125,0.125,0.208333333,0.0,interim
combined_400,ICLR,oral,limitation_type,unspecified,24,20,0.833333333,0.833333333,6.333333333,7.0,interim
combined_400,ICLR,oral,statistical_field_reported,aggregation,24,1,0.041666667,0.041666667,0.041666667,0.0,interim
combined_400,ICLR,oral,statistical_field_reported,aggregation_and_denominators,24,1,0.041666667,0.041666667,0.041666667,0.0,interim
combined_400,ICLR,oral,statistical_field_reported,aggregation_unit,24,1,0.041666667,0.041666667,0.041666667,0.0,interim
combined_400,ICLR,oral,statistical_field_reported,aggregation_units,24,3,0.125,0.125,0.125,0.0,interim
combined_400,ICLR,oral,statistical_field_reported,bayesian,24,0,0.0,0.0,0.0,0.0,interim
combined_400,ICLR,oral,statistical_field_reported,bayesian_analysis,24,0,0.0,0.0,0.0,0.0,interim
combined_400,ICLR,oral,statistical_field_reported,bootstrap,24,0,0.0,0.0,0.0,0.0,interim
combined_400,ICLR,oral,statistical_field_reported,caption_self_containment,24,1,0.041666667,0.041666667,0.041666667,0.0,interim
combined_400,ICLR,oral,statistical_field_reported,center,24,2,0.083333333,0.083333333,0.083333333,0.0,interim
combined_400,ICLR,oral,statistical_field_reported,central_tendency,24,2,0.083333333,0.083333333,0.083333333,0.0,interim
combined_400,ICLR,oral,statistical_field_reported,correlation,24,0,0.0,0.0,0.0,0.0,interim
combined_400,ICLR,oral,statistical_field_reported,decision_quantities,24,2,0.083333333,0.083333333,0.083333333,0.0,interim
combined_400,ICLR,oral,statistical_field_reported,denominator_risk,24,1,0.041666667,0.041666667,0.041666667,0.0,interim
combined_400,ICLR,oral,statistical_field_reported,denominators,24,1,0.041666667,0.041666667,0.041666667,0.0,interim
combined_400,ICLR,oral,statistical_field_reported,dispersion,24,2,0.083333333,0.083333333,0.083333333,0.0,interim
combined_400,ICLR,oral,statistical_field_reported,effect_sizes,24,1,0.041666667,0.041666667,0.041666667,0.0,interim
combined_400,ICLR,oral,statistical_field_reported,hierarchy,24,1,0.041666667,0.041666667,0.041666667,0.0,interim
combined_400,ICLR,oral,statistical_field_reported,human_level,24,1,0.041666667,0.041666667,0.041666667,0.0,interim
combined_400,ICLR,oral,statistical_field_reported,hypothesis_tests,24,1,0.041666667,0.041666667,0.041666667,0.0,interim
combined_400,ICLR,oral,statistical_field_reported,intervals,24,1,0.041666667,0.041666667,0.041666667,0.0,interim
combined_400,ICLR,oral,statistical_field_reported,intervention_level,24,1,0.041666667,0.041666667,0.041666667,0.0,interim
combined_400,ICLR,oral,statistical_field_reported,methods_not_present,24,1,0.041666667,0.041666667,0.041666667,0.0,interim
combined_400,ICLR,oral,statistical_field_reported,methods_present,24,1,0.041666667,0.041666667,0.041666667,0.0,interim
combined_400,ICLR,oral,statistical_field_reported,multiple_comparison,24,0,0.0,0.0,0.0,0.0,interim
combined_400,ICLR,oral,statistical_field_reported,multiple_comparison_control,24,0,0.0,0.0,0.0,0.0,interim
combined_400,ICLR,oral,statistical_field_reported,multiple_comparisons,24,0,0.0,0.0,0.0,0.0,interim
combined_400,ICLR,oral,statistical_field_reported,observation_unit,24,1,0.041666667,0.041666667,0.041666667,0.0,interim
combined_400,ICLR,oral,statistical_field_reported,regression,24,1,0.041666667,0.041666667,0.041666667,0.0,interim
combined_400,ICLR,oral,statistical_field_reported,regression_correlation_fit,24,0,0.0,0.0,0.0,0.0,interim
combined_400,ICLR,oral,statistical_field_reported,regression_or_correlation,24,1,0.041666667,0.041666667,0.041666667,0.0,interim
combined_400,ICLR,oral,statistical_field_reported,seed_hierarchy,24,1,0.041666667,0.041666667,0.041666667,0.0,interim
combined_400,ICLR,oral,statistical_field_reported,significance_language,24,1,0.041666667,0.041666667,0.041666667,0.0,interim
combined_400,ICLR,oral,statistical_field_reported,significance_mechanism_separation,24,1,0.041666667,0.041666667,0.041666667,0.0,interim
combined_400,ICLR,oral,statistical_field_reported,significance_vs_substance,24,3,0.125,0.125,0.125,0.0,interim
combined_400,ICLR,oral,statistical_field_reported,substantive_vs_statistical,24,1,0.041666667,0.041666667,0.041666667,0.0,interim
combined_400,ICLR,oral,statistical_field_reported,tests,24,1,0.041666667,0.041666667,0.041666667,0.0,interim
combined_400,ICLR,oral,statistical_field_reported,uncertainty,24,1,0.041666667,0.041666667,0.041666667,0.0,interim
combined_400,ICLR,oral,statistical_field_reported,uncertainty_quality,24,1,0.041666667,0.041666667,0.041666667,0.0,interim
combined_400,ICLR,oral,statistical_field_reported,uncertainty_reported,24,1,0.041666667,0.041666667,0.041666667,0.0,interim
combined_400,ICLR,oral,statistical_field_reported,uncertainty_reporting,24,1,0.041666667,0.041666667,0.041666667,0.0,interim
combined_400,ICLR,oral,theory_kind,corollary,24,1,0.041666667,0.041666667,0.041666667,0.0,interim
combined_400,ICLR,oral,theory_kind,displayed_equation,24,11,0.458333333,0.458333333,1.166666667,0.0,interim
combined_400,ICLR,oral,theory_kind,lemma,24,1,0.041666667,0.041666667,0.041666667,0.0,interim
combined_400,ICLR,oral,theory_kind,numbered_equation,24,18,0.75,0.75,5.25,4.5,interim
combined_400,ICLR,oral,theory_kind,proof,24,5,0.208333333,0.208333333,0.583333333,0.0,interim
combined_400,ICLR,oral,theory_kind,proposition,24,3,0.125,0.125,0.291666667,0.0,interim
combined_400,ICLR,oral,theory_kind,theorem,24,2,0.083333333,0.083333333,0.083333333,0.0,interim
combined_400,ICLR,oral,theory_role,core_chain,24,21,0.875,0.875,4.291666667,4.0,interim
combined_400,ICLR,oral,theory_role,diagnostic,24,5,0.208333333,0.208333333,0.458333333,0.0,interim
combined_400,ICLR,oral,theory_role,explanation,24,12,0.5,0.5,1.916666667,0.5,interim
combined_400,ICLR,oral,theory_role,guarantee,24,7,0.291666667,0.291666667,0.791666667,0.0,interim
combined_400,ICLR,oral,visual_kind,algorithm,24,5,0.208333333,0.208333333,0.291666667,0.0,interim
combined_400,ICLR,oral,visual_kind,figure,24,24,1.0,1.0,9.458333333,7.5,interim
combined_400,ICLR,oral,visual_kind,table,24,24,1.0,1.0,8.375,8.0,interim
combined_400,ICLR,oral,visual_module,ablation,24,22,0.916666667,0.916666667,1.791666667,1.0,interim
combined_400,ICLR,oral,visual_module,abstract,24,1,0.041666667,0.041666667,0.041666667,0.0,interim
combined_400,ICLR,oral,visual_module,appendix,24,19,0.791666667,0.791666667,8.333333333,6.0,interim
combined_400,ICLR,oral,visual_module,experimental_design,24,6,0.25,0.25,0.541666667,0.0,interim
combined_400,ICLR,oral,visual_module,introduction,24,13,0.541666667,0.541666667,0.708333333,1.0,interim
combined_400,ICLR,oral,visual_module,limitations,24,1,0.041666667,0.041666667,0.125,0.0,interim
combined_400,ICLR,oral,visual_module,method,24,21,0.875,0.875,1.625,2.0,interim
combined_400,ICLR,oral,visual_module,other,24,2,0.083333333,0.083333333,0.125,0.0,interim
combined_400,ICLR,oral,visual_module,related_work,24,3,0.125,0.125,0.125,0.0,interim
combined_400,ICLR,oral,visual_module,results,24,24,1.0,1.0,4.541666667,4.5,interim
combined_400,ICLR,oral,visual_module,theory,24,3,0.125,0.125,0.166666667,0.0,interim
combined_400,ICLR,outstanding,abstract_function,core_idea,2,1,0.5,0.5,0.5,0.5,interim
combined_400,ICLR,outstanding,abstract_function,experimental_setup,2,1,0.5,0.5,0.5,0.5,interim
combined_400,ICLR,outstanding,abstract_function,impact_claim,2,2,1.0,1.0,1.0,1.0,interim
combined_400,ICLR,outstanding,abstract_function,limitation,2,0,0.0,0.0,0.0,0.0,interim
combined_400,ICLR,outstanding,abstract_function,method,2,1,0.5,0.5,0.5,0.5,interim
combined_400,ICLR,outstanding,abstract_function,object_scope,2,2,1.0,1.0,1.0,1.0,interim
combined_400,ICLR,outstanding,abstract_function,problem_gap,2,1,0.5,0.5,0.5,0.5,interim
combined_400,ICLR,outstanding,abstract_function,qualitative_result,2,2,1.0,1.0,1.0,1.0,interim
combined_400,ICLR,outstanding,abstract_function,quantitative_result,2,1,0.5,0.5,0.5,0.5,interim
combined_400,ICLR,outstanding,abstract_function,theory,2,1,0.5,0.5,0.5,0.5,interim
combined_400,ICLR,outstanding,appendix_category,ablation,2,1,0.5,0.5,2.0,2.0,interim
combined_400,ICLR,outstanding,appendix_category,additional_result,2,1,0.5,0.5,0.5,0.5,interim
combined_400,ICLR,outstanding,appendix_category,extended_method,2,1,0.5,0.5,1.5,1.5,interim
combined_400,ICLR,outstanding,appendix_category,implementation_detail,2,1,0.5,0.5,1.0,1.0,interim
combined_400,ICLR,outstanding,appendix_category,other,2,1,0.5,0.5,1.0,1.0,interim
combined_400,ICLR,outstanding,appendix_category,proof,2,1,0.5,0.5,3.5,3.5,interim
combined_400,ICLR,outstanding,appendix_category,qualitative_example,2,1,0.5,0.5,0.5,0.5,interim
combined_400,ICLR,outstanding,appendix_category,reproducibility,2,1,0.5,0.5,1.0,1.0,interim
combined_400,ICLR,outstanding,appendix_category,robustness,2,1,0.5,0.5,0.5,0.5,interim
combined_400,ICLR,outstanding,claim_status,closed,2,2,1.0,1.0,4.5,4.5,interim
combined_400,ICLR,outstanding,claim_status,not_testable_here,2,1,0.5,0.5,1.0,1.0,interim
combined_400,ICLR,outstanding,claim_status,partially_closed,2,2,1.0,1.0,2.5,2.5,interim
combined_400,ICLR,outstanding,limitation_type,unspecified,2,2,1.0,1.0,10.5,10.5,interim
combined_400,ICLR,outstanding,theory_kind,corollary,2,1,0.5,0.5,1.5,1.5,interim
combined_400,ICLR,outstanding,theory_kind,displayed_equation,2,1,0.5,0.5,4.0,4.0,interim
combined_400,ICLR,outstanding,theory_kind,lemma,2,1,0.5,0.5,1.0,1.0,interim
combined_400,ICLR,outstanding,theory_kind,numbered_equation,2,1,0.5,0.5,6.0,6.0,interim
combined_400,ICLR,outstanding,theory_kind,proof,2,1,0.5,0.5,3.5,3.5,interim
combined_400,ICLR,outstanding,theory_kind,proposition,2,1,0.5,0.5,3.5,3.5,interim
combined_400,ICLR,outstanding,theory_kind,theorem,2,1,0.5,0.5,2.0,2.0,interim
combined_400,ICLR,outstanding,theory_role,core_chain,2,2,1.0,1.0,13.5,13.5,interim
combined_400,ICLR,outstanding,theory_role,diagnostic,2,2,1.0,1.0,1.5,1.5,interim
combined_400,ICLR,outstanding,theory_role,explanation,2,2,1.0,1.0,4.5,4.5,interim
combined_400,ICLR,outstanding,theory_role,guarantee,2,1,0.5,0.5,2.0,2.0,interim
combined_400,ICLR,outstanding,visual_kind,figure,2,1,0.5,0.5,5.0,5.0,interim
combined_400,ICLR,outstanding,visual_kind,table,2,1,0.5,0.5,5.0,5.0,interim
combined_400,ICLR,outstanding,visual_module,abstract,2,1,0.5,0.5,0.5,0.5,interim
combined_400,ICLR,outstanding,visual_module,appendix,2,1,0.5,0.5,7.0,7.0,interim
combined_400,ICLR,outstanding,visual_module,experimental_design,2,1,0.5,0.5,0.5,0.5,interim
combined_400,ICLR,outstanding,visual_module,method,2,1,0.5,0.5,1.0,1.0,interim
combined_400,ICLR,outstanding,visual_module,results,2,1,0.5,0.5,1.0,1.0,interim
combined_400,ICML,all,abstract_function,core_idea,100,96,0.96,0.977645741,0.96,1.0,interim
combined_400,ICML,all,abstract_function,experimental_setup,100,70,0.7,0.715920713,0.7,1.0,interim
combined_400,ICML,all,abstract_function,impact_claim,100,90,0.9,0.898943165,0.9,1.0,interim
combined_400,ICML,all,abstract_function,limitation,100,22,0.22,0.221302294,0.22,0.0,interim
combined_400,ICML,all,abstract_function,method,100,97,0.97,0.982467248,0.97,1.0,interim
combined_400,ICML,all,abstract_function,object_scope,100,100,1.0,1.0,1.0,1.0,interim
combined_400,ICML,all,abstract_function,problem_gap,100,93,0.93,0.934544392,0.93,1.0,interim
combined_400,ICML,all,abstract_function,qualitative_result,100,88,0.88,0.887254663,0.88,1.0,interim
combined_400,ICML,all,abstract_function,quantitative_result,100,45,0.45,0.439925973,0.45,0.0,interim
combined_400,ICML,all,abstract_function,theory,100,53,0.53,0.530317051,0.53,1.0,interim
combined_400,ICML,all,appendix_category,ablation,100,30,0.3,0.286124775,0.45,0.0,interim
combined_400,ICML,all,appendix_category,additional_result,100,75,0.75,0.734573613,1.36,1.0,interim
combined_400,ICML,all,appendix_category,broader_impact,100,2,0.02,0.028734233,0.02,0.0,interim
combined_400,ICML,all,appendix_category,dataset_detail,100,40,0.4,0.428773194,0.5,0.0,interim
combined_400,ICML,all,appendix_category,ethics_impact,100,2,0.02,0.020211367,0.03,0.0,interim
combined_400,ICML,all,appendix_category,extended_method,100,68,0.68,0.694686602,1.15,1.0,interim
combined_400,ICML,all,appendix_category,failure_case,100,14,0.14,0.140456826,0.16,0.0,interim
combined_400,ICML,all,appendix_category,hyperparameter,100,41,0.41,0.451663176,0.46,0.0,interim
combined_400,ICML,all,appendix_category,implementation_detail,100,72,0.72,0.718063605,1.12,1.0,interim
combined_400,ICML,all,appendix_category,other,100,48,0.48,0.449958603,0.72,0.0,interim
combined_400,ICML,all,appendix_category,proof,100,51,0.51,0.518628549,1.52,1.0,interim
combined_400,ICML,all,appendix_category,qualitative_example,100,41,0.41,0.418594458,0.49,0.0,interim
combined_400,ICML,all,appendix_category,reproducibility,100,37,0.37,0.361125992,0.5,0.0,interim
combined_400,ICML,all,appendix_category,review_response_residue,100,1,0.01,0.005844251,0.01,0.0,interim
combined_400,ICML,all,appendix_category,robustness,100,42,0.42,0.43193883,0.58,0.0,interim
combined_400,ICML,all,claim_status,closed,100,94,0.94,0.939365899,1.98,2.0,interim
combined_400,ICML,all,claim_status,not_testable_here,100,41,0.41,0.400525983,0.42,0.0,interim
combined_400,ICML,all,claim_status,open,100,30,0.3,0.269079043,0.31,0.0,interim
combined_400,ICML,all,claim_status,partially_closed,100,100,1.0,1.0,4.1,4.0,interim
combined_400,ICML,all,limitation_type,assumption,100,6,0.06,0.052111236,0.11,0.0,interim
combined_400,ICML,all,limitation_type,assumption / causality,100,1,0.01,0.014367116,0.01,0.0,interim
combined_400,ICML,all,limitation_type,assumption/causality,100,1,0.01,0.014367116,0.01,0.0,interim
combined_400,ICML,all,limitation_type,baseline,100,2,0.02,0.020211367,0.02,0.0,interim
combined_400,ICML,all,limitation_type,causality,100,3,0.03,0.017532752,0.03,0.0,interim
combined_400,ICML,all,limitation_type,compute,100,8,0.08,0.072322603,0.1,0.0,interim
combined_400,ICML,all,limitation_type,data,100,6,0.06,0.052111236,0.09,0.0,interim
combined_400,ICML,all,limitation_type,data/generality,100,1,0.01,0.014367116,0.01,0.0,interim
combined_400,ICML,all,limitation_type,deployment,100,4,0.04,0.031899868,0.06,0.0,interim
combined_400,ICML,all,limitation_type,deployment / ethics,100,1,0.01,0.014367116,0.01,0.0,interim
combined_400,ICML,all,limitation_type,deployment/ethics,100,1,0.01,0.014367116,0.01,0.0,interim
combined_400,ICML,all,limitation_type,ethics,100,3,0.03,0.026055618,0.03,0.0,interim
combined_400,ICML,all,limitation_type,generality,100,7,0.07,0.075001218,0.07,0.0,interim
combined_400,ICML,all,limitation_type,method/causality,100,1,0.01,0.014367116,0.01,0.0,interim
combined_400,ICML,all,limitation_type,metric,100,6,0.06,0.04358837,0.06,0.0,interim
combined_400,ICML,all,limitation_type,reporting,100,1,0.01,0.005844251,0.01,0.0,interim
combined_400,ICML,all,limitation_type,scope,100,5,0.05,0.037744119,0.07,0.0,interim
combined_400,ICML,all,limitation_type,statistical reporting,100,1,0.01,0.005844251,0.01,0.0,interim
combined_400,ICML,all,limitation_type,unspecified,100,88,0.88,0.887254663,5.93,6.0,interim
combined_400,ICML,all,statistical_field_reported,aggregation_and_denominators,100,2,0.02,0.011688501,0.02,0.0,interim
combined_400,ICML,all,statistical_field_reported,aggregation_unit,100,2,0.02,0.020211367,0.02,0.0,interim
combined_400,ICML,all,statistical_field_reported,aggregation_units,100,2,0.02,0.020211367,0.02,0.0,interim
combined_400,ICML,all,statistical_field_reported,bayesian,100,0,0.0,0.0,0.0,0.0,interim
combined_400,ICML,all,statistical_field_reported,bayesian_analysis,100,0,0.0,0.0,0.0,0.0,interim
combined_400,ICML,all,statistical_field_reported,bootstrap,100,1,0.01,0.014367116,0.01,0.0,interim
combined_400,ICML,all,statistical_field_reported,caption_self_containment,100,1,0.01,0.014367116,0.01,0.0,interim
combined_400,ICML,all,statistical_field_reported,center,100,1,0.01,0.014367116,0.01,0.0,interim
combined_400,ICML,all,statistical_field_reported,central_tendency,100,2,0.02,0.020211367,0.02,0.0,interim
combined_400,ICML,all,statistical_field_reported,correlation,100,0,0.0,0.0,0.0,0.0,interim
combined_400,ICML,all,statistical_field_reported,decision_quantities,100,2,0.02,0.020211367,0.02,0.0,interim
combined_400,ICML,all,statistical_field_reported,denominator,100,1,0.01,0.014367116,0.01,0.0,interim
combined_400,ICML,all,statistical_field_reported,dispersion,100,1,0.01,0.014367116,0.01,0.0,interim
combined_400,ICML,all,statistical_field_reported,dispersion_or_intervals,100,1,0.01,0.005844251,0.01,0.0,interim
combined_400,ICML,all,statistical_field_reported,empirical_statistics,100,0,0.0,0.0,0.0,0.0,interim
combined_400,ICML,all,statistical_field_reported,figure_caption_independence,100,1,0.01,0.005844251,0.01,0.0,interim
combined_400,ICML,all,statistical_field_reported,figure_table_independence,100,1,0.01,0.005844251,0.01,0.0,interim
combined_400,ICML,all,statistical_field_reported,hypothesis_tests,100,0,0.0,0.0,0.0,0.0,interim
combined_400,ICML,all,statistical_field_reported,intervals,100,1,0.01,0.014367116,0.01,0.0,interim
combined_400,ICML,all,statistical_field_reported,methods_not_present,100,2,0.02,0.011688501,0.02,0.0,interim
combined_400,ICML,all,statistical_field_reported,methods_present,100,2,0.02,0.011688501,0.02,0.0,interim
combined_400,ICML,all,statistical_field_reported,multiple_comparisons,100,0,0.0,0.0,0.0,0.0,interim
combined_400,ICML,all,statistical_field_reported,regression_or_fit,100,1,0.01,0.014367116,0.01,0.0,interim
combined_400,ICML,all,statistical_field_reported,seed_level,100,0,0.0,0.0,0.0,0.0,interim
combined_400,ICML,all,statistical_field_reported,seed_task_dataset_levels,100,1,0.01,0.014367116,0.01,0.0,interim
combined_400,ICML,all,statistical_field_reported,significance_vs_substance,100,2,0.02,0.011688501,0.02,0.0,interim
combined_400,ICML,all,statistical_field_reported,statistical_significance_vs_mechanism,100,1,0.01,0.014367116,0.01,0.0,interim
combined_400,ICML,all,statistical_field_reported,theoretical_probability,100,1,0.01,0.005844251,0.01,0.0,interim
combined_400,ICML,all,statistical_field_reported,uncertainty_in_visuals,100,1,0.01,0.005844251,0.01,0.0,interim
combined_400,ICML,all,statistical_field_reported,uncertainty_reporting,100,1,0.01,0.014367116,0.01,0.0,interim
combined_400,ICML,all,theory_kind,corollary,100,20,0.2,0.17552233,0.53,0.0,interim
combined_400,ICML,all,theory_kind,displayed_equation,100,49,0.49,0.49091706,2.2,0.0,interim
combined_400,ICML,all,theory_kind,lemma,100,32,0.32,0.305313398,2.04,0.0,interim
combined_400,ICML,all,theory_kind,numbered_equation,100,88,0.88,0.895777529,15.77,11.0,interim
combined_400,ICML,all,theory_kind,proof,100,40,0.4,0.394681732,1.56,0.0,interim
combined_400,ICML,all,theory_kind,proposition,100,30,0.3,0.2680563,1.14,0.0,interim
combined_400,ICML,all,theory_kind,theorem,100,43,0.43,0.42073735,2.02,0.0,interim
combined_400,ICML,all,theory_role,core_chain,100,92,0.92,0.927677397,9.45,8.0,interim
combined_400,ICML,all,theory_role,diagnostic,100,68,0.68,0.685140993,2.23,1.0,interim
combined_400,ICML,all,theory_role,explanation,100,83,0.83,0.833487557,6.31,4.0,interim
combined_400,ICML,all,theory_role,guarantee,100,51,0.51,0.500560074,7.27,1.0,interim
combined_400,ICML,all,visual_kind,algorithm,100,57,0.57,0.570739785,1.18,1.0,interim
combined_400,ICML,all,visual_kind,figure,100,98,0.98,0.980811377,13.39,10.0,interim
combined_400,ICML,all,visual_kind,table,100,94,0.94,0.948911508,8.2,7.0,interim
combined_400,ICML,all,visual_module,ablation,100,68,0.68,0.678663615,3.09,2.0,interim
combined_400,ICML,all,visual_module,abstract,100,8,0.08,0.072322603,0.08,0.0,interim
combined_400,ICML,all,visual_module,appendix,100,95,0.95,0.954755759,11.81,8.0,interim
combined_400,ICML,all,visual_module,experimental_design,100,19,0.19,0.170700823,0.31,0.0,interim
combined_400,ICML,all,visual_module,introduction,100,41,0.41,0.434617445,0.42,0.0,interim
combined_400,ICML,all,visual_module,limitations,100,1,0.01,0.005844251,0.01,0.0,interim
combined_400,ICML,all,visual_module,method,100,87,0.87,0.882433156,1.92,2.0,interim
combined_400,ICML,all,visual_module,other,100,3,0.03,0.034578483,0.03,0.0,interim
combined_400,ICML,all,visual_module,related_work,100,2,0.02,0.020211367,0.02,0.0,interim
combined_400,ICML,all,visual_module,results,100,97,0.97,0.974967126,4.7,4.0,interim
combined_400,ICML,all,visual_module,theory,100,23,0.23,0.226123801,0.38,0.0,interim
combined_400,ICML,oral,abstract_function,core_idea,49,46,0.93877551,0.93877551,0.93877551,1.0,interim
combined_400,ICML,oral,abstract_function,experimental_setup,49,34,0.693877551,0.693877551,0.693877551,1.0,interim
combined_400,ICML,oral,abstract_function,impact_claim,49,44,0.897959184,0.897959184,0.897959184,1.0,interim
combined_400,ICML,oral,abstract_function,limitation,49,10,0.204081633,0.204081633,0.204081633,0.0,interim
combined_400,ICML,oral,abstract_function,method,49,46,0.93877551,0.93877551,0.93877551,1.0,interim
combined_400,ICML,oral,abstract_function,object_scope,49,49,1.0,1.0,1.0,1.0,interim
combined_400,ICML,oral,abstract_function,problem_gap,49,46,0.93877551,0.93877551,0.93877551,1.0,interim
combined_400,ICML,oral,abstract_function,qualitative_result,49,42,0.857142857,0.857142857,0.857142857,1.0,interim
combined_400,ICML,oral,abstract_function,quantitative_result,49,22,0.448979592,0.448979592,0.448979592,0.0,interim
combined_400,ICML,oral,abstract_function,theory,49,26,0.530612245,0.530612245,0.530612245,1.0,interim
combined_400,ICML,oral,appendix_category,ablation,49,17,0.346938776,0.346938776,0.510204082,0.0,interim
combined_400,ICML,oral,appendix_category,additional_result,49,38,0.775510204,0.775510204,1.428571429,1.0,interim
combined_400,ICML,oral,appendix_category,dataset_detail,49,16,0.326530612,0.326530612,0.387755102,0.0,interim
combined_400,ICML,oral,appendix_category,ethics_impact,49,1,0.020408163,0.020408163,0.040816327,0.0,interim
combined_400,ICML,oral,appendix_category,extended_method,49,32,0.653061224,0.653061224,1.102040816,1.0,interim
combined_400,ICML,oral,appendix_category,failure_case,49,6,0.12244898,0.12244898,0.142857143,0.0,interim
combined_400,ICML,oral,appendix_category,hyperparameter,49,15,0.306122449,0.306122449,0.367346939,0.0,interim
combined_400,ICML,oral,appendix_category,implementation_detail,49,36,0.734693878,0.734693878,1.163265306,1.0,interim
combined_400,ICML,oral,appendix_category,other,49,27,0.551020408,0.551020408,0.87755102,1.0,interim
combined_400,ICML,oral,appendix_category,proof,49,24,0.489795918,0.489795918,1.591836735,0.0,interim
combined_400,ICML,oral,appendix_category,qualitative_example,49,20,0.408163265,0.408163265,0.489795918,0.0,interim
combined_400,ICML,oral,appendix_category,reproducibility,49,20,0.408163265,0.408163265,0.510204082,0.0,interim
combined_400,ICML,oral,appendix_category,review_response_residue,49,1,0.020408163,0.020408163,0.020408163,0.0,interim
combined_400,ICML,oral,appendix_category,robustness,49,19,0.387755102,0.387755102,0.571428571,0.0,interim
combined_400,ICML,oral,claim_status,closed,49,46,0.93877551,0.93877551,2.163265306,2.0,interim
combined_400,ICML,oral,claim_status,not_testable_here,49,21,0.428571429,0.428571429,0.448979592,0.0,interim
combined_400,ICML,oral,claim_status,open,49,19,0.387755102,0.387755102,0.387755102,0.0,interim
combined_400,ICML,oral,claim_status,partially_closed,49,49,1.0,1.0,3.857142857,4.0,interim
combined_400,ICML,oral,limitation_type,assumption,49,4,0.081632653,0.081632653,0.102040816,0.0,interim
combined_400,ICML,oral,limitation_type,baseline,49,1,0.020408163,0.020408163,0.020408163,0.0,interim
combined_400,ICML,oral,limitation_type,causality,49,3,0.06122449,0.06122449,0.06122449,0.0,interim
combined_400,ICML,oral,limitation_type,compute,49,5,0.102040816,0.102040816,0.12244898,0.0,interim
combined_400,ICML,oral,limitation_type,data,49,4,0.081632653,0.081632653,0.12244898,0.0,interim
combined_400,ICML,oral,limitation_type,deployment,49,3,0.06122449,0.06122449,0.102040816,0.0,interim
combined_400,ICML,oral,limitation_type,ethics,49,2,0.040816327,0.040816327,0.040816327,0.0,interim
combined_400,ICML,oral,limitation_type,generality,49,3,0.06122449,0.06122449,0.06122449,0.0,interim
combined_400,ICML,oral,limitation_type,metric,49,5,0.102040816,0.102040816,0.102040816,0.0,interim
combined_400,ICML,oral,limitation_type,reporting,49,1,0.020408163,0.020408163,0.020408163,0.0,interim
combined_400,ICML,oral,limitation_type,scope,49,4,0.081632653,0.081632653,0.12244898,0.0,interim
combined_400,ICML,oral,limitation_type,statistical reporting,49,1,0.020408163,0.020408163,0.020408163,0.0,interim
combined_400,ICML,oral,limitation_type,unspecified,49,42,0.857142857,0.857142857,5.693877551,6.0,interim
combined_400,ICML,oral,statistical_field_reported,aggregation_and_denominators,49,2,0.040816327,0.040816327,0.040816327,0.0,interim
combined_400,ICML,oral,statistical_field_reported,aggregation_unit,49,1,0.020408163,0.020408163,0.020408163,0.0,interim
combined_400,ICML,oral,statistical_field_reported,aggregation_units,49,1,0.020408163,0.020408163,0.020408163,0.0,interim
combined_400,ICML,oral,statistical_field_reported,central_tendency,49,1,0.020408163,0.020408163,0.020408163,0.0,interim
combined_400,ICML,oral,statistical_field_reported,decision_quantities,49,1,0.020408163,0.020408163,0.020408163,0.0,interim
combined_400,ICML,oral,statistical_field_reported,dispersion_or_intervals,49,1,0.020408163,0.020408163,0.020408163,0.0,interim
combined_400,ICML,oral,statistical_field_reported,empirical_statistics,49,0,0.0,0.0,0.0,0.0,interim
combined_400,ICML,oral,statistical_field_reported,figure_caption_independence,49,1,0.020408163,0.020408163,0.020408163,0.0,interim
combined_400,ICML,oral,statistical_field_reported,figure_table_independence,49,1,0.020408163,0.020408163,0.020408163,0.0,interim
combined_400,ICML,oral,statistical_field_reported,hypothesis_tests,49,0,0.0,0.0,0.0,0.0,interim
combined_400,ICML,oral,statistical_field_reported,methods_not_present,49,2,0.040816327,0.040816327,0.040816327,0.0,interim
combined_400,ICML,oral,statistical_field_reported,methods_present,49,2,0.040816327,0.040816327,0.040816327,0.0,interim
combined_400,ICML,oral,statistical_field_reported,multiple_comparisons,49,0,0.0,0.0,0.0,0.0,interim
combined_400,ICML,oral,statistical_field_reported,seed_level,49,0,0.0,0.0,0.0,0.0,interim
combined_400,ICML,oral,statistical_field_reported,significance_vs_substance,49,2,0.040816327,0.040816327,0.040816327,0.0,interim
combined_400,ICML,oral,statistical_field_reported,theoretical_probability,49,1,0.020408163,0.020408163,0.020408163,0.0,interim
combined_400,ICML,oral,statistical_field_reported,uncertainty_in_visuals,49,1,0.020408163,0.020408163,0.020408163,0.0,interim
combined_400,ICML,oral,theory_kind,corollary,49,12,0.244897959,0.244897959,0.612244898,0.0,interim
combined_400,ICML,oral,theory_kind,displayed_equation,49,25,0.510204082,0.510204082,2.693877551,1.0,interim
combined_400,ICML,oral,theory_kind,lemma,49,17,0.346938776,0.346938776,2.734693878,0.0,interim
combined_400,ICML,oral,theory_kind,numbered_equation,49,41,0.836734694,0.836734694,12.591836735,8.0,interim
combined_400,ICML,oral,theory_kind,proof,49,20,0.408163265,0.408163265,2.285714286,0.0,interim
combined_400,ICML,oral,theory_kind,proposition,49,18,0.367346939,0.367346939,1.428571429,0.0,interim
combined_400,ICML,oral,theory_kind,theorem,49,22,0.448979592,0.448979592,2.265306122,0.0,interim
combined_400,ICML,oral,theory_role,core_chain,49,44,0.897959184,0.897959184,9.816326531,7.0,interim
combined_400,ICML,oral,theory_role,diagnostic,49,32,0.653061224,0.653061224,1.918367347,1.0,interim
combined_400,ICML,oral,theory_role,explanation,49,41,0.836734694,0.836734694,6.265306122,4.0,interim
combined_400,ICML,oral,theory_role,guarantee,49,25,0.510204082,0.510204082,6.612244898,1.0,interim
combined_400,ICML,oral,visual_kind,algorithm,49,28,0.571428571,0.571428571,1.142857143,1.0,interim
combined_400,ICML,oral,visual_kind,figure,49,49,1.0,1.0,14.816326531,11.0,interim
combined_400,ICML,oral,visual_kind,table,49,46,0.93877551,0.93877551,8.530612245,8.0,interim
combined_400,ICML,oral,visual_module,ablation,49,35,0.714285714,0.714285714,4.612244898,2.0,interim
combined_400,ICML,oral,visual_module,abstract,49,5,0.102040816,0.102040816,0.102040816,0.0,interim
combined_400,ICML,oral,visual_module,appendix,49,47,0.959183673,0.959183673,11.775510204,9.0,interim
combined_400,ICML,oral,visual_module,experimental_design,49,12,0.244897959,0.244897959,0.346938776,0.0,interim
combined_400,ICML,oral,visual_module,introduction,49,17,0.346938776,0.346938776,0.346938776,0.0,interim
combined_400,ICML,oral,visual_module,limitations,49,1,0.020408163,0.020408163,0.020408163,0.0,interim
combined_400,ICML,oral,visual_module,method,49,42,0.857142857,0.857142857,2.020408163,2.0,interim
combined_400,ICML,oral,visual_module,other,49,1,0.020408163,0.020408163,0.020408163,0.0,interim
combined_400,ICML,oral,visual_module,related_work,49,1,0.020408163,0.020408163,0.020408163,0.0,interim
combined_400,ICML,oral,visual_module,results,49,48,0.979591837,0.979591837,4.857142857,4.0,interim
combined_400,ICML,oral,visual_module,theory,49,10,0.204081633,0.204081633,0.367346939,0.0,interim
combined_400,ICML,outstanding,abstract_function,core_idea,2,1,0.5,0.5,0.5,0.5,interim
combined_400,ICML,outstanding,abstract_function,experimental_setup,2,0,0.0,0.0,0.0,0.0,interim
combined_400,ICML,outstanding,abstract_function,impact_claim,2,2,1.0,1.0,1.0,1.0,interim
combined_400,ICML,outstanding,abstract_function,limitation,2,1,0.5,0.5,0.5,0.5,interim
combined_400,ICML,outstanding,abstract_function,method,2,2,1.0,1.0,1.0,1.0,interim
combined_400,ICML,outstanding,abstract_function,object_scope,2,2,1.0,1.0,1.0,1.0,interim
combined_400,ICML,outstanding,abstract_function,problem_gap,2,1,0.5,0.5,0.5,0.5,interim
combined_400,ICML,outstanding,abstract_function,qualitative_result,2,2,1.0,1.0,1.0,1.0,interim
combined_400,ICML,outstanding,abstract_function,quantitative_result,2,2,1.0,1.0,1.0,1.0,interim
combined_400,ICML,outstanding,abstract_function,theory,2,1,0.5,0.5,0.5,0.5,interim
combined_400,ICML,outstanding,appendix_category,additional_result,2,2,1.0,1.0,1.0,1.0,interim
combined_400,ICML,outstanding,appendix_category,dataset_detail,2,1,0.5,0.5,0.5,0.5,interim
combined_400,ICML,outstanding,appendix_category,extended_method,2,1,0.5,0.5,0.5,0.5,interim
combined_400,ICML,outstanding,appendix_category,failure_case,2,1,0.5,0.5,0.5,0.5,interim
combined_400,ICML,outstanding,appendix_category,hyperparameter,2,1,0.5,0.5,0.5,0.5,interim
combined_400,ICML,outstanding,appendix_category,implementation_detail,2,1,0.5,0.5,0.5,0.5,interim
combined_400,ICML,outstanding,appendix_category,other,2,1,0.5,0.5,0.5,0.5,interim
combined_400,ICML,outstanding,appendix_category,proof,2,1,0.5,0.5,2.0,2.0,interim
combined_400,ICML,outstanding,appendix_category,robustness,2,1,0.5,0.5,1.5,1.5,interim
combined_400,ICML,outstanding,claim_status,closed,2,2,1.0,1.0,2.0,2.0,interim
combined_400,ICML,outstanding,claim_status,not_testable_here,2,1,0.5,0.5,0.5,0.5,interim
combined_400,ICML,outstanding,claim_status,partially_closed,2,2,1.0,1.0,4.0,4.0,interim
combined_400,ICML,outstanding,limitation_type,unspecified,2,2,1.0,1.0,6.0,6.0,interim
combined_400,ICML,outstanding,theory_kind,corollary,2,1,0.5,0.5,3.0,3.0,interim
combined_400,ICML,outstanding,theory_kind,lemma,2,1,0.5,0.5,9.0,9.0,interim
combined_400,ICML,outstanding,theory_kind,numbered_equation,2,2,1.0,1.0,26.0,26.0,interim
combined_400,ICML,outstanding,theory_kind,proof,2,1,0.5,0.5,0.5,0.5,interim
combined_400,ICML,outstanding,theory_kind,proposition,2,1,0.5,0.5,4.0,4.0,interim
combined_400,ICML,outstanding,theory_kind,theorem,2,1,0.5,0.5,3.0,3.0,interim
combined_400,ICML,outstanding,theory_role,core_chain,2,2,1.0,1.0,14.0,14.0,interim
combined_400,ICML,outstanding,theory_role,diagnostic,2,2,1.0,1.0,1.0,1.0,interim
combined_400,ICML,outstanding,theory_role,explanation,2,1,0.5,0.5,13.5,13.5,interim
combined_400,ICML,outstanding,theory_role,guarantee,2,2,1.0,1.0,17.0,17.0,interim
combined_400,ICML,outstanding,visual_kind,algorithm,2,1,0.5,0.5,1.5,1.5,interim
combined_400,ICML,outstanding,visual_kind,figure,2,1,0.5,0.5,6.0,6.0,interim
combined_400,ICML,outstanding,visual_kind,table,2,1,0.5,0.5,3.0,3.0,interim
combined_400,ICML,outstanding,visual_module,appendix,2,1,0.5,0.5,3.5,3.5,interim
combined_400,ICML,outstanding,visual_module,introduction,2,1,0.5,0.5,0.5,0.5,interim
combined_400,ICML,outstanding,visual_module,method,2,1,0.5,0.5,1.0,1.0,interim
combined_400,ICML,outstanding,visual_module,results,2,1,0.5,0.5,3.5,3.5,interim
combined_400,ICML,outstanding,visual_module,theory,2,2,1.0,1.0,2.0,2.0,interim
combined_400,ICML,spotlight,abstract_function,core_idea,49,49,1.0,1.0,1.0,1.0,interim
combined_400,ICML,spotlight,abstract_function,experimental_setup,49,36,0.734693878,0.734693878,0.734693878,1.0,interim
combined_400,ICML,spotlight,abstract_function,impact_claim,49,44,0.897959184,0.897959184,0.897959184,1.0,interim
combined_400,ICML,spotlight,abstract_function,limitation,49,11,0.224489796,0.224489796,0.224489796,0.0,interim
combined_400,ICML,spotlight,abstract_function,method,49,49,1.0,1.0,1.0,1.0,interim
combined_400,ICML,spotlight,abstract_function,object_scope,49,49,1.0,1.0,1.0,1.0,interim
combined_400,ICML,spotlight,abstract_function,problem_gap,49,46,0.93877551,0.93877551,0.93877551,1.0,interim
combined_400,ICML,spotlight,abstract_function,qualitative_result,49,44,0.897959184,0.897959184,0.897959184,1.0,interim
combined_400,ICML,spotlight,abstract_function,quantitative_result,49,21,0.428571429,0.428571429,0.428571429,0.0,interim
combined_400,ICML,spotlight,abstract_function,theory,49,26,0.530612245,0.530612245,0.530612245,1.0,interim
combined_400,ICML,spotlight,appendix_category,ablation,49,13,0.265306122,0.265306122,0.408163265,0.0,interim
combined_400,ICML,spotlight,appendix_category,additional_result,49,35,0.714285714,0.714285714,1.306122449,1.0,interim
combined_400,ICML,spotlight,appendix_category,broader_impact,49,2,0.040816327,0.040816327,0.040816327,0.0,interim
combined_400,ICML,spotlight,appendix_category,dataset_detail,49,23,0.469387755,0.469387755,0.612244898,0.0,interim
combined_400,ICML,spotlight,appendix_category,ethics_impact,49,1,0.020408163,0.020408163,0.020408163,0.0,interim
combined_400,ICML,spotlight,appendix_category,extended_method,49,35,0.714285714,0.714285714,1.224489796,1.0,interim
combined_400,ICML,spotlight,appendix_category,failure_case,49,7,0.142857143,0.142857143,0.163265306,0.0,interim
combined_400,ICML,spotlight,appendix_category,hyperparameter,49,25,0.510204082,0.510204082,0.551020408,1.0,interim
combined_400,ICML,spotlight,appendix_category,implementation_detail,49,35,0.714285714,0.714285714,1.102040816,1.0,interim
combined_400,ICML,spotlight,appendix_category,other,49,20,0.408163265,0.408163265,0.571428571,0.0,interim
combined_400,ICML,spotlight,appendix_category,proof,49,26,0.530612245,0.530612245,1.428571429,1.0,interim
combined_400,ICML,spotlight,appendix_category,qualitative_example,49,21,0.428571429,0.428571429,0.510204082,0.0,interim
combined_400,ICML,spotlight,appendix_category,reproducibility,49,17,0.346938776,0.346938776,0.510204082,0.0,interim
combined_400,ICML,spotlight,appendix_category,robustness,49,22,0.448979592,0.448979592,0.551020408,0.0,interim
combined_400,ICML,spotlight,claim_status,closed,49,46,0.93877551,0.93877551,1.795918367,2.0,interim
combined_400,ICML,spotlight,claim_status,not_testable_here,49,19,0.387755102,0.387755102,0.387755102,0.0,interim
combined_400,ICML,spotlight,claim_status,open,49,11,0.224489796,0.224489796,0.244897959,0.0,interim
combined_400,ICML,spotlight,claim_status,partially_closed,49,49,1.0,1.0,4.346938776,4.0,interim
combined_400,ICML,spotlight,limitation_type,assumption,49,2,0.040816327,0.040816327,0.12244898,0.0,interim
combined_400,ICML,spotlight,limitation_type,assumption / causality,49,1,0.020408163,0.020408163,0.020408163,0.0,interim
combined_400,ICML,spotlight,limitation_type,assumption/causality,49,1,0.020408163,0.020408163,0.020408163,0.0,interim
combined_400,ICML,spotlight,limitation_type,baseline,49,1,0.020408163,0.020408163,0.020408163,0.0,interim
combined_400,ICML,spotlight,limitation_type,compute,49,3,0.06122449,0.06122449,0.081632653,0.0,interim
combined_400,ICML,spotlight,limitation_type,data,49,2,0.040816327,0.040816327,0.06122449,0.0,interim
combined_400,ICML,spotlight,limitation_type,data/generality,49,1,0.020408163,0.020408163,0.020408163,0.0,interim
combined_400,ICML,spotlight,limitation_type,deployment,49,1,0.020408163,0.020408163,0.020408163,0.0,interim
combined_400,ICML,spotlight,limitation_type,deployment / ethics,49,1,0.020408163,0.020408163,0.020408163,0.0,interim
combined_400,ICML,spotlight,limitation_type,deployment/ethics,49,1,0.020408163,0.020408163,0.020408163,0.0,interim
combined_400,ICML,spotlight,limitation_type,ethics,49,1,0.020408163,0.020408163,0.020408163,0.0,interim
combined_400,ICML,spotlight,limitation_type,generality,49,4,0.081632653,0.081632653,0.081632653,0.0,interim
combined_400,ICML,spotlight,limitation_type,method/causality,49,1,0.020408163,0.020408163,0.020408163,0.0,interim
combined_400,ICML,spotlight,limitation_type,metric,49,1,0.020408163,0.020408163,0.020408163,0.0,interim
combined_400,ICML,spotlight,limitation_type,scope,49,1,0.020408163,0.020408163,0.020408163,0.0,interim
combined_400,ICML,spotlight,limitation_type,unspecified,49,44,0.897959184,0.897959184,6.163265306,7.0,interim
combined_400,ICML,spotlight,statistical_field_reported,aggregation_unit,49,1,0.020408163,0.020408163,0.020408163,0.0,interim
combined_400,ICML,spotlight,statistical_field_reported,aggregation_units,49,1,0.020408163,0.020408163,0.020408163,0.0,interim
combined_400,ICML,spotlight,statistical_field_reported,bayesian,49,0,0.0,0.0,0.0,0.0,interim
combined_400,ICML,spotlight,statistical_field_reported,bayesian_analysis,49,0,0.0,0.0,0.0,0.0,interim
combined_400,ICML,spotlight,statistical_field_reported,bootstrap,49,1,0.020408163,0.020408163,0.020408163,0.0,interim
combined_400,ICML,spotlight,statistical_field_reported,caption_self_containment,49,1,0.020408163,0.020408163,0.020408163,0.0,interim
combined_400,ICML,spotlight,statistical_field_reported,center,49,1,0.020408163,0.020408163,0.020408163,0.0,interim
combined_400,ICML,spotlight,statistical_field_reported,central_tendency,49,1,0.020408163,0.020408163,0.020408163,0.0,interim
combined_400,ICML,spotlight,statistical_field_reported,correlation,49,0,0.0,0.0,0.0,0.0,interim
combined_400,ICML,spotlight,statistical_field_reported,decision_quantities,49,1,0.020408163,0.020408163,0.020408163,0.0,interim
combined_400,ICML,spotlight,statistical_field_reported,denominator,49,1,0.020408163,0.020408163,0.020408163,0.0,interim
combined_400,ICML,spotlight,statistical_field_reported,dispersion,49,1,0.020408163,0.020408163,0.020408163,0.0,interim
combined_400,ICML,spotlight,statistical_field_reported,hypothesis_tests,49,0,0.0,0.0,0.0,0.0,interim
combined_400,ICML,spotlight,statistical_field_reported,intervals,49,1,0.020408163,0.020408163,0.020408163,0.0,interim
combined_400,ICML,spotlight,statistical_field_reported,multiple_comparisons,49,0,0.0,0.0,0.0,0.0,interim
combined_400,ICML,spotlight,statistical_field_reported,regression_or_fit,49,1,0.020408163,0.020408163,0.020408163,0.0,interim
combined_400,ICML,spotlight,statistical_field_reported,seed_task_dataset_levels,49,1,0.020408163,0.020408163,0.020408163,0.0,interim
combined_400,ICML,spotlight,statistical_field_reported,statistical_significance_vs_mechanism,49,1,0.020408163,0.020408163,0.020408163,0.0,interim
combined_400,ICML,spotlight,statistical_field_reported,uncertainty_reporting,49,1,0.020408163,0.020408163,0.020408163,0.0,interim
combined_400,ICML,spotlight,theory_kind,corollary,49,7,0.142857143,0.142857143,0.346938776,0.0,interim
combined_400,ICML,spotlight,theory_kind,displayed_equation,49,24,0.489795918,0.489795918,1.795918367,0.0,interim
combined_400,ICML,spotlight,theory_kind,lemma,49,14,0.285714286,0.285714286,1.06122449,0.0,interim
combined_400,ICML,spotlight,theory_kind,numbered_equation,49,45,0.918367347,0.918367347,18.530612245,12.0,interim
combined_400,ICML,spotlight,theory_kind,proof,49,19,0.387755102,0.387755102,0.87755102,0.0,interim
combined_400,ICML,spotlight,theory_kind,proposition,49,11,0.224489796,0.224489796,0.734693878,0.0,interim
combined_400,ICML,spotlight,theory_kind,theorem,49,20,0.408163265,0.408163265,1.734693878,0.0,interim
combined_400,ICML,spotlight,theory_role,core_chain,49,46,0.93877551,0.93877551,8.897959184,8.0,interim
combined_400,ICML,spotlight,theory_role,diagnostic,49,34,0.693877551,0.693877551,2.591836735,1.0,interim
combined_400,ICML,spotlight,theory_role,explanation,49,41,0.836734694,0.836734694,6.06122449,4.0,interim
combined_400,ICML,spotlight,theory_role,guarantee,49,24,0.489795918,0.489795918,7.530612245,0.0,interim
combined_400,ICML,spotlight,visual_kind,algorithm,49,28,0.571428571,0.571428571,1.204081633,1.0,interim
combined_400,ICML,spotlight,visual_kind,figure,49,48,0.979591837,0.979591837,12.265306122,10.0,interim
combined_400,ICML,spotlight,visual_kind,table,49,47,0.959183673,0.959183673,8.081632653,6.0,interim
combined_400,ICML,spotlight,visual_module,ablation,49,33,0.673469388,0.673469388,1.693877551,2.0,interim
combined_400,ICML,spotlight,visual_module,abstract,49,3,0.06122449,0.06122449,0.06122449,0.0,interim
combined_400,ICML,spotlight,visual_module,appendix,49,47,0.959183673,0.959183673,12.183673469,8.0,interim
combined_400,ICML,spotlight,visual_module,experimental_design,49,7,0.142857143,0.142857143,0.285714286,0.0,interim
combined_400,ICML,spotlight,visual_module,introduction,49,23,0.469387755,0.469387755,0.489795918,0.0,interim
combined_400,ICML,spotlight,visual_module,method,49,44,0.897959184,0.897959184,1.857142857,2.0,interim
combined_400,ICML,spotlight,visual_module,other,49,2,0.040816327,0.040816327,0.040816327,0.0,interim
combined_400,ICML,spotlight,visual_module,related_work,49,1,0.020408163,0.020408163,0.020408163,0.0,interim
combined_400,ICML,spotlight,visual_module,results,49,48,0.979591837,0.979591837,4.591836735,4.0,interim
combined_400,ICML,spotlight,visual_module,theory,49,11,0.224489796,0.224489796,0.326530612,0.0,interim
