paper_id,conference,analysis_stratum,sample_cohort,module,status,estimated_words,main_word_share,figures,tables,algorithms,displayed_equations
iclr-2026-8da8f79c49d5,ICLR,oral,foundation_200,abstract,observed,218,0.039,0,0,0,0
iclr-2026-8da8f79c49d5,ICLR,oral,foundation_200,introduction,observed,539,0.096,0,0,0,0
iclr-2026-8da8f79c49d5,ICLR,oral,foundation_200,related_work,observed,421,0.075,0,0,0,0
iclr-2026-8da8f79c49d5,ICLR,oral,foundation_200,method,observed,541,0.096,1,0,0,0
iclr-2026-8da8f79c49d5,ICLR,oral,foundation_200,theory,not_applicable,0,0.0,0,0,0,0
iclr-2026-8da8f79c49d5,ICLR,oral,foundation_200,experimental_design,observed,1235,0.219,4,1,0,0
iclr-2026-8da8f79c49d5,ICLR,oral,foundation_200,results,observed,2090,0.371,1,1,0,0
iclr-2026-8da8f79c49d5,ICLR,oral,foundation_200,ablation,observed,440,0.078,0,2,0,0
iclr-2026-8da8f79c49d5,ICLR,oral,foundation_200,conclusion,observed,90,0.016,0,0,0,0
iclr-2026-8da8f79c49d5,ICLR,oral,foundation_200,limitations,observed,95,0.0,0,0,0,0
iclr-2026-8da8f79c49d5,ICLR,oral,foundation_200,appendix,observed,6100,,15,13,0,0
iclr-2026-8da8f79c49d5,ICLR,oral,foundation_200,other,observed,58,0.01,0,0,0,0
iclr-2026-ff40de6c7ac1,ICLR,oral,replication_200,abstract,observed,212,0.0371,0,0,0,0
iclr-2026-ff40de6c7ac1,ICLR,oral,replication_200,introduction,observed,605,0.106,1,0,0,0
iclr-2026-ff40de6c7ac1,ICLR,oral,replication_200,related_work,observed,689,0.1207,0,0,0,0
iclr-2026-ff40de6c7ac1,ICLR,oral,replication_200,method,observed,1213,0.2125,0,0,0,7
iclr-2026-ff40de6c7ac1,ICLR,oral,replication_200,theory,observed,244,0.0427,0,0,0,4
iclr-2026-ff40de6c7ac1,ICLR,oral,replication_200,experimental_design,observed,154,0.027,0,0,0,0
iclr-2026-ff40de6c7ac1,ICLR,oral,replication_200,results,observed,1934,0.3388,3,4,0,0
iclr-2026-ff40de6c7ac1,ICLR,oral,replication_200,ablation,observed,45,0.0079,0,0,0,0
iclr-2026-ff40de6c7ac1,ICLR,oral,replication_200,conclusion,observed,125,0.0219,0,0,0,0
iclr-2026-ff40de6c7ac1,ICLR,oral,replication_200,limitations,not_present,0,0,0,0,0,0
iclr-2026-ff40de6c7ac1,ICLR,oral,replication_200,appendix,observed,15438,,15,11,0,15
iclr-2026-ff40de6c7ac1,ICLR,oral,replication_200,other,observed,112,0.0196,0,0,0,0
iclr-2026-707ee355091a,ICLR,oral,replication_200,abstract,observed,207,0.0348,0,0,0,0
iclr-2026-707ee355091a,ICLR,oral,replication_200,introduction,observed,711,0.1195,0,0,0,0
iclr-2026-707ee355091a,ICLR,oral,replication_200,related_work,observed,739,0.1242,0,0,0,2
iclr-2026-707ee355091a,ICLR,oral,replication_200,method,observed,1000,0.1681,0,0,0,12
iclr-2026-707ee355091a,ICLR,oral,replication_200,theory,observed,1154,0.194,0,0,0,8
iclr-2026-707ee355091a,ICLR,oral,replication_200,experimental_design,observed,590,0.0992,0,0,0,4
iclr-2026-707ee355091a,ICLR,oral,replication_200,results,observed,1100,0.1849,0,3,0,0
iclr-2026-707ee355091a,ICLR,oral,replication_200,ablation,observed,191,0.0321,0,1,0,0
iclr-2026-707ee355091a,ICLR,oral,replication_200,conclusion,observed,120,0.0202,0,0,0,0
iclr-2026-707ee355091a,ICLR,oral,replication_200,limitations,observed,136,0.0229,0,0,0,0
iclr-2026-707ee355091a,ICLR,oral,replication_200,appendix,observed,4750,,3,4,0,33
iclr-2026-707ee355091a,ICLR,oral,replication_200,other,observed,35,,0,0,0,0
iclr-2026-3dfd982128a2,ICLR,oral,replication_200,abstract,observed,163,0.028,0,0,0,0
iclr-2026-3dfd982128a2,ICLR,oral,replication_200,introduction,observed,945,0.16,1,0,0,1
iclr-2026-3dfd982128a2,ICLR,oral,replication_200,related_work,observed,488,0.083,0,0,0,0
iclr-2026-3dfd982128a2,ICLR,oral,replication_200,method,observed,2728,0.462,3,0,0,4
iclr-2026-3dfd982128a2,ICLR,oral,replication_200,theory,not_present,0,0,0,0,0,0
iclr-2026-3dfd982128a2,ICLR,oral,replication_200,experimental_design,observed,550,0.093,0,0,0,0
iclr-2026-3dfd982128a2,ICLR,oral,replication_200,results,observed,664,0.112,2,1,0,0
iclr-2026-3dfd982128a2,ICLR,oral,replication_200,ablation,observed,279,0.047,2,0,0,0
iclr-2026-3dfd982128a2,ICLR,oral,replication_200,conclusion,observed,87,0.015,0,0,0,0
iclr-2026-3dfd982128a2,ICLR,oral,replication_200,limitations,not_present,0,0,0,0,0,0
iclr-2026-3dfd982128a2,ICLR,oral,replication_200,appendix,unavailable,0,,0,0,0,0
iclr-2026-3dfd982128a2,ICLR,oral,replication_200,other,observed,2460,,0,0,0,0
iclr-2026-82ba4792ed68,ICLR,oral,replication_200,abstract,observed,247,0.0518,0,0,0,0
iclr-2026-82ba4792ed68,ICLR,oral,replication_200,introduction,observed,689,0.1445,0,0,0,0
iclr-2026-82ba4792ed68,ICLR,oral,replication_200,related_work,observed,489,0.1026,0,0,0,0
iclr-2026-82ba4792ed68,ICLR,oral,replication_200,method,observed,800,0.1678,1,0,0,0
iclr-2026-82ba4792ed68,ICLR,oral,replication_200,theory,not_present,0,0.0,0,0,0,0
iclr-2026-82ba4792ed68,ICLR,oral,replication_200,experimental_design,observed,360,0.0755,0,0,0,0
iclr-2026-82ba4792ed68,ICLR,oral,replication_200,results,observed,950,0.1992,0,3,0,0
iclr-2026-82ba4792ed68,ICLR,oral,replication_200,ablation,observed,1010,0.2118,3,0,0,0
iclr-2026-82ba4792ed68,ICLR,oral,replication_200,conclusion,observed,223,0.0468,0,0,0,0
iclr-2026-82ba4792ed68,ICLR,oral,replication_200,limitations,not_present,0,0.0,0,0,0,0
iclr-2026-82ba4792ed68,ICLR,oral,replication_200,appendix,observed,4101,,0,9,0,0
iclr-2026-82ba4792ed68,ICLR,oral,replication_200,other,observed,1772,,0,0,0,0
iclr-2026-b001d2f886cf,ICLR,oral,replication_200,abstract,observed,203,0.0294,0,0,0,0
iclr-2026-b001d2f886cf,ICLR,oral,replication_200,introduction,observed,730,0.1059,1,0,0,0
iclr-2026-b001d2f886cf,ICLR,oral,replication_200,related_work,observed,676,0.098,0,0,0,0
iclr-2026-b001d2f886cf,ICLR,oral,replication_200,method,observed,1190,0.1726,1,0,1,0
iclr-2026-b001d2f886cf,ICLR,oral,replication_200,theory,observed,737,0.1069,0,0,0,3
iclr-2026-b001d2f886cf,ICLR,oral,replication_200,experimental_design,observed,360,0.0522,0,1,0,0
iclr-2026-b001d2f886cf,ICLR,oral,replication_200,results,observed,2040,0.2959,6,0,0,0
iclr-2026-b001d2f886cf,ICLR,oral,replication_200,ablation,observed,173,0.0251,1,0,0,0
iclr-2026-b001d2f886cf,ICLR,oral,replication_200,conclusion,observed,88,0.0128,0,0,0,0
iclr-2026-b001d2f886cf,ICLR,oral,replication_200,limitations,not_present,0,0.0,0,0,0,0
iclr-2026-b001d2f886cf,ICLR,oral,replication_200,appendix,observed,13788,,12,17,1,12
iclr-2026-b001d2f886cf,ICLR,oral,replication_200,other,observed,698,0.1012,0,0,0,0
iclr-2026-86ded246ec76,ICLR,oral,replication_200,abstract,observed,179,0.0281,0,0,0,0
iclr-2026-86ded246ec76,ICLR,oral,replication_200,introduction,observed,871,0.1366,1,0,0,0
iclr-2026-86ded246ec76,ICLR,oral,replication_200,related_work,observed,478,0.075,0,0,0,0
iclr-2026-86ded246ec76,ICLR,oral,replication_200,method,observed,1270,0.1992,0,0,0,6
iclr-2026-86ded246ec76,ICLR,oral,replication_200,theory,observed,2470,0.3875,0,0,0,4
iclr-2026-86ded246ec76,ICLR,oral,replication_200,experimental_design,observed,400,0.0627,0,0,0,0
iclr-2026-86ded246ec76,ICLR,oral,replication_200,results,observed,465,0.073,2,0,0,0
iclr-2026-86ded246ec76,ICLR,oral,replication_200,ablation,not_present,0,0.0,0,0,0,0
iclr-2026-86ded246ec76,ICLR,oral,replication_200,conclusion,observed,130,0.0204,0,0,0,0
iclr-2026-86ded246ec76,ICLR,oral,replication_200,limitations,observed,112,0.0176,0,0,0,0
iclr-2026-86ded246ec76,ICLR,oral,replication_200,appendix,observed,4557,,6,1,1,10
iclr-2026-86ded246ec76,ICLR,oral,replication_200,other,observed,1648,,0,0,0,0
iclr-2026-fac989b896c5,ICLR,oral,foundation_200,abstract,observed,225,0.041,0,0,0,0
iclr-2026-fac989b896c5,ICLR,oral,foundation_200,introduction,observed,761,0.139,1,0,0,0
iclr-2026-fac989b896c5,ICLR,oral,foundation_200,related_work,observed,731,0.133,0,1,0,0
iclr-2026-fac989b896c5,ICLR,oral,foundation_200,method,observed,1186,0.217,1,0,0,0
iclr-2026-fac989b896c5,ICLR,oral,foundation_200,theory,not_present,0,0.0,0,0,0,0
iclr-2026-fac989b896c5,ICLR,oral,foundation_200,experimental_design,observed,522,0.095,0,0,0,0
iclr-2026-fac989b896c5,ICLR,oral,foundation_200,results,observed,1406,0.257,0,6,0,0
iclr-2026-fac989b896c5,ICLR,oral,foundation_200,ablation,observed,335,0.061,0,1,0,0
iclr-2026-fac989b896c5,ICLR,oral,foundation_200,conclusion,observed,131,0.024,0,0,0,0
iclr-2026-fac989b896c5,ICLR,oral,foundation_200,limitations,not_present,0,0.0,0,0,0,0
iclr-2026-fac989b896c5,ICLR,oral,foundation_200,appendix,observed,1688,,2,3,0,0
iclr-2026-fac989b896c5,ICLR,oral,foundation_200,other,observed,149,0.027,0,0,0,0
iclr-2026-fb08cee992a1,ICLR,oral,replication_200,abstract,observed,220,0.046,0,0,0,0
iclr-2026-fb08cee992a1,ICLR,oral,replication_200,introduction,observed,470,0.099,0,0,0,0
iclr-2026-fb08cee992a1,ICLR,oral,replication_200,related_work,observed,480,0.101,0,0,0,0
iclr-2026-fb08cee992a1,ICLR,oral,replication_200,method,observed,1400,0.295,3,0,0,3
iclr-2026-fb08cee992a1,ICLR,oral,replication_200,theory,observed,300,0.063,0,0,0,2
iclr-2026-fb08cee992a1,ICLR,oral,replication_200,experimental_design,observed,260,0.055,0,0,0,0
iclr-2026-fb08cee992a1,ICLR,oral,replication_200,results,observed,1250,0.263,5,3,0,0
iclr-2026-fb08cee992a1,ICLR,oral,replication_200,ablation,observed,80,0.017,0,1,0,0
iclr-2026-fb08cee992a1,ICLR,oral,replication_200,conclusion,observed,105,0.022,0,0,0,0
iclr-2026-fb08cee992a1,ICLR,oral,replication_200,limitations,not_present,0,0.0,0,0,0,0
iclr-2026-fb08cee992a1,ICLR,oral,replication_200,appendix,observed,10250,,14,4,0,0
iclr-2026-fb08cee992a1,ICLR,oral,replication_200,other,observed,185,0.039,0,0,0,0
iclr-2026-4f0f02a727a0,ICLR,oral,foundation_200,abstract,observed,160,0.029657,0,0,0,0
iclr-2026-4f0f02a727a0,ICLR,oral,foundation_200,introduction,observed,840,0.1557,0,0,0,0
iclr-2026-4f0f02a727a0,ICLR,oral,foundation_200,related_work,observed,565,0.104727,1,0,0,0
iclr-2026-4f0f02a727a0,ICLR,oral,foundation_200,method,observed,1020,0.189064,2,0,0,0
iclr-2026-4f0f02a727a0,ICLR,oral,foundation_200,theory,observed,760,0.140871,0,0,0,5
iclr-2026-4f0f02a727a0,ICLR,oral,foundation_200,experimental_design,observed,420,0.07785,0,0,0,0
iclr-2026-4f0f02a727a0,ICLR,oral,foundation_200,results,observed,880,0.163114,3,2,0,0
iclr-2026-4f0f02a727a0,ICLR,oral,foundation_200,ablation,observed,360,0.066728,0,2,0,0
iclr-2026-4f0f02a727a0,ICLR,oral,foundation_200,conclusion,observed,390,0.072289,0,0,0,0
iclr-2026-4f0f02a727a0,ICLR,oral,foundation_200,limitations,not_present,0,0.0,0,0,0,0
iclr-2026-4f0f02a727a0,ICLR,oral,foundation_200,appendix,observed,2050,,9,4,0,0
iclr-2026-4f0f02a727a0,ICLR,oral,foundation_200,other,observed,1400,,0,0,0,0
iclr-2026-557a29cfb5fa,ICLR,oral,replication_200,abstract,observed,177,0.028,0,0,0,0
iclr-2026-557a29cfb5fa,ICLR,oral,replication_200,introduction,observed,600,0.097,2,0,0,0
iclr-2026-557a29cfb5fa,ICLR,oral,replication_200,related_work,observed,220,0.035,0,0,0,0
iclr-2026-557a29cfb5fa,ICLR,oral,replication_200,method,observed,1250,0.202,1,0,2,3
iclr-2026-557a29cfb5fa,ICLR,oral,replication_200,theory,observed,760,0.123,1,0,0,3
iclr-2026-557a29cfb5fa,ICLR,oral,replication_200,experimental_design,observed,1650,0.226,0,0,0,0
iclr-2026-557a29cfb5fa,ICLR,oral,replication_200,results,observed,1100,0.177,3,5,0,0
iclr-2026-557a29cfb5fa,ICLR,oral,replication_200,ablation,observed,300,0.048,2,0,0,0
iclr-2026-557a29cfb5fa,ICLR,oral,replication_200,conclusion,observed,80,0.013,0,0,0,0
iclr-2026-557a29cfb5fa,ICLR,oral,replication_200,limitations,observed,130,0.021,0,0,0,0
iclr-2026-557a29cfb5fa,ICLR,oral,replication_200,appendix,not_present,0,0.0,0,0,0,0
iclr-2026-557a29cfb5fa,ICLR,oral,replication_200,other,observed,145,0.023,0,0,0,0
iclr-2026-f63ee6bf1935,ICLR,oral,replication_200,abstract,observed,195,0.0408,1,0,0,0
iclr-2026-f63ee6bf1935,ICLR,oral,replication_200,introduction,observed,421,0.0882,0,0,0,0
iclr-2026-f63ee6bf1935,ICLR,oral,replication_200,related_work,observed,379,0.0794,0,0,0,0
iclr-2026-f63ee6bf1935,ICLR,oral,replication_200,method,observed,481,0.1008,2,0,0,1
iclr-2026-f63ee6bf1935,ICLR,oral,replication_200,theory,not_present,0,0.0,0,0,0,0
iclr-2026-f63ee6bf1935,ICLR,oral,replication_200,experimental_design,observed,501,0.1049,0,0,0,0
iclr-2026-f63ee6bf1935,ICLR,oral,replication_200,results,observed,1184,0.248,1,3,0,0
iclr-2026-f63ee6bf1935,ICLR,oral,replication_200,ablation,observed,1453,0.3044,4,0,0,0
iclr-2026-f63ee6bf1935,ICLR,oral,replication_200,conclusion,observed,116,0.0243,0,0,0,0
iclr-2026-f63ee6bf1935,ICLR,oral,replication_200,limitations,observed,44,0.0092,0,0,0,0
iclr-2026-f63ee6bf1935,ICLR,oral,replication_200,appendix,observed,803,,2,3,0,0
iclr-2026-f63ee6bf1935,ICLR,oral,replication_200,other,not_present,0,0.0,0,0,0,0
iclr-2026-d99017a21fe7,ICLR,oral,foundation_200,abstract,observed,262,0.052129,0,0,0,0
iclr-2026-d99017a21fe7,ICLR,oral,foundation_200,introduction,observed,525,0.104457,0,0,0,0
iclr-2026-d99017a21fe7,ICLR,oral,foundation_200,related_work,observed,710,0.141265,0,0,0,0
iclr-2026-d99017a21fe7,ICLR,oral,foundation_200,method,observed,1037,0.206327,1,0,1,2
iclr-2026-d99017a21fe7,ICLR,oral,foundation_200,theory,observed,964,0.191803,2,0,0,3
iclr-2026-d99017a21fe7,ICLR,oral,foundation_200,experimental_design,observed,314,0.062475,0,0,0,0
iclr-2026-d99017a21fe7,ICLR,oral,foundation_200,results,observed,692,0.137684,0,2,0,0
iclr-2026-d99017a21fe7,ICLR,oral,foundation_200,ablation,observed,392,0.077994,0,2,0,0
iclr-2026-d99017a21fe7,ICLR,oral,foundation_200,conclusion,observed,130,0.025865,0,0,0,0
iclr-2026-d99017a21fe7,ICLR,oral,foundation_200,limitations,not_present,0,0.0,0,0,0,0
iclr-2026-d99017a21fe7,ICLR,oral,foundation_200,appendix,observed,2022,,2,3,0,0
iclr-2026-d99017a21fe7,ICLR,oral,foundation_200,other,observed,1443,,0,0,0,0
iclr-2026-df99a0fdd618,ICLR,oral,foundation_200,abstract,observed,186,0.032,0,0,0,0
iclr-2026-df99a0fdd618,ICLR,oral,foundation_200,introduction,observed,739,0.1272,0,0,0,0
iclr-2026-df99a0fdd618,ICLR,oral,foundation_200,related_work,observed,604,0.104,0,0,0,0
iclr-2026-df99a0fdd618,ICLR,oral,foundation_200,method,observed,1047,0.1802,2,0,0,3
iclr-2026-df99a0fdd618,ICLR,oral,foundation_200,theory,not_present,0,0.0,0,0,0,0
iclr-2026-df99a0fdd618,ICLR,oral,foundation_200,experimental_design,observed,1749,0.301,1,2,0,0
iclr-2026-df99a0fdd618,ICLR,oral,foundation_200,results,observed,924,0.159,3,6,0,0
iclr-2026-df99a0fdd618,ICLR,oral,foundation_200,ablation,observed,203,0.0349,1,2,0,0
iclr-2026-df99a0fdd618,ICLR,oral,foundation_200,conclusion,observed,159,0.0274,0,0,0,0
iclr-2026-df99a0fdd618,ICLR,oral,foundation_200,limitations,observed,516,0.0,2,1,0,0
iclr-2026-df99a0fdd618,ICLR,oral,foundation_200,appendix,observed,3143,,0,0,0,0
iclr-2026-df99a0fdd618,ICLR,oral,foundation_200,other,observed,199,0.0343,1,0,0,0
iclr-2026-9a1a4fec2317,ICLR,oral,foundation_200,abstract,observed,191,0.037,0,0,0,0
iclr-2026-9a1a4fec2317,ICLR,oral,foundation_200,introduction,observed,630,0.123,2,0,0,0
iclr-2026-9a1a4fec2317,ICLR,oral,foundation_200,related_work,observed,816,0.159,0,1,0,0
iclr-2026-9a1a4fec2317,ICLR,oral,foundation_200,method,observed,1344,0.261,2,0,0,6
iclr-2026-9a1a4fec2317,ICLR,oral,foundation_200,theory,observed,217,0.042,0,0,0,1
iclr-2026-9a1a4fec2317,ICLR,oral,foundation_200,experimental_design,observed,200,0.039,0,0,0,0
iclr-2026-9a1a4fec2317,ICLR,oral,foundation_200,results,observed,933,0.181,2,2,0,0
iclr-2026-9a1a4fec2317,ICLR,oral,foundation_200,ablation,observed,500,0.097,3,2,0,0
iclr-2026-9a1a4fec2317,ICLR,oral,foundation_200,conclusion,observed,152,0.03,0,0,0,0
iclr-2026-9a1a4fec2317,ICLR,oral,foundation_200,limitations,observed,157,0.031,0,0,0,0
iclr-2026-9a1a4fec2317,ICLR,oral,foundation_200,appendix,observed,1300,,12,0,0,0
iclr-2026-9a1a4fec2317,ICLR,oral,foundation_200,other,observed,2395,,0,0,0,0
iclr-2026-3f0f7132b565,ICLR,oral,foundation_200,abstract,observed,225,0.04,0,0,0,0
iclr-2026-3f0f7132b565,ICLR,oral,foundation_200,introduction,observed,705,0.13,1,0,0,0
iclr-2026-3f0f7132b565,ICLR,oral,foundation_200,related_work,observed,700,0.13,0,0,0,0
iclr-2026-3f0f7132b565,ICLR,oral,foundation_200,method,observed,1820,0.24,2,0,0,5
iclr-2026-3f0f7132b565,ICLR,oral,foundation_200,theory,not_present,0,0.0,0,0,0,0
iclr-2026-3f0f7132b565,ICLR,oral,foundation_200,experimental_design,observed,700,0.13,0,2,0,0
iclr-2026-3f0f7132b565,ICLR,oral,foundation_200,results,observed,1250,0.22,2,3,0,0
iclr-2026-3f0f7132b565,ICLR,oral,foundation_200,ablation,observed,380,0.07,0,1,0,0
iclr-2026-3f0f7132b565,ICLR,oral,foundation_200,conclusion,observed,105,0.02,0,0,0,0
iclr-2026-3f0f7132b565,ICLR,oral,foundation_200,limitations,observed,170,0.03,0,0,0,0
iclr-2026-3f0f7132b565,ICLR,oral,foundation_200,appendix,observed,2950,,1,7,0,0
iclr-2026-3f0f7132b565,ICLR,oral,foundation_200,other,observed,1625,,0,0,0,0
iclr-2026-247f0a285827,ICLR,oral,foundation_200,abstract,observed,210,0.0361,0,0,0,0
iclr-2026-247f0a285827,ICLR,oral,foundation_200,introduction,observed,930,0.1598,1,0,0,0
iclr-2026-247f0a285827,ICLR,oral,foundation_200,related_work,observed,430,0.0739,0,0,0,0
iclr-2026-247f0a285827,ICLR,oral,foundation_200,method,observed,1770,0.3041,1,1,0,0
iclr-2026-247f0a285827,ICLR,oral,foundation_200,theory,observed,500,0.0859,0,0,0,3
iclr-2026-247f0a285827,ICLR,oral,foundation_200,experimental_design,observed,620,0.1065,0,0,0,0
iclr-2026-247f0a285827,ICLR,oral,foundation_200,results,observed,760,0.1306,1,3,0,0
iclr-2026-247f0a285827,ICLR,oral,foundation_200,ablation,observed,430,0.0739,1,2,0,0
iclr-2026-247f0a285827,ICLR,oral,foundation_200,conclusion,observed,95,0.0163,0,0,0,0
iclr-2026-247f0a285827,ICLR,oral,foundation_200,limitations,not_present,0,0.0,0,0,0,0
iclr-2026-247f0a285827,ICLR,oral,foundation_200,appendix,observed,3430,,5,4,0,0
iclr-2026-247f0a285827,ICLR,oral,foundation_200,other,observed,75,0.0129,0,0,0,0
iclr-2026-b7a66e10bf69,ICLR,oral,replication_200,abstract,observed,221,0.042,0,0,0,0
iclr-2026-b7a66e10bf69,ICLR,oral,replication_200,introduction,observed,430,0.082,1,0,0,0
iclr-2026-b7a66e10bf69,ICLR,oral,replication_200,related_work,observed,625,0.119,0,0,0,0
iclr-2026-b7a66e10bf69,ICLR,oral,replication_200,method,observed,1860,0.354,2,0,0,5
iclr-2026-b7a66e10bf69,ICLR,oral,replication_200,theory,observed,230,0.044,0,0,0,4
iclr-2026-b7a66e10bf69,ICLR,oral,replication_200,experimental_design,observed,490,0.093,0,0,0,0
iclr-2026-b7a66e10bf69,ICLR,oral,replication_200,results,observed,850,0.162,1,5,0,0
iclr-2026-b7a66e10bf69,ICLR,oral,replication_200,ablation,observed,690,0.131,0,1,0,0
iclr-2026-b7a66e10bf69,ICLR,oral,replication_200,conclusion,observed,145,0.028,0,0,0,0
iclr-2026-b7a66e10bf69,ICLR,oral,replication_200,limitations,observed,155,0.03,0,0,0,0
iclr-2026-b7a66e10bf69,ICLR,oral,replication_200,appendix,not_present,0,0,0,0,0,0
iclr-2026-b7a66e10bf69,ICLR,oral,replication_200,other,observed,1337,0.254,1,0,0,0
iclr-2026-3c3e3a191645,ICLR,oral,foundation_200,abstract,observed,177,0.03749205676763397,0,0,0,0
iclr-2026-3c3e3a191645,ICLR,oral,foundation_200,introduction,observed,600,0.12709171785638637,1,0,0,2
iclr-2026-3c3e3a191645,ICLR,oral,foundation_200,related_work,observed,520,0.11014615547553484,0,0,0,0
iclr-2026-3c3e3a191645,ICLR,oral,foundation_200,theory,observed,560,0.1186189366659606,1,0,0,0
iclr-2026-3c3e3a191645,ICLR,oral,foundation_200,experimental_design,observed,500,0.10590976488032197,0,0,0,0
iclr-2026-3c3e3a191645,ICLR,oral,foundation_200,method,observed,900,0.19063757678457954,2,0,0,0
iclr-2026-3c3e3a191645,ICLR,oral,foundation_200,results,observed,1160,0.24571065452234697,3,4,0,0
iclr-2026-3c3e3a191645,ICLR,oral,foundation_200,ablation,observed,190,0.04024571065452235,0,1,0,0
iclr-2026-3c3e3a191645,ICLR,oral,foundation_200,conclusion,observed,114,0.024147426392713407,0,0,0,0
iclr-2026-3c3e3a191645,ICLR,oral,foundation_200,limitations,not_present,0,0,0,0,0,0
iclr-2026-3c3e3a191645,ICLR,oral,foundation_200,appendix,observed,1003,,0,1,0,5
iclr-2026-3c3e3a191645,ICLR,oral,foundation_200,other,observed,1442,,0,0,0,0
iclr-2026-a2b879220593,ICLR,oral,foundation_200,abstract,observed,220,0.0462,0,0,0,0
iclr-2026-a2b879220593,ICLR,oral,foundation_200,introduction,observed,395,0.0829,1,0,0,0
iclr-2026-a2b879220593,ICLR,oral,foundation_200,related_work,observed,236,0.0495,0,0,0,0
iclr-2026-a2b879220593,ICLR,oral,foundation_200,method,observed,1749,0.3669,1,0,0,10
iclr-2026-a2b879220593,ICLR,oral,foundation_200,theory,observed,264,0.0554,0,0,0,3
iclr-2026-a2b879220593,ICLR,oral,foundation_200,experimental_design,observed,551,0.1156,0,0,0,0
iclr-2026-a2b879220593,ICLR,oral,foundation_200,results,observed,985,0.2066,0,6,0,0
iclr-2026-a2b879220593,ICLR,oral,foundation_200,ablation,observed,198,0.0415,0,1,0,0
iclr-2026-a2b879220593,ICLR,oral,foundation_200,conclusion,observed,84,0.0176,0,0,0,0
iclr-2026-a2b879220593,ICLR,oral,foundation_200,limitations,observed,67,0.0141,0,0,0,0
iclr-2026-a2b879220593,ICLR,oral,foundation_200,appendix,observed,935,,1,3,0,0
iclr-2026-a2b879220593,ICLR,oral,foundation_200,other,observed,18,0.0038,0,0,0,0
iclr-2026-0f7ec564e69d,ICLR,oral,foundation_200,abstract,observed,193,0.032,0,0,0,0
iclr-2026-0f7ec564e69d,ICLR,oral,foundation_200,introduction,observed,700,0.114,0,0,0,0
iclr-2026-0f7ec564e69d,ICLR,oral,foundation_200,related_work,observed,640,0.104,0,0,0,0
iclr-2026-0f7ec564e69d,ICLR,oral,foundation_200,method,observed,2500,0.408,1,1,0,2
iclr-2026-0f7ec564e69d,ICLR,oral,foundation_200,experimental_design,observed,300,0.049,0,0,0,0
iclr-2026-0f7ec564e69d,ICLR,oral,foundation_200,results,observed,850,0.139,0,2,0,0
iclr-2026-0f7ec564e69d,ICLR,oral,foundation_200,ablation,observed,300,0.049,0,1,0,0
iclr-2026-0f7ec564e69d,ICLR,oral,foundation_200,conclusion,observed,100,0.016,0,0,0,0
iclr-2026-0f7ec564e69d,ICLR,oral,foundation_200,other,observed,550,0.089,0,0,0,0
iclr-2026-0f7ec564e69d,ICLR,oral,foundation_200,theory,not_present,0,0.0,0,0,0,0
iclr-2026-0f7ec564e69d,ICLR,oral,foundation_200,limitations,not_present,0,0.0,0,0,0,0
iclr-2026-0f7ec564e69d,ICLR,oral,foundation_200,appendix,not_present,0,0.0,0,0,0,0
iclr-2026-e7be893c9452,ICLR,oral,foundation_200,abstract,observed,206,0.0347,0,0,0,0
iclr-2026-e7be893c9452,ICLR,oral,foundation_200,introduction,observed,906,0.1526,2,0,0,0
iclr-2026-e7be893c9452,ICLR,oral,foundation_200,related_work,observed,771,0.1299,0,0,0,0
iclr-2026-e7be893c9452,ICLR,oral,foundation_200,method,observed,1675,0.2822,2,0,0,4
iclr-2026-e7be893c9452,ICLR,oral,foundation_200,theory,not_applicable,0,0.0,0,0,0,0
iclr-2026-e7be893c9452,ICLR,oral,foundation_200,experimental_design,observed,457,0.077,0,0,0,0
iclr-2026-e7be893c9452,ICLR,oral,foundation_200,results,observed,1114,0.1877,1,1,0,0
iclr-2026-e7be893c9452,ICLR,oral,foundation_200,ablation,observed,662,0.1115,1,3,0,0
iclr-2026-e7be893c9452,ICLR,oral,foundation_200,conclusion,observed,103,0.0174,0,0,0,0
iclr-2026-e7be893c9452,ICLR,oral,foundation_200,limitations,not_present,0,0.0,0,0,0,0
iclr-2026-e7be893c9452,ICLR,oral,foundation_200,appendix,observed,2606,,3,0,0,0
iclr-2026-e7be893c9452,ICLR,oral,foundation_200,other,observed,3322,,0,0,0,0
iclr-2026-e7ef44128dd8,ICLR,oral,foundation_200,abstract,observed,185,0.037,0,0,0,0
iclr-2026-e7ef44128dd8,ICLR,oral,foundation_200,introduction,observed,748,0.149,0,0,0,0
iclr-2026-e7ef44128dd8,ICLR,oral,foundation_200,related_work,observed,538,0.107,0,0,0,0
iclr-2026-e7ef44128dd8,ICLR,oral,foundation_200,method,observed,1649,0.329,1,0,0,7
iclr-2026-e7ef44128dd8,ICLR,oral,foundation_200,theory,observed,536,0.107,0,0,0,5
iclr-2026-e7ef44128dd8,ICLR,oral,foundation_200,experimental_design,observed,304,0.061,0,0,0,0
iclr-2026-e7ef44128dd8,ICLR,oral,foundation_200,results,observed,384,0.077,0,2,0,0
iclr-2026-e7ef44128dd8,ICLR,oral,foundation_200,ablation,observed,344,0.069,0,1,0,0
iclr-2026-e7ef44128dd8,ICLR,oral,foundation_200,conclusion,observed,108,0.022,0,0,0,0
iclr-2026-e7ef44128dd8,ICLR,oral,foundation_200,limitations,observed,215,0.043,0,0,0,0
iclr-2026-e7ef44128dd8,ICLR,oral,foundation_200,appendix,observed,2356,,2,6,0,0
iclr-2026-e7ef44128dd8,ICLR,oral,foundation_200,other,observed,1850,,0,0,0,0
iclr-2026-9b8d9a086a72,ICLR,oral,replication_200,abstract,observed,116,0.024,0,0,0,0
iclr-2026-9b8d9a086a72,ICLR,oral,replication_200,introduction,observed,611,0.126,0,0,0,0
iclr-2026-9b8d9a086a72,ICLR,oral,replication_200,related_work,observed,688,0.142,0,0,0,0
iclr-2026-9b8d9a086a72,ICLR,oral,replication_200,method,observed,1410,0.291,2,1,0,3
iclr-2026-9b8d9a086a72,ICLR,oral,replication_200,theory,not_present,0,0.0,0,0,0,0
iclr-2026-9b8d9a086a72,ICLR,oral,replication_200,experimental_design,observed,616,0.127,0,1,0,0
iclr-2026-9b8d9a086a72,ICLR,oral,replication_200,results,observed,737,0.152,2,3,0,0
iclr-2026-9b8d9a086a72,ICLR,oral,replication_200,ablation,observed,669,0.138,0,1,0,0
iclr-2026-9b8d9a086a72,ICLR,oral,replication_200,conclusion,not_present,0,0.0,0,0,0,0
iclr-2026-9b8d9a086a72,ICLR,oral,replication_200,limitations,not_present,0,0.0,0,0,0,0
iclr-2026-9b8d9a086a72,ICLR,oral,replication_200,appendix,observed,97,,0,1,0,0
iclr-2026-9b8d9a086a72,ICLR,oral,replication_200,other,observed,20,,0,0,0,0
iclr-2026-a6ddc629568b,ICLR,outstanding,foundation_200,abstract,observed,187,0.029,1,0,0,0
iclr-2026-a6ddc629568b,ICLR,outstanding,foundation_200,introduction,observed,670,0.103,0,0,0,0
iclr-2026-a6ddc629568b,ICLR,outstanding,foundation_200,related_work,observed,460,0.071,0,0,0,0
iclr-2026-a6ddc629568b,ICLR,outstanding,foundation_200,method,observed,800,0.123,2,0,0,0
iclr-2026-a6ddc629568b,ICLR,outstanding,foundation_200,theory,not_present,0,0.0,0,0,0,0
iclr-2026-a6ddc629568b,ICLR,outstanding,foundation_200,experimental_design,observed,1490,0.229,1,0,0,1
iclr-2026-a6ddc629568b,ICLR,outstanding,foundation_200,results,observed,930,0.143,1,1,0,0
iclr-2026-a6ddc629568b,ICLR,outstanding,foundation_200,ablation,observed,330,0.051,0,0,0,0
iclr-2026-a6ddc629568b,ICLR,outstanding,foundation_200,conclusion,observed,100,0.015,0,0,0,0
iclr-2026-a6ddc629568b,ICLR,outstanding,foundation_200,limitations,observed,600,0.092,0,0,0,0
iclr-2026-a6ddc629568b,ICLR,outstanding,foundation_200,other,observed,940,0.144,0,0,0,0
iclr-2026-a6ddc629568b,ICLR,outstanding,foundation_200,appendix,observed,13830,,5,9,0,7
iclr-2026-88c6c50ec3eb,ICLR,outstanding,foundation_200,abstract,observed,162,0.027,0,0,0,0
iclr-2026-88c6c50ec3eb,ICLR,outstanding,foundation_200,introduction,observed,825,0.137,0,0,0,0
iclr-2026-88c6c50ec3eb,ICLR,outstanding,foundation_200,related_work,observed,242,0.04,0,0,0,0
iclr-2026-88c6c50ec3eb,ICLR,outstanding,foundation_200,method,observed,1818,0.303,0,0,0,11
iclr-2026-88c6c50ec3eb,ICLR,outstanding,foundation_200,theory,observed,1809,0.301,0,0,0,4
iclr-2026-88c6c50ec3eb,ICLR,outstanding,foundation_200,experimental_design,not_applicable,0,0.0,0,0,0,0
iclr-2026-88c6c50ec3eb,ICLR,outstanding,foundation_200,results,observed,921,0.153,0,0,0,1
iclr-2026-88c6c50ec3eb,ICLR,outstanding,foundation_200,ablation,not_applicable,0,0.0,0,0,0,0
iclr-2026-88c6c50ec3eb,ICLR,outstanding,foundation_200,conclusion,observed,208,0.035,0,0,0,0
iclr-2026-88c6c50ec3eb,ICLR,outstanding,foundation_200,limitations,not_present,0,0.0,0,0,0,0
iclr-2026-88c6c50ec3eb,ICLR,outstanding,foundation_200,appendix,observed,3935,,0,0,0,41
iclr-2026-88c6c50ec3eb,ICLR,outstanding,foundation_200,other,observed,993,,0,0,0,0
icml-2026-b8bfc5f3f2ec,ICML,oral,foundation_200,abstract,observed,148,0.026,0,0,0,0
icml-2026-b8bfc5f3f2ec,ICML,oral,foundation_200,introduction,observed,650,0.112,1,0,0,0
icml-2026-b8bfc5f3f2ec,ICML,oral,foundation_200,related_work,observed,420,0.073,0,0,0,0
icml-2026-b8bfc5f3f2ec,ICML,oral,foundation_200,method,observed,1940,0.335,2,1,0,7
icml-2026-b8bfc5f3f2ec,ICML,oral,foundation_200,experimental_design,observed,790,0.136,0,0,0,0
icml-2026-b8bfc5f3f2ec,ICML,oral,foundation_200,results,observed,610,0.105,6,3,0,1
icml-2026-b8bfc5f3f2ec,ICML,oral,foundation_200,theory,observed,850,0.147,0,0,0,2
icml-2026-b8bfc5f3f2ec,ICML,oral,foundation_200,ablation,not_present,0,0.0,0,0,0,0
icml-2026-b8bfc5f3f2ec,ICML,oral,foundation_200,conclusion,observed,230,0.04,0,0,0,0
icml-2026-b8bfc5f3f2ec,ICML,oral,foundation_200,limitations,not_present,0,0.0,0,0,0,0
icml-2026-b8bfc5f3f2ec,ICML,oral,foundation_200,appendix,observed,7000,,9,5,0,22
icml-2026-b8bfc5f3f2ec,ICML,oral,foundation_200,other,observed,1670,0.026,0,0,0,0
icml-2026-32a8402c370d,ICML,oral,foundation_200,abstract,observed,144,0.026,0,0,0,0
icml-2026-32a8402c370d,ICML,oral,foundation_200,introduction,observed,1250,0.226,0,0,0,0
icml-2026-32a8402c370d,ICML,oral,foundation_200,related_work,observed,720,0.13,0,0,0,0
icml-2026-32a8402c370d,ICML,oral,foundation_200,method,observed,870,0.157,1,0,0,4
icml-2026-32a8402c370d,ICML,oral,foundation_200,theory,observed,840,0.152,2,0,0,4
icml-2026-32a8402c370d,ICML,oral,foundation_200,experimental_design,observed,420,0.076,0,0,0,5
icml-2026-32a8402c370d,ICML,oral,foundation_200,results,observed,360,0.065,1,0,0,0
icml-2026-32a8402c370d,ICML,oral,foundation_200,ablation,observed,620,0.0,0,0,0,0
icml-2026-32a8402c370d,ICML,oral,foundation_200,conclusion,observed,180,0.033,0,0,0,0
icml-2026-32a8402c370d,ICML,oral,foundation_200,limitations,observed,220,0.04,0,0,0,0
icml-2026-32a8402c370d,ICML,oral,foundation_200,appendix,observed,9500,,5,4,1,72
icml-2026-32a8402c370d,ICML,oral,foundation_200,other,observed,525,0.095,0,0,0,6
icml-2026-95c954ca7cb0,ICML,oral,foundation_200,abstract,observed,230,0.045,0,0,0,0
icml-2026-95c954ca7cb0,ICML,oral,foundation_200,introduction,observed,1100,0.215,0,0,0,0
icml-2026-95c954ca7cb0,ICML,oral,foundation_200,related_work,observed,410,0.08,0,0,0,0
icml-2026-95c954ca7cb0,ICML,oral,foundation_200,method,observed,1220,0.24,4,0,0,5
icml-2026-95c954ca7cb0,ICML,oral,foundation_200,theory,observed,180,0.035,0,0,0,1
icml-2026-95c954ca7cb0,ICML,oral,foundation_200,experimental_design,observed,610,0.12,0,0,0,0
icml-2026-95c954ca7cb0,ICML,oral,foundation_200,results,observed,700,0.135,0,3,0,0
icml-2026-95c954ca7cb0,ICML,oral,foundation_200,ablation,observed,520,0.105,0,1,0,0
icml-2026-95c954ca7cb0,ICML,oral,foundation_200,conclusion,not_present,0,0.0,0,0,0,0
icml-2026-95c954ca7cb0,ICML,oral,foundation_200,limitations,observed,100,0.02,0,0,0,0
icml-2026-95c954ca7cb0,ICML,oral,foundation_200,appendix,observed,2415,,1,2,0,0
icml-2026-95c954ca7cb0,ICML,oral,foundation_200,other,observed,43,0.005,0,0,0,0
icml-2026-7207f7ebdc88,ICML,oral,foundation_200,abstract,observed,208,0.05,0,0,0,0
icml-2026-7207f7ebdc88,ICML,oral,foundation_200,introduction,observed,900,0.18,0,0,0,0
icml-2026-7207f7ebdc88,ICML,oral,foundation_200,related_work,observed,480,0.1,0,0,0,0
icml-2026-7207f7ebdc88,ICML,oral,foundation_200,method,observed,2500,0.25,3,0,0,7
icml-2026-7207f7ebdc88,ICML,oral,foundation_200,theory,not_applicable,0,0,0,0,0,0
icml-2026-7207f7ebdc88,ICML,oral,foundation_200,experimental_design,observed,450,0.08,0,0,0,0
icml-2026-7207f7ebdc88,ICML,oral,foundation_200,results,observed,850,0.18,0,5,0,0
icml-2026-7207f7ebdc88,ICML,oral,foundation_200,ablation,observed,1100,0.12,1,8,0,0
icml-2026-7207f7ebdc88,ICML,oral,foundation_200,conclusion,observed,170,0.03,0,0,0,0
icml-2026-7207f7ebdc88,ICML,oral,foundation_200,limitations,observed,130,0.01,0,0,0,0
icml-2026-7207f7ebdc88,ICML,oral,foundation_200,appendix,observed,3300,,10,2,0,0
icml-2026-7207f7ebdc88,ICML,oral,foundation_200,other,observed,2200,,0,0,0,0
icml-2026-734764c3c087,ICML,oral,foundation_200,abstract,observed,155,0.025,0,0,0,0
icml-2026-734764c3c087,ICML,oral,foundation_200,introduction,observed,1030,0.167,1,0,0,0
icml-2026-734764c3c087,ICML,oral,foundation_200,related_work,observed,510,0.082,0,0,0,0
icml-2026-734764c3c087,ICML,oral,foundation_200,method,observed,1905,0.308,2,0,1,25
icml-2026-734764c3c087,ICML,oral,foundation_200,theory,not_present,0,0,0,0,0,0
icml-2026-734764c3c087,ICML,oral,foundation_200,experimental_design,observed,1370,0.222,0,0,0,0
icml-2026-734764c3c087,ICML,oral,foundation_200,results,observed,575,0.093,2,1,0,0
icml-2026-734764c3c087,ICML,oral,foundation_200,ablation,observed,465,0.075,1,2,0,0
icml-2026-734764c3c087,ICML,oral,foundation_200,conclusion,observed,175,0.028,0,0,0,0
icml-2026-734764c3c087,ICML,oral,foundation_200,limitations,not_present,0,0,0,0,0,0
icml-2026-734764c3c087,ICML,oral,foundation_200,appendix,observed,335,,5,0,0,4
icml-2026-734764c3c087,ICML,oral,foundation_200,other,observed,1670,,0,0,0,0
icml-2026-5e9fe0b20cf5,ICML,oral,foundation_200,abstract,observed,109,0.016,0,0,0,0
icml-2026-5e9fe0b20cf5,ICML,oral,foundation_200,introduction,observed,1040,0.153,1,0,0,0
icml-2026-5e9fe0b20cf5,ICML,oral,foundation_200,related_work,observed,295,0.043,0,0,0,0
icml-2026-5e9fe0b20cf5,ICML,oral,foundation_200,method,observed,1245,0.183,0,0,0,7
icml-2026-5e9fe0b20cf5,ICML,oral,foundation_200,theory,observed,1825,0.268,1,0,0,12
icml-2026-5e9fe0b20cf5,ICML,oral,foundation_200,experimental_design,observed,865,0.127,1,1,0,0
icml-2026-5e9fe0b20cf5,ICML,oral,foundation_200,results,observed,705,0.104,1,2,0,2
icml-2026-5e9fe0b20cf5,ICML,oral,foundation_200,ablation,not_applicable,0,0.0,0,0,0,0
icml-2026-5e9fe0b20cf5,ICML,oral,foundation_200,conclusion,observed,215,0.032,0,0,0,0
icml-2026-5e9fe0b20cf5,ICML,oral,foundation_200,limitations,observed,475,0.07,0,0,0,0
icml-2026-5e9fe0b20cf5,ICML,oral,foundation_200,appendix,observed,8251,0.0,8,4,0,30
icml-2026-5e9fe0b20cf5,ICML,oral,foundation_200,other,observed,1850,0.0,0,0,0,0
icml-2026-cb506acd46ca,ICML,oral,foundation_200,abstract,observed,156,0.03,0,0,0,0
icml-2026-cb506acd46ca,ICML,oral,foundation_200,introduction,observed,810,0.154,0,0,0,2
icml-2026-cb506acd46ca,ICML,oral,foundation_200,related_work,observed,840,0.16,0,0,0,0
icml-2026-cb506acd46ca,ICML,oral,foundation_200,method,observed,1160,0.221,2,1,1,5
icml-2026-cb506acd46ca,ICML,oral,foundation_200,theory,observed,520,0.103,0,0,0,5
icml-2026-cb506acd46ca,ICML,oral,foundation_200,experimental_design,observed,430,0.082,0,0,0,0
icml-2026-cb506acd46ca,ICML,oral,foundation_200,results,observed,1420,0.271,9,4,0,5
icml-2026-cb506acd46ca,ICML,oral,foundation_200,ablation,observed,170,0.034,0,1,0,0
icml-2026-cb506acd46ca,ICML,oral,foundation_200,conclusion,observed,170,0.032,0,0,0,0
icml-2026-cb506acd46ca,ICML,oral,foundation_200,limitations,observed,120,0.023,0,0,0,0
icml-2026-cb506acd46ca,ICML,oral,foundation_200,appendix,observed,3040,,4,0,0,37
icml-2026-cb506acd46ca,ICML,oral,foundation_200,other,observed,140,0.027,0,0,0,0
icml-2026-21bf37d1d47a,ICML,oral,foundation_200,abstract,observed,172,0.03,0,0,0,0
icml-2026-21bf37d1d47a,ICML,oral,foundation_200,introduction,observed,860,0.14,0,0,0,0
icml-2026-21bf37d1d47a,ICML,oral,foundation_200,related_work,observed,620,0.1,0,0,0,0
icml-2026-21bf37d1d47a,ICML,oral,foundation_200,method,observed,1600,0.26,1,0,1,2
icml-2026-21bf37d1d47a,ICML,oral,foundation_200,theory,not_present,0,0.0,0,0,0,0
icml-2026-21bf37d1d47a,ICML,oral,foundation_200,experimental_design,observed,620,0.1,0,0,0,0
icml-2026-21bf37d1d47a,ICML,oral,foundation_200,results,observed,1350,0.22,3,4,0,0
icml-2026-21bf37d1d47a,ICML,oral,foundation_200,ablation,observed,250,0.04,0,1,0,0
icml-2026-21bf37d1d47a,ICML,oral,foundation_200,conclusion,observed,490,0.08,0,0,0,0
icml-2026-21bf37d1d47a,ICML,oral,foundation_200,limitations,observed,120,0.02,0,0,0,0
icml-2026-21bf37d1d47a,ICML,oral,foundation_200,appendix,observed,4470,0.0,6,4,0,13
icml-2026-21bf37d1d47a,ICML,oral,foundation_200,other,observed,1890,0.01,0,0,0,0
icml-2026-e727e683b443,ICML,oral,foundation_200,abstract,observed,180,0.039,0,0,0,0
icml-2026-e727e683b443,ICML,oral,foundation_200,introduction,observed,705,0.154,0,0,0,0
icml-2026-e727e683b443,ICML,oral,foundation_200,related_work,observed,615,0.135,0,0,0,0
icml-2026-e727e683b443,ICML,oral,foundation_200,method,observed,320,0.07,1,0,1,2
icml-2026-e727e683b443,ICML,oral,foundation_200,theory,observed,1050,0.23,1,1,0,24
icml-2026-e727e683b443,ICML,oral,foundation_200,experimental_design,observed,360,0.079,0,0,0,1
icml-2026-e727e683b443,ICML,oral,foundation_200,results,observed,565,0.124,3,0,0,0
icml-2026-e727e683b443,ICML,oral,foundation_200,ablation,observed,330,0.0,3,0,0,0
icml-2026-e727e683b443,ICML,oral,foundation_200,conclusion,observed,315,0.069,0,0,0,0
icml-2026-e727e683b443,ICML,oral,foundation_200,limitations,observed,310,0.068,0,0,0,0
icml-2026-e727e683b443,ICML,oral,foundation_200,appendix,observed,5050,,8,0,0,54
icml-2026-e727e683b443,ICML,oral,foundation_200,other,observed,145,0.032,0,0,0,0
icml-2026-ba706ff6b691,ICML,oral,foundation_200,abstract,observed,144,0.035,0,0,0,0
icml-2026-ba706ff6b691,ICML,oral,foundation_200,introduction,observed,808,0.194,1,0,0,0
icml-2026-ba706ff6b691,ICML,oral,foundation_200,related_work,observed,616,0.148,0,0,0,2
icml-2026-ba706ff6b691,ICML,oral,foundation_200,method,observed,538,0.129,0,0,0,7
icml-2026-ba706ff6b691,ICML,oral,foundation_200,theory,observed,866,0.208,0,0,0,11
icml-2026-ba706ff6b691,ICML,oral,foundation_200,experimental_design,observed,553,0.133,0,0,0,0
icml-2026-ba706ff6b691,ICML,oral,foundation_200,results,observed,513,0.123,1,3,0,0
icml-2026-ba706ff6b691,ICML,oral,foundation_200,ablation,not_present,0,0.0,0,0,0,0
icml-2026-ba706ff6b691,ICML,oral,foundation_200,conclusion,observed,136,0.033,0,0,0,0
icml-2026-ba706ff6b691,ICML,oral,foundation_200,limitations,not_present,0,0.0,0,0,0,0
icml-2026-ba706ff6b691,ICML,oral,foundation_200,appendix,observed,2774,,2,6,0,27
icml-2026-ba706ff6b691,ICML,oral,foundation_200,other,not_applicable,0,0.0,0,0,0,0
icml-2026-9407bcbd715b,ICML,oral,foundation_200,abstract,observed,151,0.023,0,0,0,0
icml-2026-9407bcbd715b,ICML,oral,foundation_200,introduction,observed,900,0.136,0,0,0,0
icml-2026-9407bcbd715b,ICML,oral,foundation_200,related_work,observed,620,0.094,0,0,0,0
icml-2026-9407bcbd715b,ICML,oral,foundation_200,method,observed,1140,0.172,0,0,1,3
icml-2026-9407bcbd715b,ICML,oral,foundation_200,theory,observed,1510,0.228,0,0,0,17
icml-2026-9407bcbd715b,ICML,oral,foundation_200,experimental_design,observed,600,0.091,0,2,0,1
icml-2026-9407bcbd715b,ICML,oral,foundation_200,results,observed,620,0.094,3,3,0,3
icml-2026-9407bcbd715b,ICML,oral,foundation_200,ablation,observed,210,0.032,0,2,0,0
icml-2026-9407bcbd715b,ICML,oral,foundation_200,conclusion,observed,190,0.029,0,0,0,0
icml-2026-9407bcbd715b,ICML,oral,foundation_200,limitations,observed,340,0.051,0,0,0,0
icml-2026-9407bcbd715b,ICML,oral,foundation_200,appendix,observed,2769,,0,1,0,33
icml-2026-9407bcbd715b,ICML,oral,foundation_200,other,observed,1130,,0,0,0,0
icml-2026-eb5aba1da40d,ICML,oral,foundation_200,abstract,observed,190,0.033486,0,0,0,0
icml-2026-eb5aba1da40d,ICML,oral,foundation_200,introduction,observed,699,0.123194,1,0,0,0
icml-2026-eb5aba1da40d,ICML,oral,foundation_200,related_work,observed,546,,0,0,0,0
icml-2026-eb5aba1da40d,ICML,oral,foundation_200,method,observed,1402,0.247092,2,0,0,3
icml-2026-eb5aba1da40d,ICML,oral,foundation_200,theory,observed,1056,0.186112,0,0,0,1
icml-2026-eb5aba1da40d,ICML,oral,foundation_200,experimental_design,observed,934,0.164611,0,0,0,0
icml-2026-eb5aba1da40d,ICML,oral,foundation_200,results,observed,744,0.131124,5,1,0,0
icml-2026-eb5aba1da40d,ICML,oral,foundation_200,ablation,observed,1450,,6,0,0,0
icml-2026-eb5aba1da40d,ICML,oral,foundation_200,conclusion,observed,102,0.017977,0,0,0,0
icml-2026-eb5aba1da40d,ICML,oral,foundation_200,limitations,observed,60,0.010575,0,0,0,0
icml-2026-eb5aba1da40d,ICML,oral,foundation_200,appendix,observed,6640,,2,1,0,34
icml-2026-eb5aba1da40d,ICML,oral,foundation_200,other,observed,487,0.08583,0,0,0,2
icml-2026-8c4a48256331,ICML,oral,foundation_200,abstract,observed,168,0.03,0,0,0,0
icml-2026-8c4a48256331,ICML,oral,foundation_200,introduction,observed,725,0.13,0,0,0,0
icml-2026-8c4a48256331,ICML,oral,foundation_200,related_work,observed,498,0.09,0,0,0,0
icml-2026-8c4a48256331,ICML,oral,foundation_200,method,observed,1010,0.18,2,1,2,0
icml-2026-8c4a48256331,ICML,oral,foundation_200,theory,observed,730,0.13,0,0,0,17
icml-2026-8c4a48256331,ICML,oral,foundation_200,experimental_design,observed,455,0.08,0,0,0,0
icml-2026-8c4a48256331,ICML,oral,foundation_200,results,observed,1500,0.27,3,2,0,0
icml-2026-8c4a48256331,ICML,oral,foundation_200,ablation,not_present,0,0.0,0,0,0,0
icml-2026-8c4a48256331,ICML,oral,foundation_200,conclusion,observed,220,0.04,0,0,0,0
icml-2026-8c4a48256331,ICML,oral,foundation_200,limitations,observed,220,0.04,0,0,0,0
icml-2026-8c4a48256331,ICML,oral,foundation_200,appendix,observed,11949,,3,21,3,17
icml-2026-8c4a48256331,ICML,oral,foundation_200,other,observed,179,,0,0,0,0
icml-2026-c61e72161d50,ICML,oral,foundation_200,abstract,observed,194,,0,0,0,0
icml-2026-c61e72161d50,ICML,oral,foundation_200,introduction,observed,1080,0.197,1,0,0,0
icml-2026-c61e72161d50,ICML,oral,foundation_200,related_work,observed,470,0.086,0,0,0,0
icml-2026-c61e72161d50,ICML,oral,foundation_200,method,observed,1310,0.238,1,0,1,2
icml-2026-c61e72161d50,ICML,oral,foundation_200,theory,observed,660,0.12,0,0,0,6
icml-2026-c61e72161d50,ICML,oral,foundation_200,experimental_design,observed,600,0.109,0,0,0,0
icml-2026-c61e72161d50,ICML,oral,foundation_200,results,observed,370,0.067,2,1,0,0
icml-2026-c61e72161d50,ICML,oral,foundation_200,ablation,observed,5624,0.0,128,0,0,5
icml-2026-c61e72161d50,ICML,oral,foundation_200,conclusion,not_applicable,0,0.0,0,0,0,0
icml-2026-c61e72161d50,ICML,oral,foundation_200,limitations,observed,345,0.063,0,0,0,0
icml-2026-c61e72161d50,ICML,oral,foundation_200,appendix,observed,11783,,130,0,1,64
icml-2026-c61e72161d50,ICML,oral,foundation_200,other,observed,660,0.12,0,0,0,2
icml-2026-f2ef0d36bc74,ICML,oral,foundation_200,abstract,observed,160,0.026,0,0,0,0
icml-2026-f2ef0d36bc74,ICML,oral,foundation_200,introduction,observed,1100,0.178,0,0,0,0
icml-2026-f2ef0d36bc74,ICML,oral,foundation_200,related_work,observed,650,0.0,0,0,0,0
icml-2026-f2ef0d36bc74,ICML,oral,foundation_200,method,observed,900,0.146,0,0,0,5
icml-2026-f2ef0d36bc74,ICML,oral,foundation_200,theory,observed,2090,0.339,1,0,0,19
icml-2026-f2ef0d36bc74,ICML,oral,foundation_200,experimental_design,observed,540,0.088,0,0,0,0
icml-2026-f2ef0d36bc74,ICML,oral,foundation_200,results,observed,850,0.138,2,0,0,0
icml-2026-f2ef0d36bc74,ICML,oral,foundation_200,ablation,not_present,0,0.0,0,0,0,0
icml-2026-f2ef0d36bc74,ICML,oral,foundation_200,conclusion,observed,160,0.026,0,0,0,0
icml-2026-f2ef0d36bc74,ICML,oral,foundation_200,limitations,observed,145,0.024,0,0,0,0
icml-2026-f2ef0d36bc74,ICML,oral,foundation_200,appendix,observed,12334,0.0,0,0,0,206
icml-2026-f2ef0d36bc74,ICML,oral,foundation_200,other,observed,225,0.036,0,0,0,0
icml-2026-121abf6fcacd,ICML,oral,foundation_200,abstract,observed,160,0.032,0,0,0,0
icml-2026-121abf6fcacd,ICML,oral,foundation_200,introduction,observed,425,0.085,0,0,0,0
icml-2026-121abf6fcacd,ICML,oral,foundation_200,related_work,observed,725,0.145,0,0,0,0
icml-2026-121abf6fcacd,ICML,oral,foundation_200,method,observed,860,0.172,1,0,0,10
icml-2026-121abf6fcacd,ICML,oral,foundation_200,theory,observed,1020,0.204,0,0,0,10
icml-2026-121abf6fcacd,ICML,oral,foundation_200,experimental_design,observed,585,0.117,0,0,0,2
icml-2026-121abf6fcacd,ICML,oral,foundation_200,results,observed,845,0.169,3,1,0,0
icml-2026-121abf6fcacd,ICML,oral,foundation_200,ablation,not_applicable,0,0.0,0,0,0,0
icml-2026-121abf6fcacd,ICML,oral,foundation_200,conclusion,observed,145,0.029,0,0,0,0
icml-2026-121abf6fcacd,ICML,oral,foundation_200,limitations,observed,170,0.034,0,0,0,0
icml-2026-121abf6fcacd,ICML,oral,foundation_200,appendix,observed,6229,,7,2,0,64
icml-2026-121abf6fcacd,ICML,oral,foundation_200,other,observed,250,0.013,0,0,0,0
icml-2026-e0395b78826d,ICML,oral,foundation_200,abstract,observed,242,0.026,0,0,0,0
icml-2026-e0395b78826d,ICML,oral,foundation_200,introduction,observed,900,0.096,0,0,0,0
icml-2026-e0395b78826d,ICML,oral,foundation_200,related_work,observed,730,0.078,0,0,0,0
icml-2026-e0395b78826d,ICML,oral,foundation_200,method,observed,2300,0.245,0,0,2,3
icml-2026-e0395b78826d,ICML,oral,foundation_200,theory,observed,1100,0.117,0,0,0,5
icml-2026-e0395b78826d,ICML,oral,foundation_200,experimental_design,observed,220,0.023,0,0,0,0
icml-2026-e0395b78826d,ICML,oral,foundation_200,results,observed,1840,0.196,4,0,0,1
icml-2026-e0395b78826d,ICML,oral,foundation_200,ablation,observed,260,0.028,0,0,0,0
icml-2026-e0395b78826d,ICML,oral,foundation_200,conclusion,observed,245,0.026,0,0,0,0
icml-2026-e0395b78826d,ICML,oral,foundation_200,limitations,observed,1570,0.167,0,0,0,0
icml-2026-e0395b78826d,ICML,oral,foundation_200,appendix,observed,4260,,8,1,0,9
icml-2026-e0395b78826d,ICML,oral,foundation_200,other,observed,4975,,0,0,0,0
icml-2026-4f5bde46fdf3,ICML,oral,foundation_200,abstract,observed,166,0.022,0,0,0,0
icml-2026-4f5bde46fdf3,ICML,oral,foundation_200,introduction,observed,695,0.091,0,0,0,0
icml-2026-4f5bde46fdf3,ICML,oral,foundation_200,other,observed,780,0.102,1,0,0,4
icml-2026-4f5bde46fdf3,ICML,oral,foundation_200,method,observed,1682,0.22,1,0,0,7
icml-2026-4f5bde46fdf3,ICML,oral,foundation_200,theory,not_applicable,0,0.0,0,0,0,0
icml-2026-4f5bde46fdf3,ICML,oral,foundation_200,experimental_design,observed,315,0.041,1,0,0,0
icml-2026-4f5bde46fdf3,ICML,oral,foundation_200,results,observed,2088,0.273,5,0,0,0
icml-2026-4f5bde46fdf3,ICML,oral,foundation_200,ablation,observed,779,0.102,1,0,0,0
icml-2026-4f5bde46fdf3,ICML,oral,foundation_200,related_work,observed,921,0.121,0,0,0,0
icml-2026-4f5bde46fdf3,ICML,oral,foundation_200,conclusion,observed,130,0.017,0,0,0,0
icml-2026-4f5bde46fdf3,ICML,oral,foundation_200,limitations,observed,79,0.01,0,0,0,0
icml-2026-4f5bde46fdf3,ICML,oral,foundation_200,appendix,observed,5224,,24,5,1,7
icml-2026-c53ab491ce08,ICML,oral,foundation_200,abstract,observed,151,0.023,0,0,0,0
icml-2026-c53ab491ce08,ICML,oral,foundation_200,introduction,observed,1180,0.177,1,0,0,0
icml-2026-c53ab491ce08,ICML,oral,foundation_200,related_work,observed,970,0.045,0,0,0,0
icml-2026-c53ab491ce08,ICML,oral,foundation_200,method,observed,2170,0.326,1,0,0,9
icml-2026-c53ab491ce08,ICML,oral,foundation_200,theory,not_present,0,,0,0,0,0
icml-2026-c53ab491ce08,ICML,oral,foundation_200,experimental_design,observed,970,0.146,0,0,0,0
icml-2026-c53ab491ce08,ICML,oral,foundation_200,results,observed,1140,0.171,5,2,0,0
icml-2026-c53ab491ce08,ICML,oral,foundation_200,ablation,observed,360,0.054,0,1,0,0
icml-2026-c53ab491ce08,ICML,oral,foundation_200,conclusion,observed,180,0.027,0,0,0,0
icml-2026-c53ab491ce08,ICML,oral,foundation_200,limitations,observed,200,0.03,0,0,0,0
icml-2026-c53ab491ce08,ICML,oral,foundation_200,appendix,observed,8204,,15,24,3,5
icml-2026-c53ab491ce08,ICML,oral,foundation_200,other,observed,0,,0,0,0,0
icml-2026-97ca1f9966be,ICML,oral,foundation_200,abstract,observed,173,0.03,0,0,0,0
icml-2026-97ca1f9966be,ICML,oral,foundation_200,introduction,observed,1240,0.18,0,0,0,0
icml-2026-97ca1f9966be,ICML,oral,foundation_200,related_work,observed,205,0.03,0,0,0,0
icml-2026-97ca1f9966be,ICML,oral,foundation_200,method,observed,2341,0.34,0,0,3,15
icml-2026-97ca1f9966be,ICML,oral,foundation_200,theory,observed,1033,0.15,0,0,0,8
icml-2026-97ca1f9966be,ICML,oral,foundation_200,experimental_design,observed,689,0.1,0,0,0,1
icml-2026-97ca1f9966be,ICML,oral,foundation_200,results,observed,757,0.11,2,3,0,0
icml-2026-97ca1f9966be,ICML,oral,foundation_200,ablation,observed,735,0.0,10,4,0,0
icml-2026-97ca1f9966be,ICML,oral,foundation_200,conclusion,not_present,0,0.0,0,0,0,0
icml-2026-97ca1f9966be,ICML,oral,foundation_200,limitations,observed,344,0.05,0,0,0,0
icml-2026-97ca1f9966be,ICML,oral,foundation_200,appendix,observed,7862,0.0,11,4,6,100
icml-2026-97ca1f9966be,ICML,oral,foundation_200,other,observed,103,0.01,0,0,0,0
icml-2026-ca6b03466916,ICML,oral,foundation_200,abstract,observed,159,0.01992481,0,0,0,0
icml-2026-ca6b03466916,ICML,oral,foundation_200,introduction,observed,1090,0.13659148,0,0,0,1
icml-2026-ca6b03466916,ICML,oral,foundation_200,related_work,observed,480,0.06015038,0,0,0,0
icml-2026-ca6b03466916,ICML,oral,foundation_200,method,observed,1790,0.22431078,0,1,1,8
icml-2026-ca6b03466916,ICML,oral,foundation_200,theory,observed,770,0.09649123,1,1,0,10
icml-2026-ca6b03466916,ICML,oral,foundation_200,experimental_design,observed,785,0.09837093,0,0,0,0
icml-2026-ca6b03466916,ICML,oral,foundation_200,results,observed,1470,0.18421053,4,0,0,0
icml-2026-ca6b03466916,ICML,oral,foundation_200,ablation,observed,330,0.04135338,2,0,0,0
icml-2026-ca6b03466916,ICML,oral,foundation_200,conclusion,observed,160,0.02005013,0,0,0,0
icml-2026-ca6b03466916,ICML,oral,foundation_200,limitations,observed,92,0.01152882,0,0,0,0
icml-2026-ca6b03466916,ICML,oral,foundation_200,appendix,observed,0,0.0,24,8,0,26
icml-2026-ca6b03466916,ICML,oral,foundation_200,other,observed,854,0.10701754,0,0,0,3
icml-2026-1e762aa63b55,ICML,oral,foundation_200,abstract,observed,198,0.037,0,0,0,0
icml-2026-1e762aa63b55,ICML,oral,foundation_200,introduction,observed,558,0.105,1,0,0,0
icml-2026-1e762aa63b55,ICML,oral,foundation_200,related_work,observed,798,0.151,0,0,0,0
icml-2026-1e762aa63b55,ICML,oral,foundation_200,method,observed,575,0.109,0,0,0,0
icml-2026-1e762aa63b55,ICML,oral,foundation_200,theory,observed,564,0.107,0,0,0,5
icml-2026-1e762aa63b55,ICML,oral,foundation_200,experimental_design,observed,668,0.126,1,1,0,1
icml-2026-1e762aa63b55,ICML,oral,foundation_200,results,observed,1252,0.236,2,2,0,0
icml-2026-1e762aa63b55,ICML,oral,foundation_200,ablation,observed,415,0.078,2,0,0,0
icml-2026-1e762aa63b55,ICML,oral,foundation_200,conclusion,observed,267,0.05,0,0,0,0
icml-2026-1e762aa63b55,ICML,oral,foundation_200,limitations,not_present,0,0.0,0,0,0,0
icml-2026-1e762aa63b55,ICML,oral,foundation_200,appendix,observed,3874,,7,5,0,13
icml-2026-1e762aa63b55,ICML,oral,foundation_200,other,observed,130,,0,0,0,0
icml-2026-9cf70f22a7ed,ICML,oral,foundation_200,abstract,observed,190,0.031,0,0,0,0
icml-2026-9cf70f22a7ed,ICML,oral,foundation_200,introduction,observed,650,0.105,0,0,0,0
icml-2026-9cf70f22a7ed,ICML,oral,foundation_200,related_work,observed,430,0.07,0,0,0,0
icml-2026-9cf70f22a7ed,ICML,oral,foundation_200,method,observed,1250,0.202,1,0,0,13
icml-2026-9cf70f22a7ed,ICML,oral,foundation_200,theory,observed,650,0.105,0,0,0,4
icml-2026-9cf70f22a7ed,ICML,oral,foundation_200,experimental_design,observed,430,0.07,0,0,0,0
icml-2026-9cf70f22a7ed,ICML,oral,foundation_200,results,observed,850,0.138,3,2,0,0
icml-2026-9cf70f22a7ed,ICML,oral,foundation_200,ablation,observed,560,0.091,1,2,0,0
icml-2026-9cf70f22a7ed,ICML,oral,foundation_200,conclusion,observed,170,0.028,0,0,0,0
icml-2026-9cf70f22a7ed,ICML,oral,foundation_200,limitations,observed,170,,0,0,0,0
icml-2026-9cf70f22a7ed,ICML,oral,foundation_200,appendix,observed,1940,,1,6,1,2
icml-2026-9cf70f22a7ed,ICML,oral,foundation_200,other,observed,1000,0.162,0,0,0,0
icml-2026-44fb3b3b59c9,ICML,oral,foundation_200,abstract,observed,147,0.029,0,0,0,0
icml-2026-44fb3b3b59c9,ICML,oral,foundation_200,introduction,observed,535,0.107,0,0,0,0
icml-2026-44fb3b3b59c9,ICML,oral,foundation_200,related_work,observed,400,0.08,0,0,0,0
icml-2026-44fb3b3b59c9,ICML,oral,foundation_200,method,observed,1970,0.394,1,2,2,18
icml-2026-44fb3b3b59c9,ICML,oral,foundation_200,theory,observed,1760,0.352,1,0,1,15
icml-2026-44fb3b3b59c9,ICML,oral,foundation_200,experimental_design,not_applicable,0,0.0,0,0,0,0
icml-2026-44fb3b3b59c9,ICML,oral,foundation_200,results,not_applicable,0,0.0,0,0,0,0
icml-2026-44fb3b3b59c9,ICML,oral,foundation_200,ablation,not_applicable,0,0.0,0,0,0,0
icml-2026-44fb3b3b59c9,ICML,oral,foundation_200,conclusion,observed,117,0.023,0,0,0,0
icml-2026-44fb3b3b59c9,ICML,oral,foundation_200,limitations,not_present,0,0.0,0,0,0,0
icml-2026-44fb3b3b59c9,ICML,oral,foundation_200,appendix,observed,16351,,1,0,2,200
icml-2026-44fb3b3b59c9,ICML,oral,foundation_200,other,observed,77,0.015,0,0,0,0
icml-2026-57d6cc1a187d,ICML,oral,foundation_200,abstract,observed,149,0.03,0,0,0,0
icml-2026-57d6cc1a187d,ICML,oral,foundation_200,introduction,observed,495,0.1,0,0,0,0
icml-2026-57d6cc1a187d,ICML,oral,foundation_200,related_work,observed,674,0.0,0,0,0,0
icml-2026-57d6cc1a187d,ICML,oral,foundation_200,method,observed,1780,0.35,2,0,0,13
icml-2026-57d6cc1a187d,ICML,oral,foundation_200,theory,not_present,0,0.0,0,0,0,0
icml-2026-57d6cc1a187d,ICML,oral,foundation_200,experimental_design,observed,770,0.15,0,0,0,0
icml-2026-57d6cc1a187d,ICML,oral,foundation_200,results,observed,500,0.1,1,2,0,0
icml-2026-57d6cc1a187d,ICML,oral,foundation_200,ablation,observed,520,0.1,2,0,0,0
icml-2026-57d6cc1a187d,ICML,oral,foundation_200,conclusion,observed,130,0.03,0,0,0,0
icml-2026-57d6cc1a187d,ICML,oral,foundation_200,limitations,observed,300,0.0,0,0,0,0
icml-2026-57d6cc1a187d,ICML,oral,foundation_200,appendix,observed,3388,,4,5,1,0
icml-2026-57d6cc1a187d,ICML,oral,foundation_200,other,observed,720,0.14,0,0,0,5
icml-2026-7c993813ec1f,ICML,oral,foundation_200,abstract,observed,160,0.036,0,0,0,0
icml-2026-7c993813ec1f,ICML,oral,foundation_200,introduction,observed,650,0.14,1,0,0,0
icml-2026-7c993813ec1f,ICML,oral,foundation_200,related_work,observed,430,0.09,0,0,0,0
icml-2026-7c993813ec1f,ICML,oral,foundation_200,method,observed,1540,0.34,3,0,0,0
icml-2026-7c993813ec1f,ICML,oral,foundation_200,theory,not_applicable,0,0.0,0,0,0,0
icml-2026-7c993813ec1f,ICML,oral,foundation_200,experimental_design,observed,450,0.1,0,0,0,0
icml-2026-7c993813ec1f,ICML,oral,foundation_200,results,observed,700,0.16,1,3,0,0
icml-2026-7c993813ec1f,ICML,oral,foundation_200,ablation,observed,210,0.045,0,1,0,0
icml-2026-7c993813ec1f,ICML,oral,foundation_200,conclusion,observed,130,0.029,0,0,0,0
icml-2026-7c993813ec1f,ICML,oral,foundation_200,limitations,observed,50,0.011,0,0,0,0
icml-2026-7c993813ec1f,ICML,oral,foundation_200,appendix,observed,8950,,4,16,0,0
icml-2026-7c993813ec1f,ICML,oral,foundation_200,other,observed,1170,0.05,0,0,0,0
icml-2026-dadc39271844,ICML,oral,foundation_200,abstract,observed,215,0.021,1,0,0,0
icml-2026-dadc39271844,ICML,oral,foundation_200,introduction,observed,800,0.08,1,0,0,0
icml-2026-dadc39271844,ICML,oral,foundation_200,related_work,observed,760,0.076,0,0,0,0
icml-2026-dadc39271844,ICML,oral,foundation_200,method,observed,1800,0.179,1,0,1,13
icml-2026-dadc39271844,ICML,oral,foundation_200,theory,observed,1330,0.132,0,0,0,13
icml-2026-dadc39271844,ICML,oral,foundation_200,experimental_design,observed,2400,0.239,0,2,0,0
icml-2026-dadc39271844,ICML,oral,foundation_200,results,observed,1870,0.186,4,4,0,0
icml-2026-dadc39271844,ICML,oral,foundation_200,ablation,observed,600,0.06,0,2,0,0
icml-2026-dadc39271844,ICML,oral,foundation_200,conclusion,observed,150,0.015,0,0,0,0
icml-2026-dadc39271844,ICML,oral,foundation_200,limitations,not_present,0,0.0,0,0,0,0
icml-2026-dadc39271844,ICML,oral,foundation_200,appendix,observed,18912,,0,0,0,0
icml-2026-dadc39271844,ICML,oral,foundation_200,other,observed,134,0.013,0,0,0,0
icml-2026-26bfc642d651,ICML,oral,foundation_200,abstract,observed,160,0.025,0,0,0,0
icml-2026-26bfc642d651,ICML,oral,foundation_200,introduction,observed,1440,0.225,0,1,0,0
icml-2026-26bfc642d651,ICML,oral,foundation_200,related_work,not_applicable,0,0.0,0,0,0,0
icml-2026-26bfc642d651,ICML,oral,foundation_200,method,observed,1630,0.255,0,0,1,17
icml-2026-26bfc642d651,ICML,oral,foundation_200,theory,observed,1152,0.18,0,0,0,10
icml-2026-26bfc642d651,ICML,oral,foundation_200,experimental_design,observed,672,0.105,0,0,0,0
icml-2026-26bfc642d651,ICML,oral,foundation_200,results,observed,736,0.115,1,3,0,0
icml-2026-26bfc642d651,ICML,oral,foundation_200,ablation,observed,480,0.075,3,1,0,0
icml-2026-26bfc642d651,ICML,oral,foundation_200,conclusion,not_present,0,0.0,0,0,0,0
icml-2026-26bfc642d651,ICML,oral,foundation_200,limitations,observed,58,0.009,0,0,0,0
icml-2026-26bfc642d651,ICML,oral,foundation_200,appendix,observed,12500,,16,3,0,23
icml-2026-26bfc642d651,ICML,oral,foundation_200,other,observed,70,0.011,0,0,0,0
icml-2026-756c559690e6,ICML,oral,foundation_200,abstract,observed,172,0.0418,0,0,0,0
icml-2026-756c559690e6,ICML,oral,foundation_200,introduction,observed,886,0.2155,1,0,0,0
icml-2026-756c559690e6,ICML,oral,foundation_200,related_work,observed,701,0.1705,0,0,0,0
icml-2026-756c559690e6,ICML,oral,foundation_200,method,observed,863,0.2099,1,0,0,0
icml-2026-756c559690e6,ICML,oral,foundation_200,theory,not_present,0,0,0,0,0,0
icml-2026-756c559690e6,ICML,oral,foundation_200,experimental_design,observed,610,0.1484,1,0,0,0
icml-2026-756c559690e6,ICML,oral,foundation_200,results,observed,640,0.1557,3,2,0,0
icml-2026-756c559690e6,ICML,oral,foundation_200,ablation,observed,126,0.0306,0,0,0,0
icml-2026-756c559690e6,ICML,oral,foundation_200,conclusion,observed,113,0.0275,0,0,0,0
icml-2026-756c559690e6,ICML,oral,foundation_200,limitations,observed,300,,1,0,0,0
icml-2026-756c559690e6,ICML,oral,foundation_200,appendix,observed,2237,,6,4,1,0
icml-2026-756c559690e6,ICML,oral,foundation_200,other,observed,1730,,0,0,0,0
icml-2026-87a216e14f5b,ICML,oral,foundation_200,abstract,observed,230,0.028,1,0,0,0
icml-2026-87a216e14f5b,ICML,oral,foundation_200,introduction,observed,1240,0.152,0,0,0,0
icml-2026-87a216e14f5b,ICML,oral,foundation_200,related_work,observed,1060,0.13,0,0,0,0
icml-2026-87a216e14f5b,ICML,oral,foundation_200,method,observed,1840,0.226,1,0,0,9
icml-2026-87a216e14f5b,ICML,oral,foundation_200,theory,observed,720,0.0,0,0,0,3
icml-2026-87a216e14f5b,ICML,oral,foundation_200,experimental_design,observed,560,0.069,0,0,0,0
icml-2026-87a216e14f5b,ICML,oral,foundation_200,results,observed,2460,0.302,2,4,0,0
icml-2026-87a216e14f5b,ICML,oral,foundation_200,ablation,observed,560,0.069,2,4,0,0
icml-2026-87a216e14f5b,ICML,oral,foundation_200,conclusion,observed,180,0.022,0,0,0,0
icml-2026-87a216e14f5b,ICML,oral,foundation_200,limitations,observed,260,0.0,0,0,0,0
icml-2026-87a216e14f5b,ICML,oral,foundation_200,appendix,observed,16960,,0,21,2,0
icml-2026-87a216e14f5b,ICML,oral,foundation_200,other,observed,2250,,0,0,0,0
icml-2026-422971fda9c0,ICML,oral,foundation_200,abstract,observed,274,0.0408,0,0,0,0
icml-2026-422971fda9c0,ICML,oral,foundation_200,introduction,observed,934,0.139,1,0,0,0
icml-2026-422971fda9c0,ICML,oral,foundation_200,related_work,observed,634,0.0944,0,0,0,0
icml-2026-422971fda9c0,ICML,oral,foundation_200,method,observed,1018,0.1516,0,0,0,0
icml-2026-422971fda9c0,ICML,oral,foundation_200,theory,not_present,0,0.0,0,0,0,0
icml-2026-422971fda9c0,ICML,oral,foundation_200,experimental_design,observed,744,0.1108,0,0,0,0
icml-2026-422971fda9c0,ICML,oral,foundation_200,results,observed,2002,0.2981,7,1,0,0
icml-2026-422971fda9c0,ICML,oral,foundation_200,ablation,observed,277,0.0412,1,0,0,0
icml-2026-422971fda9c0,ICML,oral,foundation_200,conclusion,observed,248,0.0369,0,0,0,0
icml-2026-422971fda9c0,ICML,oral,foundation_200,limitations,observed,58,0.0086,0,0,0,0
icml-2026-422971fda9c0,ICML,oral,foundation_200,appendix,observed,7737,,15,13,0,1
icml-2026-422971fda9c0,ICML,oral,foundation_200,other,observed,3463,0.5155,0,0,0,0
icml-2026-b4d312dbe2a3,ICML,oral,foundation_200,abstract,observed,185,0.033,0,0,0,0
icml-2026-b4d312dbe2a3,ICML,oral,foundation_200,introduction,observed,955,0.17,0,0,0,0
icml-2026-b4d312dbe2a3,ICML,oral,foundation_200,related_work,observed,530,0.095,0,0,0,0
icml-2026-b4d312dbe2a3,ICML,oral,foundation_200,method,observed,1485,0.26,1,0,0,6
icml-2026-b4d312dbe2a3,ICML,oral,foundation_200,theory,not_present,0,0.0,0,0,0,0
icml-2026-b4d312dbe2a3,ICML,oral,foundation_200,experimental_design,observed,530,0.095,0,0,0,0
icml-2026-b4d312dbe2a3,ICML,oral,foundation_200,results,observed,1056,0.19,5,2,0,0
icml-2026-b4d312dbe2a3,ICML,oral,foundation_200,ablation,observed,583,0.1,1,3,0,0
icml-2026-b4d312dbe2a3,ICML,oral,foundation_200,conclusion,observed,265,0.045,0,0,0,0
icml-2026-b4d312dbe2a3,ICML,oral,foundation_200,limitations,observed,106,0.012,0,0,0,0
icml-2026-b4d312dbe2a3,ICML,oral,foundation_200,appendix,observed,3700,,4,10,0,1
icml-2026-b4d312dbe2a3,ICML,oral,foundation_200,other,observed,1947,,0,0,0,0
icml-2026-64951680e1b2,ICML,oral,foundation_200,abstract,observed,173,0.025,0,0,0,0
icml-2026-64951680e1b2,ICML,oral,foundation_200,introduction,observed,910,0.129,0,0,0,0
icml-2026-64951680e1b2,ICML,oral,foundation_200,related_work,observed,904,0.128,0,0,0,0
icml-2026-64951680e1b2,ICML,oral,foundation_200,method,observed,1700,0.242,3,0,0,3
icml-2026-64951680e1b2,ICML,oral,foundation_200,theory,not_applicable,0,0,0,0,0,0
icml-2026-64951680e1b2,ICML,oral,foundation_200,experimental_design,observed,620,0.088,0,1,0,0
icml-2026-64951680e1b2,ICML,oral,foundation_200,results,observed,1255,0.178,1,2,0,0
icml-2026-64951680e1b2,ICML,oral,foundation_200,ablation,observed,1040,0.148,2,2,0,0
icml-2026-64951680e1b2,ICML,oral,foundation_200,conclusion,observed,215,0.031,0,0,0,0
icml-2026-64951680e1b2,ICML,oral,foundation_200,limitations,observed,220,0.031,0,0,0,0
icml-2026-64951680e1b2,ICML,oral,foundation_200,appendix,observed,2770,,3,4,0,3
icml-2026-64951680e1b2,ICML,oral,foundation_200,other,observed,2080,,0,0,0,0
icml-2026-dba55bc31703,ICML,oral,foundation_200,abstract,observed,197,0.032,0,0,0,0
icml-2026-dba55bc31703,ICML,oral,foundation_200,introduction,observed,673,0.109,0,0,0,0
icml-2026-dba55bc31703,ICML,oral,foundation_200,related_work,observed,307,0.05,0,0,0,0
icml-2026-dba55bc31703,ICML,oral,foundation_200,method,observed,1532,0.247,2,1,0,7
icml-2026-dba55bc31703,ICML,oral,foundation_200,theory,observed,465,0.075,2,1,0,4
icml-2026-dba55bc31703,ICML,oral,foundation_200,experimental_design,observed,503,0.081,0,1,0,0
icml-2026-dba55bc31703,ICML,oral,foundation_200,results,observed,1454,0.235,4,1,0,0
icml-2026-dba55bc31703,ICML,oral,foundation_200,ablation,observed,688,0.111,5,4,0,0
icml-2026-dba55bc31703,ICML,oral,foundation_200,conclusion,observed,154,0.025,0,0,0,0
icml-2026-dba55bc31703,ICML,oral,foundation_200,limitations,observed,148,0.024,0,0,0,0
icml-2026-dba55bc31703,ICML,oral,foundation_200,appendix,observed,5458,,1,1,0,96
icml-2026-dba55bc31703,ICML,oral,foundation_200,other,observed,79,0.013,0,0,0,0
icml-2026-ef7b30eeedea,ICML,oral,foundation_200,abstract,observed,204,0.011,0,0,0,0
icml-2026-ef7b30eeedea,ICML,oral,foundation_200,introduction,observed,725,0.039,0,0,0,0
icml-2026-ef7b30eeedea,ICML,oral,foundation_200,related_work,observed,700,0.038,0,0,0,0
icml-2026-ef7b30eeedea,ICML,oral,foundation_200,method,observed,3185,0.164,4,0,0,11
icml-2026-ef7b30eeedea,ICML,oral,foundation_200,theory,observed,10525,0.542,2,1,0,45
icml-2026-ef7b30eeedea,ICML,oral,foundation_200,experimental_design,observed,1250,0.064,0,0,0,3
icml-2026-ef7b30eeedea,ICML,oral,foundation_200,results,observed,2250,0.116,5,0,0,0
icml-2026-ef7b30eeedea,ICML,oral,foundation_200,ablation,not_present,0,0,0,0,0,0
icml-2026-ef7b30eeedea,ICML,oral,foundation_200,conclusion,observed,418,0.022,0,0,0,0
icml-2026-ef7b30eeedea,ICML,oral,foundation_200,limitations,observed,480,0.025,0,0,0,0
icml-2026-ef7b30eeedea,ICML,oral,foundation_200,appendix,observed,1238,,0,1,0,1
icml-2026-ef7b30eeedea,ICML,oral,foundation_200,other,observed,2141,,0,0,0,0
icml-2026-d6b2488d4518,ICML,oral,foundation_200,abstract,observed,161,0.03,0,0,0,0
icml-2026-d6b2488d4518,ICML,oral,foundation_200,introduction,observed,781,0.146,1,0,0,0
icml-2026-d6b2488d4518,ICML,oral,foundation_200,related_work,observed,823,0.154,0,0,0,0
icml-2026-d6b2488d4518,ICML,oral,foundation_200,method,observed,1087,0.204,3,0,0,3
icml-2026-d6b2488d4518,ICML,oral,foundation_200,theory,not_present,0,0.0,0,0,0,0
icml-2026-d6b2488d4518,ICML,oral,foundation_200,experimental_design,observed,1034,0.194,1,0,0,0
icml-2026-d6b2488d4518,ICML,oral,foundation_200,results,observed,1038,0.195,2,5,0,1
icml-2026-d6b2488d4518,ICML,oral,foundation_200,ablation,observed,211,0.04,0,2,0,0
icml-2026-d6b2488d4518,ICML,oral,foundation_200,conclusion,observed,91,0.017,0,0,0,0
icml-2026-d6b2488d4518,ICML,oral,foundation_200,limitations,observed,112,0.021,0,0,0,0
icml-2026-d6b2488d4518,ICML,oral,foundation_200,appendix,observed,4066,,4,10,1,1
icml-2026-d6b2488d4518,ICML,oral,foundation_200,other,observed,3259,,0,0,0,0
icml-2026-500e61245eb4,ICML,oral,foundation_200,abstract,observed,98,0.020562,0,0,0,0
icml-2026-500e61245eb4,ICML,oral,foundation_200,introduction,observed,1425,0.298993,0,0,0,0
icml-2026-500e61245eb4,ICML,oral,foundation_200,related_work,observed,240,0.050357,0,0,0,0
icml-2026-500e61245eb4,ICML,oral,foundation_200,method,observed,710,0.148972,0,0,1,5
icml-2026-500e61245eb4,ICML,oral,foundation_200,theory,observed,1520,0.318926,0,0,0,22
icml-2026-500e61245eb4,ICML,oral,foundation_200,experimental_design,observed,220,0.04616,0,0,0,0
icml-2026-500e61245eb4,ICML,oral,foundation_200,results,observed,265,0.055602,3,0,0,1
icml-2026-500e61245eb4,ICML,oral,foundation_200,ablation,not_applicable,0,0,0,0,0,0
icml-2026-500e61245eb4,ICML,oral,foundation_200,conclusion,observed,190,0.039866,0,0,0,0
icml-2026-500e61245eb4,ICML,oral,foundation_200,limitations,observed,98,0.020562,0,0,0,0
icml-2026-500e61245eb4,ICML,oral,foundation_200,appendix,observed,3750,0,7,0,0,57
icml-2026-500e61245eb4,ICML,oral,foundation_200,other,observed,2720,0,0,0,0,0
icml-2026-ec58c09ff7b3,ICML,oral,foundation_200,abstract,observed,132,0.02,0,0,0,0
icml-2026-ec58c09ff7b3,ICML,oral,foundation_200,introduction,observed,960,0.14,1,0,2,3
icml-2026-ec58c09ff7b3,ICML,oral,foundation_200,related_work,observed,640,,0,0,0,0
icml-2026-ec58c09ff7b3,ICML,oral,foundation_200,method,observed,2090,0.3,1,0,2,17
icml-2026-ec58c09ff7b3,ICML,oral,foundation_200,theory,observed,1070,,0,0,0,22
icml-2026-ec58c09ff7b3,ICML,oral,foundation_200,experimental_design,observed,690,0.1,0,0,0,0
icml-2026-ec58c09ff7b3,ICML,oral,foundation_200,results,observed,910,0.13,5,0,0,0
icml-2026-ec58c09ff7b3,ICML,oral,foundation_200,ablation,observed,0,0.0,0,0,0,0
icml-2026-ec58c09ff7b3,ICML,oral,foundation_200,conclusion,observed,170,0.02,0,0,0,0
icml-2026-ec58c09ff7b3,ICML,oral,foundation_200,limitations,observed,190,,0,0,0,0
icml-2026-ec58c09ff7b3,ICML,oral,foundation_200,appendix,observed,4615,,4,1,1,18
icml-2026-ec58c09ff7b3,ICML,oral,foundation_200,other,observed,210,0.03,0,0,0,0
icml-2026-93e4d45740d5,ICML,oral,foundation_200,abstract,observed,169,0.026,0,0,0,0
icml-2026-93e4d45740d5,ICML,oral,foundation_200,introduction,observed,950,0.147,0,0,0,0
icml-2026-93e4d45740d5,ICML,oral,foundation_200,related_work,observed,930,0.144,1,0,0,0
icml-2026-93e4d45740d5,ICML,oral,foundation_200,method,observed,1810,0.28,2,0,0,17
icml-2026-93e4d45740d5,ICML,oral,foundation_200,theory,not_applicable,0,0.0,0,0,0,0
icml-2026-93e4d45740d5,ICML,oral,foundation_200,experimental_design,observed,600,0.093,0,1,0,0
icml-2026-93e4d45740d5,ICML,oral,foundation_200,results,observed,1220,0.189,1,7,0,0
icml-2026-93e4d45740d5,ICML,oral,foundation_200,ablation,observed,700,0.108,0,2,0,0
icml-2026-93e4d45740d5,ICML,oral,foundation_200,conclusion,observed,90,0.013,0,0,0,0
icml-2026-93e4d45740d5,ICML,oral,foundation_200,limitations,not_present,0,0.0,0,0,0,0
icml-2026-93e4d45740d5,ICML,oral,foundation_200,appendix,observed,2300,,4,3,1,0
icml-2026-93e4d45740d5,ICML,oral,foundation_200,other,observed,2170,,0,0,0,0
icml-2026-860833b2a4ca,ICML,oral,foundation_200,abstract,observed,181,0.032542251,0,0,0,0
icml-2026-860833b2a4ca,ICML,oral,foundation_200,introduction,observed,375,0.067421791,0,0,0,0
icml-2026-860833b2a4ca,ICML,oral,foundation_200,related_work,observed,600,0.107874865,0,0,0,0
icml-2026-860833b2a4ca,ICML,oral,foundation_200,method,observed,1950,0.350593312,3,0,0,8
icml-2026-860833b2a4ca,ICML,oral,foundation_200,theory,not_present,0,0.0,0,0,0,0
icml-2026-860833b2a4ca,ICML,oral,foundation_200,experimental_design,observed,1100,0.197770586,0,0,0,1
icml-2026-860833b2a4ca,ICML,oral,foundation_200,results,observed,690,0.124056095,0,3,0,0
icml-2026-860833b2a4ca,ICML,oral,foundation_200,ablation,observed,470,0.084501978,5,0,0,0
icml-2026-860833b2a4ca,ICML,oral,foundation_200,conclusion,observed,95,0.017080187,0,0,0,0
icml-2026-860833b2a4ca,ICML,oral,foundation_200,limitations,observed,101,0.018158936,0,0,0,0
icml-2026-860833b2a4ca,ICML,oral,foundation_200,appendix,observed,2025,,6,3,0,0
icml-2026-860833b2a4ca,ICML,oral,foundation_200,other,observed,896,,0,0,0,0
icml-2026-01423817c82b,ICML,oral,foundation_200,abstract,observed,170,0.028,1,0,0,0
icml-2026-01423817c82b,ICML,oral,foundation_200,introduction,observed,700,0.114,0,0,0,0
icml-2026-01423817c82b,ICML,oral,foundation_200,related_work,observed,400,0.065,0,0,0,0
icml-2026-01423817c82b,ICML,oral,foundation_200,method,observed,1150,0.188,1,0,0,12
icml-2026-01423817c82b,ICML,oral,foundation_200,theory,observed,1700,0.277,6,1,0,3
icml-2026-01423817c82b,ICML,oral,foundation_200,experimental_design,observed,430,0.07,0,0,0,0
icml-2026-01423817c82b,ICML,oral,foundation_200,results,observed,1220,0.199,7,3,0,0
icml-2026-01423817c82b,ICML,oral,foundation_200,ablation,not_present,0,0.0,0,0,0,0
icml-2026-01423817c82b,ICML,oral,foundation_200,conclusion,observed,150,0.024,0,0,0,0
icml-2026-01423817c82b,ICML,oral,foundation_200,limitations,observed,210,0.034,0,0,0,0
icml-2026-01423817c82b,ICML,oral,foundation_200,appendix,observed,2450,,0,7,1,5
icml-2026-01423817c82b,ICML,oral,foundation_200,other,observed,890,0.0,0,0,0,0
icml-2026-cbc92221e73f,ICML,oral,foundation_200,abstract,observed,184,0.028,0,0,0,0
icml-2026-cbc92221e73f,ICML,oral,foundation_200,introduction,observed,1000,0.151,1,0,0,0
icml-2026-cbc92221e73f,ICML,oral,foundation_200,related_work,observed,1175,0.178,0,0,0,0
icml-2026-cbc92221e73f,ICML,oral,foundation_200,method,observed,566,0.086,0,0,0,2
icml-2026-cbc92221e73f,ICML,oral,foundation_200,theory,observed,2065,0.312,0,0,0,6
icml-2026-cbc92221e73f,ICML,oral,foundation_200,experimental_design,observed,430,0.065,0,0,0,0
icml-2026-cbc92221e73f,ICML,oral,foundation_200,results,observed,180,0.027,2,0,0,0
icml-2026-cbc92221e73f,ICML,oral,foundation_200,ablation,observed,340,0.051,1,0,0,0
icml-2026-cbc92221e73f,ICML,oral,foundation_200,conclusion,observed,335,0.051,0,0,0,0
icml-2026-cbc92221e73f,ICML,oral,foundation_200,limitations,observed,335,0.051,0,0,0,0
icml-2026-cbc92221e73f,ICML,oral,foundation_200,appendix,observed,4324,,3,0,0,4
icml-2026-cbc92221e73f,ICML,oral,foundation_200,other,observed,1432,,0,0,0,0
icml-2026-f97f56589ff5,ICML,oral,foundation_200,abstract,observed,182,0.03,0,0,0,0
icml-2026-f97f56589ff5,ICML,oral,foundation_200,introduction,observed,760,0.12,1,0,0,0
icml-2026-f97f56589ff5,ICML,oral,foundation_200,related_work,observed,370,0.06,0,0,0,0
icml-2026-f97f56589ff5,ICML,oral,foundation_200,method,observed,1200,0.19,2,0,0,8
icml-2026-f97f56589ff5,ICML,oral,foundation_200,theory,observed,1000,0.16,0,0,0,4
icml-2026-f97f56589ff5,ICML,oral,foundation_200,experimental_design,observed,560,0.09,0,0,0,0
icml-2026-f97f56589ff5,ICML,oral,foundation_200,results,observed,1500,0.24,1,5,0,0
icml-2026-f97f56589ff5,ICML,oral,foundation_200,ablation,observed,470,0.07,1,2,0,0
icml-2026-f97f56589ff5,ICML,oral,foundation_200,conclusion,observed,160,0.03,0,0,0,0
icml-2026-f97f56589ff5,ICML,oral,foundation_200,limitations,not_present,0,0.0,0,0,0,0
icml-2026-f97f56589ff5,ICML,oral,foundation_200,appendix,observed,8982,,2,5,1,22
icml-2026-f97f56589ff5,ICML,oral,foundation_200,other,observed,1330,,0,0,0,0
icml-2026-124a926154b3,ICML,oral,foundation_200,abstract,observed,190,0.04,0,0,0,0
icml-2026-124a926154b3,ICML,oral,foundation_200,introduction,observed,1210,0.25,1,0,0,0
icml-2026-124a926154b3,ICML,oral,foundation_200,related_work,observed,390,0.08,0,0,0,0
icml-2026-124a926154b3,ICML,oral,foundation_200,method,observed,1170,0.24,1,1,4,4
icml-2026-124a926154b3,ICML,oral,foundation_200,theory,observed,530,0.11,0,0,0,5
icml-2026-124a926154b3,ICML,oral,foundation_200,experimental_design,observed,540,0.11,0,0,0,0
icml-2026-124a926154b3,ICML,oral,foundation_200,results,observed,530,0.11,6,3,0,0
icml-2026-124a926154b3,ICML,oral,foundation_200,ablation,observed,690,0.0,4,0,0,0
icml-2026-124a926154b3,ICML,oral,foundation_200,conclusion,observed,285,0.04,0,0,0,0
icml-2026-124a926154b3,ICML,oral,foundation_200,limitations,observed,440,0.02,0,0,0,0
icml-2026-124a926154b3,ICML,oral,foundation_200,appendix,observed,15553,,34,11,4,21
icml-2026-124a926154b3,ICML,oral,foundation_200,other,observed,2478,0.0,0,0,0,0
icml-2026-c65beb96fda3,ICML,oral,foundation_200,abstract,observed,150,0.0223,0,0,0,0
icml-2026-c65beb96fda3,ICML,oral,foundation_200,introduction,observed,700,0.104,0,0,0,0
icml-2026-c65beb96fda3,ICML,oral,foundation_200,related_work,observed,482,0.0716,0,0,0,0
icml-2026-c65beb96fda3,ICML,oral,foundation_200,method,observed,1212,0.18,1,0,0,5
icml-2026-c65beb96fda3,ICML,oral,foundation_200,theory,not_present,0,0.0,0,0,0,0
icml-2026-c65beb96fda3,ICML,oral,foundation_200,experimental_design,observed,430,0.0639,0,0,0,0
icml-2026-c65beb96fda3,ICML,oral,foundation_200,results,observed,1600,0.2376,3,3,0,0
icml-2026-c65beb96fda3,ICML,oral,foundation_200,ablation,observed,1200,0.1782,3,0,0,0
icml-2026-c65beb96fda3,ICML,oral,foundation_200,conclusion,observed,84,0.0125,0,0,0,0
icml-2026-c65beb96fda3,ICML,oral,foundation_200,limitations,observed,116,0.0172,0,0,0,0
icml-2026-c65beb96fda3,ICML,oral,foundation_200,appendix,observed,4560,0.0,12,10,1,0
icml-2026-c65beb96fda3,ICML,oral,foundation_200,other,observed,760,0.1129,0,0,0,4
icml-2026-13200752b19d,ICML,oral,foundation_200,abstract,observed,220,0.055,0,0,0,0
icml-2026-13200752b19d,ICML,oral,foundation_200,introduction,observed,760,0.19,1,0,0,0
icml-2026-13200752b19d,ICML,oral,foundation_200,related_work,observed,430,0.105,0,0,0,0
icml-2026-13200752b19d,ICML,oral,foundation_200,method,observed,1000,0.245,2,0,0,2
icml-2026-13200752b19d,ICML,oral,foundation_200,theory,not_applicable,0,0.0,0,0,0,0
icml-2026-13200752b19d,ICML,oral,foundation_200,experimental_design,observed,1000,0.245,1,0,0,0
icml-2026-13200752b19d,ICML,oral,foundation_200,results,observed,1100,0.27,1,1,0,0
icml-2026-13200752b19d,ICML,oral,foundation_200,ablation,observed,620,0.15,2,2,0,0
icml-2026-13200752b19d,ICML,oral,foundation_200,conclusion,observed,200,0.05,0,0,0,0
icml-2026-13200752b19d,ICML,oral,foundation_200,limitations,observed,80,0.02,0,0,0,0
icml-2026-13200752b19d,ICML,oral,foundation_200,appendix,observed,5300,,12,5,0,3
icml-2026-13200752b19d,ICML,oral,foundation_200,other,observed,1900,,0,0,0,0
icml-2026-c8e95f98721b,ICML,oral,foundation_200,abstract,observed,338,0.03,0,0,0,0
icml-2026-c8e95f98721b,ICML,oral,foundation_200,introduction,observed,1250,0.14,0,0,0,0
icml-2026-c8e95f98721b,ICML,oral,foundation_200,related_work,observed,1670,0.0,0,0,0,0
icml-2026-c8e95f98721b,ICML,oral,foundation_200,method,observed,2550,0.28,0,0,0,9
icml-2026-c8e95f98721b,ICML,oral,foundation_200,theory,observed,2950,0.33,1,0,0,18
icml-2026-c8e95f98721b,ICML,oral,foundation_200,experimental_design,observed,1900,0.04,0,0,0,1
icml-2026-c8e95f98721b,ICML,oral,foundation_200,results,observed,1300,0.07,1,1,0,0
icml-2026-c8e95f98721b,ICML,oral,foundation_200,ablation,observed,550,0.03,0,1,0,0
icml-2026-c8e95f98721b,ICML,oral,foundation_200,conclusion,observed,225,0.02,0,0,0,0
icml-2026-c8e95f98721b,ICML,oral,foundation_200,limitations,observed,510,0.06,0,0,0,0
icml-2026-c8e95f98721b,ICML,oral,foundation_200,appendix,observed,29300,0.0,5,8,0,225
icml-2026-c8e95f98721b,ICML,oral,foundation_200,other,observed,83,0.0,0,0,0,0
icml-2026-e390f6423d6a,ICML,oral,foundation_200,abstract,observed,243,0.04,1,0,0,0
icml-2026-e390f6423d6a,ICML,oral,foundation_200,introduction,observed,1050,0.17,0,0,0,0
icml-2026-e390f6423d6a,ICML,oral,foundation_200,related_work,observed,990,0.16,0,0,0,0
icml-2026-e390f6423d6a,ICML,oral,foundation_200,method,observed,1560,0.25,1,1,0,6
icml-2026-e390f6423d6a,ICML,oral,foundation_200,theory,not_present,0,0.0,0,0,0,0
icml-2026-e390f6423d6a,ICML,oral,foundation_200,experimental_design,observed,470,0.08,2,0,0,0
icml-2026-e390f6423d6a,ICML,oral,foundation_200,results,observed,760,0.12,3,2,0,0
icml-2026-e390f6423d6a,ICML,oral,foundation_200,ablation,observed,440,0.07,0,1,0,0
icml-2026-e390f6423d6a,ICML,oral,foundation_200,conclusion,observed,180,0.03,0,0,0,0
icml-2026-e390f6423d6a,ICML,oral,foundation_200,limitations,not_present,0,0.0,0,0,0,0
icml-2026-e390f6423d6a,ICML,oral,foundation_200,appendix,observed,10630,,11,15,0,3
icml-2026-e390f6423d6a,ICML,oral,foundation_200,other,observed,450,0.08,0,0,0,0
icml-2026-2b0091abd25f,ICML,oral,foundation_200,abstract,observed,315,0.0486,1,0,0,0
icml-2026-2b0091abd25f,ICML,oral,foundation_200,introduction,observed,1148,0.1771,0,0,0,0
icml-2026-2b0091abd25f,ICML,oral,foundation_200,related_work,observed,469,0.0724,0,0,0,0
icml-2026-2b0091abd25f,ICML,oral,foundation_200,method,observed,2081,0.3211,2,0,0,2
icml-2026-2b0091abd25f,ICML,oral,foundation_200,theory,not_present,0,0,0,0,0,0
icml-2026-2b0091abd25f,ICML,oral,foundation_200,experimental_design,observed,500,0.0771,0,0,0,0
icml-2026-2b0091abd25f,ICML,oral,foundation_200,results,observed,1172,0.1808,1,3,0,0
icml-2026-2b0091abd25f,ICML,oral,foundation_200,ablation,observed,400,0.0617,0,1,0,0
icml-2026-2b0091abd25f,ICML,oral,foundation_200,conclusion,observed,266,0.041,0,0,0,0
icml-2026-2b0091abd25f,ICML,oral,foundation_200,limitations,observed,98,0.0151,0,0,0,0
icml-2026-2b0091abd25f,ICML,oral,foundation_200,appendix,observed,1160,,3,0,0,1
icml-2026-2b0091abd25f,ICML,oral,foundation_200,other,observed,32,0.0049,0,0,0,0
icml-2026-1ef10519dcd7,ICML,outstanding,foundation_200,abstract,observed,86,0.014,0,0,0,0
icml-2026-1ef10519dcd7,ICML,outstanding,foundation_200,introduction,observed,1580,0.25,0,0,0,2
icml-2026-1ef10519dcd7,ICML,outstanding,foundation_200,related_work,observed,300,0.047,0,0,0,0
icml-2026-1ef10519dcd7,ICML,outstanding,foundation_200,method,observed,2170,0.343,0,0,2,12
icml-2026-1ef10519dcd7,ICML,outstanding,foundation_200,theory,observed,2085,0.33,0,0,1,6
icml-2026-1ef10519dcd7,ICML,outstanding,foundation_200,experimental_design,not_present,0,0,0,0,0,0
icml-2026-1ef10519dcd7,ICML,outstanding,foundation_200,results,not_applicable,0,0,0,0,0,0
icml-2026-1ef10519dcd7,ICML,outstanding,foundation_200,ablation,not_present,0,0,0,0,0,0
icml-2026-1ef10519dcd7,ICML,outstanding,foundation_200,conclusion,observed,105,0.016,0,0,0,0
icml-2026-1ef10519dcd7,ICML,outstanding,foundation_200,limitations,not_present,0,0,0,0,0,0
icml-2026-1ef10519dcd7,ICML,outstanding,foundation_200,appendix,observed,14780,,0,0,0,23
icml-2026-1ef10519dcd7,ICML,outstanding,foundation_200,other,observed,700,,0,0,0,0
icml-2026-7f1780627873,ICML,outstanding,foundation_200,abstract,observed,169,0.03,0,0,0,0
icml-2026-7f1780627873,ICML,outstanding,foundation_200,introduction,observed,1152,0.205,1,0,0,0
icml-2026-7f1780627873,ICML,outstanding,foundation_200,related_work,observed,786,0.14,0,0,0,0
icml-2026-7f1780627873,ICML,outstanding,foundation_200,method,observed,842,0.15,0,0,0,6
icml-2026-7f1780627873,ICML,outstanding,foundation_200,theory,observed,450,0.08,3,0,0,2
icml-2026-7f1780627873,ICML,outstanding,foundation_200,experimental_design,observed,533,0.095,0,0,0,0
icml-2026-7f1780627873,ICML,outstanding,foundation_200,results,observed,1351,0.255,5,2,0,0
icml-2026-7f1780627873,ICML,outstanding,foundation_200,ablation,not_present,0,0.0,0,0,0,0
icml-2026-7f1780627873,ICML,outstanding,foundation_200,conclusion,observed,224,0.04,0,0,0,0
icml-2026-7f1780627873,ICML,outstanding,foundation_200,limitations,not_present,0,0.0,0,0,0,0
icml-2026-7f1780627873,ICML,outstanding,foundation_200,appendix,observed,1639,,3,4,0,1
icml-2026-7f1780627873,ICML,outstanding,foundation_200,other,observed,1546,,0,0,0,0
icml-2026-4e7a98266982,ICML,spotlight,foundation_200,abstract,observed,153,0.021,0,0,0,0
icml-2026-4e7a98266982,ICML,spotlight,foundation_200,introduction,observed,950,0.131,2,0,0,1
icml-2026-4e7a98266982,ICML,spotlight,foundation_200,related_work,observed,520,0.072,0,0,0,0
icml-2026-4e7a98266982,ICML,spotlight,foundation_200,method,observed,590,0.081,0,0,2,2
icml-2026-4e7a98266982,ICML,spotlight,foundation_200,theory,observed,1750,0.241,1,0,0,8
icml-2026-4e7a98266982,ICML,spotlight,foundation_200,experimental_design,observed,1050,0.145,0,0,0,0
icml-2026-4e7a98266982,ICML,spotlight,foundation_200,results,observed,1170,0.161,2,4,0,0
icml-2026-4e7a98266982,ICML,spotlight,foundation_200,ablation,observed,145,0.02,0,0,0,0
icml-2026-4e7a98266982,ICML,spotlight,foundation_200,conclusion,observed,182,0.025,0,0,0,0
icml-2026-4e7a98266982,ICML,spotlight,foundation_200,limitations,observed,500,0.069,0,0,0,0
icml-2026-4e7a98266982,ICML,spotlight,foundation_200,appendix,observed,4913,,4,3,0,36
icml-2026-4e7a98266982,ICML,spotlight,foundation_200,other,observed,250,0.034,0,0,0,0
icml-2026-71db38223110,ICML,spotlight,foundation_200,abstract,observed,150,0.024,0,0,0,0
icml-2026-71db38223110,ICML,spotlight,foundation_200,introduction,observed,625,0.1,0,0,0,0
icml-2026-71db38223110,ICML,spotlight,foundation_200,related_work,observed,500,0.08,0,0,0,0
icml-2026-71db38223110,ICML,spotlight,foundation_200,method,observed,1375,0.22,1,0,0,8
icml-2026-71db38223110,ICML,spotlight,foundation_200,theory,observed,810,0.13,0,0,0,4
icml-2026-71db38223110,ICML,spotlight,foundation_200,experimental_design,observed,1000,0.16,0,0,0,0
icml-2026-71db38223110,ICML,spotlight,foundation_200,results,observed,1375,0.22,3,0,0,0
icml-2026-71db38223110,ICML,spotlight,foundation_200,ablation,observed,840,0.0,2,1,0,1
icml-2026-71db38223110,ICML,spotlight,foundation_200,conclusion,observed,250,0.04,0,0,0,0
icml-2026-71db38223110,ICML,spotlight,foundation_200,limitations,observed,190,0.03,0,0,0,0
icml-2026-71db38223110,ICML,spotlight,foundation_200,appendix,observed,1280,,4,0,0,7
icml-2026-71db38223110,ICML,spotlight,foundation_200,other,observed,1204,,0,0,0,0
icml-2026-5cb9c5807bca,ICML,spotlight,foundation_200,abstract,observed,194,0.031,0,0,0,0
icml-2026-5cb9c5807bca,ICML,spotlight,foundation_200,introduction,observed,873,0.141,0,0,0,0
icml-2026-5cb9c5807bca,ICML,spotlight,foundation_200,related_work,observed,613,0.099,0,0,0,0
icml-2026-5cb9c5807bca,ICML,spotlight,foundation_200,method,observed,1789,0.289,3,0,0,0
icml-2026-5cb9c5807bca,ICML,spotlight,foundation_200,theory,observed,913,0.148,0,0,0,3
icml-2026-5cb9c5807bca,ICML,spotlight,foundation_200,experimental_design,observed,544,0.088,0,0,0,3
icml-2026-5cb9c5807bca,ICML,spotlight,foundation_200,results,observed,832,0.135,1,2,0,0
icml-2026-5cb9c5807bca,ICML,spotlight,foundation_200,ablation,observed,320,0.052,0,1,0,0
icml-2026-5cb9c5807bca,ICML,spotlight,foundation_200,conclusion,observed,107,0.017,0,0,0,0
icml-2026-5cb9c5807bca,ICML,spotlight,foundation_200,limitations,not_present,0,,0,0,0,0
icml-2026-5cb9c5807bca,ICML,spotlight,foundation_200,appendix,observed,8134,,8,6,0,21
icml-2026-5cb9c5807bca,ICML,spotlight,foundation_200,other,observed,352,,0,0,0,0
icml-2026-8b22afb8c5ae,ICML,spotlight,foundation_200,abstract,observed,141,0.027,0,0,0,0
icml-2026-8b22afb8c5ae,ICML,spotlight,foundation_200,introduction,observed,1014,0.197,0,0,0,0
icml-2026-8b22afb8c5ae,ICML,spotlight,foundation_200,related_work,observed,1290,0,0,0,0,1
icml-2026-8b22afb8c5ae,ICML,spotlight,foundation_200,method,observed,1362,0.265,0,0,0,8
icml-2026-8b22afb8c5ae,ICML,spotlight,foundation_200,theory,observed,1001,0.194,0,0,0,4
icml-2026-8b22afb8c5ae,ICML,spotlight,foundation_200,experimental_design,observed,430,0.084,0,0,0,0
icml-2026-8b22afb8c5ae,ICML,spotlight,foundation_200,results,observed,330,0.064,2,0,0,0
icml-2026-8b22afb8c5ae,ICML,spotlight,foundation_200,ablation,not_present,0,0,0,0,0,0
icml-2026-8b22afb8c5ae,ICML,spotlight,foundation_200,conclusion,observed,328,0.064,0,0,0,0
icml-2026-8b22afb8c5ae,ICML,spotlight,foundation_200,limitations,observed,139,0.027,0,0,0,0
icml-2026-8b22afb8c5ae,ICML,spotlight,foundation_200,appendix,observed,21430,0,3,0,0,125
icml-2026-8b22afb8c5ae,ICML,spotlight,foundation_200,other,observed,404,0.078,0,0,0,0
icml-2026-1c5182bdf0c8,ICML,spotlight,foundation_200,abstract,observed,246,0.0377,0,0,0,0
icml-2026-1c5182bdf0c8,ICML,spotlight,foundation_200,introduction,observed,1103,0.1692,0,0,0,0
icml-2026-1c5182bdf0c8,ICML,spotlight,foundation_200,related_work,observed,649,0.0995,0,0,0,0
icml-2026-1c5182bdf0c8,ICML,spotlight,foundation_200,method,observed,1795,0.2753,1,0,0,0
icml-2026-1c5182bdf0c8,ICML,spotlight,foundation_200,theory,not_present,0,0.0,0,0,0,0
icml-2026-1c5182bdf0c8,ICML,spotlight,foundation_200,experimental_design,observed,652,0.1,0,0,0,0
icml-2026-1c5182bdf0c8,ICML,spotlight,foundation_200,results,observed,751,0.1152,2,2,0,0
icml-2026-1c5182bdf0c8,ICML,spotlight,foundation_200,ablation,observed,470,0.0721,1,0,0,0
icml-2026-1c5182bdf0c8,ICML,spotlight,foundation_200,conclusion,observed,220,0.0337,0,0,0,0
icml-2026-1c5182bdf0c8,ICML,spotlight,foundation_200,limitations,observed,454,0.0696,0,0,0,0
icml-2026-1c5182bdf0c8,ICML,spotlight,foundation_200,appendix,observed,14900,,1,12,0,5
icml-2026-1c5182bdf0c8,ICML,spotlight,foundation_200,other,observed,180,0.0277,0,0,0,0
icml-2026-ed7dc4e0461b,ICML,spotlight,foundation_200,abstract,observed,203,0.04,0,0,0,0
icml-2026-ed7dc4e0461b,ICML,spotlight,foundation_200,introduction,observed,854,0.14,0,0,0,0
icml-2026-ed7dc4e0461b,ICML,spotlight,foundation_200,related_work,observed,488,0.1,0,0,0,0
icml-2026-ed7dc4e0461b,ICML,spotlight,foundation_200,method,observed,650,0.13,2,0,0,0
icml-2026-ed7dc4e0461b,ICML,spotlight,foundation_200,theory,not_applicable,0,0.0,0,0,0,0
icml-2026-ed7dc4e0461b,ICML,spotlight,foundation_200,experimental_design,observed,453,0.09,0,0,0,0
icml-2026-ed7dc4e0461b,ICML,spotlight,foundation_200,results,observed,1450,0.29,4,2,0,0
icml-2026-ed7dc4e0461b,ICML,spotlight,foundation_200,ablation,observed,680,0.14,2,0,0,0
icml-2026-ed7dc4e0461b,ICML,spotlight,foundation_200,conclusion,observed,109,0.04,0,0,0,0
icml-2026-ed7dc4e0461b,ICML,spotlight,foundation_200,limitations,observed,144,0.03,0,0,0,0
icml-2026-ed7dc4e0461b,ICML,spotlight,foundation_200,appendix,observed,4478,,3,3,0,3
icml-2026-ed7dc4e0461b,ICML,spotlight,foundation_200,other,observed,1998,,0,0,0,0
icml-2026-2d22f08859e8,ICML,spotlight,foundation_200,abstract,observed,175,0.02876,0,0,0,0
icml-2026-2d22f08859e8,ICML,spotlight,foundation_200,introduction,observed,1000,0.16434,1,0,0,0
icml-2026-2d22f08859e8,ICML,spotlight,foundation_200,related_work,observed,690,0.11339,0,0,0,0
icml-2026-2d22f08859e8,ICML,spotlight,foundation_200,method,observed,1500,0.24651,2,1,0,3
icml-2026-2d22f08859e8,ICML,spotlight,foundation_200,theory,not_present,0,0.0,0,0,0,0
icml-2026-2d22f08859e8,ICML,spotlight,foundation_200,experimental_design,observed,600,0.0986,0,0,0,0
icml-2026-2d22f08859e8,ICML,spotlight,foundation_200,results,observed,850,0.13969,1,3,0,0
icml-2026-2d22f08859e8,ICML,spotlight,foundation_200,ablation,observed,150,0.02465,0,0,0,0
icml-2026-2d22f08859e8,ICML,spotlight,foundation_200,conclusion,observed,160,0.02629,0,0,0,0
icml-2026-2d22f08859e8,ICML,spotlight,foundation_200,limitations,observed,310,0.05094,0,0,0,0
icml-2026-2d22f08859e8,ICML,spotlight,foundation_200,appendix,observed,15347,,25,8,1,0
icml-2026-2d22f08859e8,ICML,spotlight,foundation_200,other,observed,650,0.10682,0,0,0,0
icml-2026-67206cc61e49,ICML,spotlight,foundation_200,abstract,observed,198,0.0293,0,0,0,0
icml-2026-67206cc61e49,ICML,spotlight,foundation_200,introduction,observed,1210,0.1793,1,0,0,0
icml-2026-67206cc61e49,ICML,spotlight,foundation_200,related_work,observed,910,0.1349,1,0,0,0
icml-2026-67206cc61e49,ICML,spotlight,foundation_200,method,observed,1280,0.1897,1,0,1,3
icml-2026-67206cc61e49,ICML,spotlight,foundation_200,theory,observed,1070,0.1586,0,0,0,3
icml-2026-67206cc61e49,ICML,spotlight,foundation_200,experimental_design,observed,700,0.1037,0,0,0,0
icml-2026-67206cc61e49,ICML,spotlight,foundation_200,results,observed,500,0.0741,3,0,0,0
icml-2026-67206cc61e49,ICML,spotlight,foundation_200,ablation,not_present,0,0.0,0,0,0,0
icml-2026-67206cc61e49,ICML,spotlight,foundation_200,conclusion,observed,530,0.0785,0,0,0,0
icml-2026-67206cc61e49,ICML,spotlight,foundation_200,limitations,observed,350,0.0519,0,0,0,0
icml-2026-67206cc61e49,ICML,spotlight,foundation_200,appendix,observed,14820,,5,5,1,75
icml-2026-67206cc61e49,ICML,spotlight,foundation_200,other,observed,329,,0,0,0,0
icml-2026-6b81cf37c92f,ICML,spotlight,foundation_200,abstract,observed,165,0.034,0,0,0,0
icml-2026-6b81cf37c92f,ICML,spotlight,foundation_200,introduction,observed,720,0.147,1,0,0,0
icml-2026-6b81cf37c92f,ICML,spotlight,foundation_200,related_work,observed,455,0.093,0,0,0,0
icml-2026-6b81cf37c92f,ICML,spotlight,foundation_200,method,observed,2080,0.425,3,0,0,18
icml-2026-6b81cf37c92f,ICML,spotlight,foundation_200,theory,not_present,0,0.0,0,0,0,0
icml-2026-6b81cf37c92f,ICML,spotlight,foundation_200,experimental_design,observed,474,0.097,0,0,0,0
icml-2026-6b81cf37c92f,ICML,spotlight,foundation_200,results,observed,474,0.097,2,1,0,0
icml-2026-6b81cf37c92f,ICML,spotlight,foundation_200,ablation,observed,411,0.084,1,1,0,4
icml-2026-6b81cf37c92f,ICML,spotlight,foundation_200,conclusion,observed,113,0.023,0,0,0,0
icml-2026-6b81cf37c92f,ICML,spotlight,foundation_200,limitations,observed,155,,0,0,0,0
icml-2026-6b81cf37c92f,ICML,spotlight,foundation_200,appendix,observed,3327,,4,3,0,6
icml-2026-6b81cf37c92f,ICML,spotlight,foundation_200,other,observed,1659,,0,0,0,0
icml-2026-cca969cd8cab,ICML,spotlight,foundation_200,abstract,observed,169,0.034752,0,0,0,0
icml-2026-cca969cd8cab,ICML,spotlight,foundation_200,introduction,observed,500,0.102817,0,0,0,0
icml-2026-cca969cd8cab,ICML,spotlight,foundation_200,related_work,observed,900,0.185071,0,0,0,0
icml-2026-cca969cd8cab,ICML,spotlight,foundation_200,method,observed,700,0.143944,1,0,0,8
icml-2026-cca969cd8cab,ICML,spotlight,foundation_200,theory,observed,500,0.102817,0,0,0,2
icml-2026-cca969cd8cab,ICML,spotlight,foundation_200,experimental_design,observed,450,0.092535,0,0,0,0
icml-2026-cca969cd8cab,ICML,spotlight,foundation_200,results,observed,1350,0.277607,2,5,0,0
icml-2026-cca969cd8cab,ICML,spotlight,foundation_200,ablation,observed,170,0.034958,0,1,0,0
icml-2026-cca969cd8cab,ICML,spotlight,foundation_200,conclusion,observed,124,0.025499,0,0,0,0
icml-2026-cca969cd8cab,ICML,spotlight,foundation_200,limitations,observed,142,,0,0,0,0
icml-2026-cca969cd8cab,ICML,spotlight,foundation_200,appendix,observed,1704,,4,3,0,16
icml-2026-cca969cd8cab,ICML,spotlight,foundation_200,other,observed,1428,,0,0,0,0
icml-2026-a53de8003ce0,ICML,spotlight,foundation_200,abstract,observed,163,0.0312,0,0,0,0
icml-2026-a53de8003ce0,ICML,spotlight,foundation_200,introduction,observed,982,0.1879,1,0,0,0
icml-2026-a53de8003ce0,ICML,spotlight,foundation_200,related_work,observed,586,0.1122,0,0,0,0
icml-2026-a53de8003ce0,ICML,spotlight,foundation_200,method,observed,1816,0.3475,1,0,0,4
icml-2026-a53de8003ce0,ICML,spotlight,foundation_200,theory,not_applicable,0,0.0,0,0,0,0
icml-2026-a53de8003ce0,ICML,spotlight,foundation_200,experimental_design,observed,280,0.0536,0,0,0,0
icml-2026-a53de8003ce0,ICML,spotlight,foundation_200,results,observed,520,0.0995,3,4,0,0
icml-2026-a53de8003ce0,ICML,spotlight,foundation_200,ablation,observed,820,0.1569,3,1,0,0
icml-2026-a53de8003ce0,ICML,spotlight,foundation_200,conclusion,observed,58,0.0111,0,0,0,0
icml-2026-a53de8003ce0,ICML,spotlight,foundation_200,limitations,not_present,0,0.0,0,0,0,0
icml-2026-a53de8003ce0,ICML,spotlight,foundation_200,appendix,not_applicable,0,0.0,0,0,0,0
icml-2026-a53de8003ce0,ICML,spotlight,foundation_200,other,observed,1991,,0,0,0,0
icml-2026-159ec0c7baad,ICML,spotlight,foundation_200,abstract,observed,191,0.031,0,0,0,0
icml-2026-159ec0c7baad,ICML,spotlight,foundation_200,introduction,observed,880,0.141,1,0,0,0
icml-2026-159ec0c7baad,ICML,spotlight,foundation_200,related_work,observed,210,0.034,0,0,0,0
icml-2026-159ec0c7baad,ICML,spotlight,foundation_200,method,observed,2500,0.402,1,0,0,9
icml-2026-159ec0c7baad,ICML,spotlight,foundation_200,theory,not_applicable,0,0.0,0,0,0,0
icml-2026-159ec0c7baad,ICML,spotlight,foundation_200,experimental_design,observed,470,0.076,0,0,0,0
icml-2026-159ec0c7baad,ICML,spotlight,foundation_200,results,observed,850,0.137,1,4,0,0
icml-2026-159ec0c7baad,ICML,spotlight,foundation_200,ablation,observed,420,0.067,3,1,0,0
icml-2026-159ec0c7baad,ICML,spotlight,foundation_200,conclusion,observed,110,0.018,0,0,0,0
icml-2026-159ec0c7baad,ICML,spotlight,foundation_200,limitations,observed,80,0.013,0,0,0,0
icml-2026-159ec0c7baad,ICML,spotlight,foundation_200,appendix,observed,975,,1,0,0,0
icml-2026-159ec0c7baad,ICML,spotlight,foundation_200,other,observed,510,0.082,0,0,0,4
icml-2026-44d93fac8702,ICML,spotlight,foundation_200,abstract,observed,181,0.03,0,0,0,0
icml-2026-44d93fac8702,ICML,spotlight,foundation_200,introduction,observed,760,0.124,0,0,0,0
icml-2026-44d93fac8702,ICML,spotlight,foundation_200,related_work,observed,340,0.055,0,0,0,0
icml-2026-44d93fac8702,ICML,spotlight,foundation_200,method,observed,720,0.117,1,0,0,3
icml-2026-44d93fac8702,ICML,spotlight,foundation_200,theory,observed,220,0.036,0,0,0,1
icml-2026-44d93fac8702,ICML,spotlight,foundation_200,experimental_design,observed,950,0.155,0,0,0,0
icml-2026-44d93fac8702,ICML,spotlight,foundation_200,results,observed,1700,0.277,1,3,0,0
icml-2026-44d93fac8702,ICML,spotlight,foundation_200,ablation,observed,600,0.098,0,2,0,0
icml-2026-44d93fac8702,ICML,spotlight,foundation_200,conclusion,observed,240,0.039,0,0,0,0
icml-2026-44d93fac8702,ICML,spotlight,foundation_200,limitations,observed,180,0.029,0,0,0,0
icml-2026-44d93fac8702,ICML,spotlight,foundation_200,appendix,observed,3300,,1,4,0,0
icml-2026-44d93fac8702,ICML,spotlight,foundation_200,other,observed,2190,,0,0,0,0
icml-2026-12ceaf196f4d,ICML,spotlight,foundation_200,abstract,observed,175,0.03449,0,0,0,0
icml-2026-12ceaf196f4d,ICML,spotlight,foundation_200,introduction,observed,531,0.104651,1,0,0,0
icml-2026-12ceaf196f4d,ICML,spotlight,foundation_200,related_work,observed,350,0.068979,0,0,0,0
icml-2026-12ceaf196f4d,ICML,spotlight,foundation_200,method,observed,2658,0.523847,4,0,0,27
icml-2026-12ceaf196f4d,ICML,spotlight,foundation_200,theory,not_present,0,0.0,0,0,0,0
icml-2026-12ceaf196f4d,ICML,spotlight,foundation_200,experimental_design,observed,296,0.058337,0,0,0,2
icml-2026-12ceaf196f4d,ICML,spotlight,foundation_200,results,observed,385,0.075877,0,3,0,0
icml-2026-12ceaf196f4d,ICML,spotlight,foundation_200,ablation,observed,482,0.094994,4,1,0,0
icml-2026-12ceaf196f4d,ICML,spotlight,foundation_200,conclusion,observed,48,0.00946,0,0,0,0
icml-2026-12ceaf196f4d,ICML,spotlight,foundation_200,limitations,observed,25,0.004927,0,0,0,0
icml-2026-12ceaf196f4d,ICML,spotlight,foundation_200,appendix,observed,541,,0,4,0,3
icml-2026-12ceaf196f4d,ICML,spotlight,foundation_200,other,observed,124,0.024438,0,0,0,0
icml-2026-57e09ec1b6ac,ICML,spotlight,foundation_200,abstract,observed,213,0.041,0,0,0,0
icml-2026-57e09ec1b6ac,ICML,spotlight,foundation_200,introduction,observed,860,0.166,1,0,0,0
icml-2026-57e09ec1b6ac,ICML,spotlight,foundation_200,related_work,observed,510,0.098,0,0,0,0
icml-2026-57e09ec1b6ac,ICML,spotlight,foundation_200,method,observed,670,0.129,1,0,0,9
icml-2026-57e09ec1b6ac,ICML,spotlight,foundation_200,theory,observed,620,0.12,0,0,0,7
icml-2026-57e09ec1b6ac,ICML,spotlight,foundation_200,experimental_design,observed,780,0.151,0,0,0,0
icml-2026-57e09ec1b6ac,ICML,spotlight,foundation_200,results,observed,980,0.189,5,4,0,0
icml-2026-57e09ec1b6ac,ICML,spotlight,foundation_200,ablation,observed,390,0.075,0,2,0,0
icml-2026-57e09ec1b6ac,ICML,spotlight,foundation_200,conclusion,observed,160,0.031,0,0,0,0
icml-2026-57e09ec1b6ac,ICML,spotlight,foundation_200,limitations,not_present,0,0,0,0,0,0
icml-2026-57e09ec1b6ac,ICML,spotlight,foundation_200,appendix,observed,2730,,0,10,1,12
icml-2026-57e09ec1b6ac,ICML,spotlight,foundation_200,other,observed,105,,0,0,0,0
icml-2026-5d3146110f97,ICML,spotlight,foundation_200,abstract,observed,218,0.0379,0,0,0,0
icml-2026-5d3146110f97,ICML,spotlight,foundation_200,introduction,observed,1010,0.1755,1,0,0,0
icml-2026-5d3146110f97,ICML,spotlight,foundation_200,related_work,observed,1130,,0,0,0,0
icml-2026-5d3146110f97,ICML,spotlight,foundation_200,method,observed,2600,0.4518,2,0,0,22
icml-2026-5d3146110f97,ICML,spotlight,foundation_200,theory,observed,2300,,0,0,0,19
icml-2026-5d3146110f97,ICML,spotlight,foundation_200,experimental_design,observed,350,0.0608,0,0,0,0
icml-2026-5d3146110f97,ICML,spotlight,foundation_200,results,observed,1040,0.1807,1,2,0,0
icml-2026-5d3146110f97,ICML,spotlight,foundation_200,ablation,observed,335,0.0582,1,0,0,0
icml-2026-5d3146110f97,ICML,spotlight,foundation_200,conclusion,observed,122,0.0212,0,0,0,0
icml-2026-5d3146110f97,ICML,spotlight,foundation_200,limitations,observed,80,0.0139,0,0,0,0
icml-2026-5d3146110f97,ICML,spotlight,foundation_200,appendix,observed,5120,,4,0,1,19
icml-2026-5d3146110f97,ICML,spotlight,foundation_200,other,observed,4100,,0,0,0,0
icml-2026-ed7f31d45d4a,ICML,spotlight,foundation_200,abstract,observed,220,0.035,0,0,0,0
icml-2026-ed7f31d45d4a,ICML,spotlight,foundation_200,introduction,observed,540,0.085,0,0,0,0
icml-2026-ed7f31d45d4a,ICML,spotlight,foundation_200,related_work,observed,670,0.105,0,0,0,0
icml-2026-ed7f31d45d4a,ICML,spotlight,foundation_200,method,observed,2400,0.215,0,0,0,1
icml-2026-ed7f31d45d4a,ICML,spotlight,foundation_200,theory,observed,5500,0.265,0,0,0,1
icml-2026-ed7f31d45d4a,ICML,spotlight,foundation_200,experimental_design,observed,900,0.0,0,0,0,0
icml-2026-ed7f31d45d4a,ICML,spotlight,foundation_200,results,observed,2100,0.16,10,2,0,0
icml-2026-ed7f31d45d4a,ICML,spotlight,foundation_200,ablation,not_present,0,0.0,0,0,0,0
icml-2026-ed7f31d45d4a,ICML,spotlight,foundation_200,conclusion,not_present,0,0.0,0,0,0,0
icml-2026-ed7f31d45d4a,ICML,spotlight,foundation_200,limitations,observed,360,0.0,0,0,0,0
icml-2026-ed7f31d45d4a,ICML,spotlight,foundation_200,appendix,observed,14400,,1,1,3,7
icml-2026-ed7f31d45d4a,ICML,spotlight,foundation_200,other,observed,1230,0.135,0,0,0,0
icml-2026-1dfcf4c8869d,ICML,spotlight,foundation_200,abstract,observed,110,0.0172,0,0,0,0
icml-2026-1dfcf4c8869d,ICML,spotlight,foundation_200,introduction,observed,983,0.1536,0,0,0,0
icml-2026-1dfcf4c8869d,ICML,spotlight,foundation_200,related_work,observed,559,0.0873,0,0,0,0
icml-2026-1dfcf4c8869d,ICML,spotlight,foundation_200,method,observed,1600,0.25,2,0,1,8
icml-2026-1dfcf4c8869d,ICML,spotlight,foundation_200,theory,observed,1060,0.1656,1,0,0,5
icml-2026-1dfcf4c8869d,ICML,spotlight,foundation_200,experimental_design,observed,469,0.0733,0,0,0,0
icml-2026-1dfcf4c8869d,ICML,spotlight,foundation_200,results,observed,609,0.0952,2,1,0,0
icml-2026-1dfcf4c8869d,ICML,spotlight,foundation_200,ablation,observed,475,0.0742,3,0,0,0
icml-2026-1dfcf4c8869d,ICML,spotlight,foundation_200,conclusion,observed,135,0.0211,0,0,0,0
icml-2026-1dfcf4c8869d,ICML,spotlight,foundation_200,limitations,observed,400,0.0625,0,0,0,0
icml-2026-1dfcf4c8869d,ICML,spotlight,foundation_200,appendix,observed,4120,,2,1,2,49
icml-2026-1dfcf4c8869d,ICML,spotlight,foundation_200,other,observed,330,,0,0,0,0
icml-2026-cd054c2b1c0a,ICML,spotlight,foundation_200,abstract,observed,184,0.0353,0,0,0,0
icml-2026-cd054c2b1c0a,ICML,spotlight,foundation_200,introduction,observed,690,0.1324,1,0,0,1
icml-2026-cd054c2b1c0a,ICML,spotlight,foundation_200,related_work,observed,478,0.0917,0,0,0,0
icml-2026-cd054c2b1c0a,ICML,spotlight,foundation_200,method,observed,1300,0.2495,1,0,1,22
icml-2026-cd054c2b1c0a,ICML,spotlight,foundation_200,theory,observed,850,0.1631,0,0,0,21
icml-2026-cd054c2b1c0a,ICML,spotlight,foundation_200,experimental_design,observed,690,0.1324,0,0,0,1
icml-2026-cd054c2b1c0a,ICML,spotlight,foundation_200,results,observed,680,0.1305,2,3,0,0
icml-2026-cd054c2b1c0a,ICML,spotlight,foundation_200,ablation,not_present,0,0.0,0,0,0,0
icml-2026-cd054c2b1c0a,ICML,spotlight,foundation_200,conclusion,observed,139,0.0267,0,0,0,0
icml-2026-cd054c2b1c0a,ICML,spotlight,foundation_200,limitations,observed,99,0.019,0,0,0,0
icml-2026-cd054c2b1c0a,ICML,spotlight,foundation_200,appendix,observed,3480,,1,2,0,95
icml-2026-cd054c2b1c0a,ICML,spotlight,foundation_200,other,observed,100,0.0192,0,0,0,0
icml-2026-35879ec17414,ICML,spotlight,foundation_200,abstract,observed,230,0.041666666666666664,0,0,0,0
icml-2026-35879ec17414,ICML,spotlight,foundation_200,introduction,observed,1000,0.18115942028985507,0,0,0,0
icml-2026-35879ec17414,ICML,spotlight,foundation_200,related_work,observed,500,0.09057971014492754,0,0,0,0
icml-2026-35879ec17414,ICML,spotlight,foundation_200,method,observed,650,0.11775362318840579,0,0,1,4
icml-2026-35879ec17414,ICML,spotlight,foundation_200,theory,observed,1080,0.1956521739130435,0,0,0,14
icml-2026-35879ec17414,ICML,spotlight,foundation_200,experimental_design,observed,700,0.12681159420289856,0,0,0,0
icml-2026-35879ec17414,ICML,spotlight,foundation_200,results,observed,740,0.13405797101449277,2,3,0,0
icml-2026-35879ec17414,ICML,spotlight,foundation_200,ablation,observed,400,0.07246376811594203,1,0,0,0
icml-2026-35879ec17414,ICML,spotlight,foundation_200,conclusion,observed,220,0.03985507246376811,0,0,0,0
icml-2026-35879ec17414,ICML,spotlight,foundation_200,limitations,not_present,0,0.0,0,0,0,0
icml-2026-35879ec17414,ICML,spotlight,foundation_200,appendix,observed,3080,,0,5,0,62
icml-2026-35879ec17414,ICML,spotlight,foundation_200,other,observed,300,,0,0,0,0
icml-2026-388e7825c92c,ICML,spotlight,foundation_200,abstract,observed,160,0.0324,0,0,0,0
icml-2026-388e7825c92c,ICML,spotlight,foundation_200,introduction,observed,480,0.0972,1,0,0,0
icml-2026-388e7825c92c,ICML,spotlight,foundation_200,related_work,observed,450,0.0911,0,0,0,0
icml-2026-388e7825c92c,ICML,spotlight,foundation_200,method,observed,830,0.168,1,0,0,8
icml-2026-388e7825c92c,ICML,spotlight,foundation_200,theory,observed,280,0.0567,0,0,0,4
icml-2026-388e7825c92c,ICML,spotlight,foundation_200,experimental_design,observed,990,0.2004,2,1,0,0
icml-2026-388e7825c92c,ICML,spotlight,foundation_200,results,observed,1390,0.2814,4,2,0,0
icml-2026-388e7825c92c,ICML,spotlight,foundation_200,ablation,observed,240,0.0486,0,2,0,0
icml-2026-388e7825c92c,ICML,spotlight,foundation_200,conclusion,observed,119,0.0241,0,0,0,0
icml-2026-388e7825c92c,ICML,spotlight,foundation_200,limitations,not_present,0,0.0,0,0,0,0
icml-2026-388e7825c92c,ICML,spotlight,foundation_200,appendix,observed,4730,,9,2,0,2
icml-2026-388e7825c92c,ICML,spotlight,foundation_200,other,observed,2385,,0,0,0,0
icml-2026-65a15e969ebf,ICML,spotlight,foundation_200,abstract,observed,170,0.041975,1,0,0,0
icml-2026-65a15e969ebf,ICML,spotlight,foundation_200,introduction,observed,580,0.14321,0,0,0,0
icml-2026-65a15e969ebf,ICML,spotlight,foundation_200,related_work,observed,230,0.05679,0,0,0,0
icml-2026-65a15e969ebf,ICML,spotlight,foundation_200,method,observed,700,0.17284,1,0,0,8
icml-2026-65a15e969ebf,ICML,spotlight,foundation_200,theory,observed,300,0.074074,0,0,0,4
icml-2026-65a15e969ebf,ICML,spotlight,foundation_200,experimental_design,observed,710,0.175309,0,0,0,0
icml-2026-65a15e969ebf,ICML,spotlight,foundation_200,results,observed,610,0.150617,1,8,0,0
icml-2026-65a15e969ebf,ICML,spotlight,foundation_200,ablation,observed,190,0.046914,1,1,0,0
icml-2026-65a15e969ebf,ICML,spotlight,foundation_200,conclusion,observed,60,0.014815,0,0,0,0
icml-2026-65a15e969ebf,ICML,spotlight,foundation_200,limitations,observed,190,0.046914,0,0,0,0
icml-2026-65a15e969ebf,ICML,spotlight,foundation_200,appendix,observed,4850,,1,15,1,30
icml-2026-65a15e969ebf,ICML,spotlight,foundation_200,other,observed,310,0.076543,0,0,0,2
icml-2026-92c2d1498431,ICML,spotlight,foundation_200,abstract,observed,240,0.04,0,0,0,0
icml-2026-92c2d1498431,ICML,spotlight,foundation_200,introduction,observed,1400,0.235,0,0,0,0
icml-2026-92c2d1498431,ICML,spotlight,foundation_200,related_work,observed,685,0.115,0,0,0,0
icml-2026-92c2d1498431,ICML,spotlight,foundation_200,method,observed,1955,0.328,0,0,0,2
icml-2026-92c2d1498431,ICML,spotlight,foundation_200,theory,observed,1490,0.25,0,0,0,8
icml-2026-92c2d1498431,ICML,spotlight,foundation_200,experimental_design,not_applicable,0,0,0,0,0,0
icml-2026-92c2d1498431,ICML,spotlight,foundation_200,results,not_applicable,0,0,0,0,0,0
icml-2026-92c2d1498431,ICML,spotlight,foundation_200,ablation,not_applicable,0,0,0,0,0,0
icml-2026-92c2d1498431,ICML,spotlight,foundation_200,conclusion,observed,149,0.025,0,0,0,0
icml-2026-92c2d1498431,ICML,spotlight,foundation_200,limitations,not_present,0,0,0,0,0,0
icml-2026-92c2d1498431,ICML,spotlight,foundation_200,appendix,observed,2000,,0,0,0,13
icml-2026-92c2d1498431,ICML,spotlight,foundation_200,other,observed,42,0.007,0,0,0,0
icml-2026-4e1dcbf5b839,ICML,spotlight,foundation_200,abstract,observed,163,0.031,1,0,0,0
icml-2026-4e1dcbf5b839,ICML,spotlight,foundation_200,introduction,observed,1040,0.201,1,0,0,0
icml-2026-4e1dcbf5b839,ICML,spotlight,foundation_200,related_work,observed,650,0.125,0,0,0,0
icml-2026-4e1dcbf5b839,ICML,spotlight,foundation_200,method,observed,1360,0.262,1,0,0,17
icml-2026-4e1dcbf5b839,ICML,spotlight,foundation_200,theory,not_present,0,0.0,0,0,0,0
icml-2026-4e1dcbf5b839,ICML,spotlight,foundation_200,experimental_design,observed,440,0.085,0,0,0,0
icml-2026-4e1dcbf5b839,ICML,spotlight,foundation_200,results,observed,650,0.125,0,2,0,0
icml-2026-4e1dcbf5b839,ICML,spotlight,foundation_200,ablation,observed,520,0.1,1,1,0,0
icml-2026-4e1dcbf5b839,ICML,spotlight,foundation_200,conclusion,observed,363,0.07,0,0,0,0
icml-2026-4e1dcbf5b839,ICML,spotlight,foundation_200,limitations,observed,420,0.0,0,0,0,0
icml-2026-4e1dcbf5b839,ICML,spotlight,foundation_200,appendix,observed,4940,0.0,8,10,0,2
icml-2026-4e1dcbf5b839,ICML,spotlight,foundation_200,other,observed,1860,0.0,0,0,0,0
icml-2026-73ef6e227632,ICML,spotlight,foundation_200,abstract,observed,155,0.023,0,0,0,0
icml-2026-73ef6e227632,ICML,spotlight,foundation_200,introduction,observed,680,0.101,0,0,0,0
icml-2026-73ef6e227632,ICML,spotlight,foundation_200,related_work,observed,550,0.082,0,0,0,0
icml-2026-73ef6e227632,ICML,spotlight,foundation_200,method,observed,940,0.14,1,0,1,2
icml-2026-73ef6e227632,ICML,spotlight,foundation_200,theory,observed,1335,0.199,0,0,0,4
icml-2026-73ef6e227632,ICML,spotlight,foundation_200,experimental_design,observed,280,0.042,1,0,0,0
icml-2026-73ef6e227632,ICML,spotlight,foundation_200,results,observed,1850,0.276,2,2,0,0
icml-2026-73ef6e227632,ICML,spotlight,foundation_200,ablation,observed,230,0.034,1,0,0,0
icml-2026-73ef6e227632,ICML,spotlight,foundation_200,conclusion,observed,180,0.027,0,0,0,0
icml-2026-73ef6e227632,ICML,spotlight,foundation_200,limitations,observed,260,0.039,0,0,0,0
icml-2026-73ef6e227632,ICML,spotlight,foundation_200,appendix,observed,29300,,1,19,1,3
icml-2026-73ef6e227632,ICML,spotlight,foundation_200,other,observed,250,0.037,1,0,0,1
icml-2026-2801956159d6,ICML,spotlight,foundation_200,abstract,observed,152,0.032569102,0,0,0,0
icml-2026-2801956159d6,ICML,spotlight,foundation_200,introduction,observed,650,0.139275766,0,1,0,0
icml-2026-2801956159d6,ICML,spotlight,foundation_200,related_work,observed,281,,0,0,0,0
icml-2026-2801956159d6,ICML,spotlight,foundation_200,method,observed,1325,0.283908292,1,0,2,18
icml-2026-2801956159d6,ICML,spotlight,foundation_200,theory,observed,210,0.044996786,1,0,0,1
icml-2026-2801956159d6,ICML,spotlight,foundation_200,experimental_design,observed,380,0.081422756,0,0,0,0
icml-2026-2801956159d6,ICML,spotlight,foundation_200,results,observed,1190,0.254981787,3,6,0,0
icml-2026-2801956159d6,ICML,spotlight,foundation_200,ablation,observed,540,0.115706021,3,1,0,0
icml-2026-2801956159d6,ICML,spotlight,foundation_200,conclusion,observed,105,0.022498393,0,0,0,0
icml-2026-2801956159d6,ICML,spotlight,foundation_200,limitations,observed,115,0.024641097,0,0,0,0
icml-2026-2801956159d6,ICML,spotlight,foundation_200,appendix,observed,4860,,6,2,0,45
icml-2026-2801956159d6,ICML,spotlight,foundation_200,other,not_present,0,,0,0,0,0
icml-2026-a6577855483d,ICML,spotlight,foundation_200,abstract,observed,137,0.029945,0,0,0,0
icml-2026-a6577855483d,ICML,spotlight,foundation_200,introduction,observed,715,0.156284,0,0,0,2
icml-2026-a6577855483d,ICML,spotlight,foundation_200,related_work,observed,436,0.095301,0,0,0,0
icml-2026-a6577855483d,ICML,spotlight,foundation_200,method,observed,1158,0.253115,1,0,1,13
icml-2026-a6577855483d,ICML,spotlight,foundation_200,theory,observed,507,0.11082,0,0,0,2
icml-2026-a6577855483d,ICML,spotlight,foundation_200,experimental_design,observed,504,0.110164,0,0,0,4
icml-2026-a6577855483d,ICML,spotlight,foundation_200,results,observed,842,0.184044,3,0,0,2
icml-2026-a6577855483d,ICML,spotlight,foundation_200,ablation,observed,100,0.021858,1,0,0,0
icml-2026-a6577855483d,ICML,spotlight,foundation_200,conclusion,observed,53,0.011585,0,0,0,0
icml-2026-a6577855483d,ICML,spotlight,foundation_200,limitations,observed,123,0.026885,0,0,0,0
icml-2026-a6577855483d,ICML,spotlight,foundation_200,appendix,observed,7065,,10,3,1,104
icml-2026-a6577855483d,ICML,spotlight,foundation_200,other,not_present,0,0.0,0,0,0,0
icml-2026-2b91f2863fcf,ICML,spotlight,foundation_200,abstract,observed,126,0.0303,0,0,0,0
icml-2026-2b91f2863fcf,ICML,spotlight,foundation_200,introduction,observed,827,0.1987,1,0,0,0
icml-2026-2b91f2863fcf,ICML,spotlight,foundation_200,related_work,observed,551,0.1324,0,0,0,0
icml-2026-2b91f2863fcf,ICML,spotlight,foundation_200,method,observed,783,0.1881,0,0,1,11
icml-2026-2b91f2863fcf,ICML,spotlight,foundation_200,theory,observed,374,0.0899,0,0,0,3
icml-2026-2b91f2863fcf,ICML,spotlight,foundation_200,experimental_design,observed,437,0.105,0,0,0,0
icml-2026-2b91f2863fcf,ICML,spotlight,foundation_200,results,observed,472,0.1134,2,1,0,0
icml-2026-2b91f2863fcf,ICML,spotlight,foundation_200,ablation,observed,462,0.111,2,3,0,0
icml-2026-2b91f2863fcf,ICML,spotlight,foundation_200,conclusion,observed,91,0.0219,0,0,0,0
icml-2026-2b91f2863fcf,ICML,spotlight,foundation_200,limitations,observed,690,,0,0,0,0
icml-2026-2b91f2863fcf,ICML,spotlight,foundation_200,appendix,observed,2860,,2,7,0,21
icml-2026-2b91f2863fcf,ICML,spotlight,foundation_200,other,observed,39,0.0094,0,0,0,0
icml-2026-cdec10979815,ICML,spotlight,foundation_200,abstract,observed,176,0.026,0,0,0,0
icml-2026-cdec10979815,ICML,spotlight,foundation_200,introduction,observed,1260,0.186,0,0,0,0
icml-2026-cdec10979815,ICML,spotlight,foundation_200,related_work,observed,495,0.073,0,0,0,0
icml-2026-cdec10979815,ICML,spotlight,foundation_200,method,observed,2070,0.305,2,1,0,0
icml-2026-cdec10979815,ICML,spotlight,foundation_200,theory,not_present,0,0.0,0,0,0,0
icml-2026-cdec10979815,ICML,spotlight,foundation_200,experimental_design,observed,1250,0.184,0,0,0,0
icml-2026-cdec10979815,ICML,spotlight,foundation_200,results,observed,990,0.146,2,0,0,0
icml-2026-cdec10979815,ICML,spotlight,foundation_200,ablation,not_present,0,0.0,0,0,0,0
icml-2026-cdec10979815,ICML,spotlight,foundation_200,conclusion,observed,245,0.036,0,0,0,0
icml-2026-cdec10979815,ICML,spotlight,foundation_200,limitations,not_present,0,0.0,0,0,0,0
icml-2026-cdec10979815,ICML,spotlight,foundation_200,appendix,observed,14300,0.0,10,22,0,3
icml-2026-cdec10979815,ICML,spotlight,foundation_200,other,observed,305,0.045,0,0,0,0
icml-2026-61bea4dcf717,ICML,spotlight,foundation_200,abstract,observed,178,0.03293856402664693,0,0,0,0
icml-2026-61bea4dcf717,ICML,spotlight,foundation_200,introduction,observed,745,0.13786084381939304,1,0,0,0
icml-2026-61bea4dcf717,ICML,spotlight,foundation_200,related_work,observed,488,0.09030347890451518,0,0,0,0
icml-2026-61bea4dcf717,ICML,spotlight,foundation_200,method,observed,2130,0.3941524796447076,4,1,0,5
icml-2026-61bea4dcf717,ICML,spotlight,foundation_200,theory,observed,574,,0,0,0,0
icml-2026-61bea4dcf717,ICML,spotlight,foundation_200,experimental_design,observed,613,0.11343449296817172,0,0,0,1
icml-2026-61bea4dcf717,ICML,spotlight,foundation_200,results,observed,807,0.14933382679496668,1,2,0,0
icml-2026-61bea4dcf717,ICML,spotlight,foundation_200,ablation,observed,276,0.05107327905255366,1,1,0,0
icml-2026-61bea4dcf717,ICML,spotlight,foundation_200,conclusion,observed,90,0.016654330125832718,0,0,0,0
icml-2026-61bea4dcf717,ICML,spotlight,foundation_200,limitations,not_present,0,0.0,0,0,0,0
icml-2026-61bea4dcf717,ICML,spotlight,foundation_200,appendix,observed,7408,,18,2,0,0
icml-2026-61bea4dcf717,ICML,spotlight,foundation_200,other,observed,77,0.014248704663212436,0,0,0,0
icml-2026-19ec66cff1c1,ICML,spotlight,foundation_200,abstract,observed,170,0.03,0,0,0,0
icml-2026-19ec66cff1c1,ICML,spotlight,foundation_200,introduction,observed,1020,0.18,0,0,0,1
icml-2026-19ec66cff1c1,ICML,spotlight,foundation_200,related_work,observed,740,0.13,0,0,0,0
icml-2026-19ec66cff1c1,ICML,spotlight,foundation_200,method,observed,1250,0.22,0,0,1,6
icml-2026-19ec66cff1c1,ICML,spotlight,foundation_200,theory,observed,850,0.15,0,0,0,5
icml-2026-19ec66cff1c1,ICML,spotlight,foundation_200,experimental_design,observed,570,0.1,0,0,0,0
icml-2026-19ec66cff1c1,ICML,spotlight,foundation_200,results,observed,910,0.16,4,1,0,0
icml-2026-19ec66cff1c1,ICML,spotlight,foundation_200,ablation,not_present,0,0.0,0,0,0,0
icml-2026-19ec66cff1c1,ICML,spotlight,foundation_200,conclusion,observed,170,0.03,0,0,0,0
icml-2026-19ec66cff1c1,ICML,spotlight,foundation_200,limitations,not_present,0,0.0,0,0,0,0
icml-2026-19ec66cff1c1,ICML,spotlight,foundation_200,appendix,observed,9780,,76,8,5,36
icml-2026-19ec66cff1c1,ICML,spotlight,foundation_200,other,observed,1110,,0,0,0,0
icml-2026-da310238c4b0,ICML,spotlight,foundation_200,abstract,observed,137,0.025,0,0,0,0
icml-2026-da310238c4b0,ICML,spotlight,foundation_200,introduction,observed,756,0.14,1,0,0,0
icml-2026-da310238c4b0,ICML,spotlight,foundation_200,related_work,observed,432,0.08,0,0,0,0
icml-2026-da310238c4b0,ICML,spotlight,foundation_200,method,observed,1215,0.225,2,0,1,9
icml-2026-da310238c4b0,ICML,spotlight,foundation_200,theory,observed,351,0.065,0,0,0,3
icml-2026-da310238c4b0,ICML,spotlight,foundation_200,experimental_design,observed,702,0.13,0,0,0,0
icml-2026-da310238c4b0,ICML,spotlight,foundation_200,results,observed,756,0.14,3,3,0,0
icml-2026-da310238c4b0,ICML,spotlight,foundation_200,ablation,observed,486,0.09,2,1,0,0
icml-2026-da310238c4b0,ICML,spotlight,foundation_200,conclusion,observed,135,0.025,0,0,0,0
icml-2026-da310238c4b0,ICML,spotlight,foundation_200,limitations,observed,189,0.035,0,0,0,0
icml-2026-da310238c4b0,ICML,spotlight,foundation_200,appendix,observed,0,0.0,7,10,0,16
icml-2026-da310238c4b0,ICML,spotlight,foundation_200,other,observed,243,0.045,0,0,0,3
icml-2026-447e2cef4c1c,ICML,spotlight,foundation_200,abstract,observed,241,0.0451,0,0,0,0
icml-2026-447e2cef4c1c,ICML,spotlight,foundation_200,introduction,observed,770,0.1442,1,0,0,0
icml-2026-447e2cef4c1c,ICML,spotlight,foundation_200,related_work,observed,838,0.157,0,0,0,0
icml-2026-447e2cef4c1c,ICML,spotlight,foundation_200,method,observed,1509,0.2826,0,0,3,5
icml-2026-447e2cef4c1c,ICML,spotlight,foundation_200,theory,not_applicable,0,0.0,0,0,0,0
icml-2026-447e2cef4c1c,ICML,spotlight,foundation_200,experimental_design,observed,751,0.1407,0,0,0,0
icml-2026-447e2cef4c1c,ICML,spotlight,foundation_200,results,observed,447,0.0837,0,2,0,0
icml-2026-447e2cef4c1c,ICML,spotlight,foundation_200,ablation,observed,543,0.1017,0,2,0,0
icml-2026-447e2cef4c1c,ICML,spotlight,foundation_200,conclusion,observed,128,0.024,0,0,0,0
icml-2026-447e2cef4c1c,ICML,spotlight,foundation_200,limitations,observed,112,0.021,0,0,0,0
icml-2026-447e2cef4c1c,ICML,spotlight,foundation_200,appendix,observed,2889,,0,2,3,0
icml-2026-447e2cef4c1c,ICML,spotlight,foundation_200,other,observed,933,,0,0,0,0
icml-2026-536d8d3e0efc,ICML,spotlight,foundation_200,abstract,observed,143,0.022,0,0,0,0
icml-2026-536d8d3e0efc,ICML,spotlight,foundation_200,introduction,observed,950,0.144,0,0,0,0
icml-2026-536d8d3e0efc,ICML,spotlight,foundation_200,related_work,observed,1405,0,0,0,0,0
icml-2026-536d8d3e0efc,ICML,spotlight,foundation_200,method,observed,3310,0.35,1,0,2,26
icml-2026-536d8d3e0efc,ICML,spotlight,foundation_200,theory,observed,14280,0.289,1,0,0,262
icml-2026-536d8d3e0efc,ICML,spotlight,foundation_200,experimental_design,observed,2000,0.045,2,3,0,0
icml-2026-536d8d3e0efc,ICML,spotlight,foundation_200,results,observed,790,0.119,7,1,0,0
icml-2026-536d8d3e0efc,ICML,spotlight,foundation_200,ablation,not_present,0,0,0,0,0,0
icml-2026-536d8d3e0efc,ICML,spotlight,foundation_200,conclusion,observed,200,0.03,0,0,0,0
icml-2026-536d8d3e0efc,ICML,spotlight,foundation_200,limitations,not_present,0,0,0,0,0,0
icml-2026-536d8d3e0efc,ICML,spotlight,foundation_200,appendix,observed,501,0,0,1,0,3
icml-2026-536d8d3e0efc,ICML,spotlight,foundation_200,other,observed,340,0,0,0,0,0
icml-2026-07e2bc33888c,ICML,spotlight,foundation_200,abstract,observed,266,0.044,0,0,0,0
icml-2026-07e2bc33888c,ICML,spotlight,foundation_200,introduction,observed,718,0.118,1,0,0,0
icml-2026-07e2bc33888c,ICML,spotlight,foundation_200,related_work,observed,293,0.048,0,0,0,0
icml-2026-07e2bc33888c,ICML,spotlight,foundation_200,method,observed,1422,0.234,2,0,0,0
icml-2026-07e2bc33888c,ICML,spotlight,foundation_200,theory,observed,1519,,1,0,0,6
icml-2026-07e2bc33888c,ICML,spotlight,foundation_200,experimental_design,observed,362,0.059,0,0,0,0
icml-2026-07e2bc33888c,ICML,spotlight,foundation_200,results,observed,2528,0.415,6,1,0,0
icml-2026-07e2bc33888c,ICML,spotlight,foundation_200,ablation,observed,1878,,7,0,0,0
icml-2026-07e2bc33888c,ICML,spotlight,foundation_200,conclusion,observed,64,0.011,0,0,0,0
icml-2026-07e2bc33888c,ICML,spotlight,foundation_200,limitations,observed,135,0.022,0,0,0,0
icml-2026-07e2bc33888c,ICML,spotlight,foundation_200,appendix,observed,2798,,26,1,0,0
icml-2026-07e2bc33888c,ICML,spotlight,foundation_200,other,observed,2235,0.049,0,0,0,0
icml-2026-f1190e536fe9,ICML,spotlight,foundation_200,abstract,observed,246,0.029061,0,0,0,0
icml-2026-f1190e536fe9,ICML,spotlight,foundation_200,introduction,observed,1280,0.151211,2,0,0,2
icml-2026-f1190e536fe9,ICML,spotlight,foundation_200,related_work,observed,420,0.049616,0,0,0,0
icml-2026-f1190e536fe9,ICML,spotlight,foundation_200,method,observed,1430,0.168931,0,0,0,4
icml-2026-f1190e536fe9,ICML,spotlight,foundation_200,theory,observed,2360,0.278795,3,0,0,13
icml-2026-f1190e536fe9,ICML,spotlight,foundation_200,experimental_design,observed,720,0.085056,0,0,0,0
icml-2026-f1190e536fe9,ICML,spotlight,foundation_200,results,observed,540,0.063792,1,1,0,0
icml-2026-f1190e536fe9,ICML,spotlight,foundation_200,ablation,observed,120,0.014176,0,0,0,0
icml-2026-f1190e536fe9,ICML,spotlight,foundation_200,conclusion,observed,580,0.068517,0,0,0,0
icml-2026-f1190e536fe9,ICML,spotlight,foundation_200,limitations,observed,370,0.043709,0,0,0,0
icml-2026-f1190e536fe9,ICML,spotlight,foundation_200,appendix,observed,13745,,2,3,1,98
icml-2026-f1190e536fe9,ICML,spotlight,foundation_200,other,observed,399,0.047135,1,0,0,0
icml-2026-42cbf99e9181,ICML,spotlight,foundation_200,abstract,observed,173,0.031171,0,0,0,0
icml-2026-42cbf99e9181,ICML,spotlight,foundation_200,introduction,observed,980,0.176577,0,0,0,0
icml-2026-42cbf99e9181,ICML,spotlight,foundation_200,related_work,observed,760,0.136937,0,0,0,0
icml-2026-42cbf99e9181,ICML,spotlight,foundation_200,method,observed,550,0.099099,0,0,2,1
icml-2026-42cbf99e9181,ICML,spotlight,foundation_200,theory,observed,650,0.117117,1,1,0,6
icml-2026-42cbf99e9181,ICML,spotlight,foundation_200,experimental_design,observed,570,0.102703,0,0,0,0
icml-2026-42cbf99e9181,ICML,spotlight,foundation_200,results,observed,530,0.095495,2,1,0,0
icml-2026-42cbf99e9181,ICML,spotlight,foundation_200,ablation,observed,520,0.093694,1,0,0,0
icml-2026-42cbf99e9181,ICML,spotlight,foundation_200,conclusion,observed,240,0.043243,0,0,0,0
icml-2026-42cbf99e9181,ICML,spotlight,foundation_200,limitations,observed,95,0.017117,0,0,0,0
icml-2026-42cbf99e9181,ICML,spotlight,foundation_200,appendix,observed,3350,,8,3,0,14
icml-2026-42cbf99e9181,ICML,spotlight,foundation_200,other,observed,482,0.086847,0,0,0,3
icml-2026-f746984a28d8,ICML,spotlight,foundation_200,abstract,observed,195,0.032,0,0,0,0
icml-2026-f746984a28d8,ICML,spotlight,foundation_200,introduction,observed,711,0.117,0,0,0,0
icml-2026-f746984a28d8,ICML,spotlight,foundation_200,related_work,observed,1057,0.0,0,0,0,0
icml-2026-f746984a28d8,ICML,spotlight,foundation_200,method,observed,1566,0.257,1,0,0,5
icml-2026-f746984a28d8,ICML,spotlight,foundation_200,theory,observed,1902,0.312,0,0,0,11
icml-2026-f746984a28d8,ICML,spotlight,foundation_200,experimental_design,observed,570,0.094,0,0,0,0
icml-2026-f746984a28d8,ICML,spotlight,foundation_200,results,observed,216,0.035,0,2,0,0
icml-2026-f746984a28d8,ICML,spotlight,foundation_200,ablation,observed,455,0.075,1,2,0,0
icml-2026-f746984a28d8,ICML,spotlight,foundation_200,conclusion,observed,161,0.026,0,0,0,0
icml-2026-f746984a28d8,ICML,spotlight,foundation_200,limitations,observed,207,0.034,0,0,0,0
icml-2026-f746984a28d8,ICML,spotlight,foundation_200,appendix,observed,6111,0.0,8,5,7,24
icml-2026-f746984a28d8,ICML,spotlight,foundation_200,other,observed,3218,0.018,0,0,0,0
icml-2026-7531b7c768a9,ICML,spotlight,foundation_200,abstract,observed,229,0.054,0,0,0,0
icml-2026-7531b7c768a9,ICML,spotlight,foundation_200,introduction,observed,528,0.125,1,0,0,0
icml-2026-7531b7c768a9,ICML,spotlight,foundation_200,related_work,observed,262,0.062,0,0,0,0
icml-2026-7531b7c768a9,ICML,spotlight,foundation_200,method,observed,364,0.086,0,0,0,1
icml-2026-7531b7c768a9,ICML,spotlight,foundation_200,theory,observed,284,0.067,0,1,0,4
icml-2026-7531b7c768a9,ICML,spotlight,foundation_200,experimental_design,observed,298,0.071,2,1,0,0
icml-2026-7531b7c768a9,ICML,spotlight,foundation_200,results,observed,1522,0.361,6,1,0,0
icml-2026-7531b7c768a9,ICML,spotlight,foundation_200,ablation,observed,526,0.0,3,1,0,0
icml-2026-7531b7c768a9,ICML,spotlight,foundation_200,conclusion,observed,115,0.027,0,0,0,0
icml-2026-7531b7c768a9,ICML,spotlight,foundation_200,limitations,observed,111,,0,0,0,0
icml-2026-7531b7c768a9,ICML,spotlight,foundation_200,appendix,observed,2426,,6,1,0,14
icml-2026-7531b7c768a9,ICML,spotlight,foundation_200,other,observed,1215,,0,0,0,0
icml-2026-315bbaf35118,ICML,spotlight,foundation_200,abstract,observed,205,0.059,1,0,0,0
icml-2026-315bbaf35118,ICML,spotlight,foundation_200,introduction,observed,475,0.136,0,0,0,0
icml-2026-315bbaf35118,ICML,spotlight,foundation_200,related_work,observed,321,0.092,0,0,0,0
icml-2026-315bbaf35118,ICML,spotlight,foundation_200,method,observed,732,0.21,1,0,0,3
icml-2026-315bbaf35118,ICML,spotlight,foundation_200,theory,not_applicable,0,0.0,0,0,0,0
icml-2026-315bbaf35118,ICML,spotlight,foundation_200,experimental_design,observed,403,0.115,1,0,0,0
icml-2026-315bbaf35118,ICML,spotlight,foundation_200,results,observed,958,0.274,4,2,0,1
icml-2026-315bbaf35118,ICML,spotlight,foundation_200,ablation,observed,323,0.093,1,2,0,0
icml-2026-315bbaf35118,ICML,spotlight,foundation_200,conclusion,observed,74,0.021,0,0,0,0
icml-2026-315bbaf35118,ICML,spotlight,foundation_200,limitations,not_present,0,0.0,0,0,0,0
icml-2026-315bbaf35118,ICML,spotlight,foundation_200,appendix,observed,1945,,7,1,0,0
icml-2026-315bbaf35118,ICML,spotlight,foundation_200,other,not_applicable,0,0.0,0,0,0,0
icml-2026-114dd793a5be,ICML,spotlight,foundation_200,abstract,observed,144,0.0227,0,0,0,0
icml-2026-114dd793a5be,ICML,spotlight,foundation_200,introduction,observed,527,0.083,0,0,0,0
icml-2026-114dd793a5be,ICML,spotlight,foundation_200,related_work,observed,688,0.1084,0,0,0,0
icml-2026-114dd793a5be,ICML,spotlight,foundation_200,method,observed,1873,0.2951,1,0,0,5
icml-2026-114dd793a5be,ICML,spotlight,foundation_200,theory,observed,289,0.0455,1,0,0,3
icml-2026-114dd793a5be,ICML,spotlight,foundation_200,experimental_design,observed,1044,0.1645,0,0,0,0
icml-2026-114dd793a5be,ICML,spotlight,foundation_200,results,observed,1295,0.2041,1,3,0,0
icml-2026-114dd793a5be,ICML,spotlight,foundation_200,ablation,observed,297,0.0468,0,0,0,0
icml-2026-114dd793a5be,ICML,spotlight,foundation_200,conclusion,observed,125,0.0197,0,0,0,0
icml-2026-114dd793a5be,ICML,spotlight,foundation_200,limitations,observed,64,0.0101,0,0,0,0
icml-2026-114dd793a5be,ICML,spotlight,foundation_200,appendix,observed,2469,,12,6,1,0
icml-2026-114dd793a5be,ICML,spotlight,foundation_200,other,observed,2123,,0,0,0,0
icml-2026-f46849c406ca,ICML,spotlight,foundation_200,abstract,observed,176,0.034036,0,0,0,0
icml-2026-f46849c406ca,ICML,spotlight,foundation_200,introduction,observed,724,0.140012,1,0,0,0
icml-2026-f46849c406ca,ICML,spotlight,foundation_200,related_work,observed,262,0.050667,0,0,0,0
icml-2026-f46849c406ca,ICML,spotlight,foundation_200,method,observed,2089,0.403984,3,0,0,8
icml-2026-f46849c406ca,ICML,spotlight,foundation_200,theory,not_present,0,0.0,0,0,0,0
icml-2026-f46849c406ca,ICML,spotlight,foundation_200,experimental_design,observed,575,0.111197,0,0,0,0
icml-2026-f46849c406ca,ICML,spotlight,foundation_200,results,observed,378,0.0731,1,2,0,0
icml-2026-f46849c406ca,ICML,spotlight,foundation_200,ablation,observed,617,0.119319,0,2,0,0
icml-2026-f46849c406ca,ICML,spotlight,foundation_200,conclusion,observed,45,0.008702,0,0,0,0
icml-2026-f46849c406ca,ICML,spotlight,foundation_200,limitations,observed,150,,0,0,0,0
icml-2026-f46849c406ca,ICML,spotlight,foundation_200,appendix,observed,6893,,2,4,2,7
icml-2026-f46849c406ca,ICML,spotlight,foundation_200,other,observed,305,0.058983,0,0,0,0
icml-2026-9ab4cfd38016,ICML,spotlight,foundation_200,abstract,observed,177,0.0334,0,0,0,0
icml-2026-9ab4cfd38016,ICML,spotlight,foundation_200,introduction,observed,640,0.1206,1,0,0,0
icml-2026-9ab4cfd38016,ICML,spotlight,foundation_200,related_work,observed,580,0.1093,0,0,0,0
icml-2026-9ab4cfd38016,ICML,spotlight,foundation_200,method,observed,1200,0.2262,1,0,0,7
icml-2026-9ab4cfd38016,ICML,spotlight,foundation_200,theory,observed,420,0.0792,0,0,0,4
icml-2026-9ab4cfd38016,ICML,spotlight,foundation_200,experimental_design,observed,700,0.132,0,0,0,0
icml-2026-9ab4cfd38016,ICML,spotlight,foundation_200,results,observed,930,0.1753,5,0,0,0
icml-2026-9ab4cfd38016,ICML,spotlight,foundation_200,ablation,observed,400,0.0754,1,0,0,0
icml-2026-9ab4cfd38016,ICML,spotlight,foundation_200,conclusion,observed,170,0.032,0,0,0,0
icml-2026-9ab4cfd38016,ICML,spotlight,foundation_200,limitations,observed,88,0.0166,0,0,0,0
icml-2026-9ab4cfd38016,ICML,spotlight,foundation_200,appendix,observed,2667,,12,2,0,0
icml-2026-9ab4cfd38016,ICML,spotlight,foundation_200,other,observed,1669,,0,0,0,0
icml-2026-4d6c3bd9ff61,ICML,spotlight,foundation_200,abstract,observed,151,0.027,0,0,0,0
icml-2026-4d6c3bd9ff61,ICML,spotlight,foundation_200,introduction,observed,567,0.1,1,0,0,0
icml-2026-4d6c3bd9ff61,ICML,spotlight,foundation_200,related_work,observed,651,0.115,0,0,0,0
icml-2026-4d6c3bd9ff61,ICML,spotlight,foundation_200,method,observed,1018,0.18,5,0,0,3
icml-2026-4d6c3bd9ff61,ICML,spotlight,foundation_200,theory,not_present,0,0.0,0,0,0,0
icml-2026-4d6c3bd9ff61,ICML,spotlight,foundation_200,experimental_design,observed,453,0.08,0,0,0,0
icml-2026-4d6c3bd9ff61,ICML,spotlight,foundation_200,results,observed,1810,0.32,2,8,0,0
icml-2026-4d6c3bd9ff61,ICML,spotlight,foundation_200,ablation,observed,620,,0,2,0,0
icml-2026-4d6c3bd9ff61,ICML,spotlight,foundation_200,conclusion,observed,226,0.04,0,0,0,0
icml-2026-4d6c3bd9ff61,ICML,spotlight,foundation_200,limitations,observed,57,0.01,0,0,0,0
icml-2026-4d6c3bd9ff61,ICML,spotlight,foundation_200,appendix,observed,5962,,6,9,0,10
icml-2026-4d6c3bd9ff61,ICML,spotlight,foundation_200,other,observed,3268,,0,0,0,0
icml-2026-942a8496990b,ICML,spotlight,foundation_200,abstract,observed,151,0.024,0,0,0,0
icml-2026-942a8496990b,ICML,spotlight,foundation_200,introduction,observed,815,0.127,0,0,0,0
icml-2026-942a8496990b,ICML,spotlight,foundation_200,related_work,observed,580,0.091,0,0,0,0
icml-2026-942a8496990b,ICML,spotlight,foundation_200,method,observed,815,0.127,0,0,0,5
icml-2026-942a8496990b,ICML,spotlight,foundation_200,theory,observed,1580,0.247,2,0,0,13
icml-2026-942a8496990b,ICML,spotlight,foundation_200,experimental_design,observed,520,0.081,0,1,0,0
icml-2026-942a8496990b,ICML,spotlight,foundation_200,results,observed,880,0.138,2,0,0,0
icml-2026-942a8496990b,ICML,spotlight,foundation_200,ablation,not_present,0,0.0,0,0,0,0
icml-2026-942a8496990b,ICML,spotlight,foundation_200,conclusion,observed,455,0.071,0,0,0,0
icml-2026-942a8496990b,ICML,spotlight,foundation_200,limitations,observed,540,0.084,0,0,0,0
icml-2026-942a8496990b,ICML,spotlight,foundation_200,appendix,observed,3650,,3,3,0,24
icml-2026-942a8496990b,ICML,spotlight,foundation_200,other,observed,68,0.011,0,0,0,0
icml-2026-184e90336c6b,ICML,spotlight,foundation_200,abstract,observed,153,0.0311,0,0,0,0
icml-2026-184e90336c6b,ICML,spotlight,foundation_200,introduction,observed,963,0.196,1,0,0,0
icml-2026-184e90336c6b,ICML,spotlight,foundation_200,related_work,observed,502,0.1022,0,0,0,0
icml-2026-184e90336c6b,ICML,spotlight,foundation_200,method,observed,1559,0.3173,2,0,0,13
icml-2026-184e90336c6b,ICML,spotlight,foundation_200,theory,not_present,0,0.0,0,0,0,0
icml-2026-184e90336c6b,ICML,spotlight,foundation_200,experimental_design,observed,223,0.0454,0,0,0,0
icml-2026-184e90336c6b,ICML,spotlight,foundation_200,results,observed,756,0.1538,2,3,0,0
icml-2026-184e90336c6b,ICML,spotlight,foundation_200,ablation,observed,645,0.1313,1,2,0,0
icml-2026-184e90336c6b,ICML,spotlight,foundation_200,conclusion,observed,113,0.023,0,0,0,0
icml-2026-184e90336c6b,ICML,spotlight,foundation_200,limitations,observed,251,,0,0,0,0
icml-2026-184e90336c6b,ICML,spotlight,foundation_200,appendix,observed,2275,,15,3,1,0
icml-2026-184e90336c6b,ICML,spotlight,foundation_200,other,observed,1225,,0,0,0,0
icml-2026-fea2d498a956,ICML,spotlight,foundation_200,abstract,observed,169,0.027,0,0,0,0
icml-2026-fea2d498a956,ICML,spotlight,foundation_200,introduction,observed,785,0.124,1,0,0,0
icml-2026-fea2d498a956,ICML,spotlight,foundation_200,related_work,observed,650,0.103,0,0,0,0
icml-2026-fea2d498a956,ICML,spotlight,foundation_200,method,observed,1550,0.246,1,0,1,6
icml-2026-fea2d498a956,ICML,spotlight,foundation_200,theory,observed,1350,0.214,1,0,0,13
icml-2026-fea2d498a956,ICML,spotlight,foundation_200,experimental_design,observed,625,0.099,0,0,0,0
icml-2026-fea2d498a956,ICML,spotlight,foundation_200,results,observed,900,0.143,1,4,0,0
icml-2026-fea2d498a956,ICML,spotlight,foundation_200,ablation,observed,150,0.024,0,0,0,0
icml-2026-fea2d498a956,ICML,spotlight,foundation_200,conclusion,observed,128,0.02,0,0,0,0
icml-2026-fea2d498a956,ICML,spotlight,foundation_200,limitations,not_present,0,0.0,0,0,0,0
icml-2026-fea2d498a956,ICML,spotlight,foundation_200,appendix,observed,3000,,5,1,0,19
icml-2026-fea2d498a956,ICML,spotlight,foundation_200,other,observed,1650,,0,0,0,0
icml-2026-1d55d472edbc,ICML,spotlight,foundation_200,abstract,observed,141,0.0176,0,0,0,0
icml-2026-1d55d472edbc,ICML,spotlight,foundation_200,introduction,observed,1500,0.1875,0,0,0,0
icml-2026-1d55d472edbc,ICML,spotlight,foundation_200,related_work,observed,620,0.0775,0,0,0,0
icml-2026-1d55d472edbc,ICML,spotlight,foundation_200,method,observed,1800,0.225,1,1,1,8
icml-2026-1d55d472edbc,ICML,spotlight,foundation_200,theory,observed,1400,0.175,0,0,0,16
icml-2026-1d55d472edbc,ICML,spotlight,foundation_200,experimental_design,observed,620,0.0775,0,0,0,0
icml-2026-1d55d472edbc,ICML,spotlight,foundation_200,results,observed,800,0.1,2,0,0,0
icml-2026-1d55d472edbc,ICML,spotlight,foundation_200,ablation,not_present,0,0,0,0,0,0
icml-2026-1d55d472edbc,ICML,spotlight,foundation_200,conclusion,observed,260,0.0325,0,0,0,0
icml-2026-1d55d472edbc,ICML,spotlight,foundation_200,limitations,observed,700,0.0875,0,0,0,0
icml-2026-1d55d472edbc,ICML,spotlight,foundation_200,appendix,observed,9821,,3,3,3,29
icml-2026-1d55d472edbc,ICML,spotlight,foundation_200,other,observed,159,0.0199,0,0,0,0
icml-2026-8d39ec884840,ICML,spotlight,foundation_200,abstract,observed,147,0.034958,1,0,0,0
icml-2026-8d39ec884840,ICML,spotlight,foundation_200,introduction,observed,905,0.21522,0,0,0,0
icml-2026-8d39ec884840,ICML,spotlight,foundation_200,related_work,observed,302,0.071819,0,0,0,0
icml-2026-8d39ec884840,ICML,spotlight,foundation_200,method,observed,861,0.204756,1,0,0,3
icml-2026-8d39ec884840,ICML,spotlight,foundation_200,theory,not_present,0,0.0,0,0,0,0
icml-2026-8d39ec884840,ICML,spotlight,foundation_200,experimental_design,observed,537,0.127705,0,0,0,1
icml-2026-8d39ec884840,ICML,spotlight,foundation_200,results,observed,1178,0.280143,2,4,0,0
icml-2026-8d39ec884840,ICML,spotlight,foundation_200,ablation,not_present,0,0.0,0,0,0,0
icml-2026-8d39ec884840,ICML,spotlight,foundation_200,conclusion,observed,124,0.029489,0,0,0,0
icml-2026-8d39ec884840,ICML,spotlight,foundation_200,limitations,observed,151,0.03591,0,0,0,0
icml-2026-8d39ec884840,ICML,spotlight,foundation_200,appendix,observed,7004,,1,24,0,4
icml-2026-8d39ec884840,ICML,spotlight,foundation_200,other,observed,2437,,0,0,0,0
