paper_id,conference,analysis_stratum,sample_cohort,kind,module,role,label,page
iclr-2026-ff40de6c7ac1,ICLR,oral,replication_200,numbered_equation,method,core_chain,Equation 1,4
iclr-2026-ff40de6c7ac1,ICLR,oral,replication_200,numbered_equation,method,core_chain,Equation 2,4
iclr-2026-ff40de6c7ac1,ICLR,oral,replication_200,numbered_equation,method,core_chain,Equation 3,4
iclr-2026-ff40de6c7ac1,ICLR,oral,replication_200,numbered_equation,method,core_chain,Equation 4,4
iclr-2026-ff40de6c7ac1,ICLR,oral,replication_200,numbered_equation,method,explanation,Equation 5,4
iclr-2026-ff40de6c7ac1,ICLR,oral,replication_200,numbered_equation,method,core_chain,Equation 6,4
iclr-2026-ff40de6c7ac1,ICLR,oral,replication_200,numbered_equation,theory,explanation,Equation 7,5
iclr-2026-ff40de6c7ac1,ICLR,oral,replication_200,numbered_equation,theory,explanation,Equation 8,5
iclr-2026-ff40de6c7ac1,ICLR,oral,replication_200,numbered_equation,theory,explanation,Equation 9,5
iclr-2026-ff40de6c7ac1,ICLR,oral,replication_200,numbered_equation,method,explanation,Equation 10,6
iclr-2026-ff40de6c7ac1,ICLR,oral,replication_200,numbered_equation,appendix,explanation,Equation 11,15
iclr-2026-ff40de6c7ac1,ICLR,oral,replication_200,numbered_equation,appendix,explanation,Equation 12,15
iclr-2026-ff40de6c7ac1,ICLR,oral,replication_200,numbered_equation,appendix,guarantee,Equation 13,16
iclr-2026-ff40de6c7ac1,ICLR,oral,replication_200,numbered_equation,appendix,explanation,Equation 14,18
iclr-2026-ff40de6c7ac1,ICLR,oral,replication_200,numbered_equation,appendix,guarantee,Equation 15,18
iclr-2026-ff40de6c7ac1,ICLR,oral,replication_200,numbered_equation,appendix,guarantee,Equation 16,18
iclr-2026-ff40de6c7ac1,ICLR,oral,replication_200,numbered_equation,appendix,explanation,Equation 17,19
iclr-2026-ff40de6c7ac1,ICLR,oral,replication_200,proposition,appendix,guarantee,Proposition 1,16
iclr-2026-ff40de6c7ac1,ICLR,oral,replication_200,proposition,appendix,explanation,Proposition 2,17
iclr-2026-ff40de6c7ac1,ICLR,oral,replication_200,proposition,appendix,guarantee,Proposition 3,18
iclr-2026-ff40de6c7ac1,ICLR,oral,replication_200,proof,appendix,guarantee,Proof of Proposition 1,16
iclr-2026-ff40de6c7ac1,ICLR,oral,replication_200,proof,appendix,guarantee,Proof of Proposition 2,17
iclr-2026-ff40de6c7ac1,ICLR,oral,replication_200,proof,appendix,guarantee,Proof of Proposition 3,18
iclr-2026-707ee355091a,ICLR,oral,replication_200,numbered_equation,method,core_chain,Equation (1),2
iclr-2026-707ee355091a,ICLR,oral,replication_200,numbered_equation,method,explanation,Equation (2),2
iclr-2026-707ee355091a,ICLR,oral,replication_200,numbered_equation,method,core_chain,Equations (3)–(4),3
iclr-2026-707ee355091a,ICLR,oral,replication_200,theorem,theory,core_chain,Theorem 1,3
iclr-2026-707ee355091a,ICLR,oral,replication_200,numbered_equation,theory,core_chain,Equations (5)–(6),3
iclr-2026-707ee355091a,ICLR,oral,replication_200,proof,theory,core_chain,Proof sketch of Theorem 1,3
iclr-2026-707ee355091a,ICLR,oral,replication_200,proposition,theory,core_chain,Proposition 2,4
iclr-2026-707ee355091a,ICLR,oral,replication_200,proposition,method,core_chain,Proposition 3,5
iclr-2026-707ee355091a,ICLR,oral,replication_200,proposition,method,core_chain,Proposition 4,5
iclr-2026-707ee355091a,ICLR,oral,replication_200,numbered_equation,method,core_chain,Equations (17)–(20),5
iclr-2026-707ee355091a,ICLR,oral,replication_200,numbered_equation,related_work,diagnostic,Equations (21)–(22),6
iclr-2026-707ee355091a,ICLR,oral,replication_200,numbered_equation,experimental_design,diagnostic,Equation (23),7
iclr-2026-707ee355091a,ICLR,oral,replication_200,numbered_equation,experimental_design,diagnostic,Equations (24)–(26),8
iclr-2026-707ee355091a,ICLR,oral,replication_200,proof,appendix,core_chain,Appendix B proof of Theorem 1,15
iclr-2026-707ee355091a,ICLR,oral,replication_200,proof,appendix,explanation,Appendix C alternative proof of Theorem 1,16
iclr-2026-707ee355091a,ICLR,oral,replication_200,proof,appendix,core_chain,Appendix D proof of Proposition 2,17
iclr-2026-707ee355091a,ICLR,oral,replication_200,proof,appendix,core_chain,Appendix E proof of Proposition 3,18
iclr-2026-707ee355091a,ICLR,oral,replication_200,proof,appendix,core_chain,Appendix F proof of Proposition 4,19
iclr-2026-707ee355091a,ICLR,oral,replication_200,proof,appendix,guarantee,Appendix G existence and uniqueness proof,21
iclr-2026-3dfd982128a2,ICLR,oral,replication_200,numbered_equation,introduction,core_chain,Equation (1),1
iclr-2026-3dfd982128a2,ICLR,oral,replication_200,displayed_equation,method,core_chain,Composite implicit grid sampler,4
iclr-2026-3dfd982128a2,ICLR,oral,replication_200,numbered_equation,method,explanation,Equation (2),5
iclr-2026-3dfd982128a2,ICLR,oral,replication_200,displayed_equation,method,explanation,Distributed partition definition,6
iclr-2026-3dfd982128a2,ICLR,oral,replication_200,displayed_equation,method,guarantee,Distributed MI histogram rewrite,7
iclr-2026-b001d2f886cf,ICLR,oral,replication_200,numbered_equation,theory,core_chain,Eq. (1),4
iclr-2026-b001d2f886cf,ICLR,oral,replication_200,numbered_equation,theory,core_chain,Eq. (2),4
iclr-2026-b001d2f886cf,ICLR,oral,replication_200,numbered_equation,theory,core_chain,Eq. (3),5
iclr-2026-b001d2f886cf,ICLR,oral,replication_200,numbered_equation,theory,explanation,Eq. (4),36
iclr-2026-b001d2f886cf,ICLR,oral,replication_200,numbered_equation,theory,explanation,Eq. (5),36
iclr-2026-b001d2f886cf,ICLR,oral,replication_200,numbered_equation,theory,explanation,Eq. (6),36
iclr-2026-b001d2f886cf,ICLR,oral,replication_200,numbered_equation,theory,explanation,Eq. (7),36
iclr-2026-b001d2f886cf,ICLR,oral,replication_200,numbered_equation,theory,explanation,Eq. (8),36
iclr-2026-b001d2f886cf,ICLR,oral,replication_200,numbered_equation,theory,explanation,Eq. (9),36
iclr-2026-b001d2f886cf,ICLR,oral,replication_200,numbered_equation,theory,explanation,Eq. (10),36
iclr-2026-b001d2f886cf,ICLR,oral,replication_200,numbered_equation,theory,core_chain,Eq. (11),36
iclr-2026-b001d2f886cf,ICLR,oral,replication_200,numbered_equation,theory,explanation,Eq. (12),37
iclr-2026-b001d2f886cf,ICLR,oral,replication_200,numbered_equation,theory,core_chain,Eq. (13),37
iclr-2026-b001d2f886cf,ICLR,oral,replication_200,numbered_equation,theory,explanation,Eq. (14),37
iclr-2026-b001d2f886cf,ICLR,oral,replication_200,numbered_equation,theory,guarantee,Eq. (15),37
iclr-2026-b001d2f886cf,ICLR,oral,replication_200,proof,theory,explanation,Proof block for Eq. (4)→(5),36
iclr-2026-b001d2f886cf,ICLR,oral,replication_200,displayed_equation,method,diagnostic,TrueSkill win-probability aggregation,32
iclr-2026-86ded246ec76,ICLR,oral,replication_200,numbered_equation,method,core_chain,Eq. (1),3
iclr-2026-86ded246ec76,ICLR,oral,replication_200,numbered_equation,method,core_chain,Eq. (2),3
iclr-2026-86ded246ec76,ICLR,oral,replication_200,numbered_equation,method,core_chain,Eq. (3),4
iclr-2026-86ded246ec76,ICLR,oral,replication_200,proposition,theory,core_chain,Coordinate patch exceeds class radius,5
iclr-2026-86ded246ec76,ICLR,oral,replication_200,proof,theory,guarantee,Proof of main proposition,5
iclr-2026-86ded246ec76,ICLR,oral,replication_200,numbered_equation,theory,explanation,Eq. (4),6
iclr-2026-86ded246ec76,ICLR,oral,replication_200,numbered_equation,theory,explanation,Eq. (5),6
iclr-2026-86ded246ec76,ICLR,oral,replication_200,numbered_equation,theory,explanation,Eq. (6),6
iclr-2026-86ded246ec76,ICLR,oral,replication_200,numbered_equation,theory,diagnostic,Eq. (7),6
iclr-2026-86ded246ec76,ICLR,oral,replication_200,numbered_equation,method,core_chain,Eq. (8),9
iclr-2026-86ded246ec76,ICLR,oral,replication_200,numbered_equation,method,core_chain,Eq. (9),9
iclr-2026-86ded246ec76,ICLR,oral,replication_200,numbered_equation,method,core_chain,Eq. (10),9
iclr-2026-86ded246ec76,ICLR,oral,replication_200,numbered_equation,appendix,explanation,Eq. (11),15
iclr-2026-86ded246ec76,ICLR,oral,replication_200,numbered_equation,appendix,explanation,Eq. (12),15
iclr-2026-86ded246ec76,ICLR,oral,replication_200,numbered_equation,appendix,diagnostic,Eq. (13),15
iclr-2026-86ded246ec76,ICLR,oral,replication_200,numbered_equation,appendix,diagnostic,Eq. (14),16
iclr-2026-86ded246ec76,ICLR,oral,replication_200,numbered_equation,appendix,explanation,Eq. (15),16
iclr-2026-86ded246ec76,ICLR,oral,replication_200,theorem,appendix,guarantee,Theorem A.2,17
iclr-2026-86ded246ec76,ICLR,oral,replication_200,proof,appendix,guarantee,Proof of Theorem A.2,17
iclr-2026-86ded246ec76,ICLR,oral,replication_200,corollary,appendix,explanation,Convex case hyperrectangle,17
iclr-2026-86ded246ec76,ICLR,oral,replication_200,numbered_equation,appendix,diagnostic,Eq. (16),17
iclr-2026-86ded246ec76,ICLR,oral,replication_200,numbered_equation,appendix,explanation,Eq. (17),19
iclr-2026-86ded246ec76,ICLR,oral,replication_200,numbered_equation,appendix,explanation,Eq. (18),19
iclr-2026-86ded246ec76,ICLR,oral,replication_200,numbered_equation,appendix,explanation,Eq. (19),20
iclr-2026-86ded246ec76,ICLR,oral,replication_200,numbered_equation,appendix,core_chain,Eq. (20),20
iclr-2026-fb08cee992a1,ICLR,oral,replication_200,displayed_equation,theory,explanation,Expected reward objective,3
iclr-2026-fb08cee992a1,ICLR,oral,replication_200,numbered_equation,theory,explanation,Equation (1),3
iclr-2026-fb08cee992a1,ICLR,oral,replication_200,displayed_equation,method,core_chain,Constrained trajectory reward objective,6
iclr-2026-fb08cee992a1,ICLR,oral,replication_200,displayed_equation,method,core_chain,Phase-conditioned trajectory constraint,6
iclr-2026-fb08cee992a1,ICLR,oral,replication_200,displayed_equation,method,core_chain,Horizon update schedule,6
iclr-2026-4f0f02a727a0,ICLR,oral,foundation_200,numbered_equation,theory,core_chain,(1) Skewness S,3
iclr-2026-4f0f02a727a0,ICLR,oral,foundation_200,numbered_equation,theory,core_chain,(2) Kurtosis K,4
iclr-2026-4f0f02a727a0,ICLR,oral,foundation_200,numbered_equation,theory,core_chain,(3) Meta-Model coefficient of determination R²,4
iclr-2026-4f0f02a727a0,ICLR,oral,foundation_200,numbered_equation,theory,core_chain,(4) Dispersion Ratio Dratio,4
iclr-2026-4f0f02a727a0,ICLR,oral,foundation_200,numbered_equation,theory,core_chain,(5) Variability V,4
iclr-2026-557a29cfb5fa,ICLR,oral,replication_200,numbered_equation,theory,core_chain,Eq. (1),3
iclr-2026-557a29cfb5fa,ICLR,oral,replication_200,numbered_equation,theory,core_chain,Eq. (2),3
iclr-2026-557a29cfb5fa,ICLR,oral,replication_200,numbered_equation,theory,core_chain,Eq. (3),3
iclr-2026-557a29cfb5fa,ICLR,oral,replication_200,displayed_equation,method,core_chain,p_J modified transition (unnumbered),5
iclr-2026-557a29cfb5fa,ICLR,oral,replication_200,numbered_equation,method,diagnostic,Eq. (4),5
iclr-2026-557a29cfb5fa,ICLR,oral,replication_200,numbered_equation,method,core_chain,Eq. (5),5
iclr-2026-f63ee6bf1935,ICLR,oral,replication_200,displayed_equation,method,core_chain,Intrinsic-conditioned resize (unlabeled),6
iclr-2026-d99017a21fe7,ICLR,oral,foundation_200,numbered_equation,theory,core_chain,Eq. (1),3
iclr-2026-d99017a21fe7,ICLR,oral,foundation_200,numbered_equation,theory,core_chain,Eq. (2),4
iclr-2026-d99017a21fe7,ICLR,oral,foundation_200,numbered_equation,theory,core_chain,Eq. (3),4
iclr-2026-d99017a21fe7,ICLR,oral,foundation_200,numbered_equation,method,core_chain,Eq. (4),5
iclr-2026-d99017a21fe7,ICLR,oral,foundation_200,numbered_equation,method,core_chain,Eq. (5),7
iclr-2026-df99a0fdd618,ICLR,oral,foundation_200,displayed_equation,method,core_chain,Flow Matching interpolation Xt,5
iclr-2026-df99a0fdd618,ICLR,oral,foundation_200,displayed_equation,method,core_chain,Visual velocity Vt,5
iclr-2026-df99a0fdd618,ICLR,oral,foundation_200,displayed_equation,method,core_chain,Flow Matching MSE loss L,5
iclr-2026-9a1a4fec2317,ICLR,oral,foundation_200,displayed_equation,theory,core_chain,Eq. (1),3
iclr-2026-9a1a4fec2317,ICLR,oral,foundation_200,numbered_equation,method,core_chain,Eq. (2),4
iclr-2026-9a1a4fec2317,ICLR,oral,foundation_200,displayed_equation,method,core_chain,unnumbered nearest-point rule,4
iclr-2026-9a1a4fec2317,ICLR,oral,foundation_200,numbered_equation,method,core_chain,Eq. (3),4
iclr-2026-9a1a4fec2317,ICLR,oral,foundation_200,numbered_equation,method,core_chain,Eq. (4),5
iclr-2026-9a1a4fec2317,ICLR,oral,foundation_200,numbered_equation,method,core_chain,Eq. (5),5
iclr-2026-9a1a4fec2317,ICLR,oral,foundation_200,numbered_equation,method,core_chain,Eq. (6),5
iclr-2026-3f0f7132b565,ICLR,oral,foundation_200,numbered_equation,method,explanation,Equation (1),3
iclr-2026-3f0f7132b565,ICLR,oral,foundation_200,displayed_equation,method,core_chain,Patch embedding zi = PatchEnc(XPi),4
iclr-2026-3f0f7132b565,ICLR,oral,foundation_200,displayed_equation,method,core_chain,Static patch index Pi,4
iclr-2026-3f0f7132b565,ICLR,oral,foundation_200,displayed_equation,method,core_chain,Alignment patch Pk,5
iclr-2026-3f0f7132b565,ICLR,oral,foundation_200,displayed_equation,method,core_chain,Curriculum alignment probability P(u),5
iclr-2026-247f0a285827,ICLR,oral,foundation_200,numbered_equation,theory,core_chain,Equation (1),5
iclr-2026-247f0a285827,ICLR,oral,foundation_200,numbered_equation,theory,explanation,Equation (2),5
iclr-2026-247f0a285827,ICLR,oral,foundation_200,numbered_equation,theory,core_chain,Equation (3),5
iclr-2026-b7a66e10bf69,ICLR,oral,replication_200,numbered_equation,method,core_chain,(1),4
iclr-2026-b7a66e10bf69,ICLR,oral,replication_200,numbered_equation,method,core_chain,(2),4
iclr-2026-b7a66e10bf69,ICLR,oral,replication_200,numbered_equation,method,core_chain,(3),4
iclr-2026-b7a66e10bf69,ICLR,oral,replication_200,numbered_equation,theory,guarantee,(4),4
iclr-2026-b7a66e10bf69,ICLR,oral,replication_200,numbered_equation,method,core_chain,(5),6
iclr-2026-b7a66e10bf69,ICLR,oral,replication_200,lemma,theory,guarantee,Lemma 1,5
iclr-2026-3c3e3a191645,ICLR,oral,foundation_200,numbered_equation,theory,core_chain,Eq. (1),1
iclr-2026-3c3e3a191645,ICLR,oral,foundation_200,numbered_equation,theory,core_chain,Eq. (2),1
iclr-2026-3c3e3a191645,ICLR,oral,foundation_200,numbered_equation,appendix,explanation,Eq. (3),13
iclr-2026-3c3e3a191645,ICLR,oral,foundation_200,numbered_equation,appendix,core_chain,Eq. (4),13
iclr-2026-3c3e3a191645,ICLR,oral,foundation_200,numbered_equation,appendix,explanation,Eq. (5),13
iclr-2026-3c3e3a191645,ICLR,oral,foundation_200,numbered_equation,appendix,core_chain,Eq. (6),13
iclr-2026-3c3e3a191645,ICLR,oral,foundation_200,numbered_equation,appendix,core_chain,Eq. (7),14
iclr-2026-3c3e3a191645,ICLR,oral,foundation_200,proof,appendix,core_chain,Appendix A derivation,13
iclr-2026-a2b879220593,ICLR,oral,foundation_200,numbered_equation,theory,explanation,Eq. (1),3
iclr-2026-a2b879220593,ICLR,oral,foundation_200,numbered_equation,theory,guarantee,Eq. (2),3
iclr-2026-a2b879220593,ICLR,oral,foundation_200,numbered_equation,theory,guarantee,Eq. (3),3
iclr-2026-a2b879220593,ICLR,oral,foundation_200,numbered_equation,method,core_chain,Eq. (4),4
iclr-2026-a2b879220593,ICLR,oral,foundation_200,numbered_equation,method,core_chain,Eq. (5),4
iclr-2026-a2b879220593,ICLR,oral,foundation_200,displayed_equation,method,core_chain,Sensitivity equation,5
iclr-2026-a2b879220593,ICLR,oral,foundation_200,displayed_equation,method,core_chain,Per-sample budget equation,5
iclr-2026-a2b879220593,ICLR,oral,foundation_200,displayed_equation,method,guarantee,Total budget constraint,5
iclr-2026-a2b879220593,ICLR,oral,foundation_200,numbered_equation,method,core_chain,Eq. (6),5
iclr-2026-a2b879220593,ICLR,oral,foundation_200,numbered_equation,method,core_chain,Eq. (7),6
iclr-2026-a2b879220593,ICLR,oral,foundation_200,numbered_equation,method,core_chain,Eq. (8),6
iclr-2026-a2b879220593,ICLR,oral,foundation_200,displayed_equation,method,core_chain,Per-user budget equation,6
iclr-2026-a2b879220593,ICLR,oral,foundation_200,numbered_equation,method,explanation,Eq. (9),6
iclr-2026-0f7ec564e69d,ICLR,oral,foundation_200,displayed_equation,method,core_chain,Eq. (1) select_premises,5
iclr-2026-0f7ec564e69d,ICLR,oral,foundation_200,numbered_equation,method,core_chain,Eq. (1) select_premises,5
iclr-2026-0f7ec564e69d,ICLR,oral,foundation_200,displayed_equation,method,core_chain,Eq. (2) L(E),6
iclr-2026-0f7ec564e69d,ICLR,oral,foundation_200,numbered_equation,method,core_chain,Eq. (2) L(E),6
iclr-2026-e7be893c9452,ICLR,oral,foundation_200,numbered_equation,method,core_chain,(1),5
iclr-2026-e7be893c9452,ICLR,oral,foundation_200,numbered_equation,method,core_chain,(2),6
iclr-2026-e7be893c9452,ICLR,oral,foundation_200,numbered_equation,method,core_chain,(3),6
iclr-2026-e7be893c9452,ICLR,oral,foundation_200,numbered_equation,method,core_chain,(4),6
iclr-2026-e7ef44128dd8,ICLR,oral,foundation_200,numbered_equation,method,core_chain,(1),3
iclr-2026-e7ef44128dd8,ICLR,oral,foundation_200,numbered_equation,method,core_chain,(2),3
iclr-2026-e7ef44128dd8,ICLR,oral,foundation_200,numbered_equation,method,diagnostic,(3),3
iclr-2026-e7ef44128dd8,ICLR,oral,foundation_200,numbered_equation,method,explanation,(4),3
iclr-2026-e7ef44128dd8,ICLR,oral,foundation_200,numbered_equation,theory,core_chain,(5),4
iclr-2026-e7ef44128dd8,ICLR,oral,foundation_200,numbered_equation,theory,core_chain,(6),4
iclr-2026-e7ef44128dd8,ICLR,oral,foundation_200,numbered_equation,theory,explanation,(7),4
iclr-2026-e7ef44128dd8,ICLR,oral,foundation_200,numbered_equation,theory,core_chain,(8),4
iclr-2026-e7ef44128dd8,ICLR,oral,foundation_200,numbered_equation,theory,diagnostic,(9),4
iclr-2026-e7ef44128dd8,ICLR,oral,foundation_200,numbered_equation,method,core_chain,(10),5
iclr-2026-e7ef44128dd8,ICLR,oral,foundation_200,numbered_equation,method,core_chain,(11),5
iclr-2026-e7ef44128dd8,ICLR,oral,foundation_200,numbered_equation,method,core_chain,(12),6
iclr-2026-9b8d9a086a72,ICLR,oral,replication_200,displayed_equation,method,explanation,"Cost-volume correlation: V_{p,p′}=F(I1)_p · F(I2)_{p′}",4
iclr-2026-9b8d9a086a72,ICLR,oral,replication_200,displayed_equation,method,explanation,"Partial cost volume: V_par(f_cur;r)_p = concat({V_{p,p′}: ||p+(f_cur)_p−p′||∞≤r})",4
iclr-2026-9b8d9a086a72,ICLR,oral,replication_200,displayed_equation,method,core_chain,Feature-space warp: Warp(f_cur)_p = F(I2)_{p+(f_cur)_p},5
iclr-2026-a6ddc629568b,ICLR,outstanding,foundation_200,displayed_equation,experimental_design,core_chain,"P, A90, U10-90 definitions",6
iclr-2026-a6ddc629568b,ICLR,outstanding,foundation_200,displayed_equation,theory,explanation,Atomic content units I(q),17
iclr-2026-a6ddc629568b,ICLR,outstanding,foundation_200,displayed_equation,theory,core_chain,Shard equivalence q' and I(q)=I(q'),17
iclr-2026-a6ddc629568b,ICLR,outstanding,foundation_200,displayed_equation,method,diagnostic,CONCAT and SHUFFLE-CONCAT acceptance thresholds,19
iclr-2026-a6ddc629568b,ICLR,outstanding,foundation_200,displayed_equation,theory,explanation,FULL baseline outcome construction,20
iclr-2026-a6ddc629568b,ICLR,outstanding,foundation_200,displayed_equation,theory,explanation,Situation 1 aptitude-loss construction,21
iclr-2026-a6ddc629568b,ICLR,outstanding,foundation_200,displayed_equation,theory,explanation,Situation 2 reliability-loss construction,21
iclr-2026-a6ddc629568b,ICLR,outstanding,foundation_200,displayed_equation,theory,explanation,Situation 3 combined-loss construction,21
iclr-2026-88c6c50ec3eb,ICLR,outstanding,foundation_200,numbered_equation,method,explanation,Eq. (1),3
iclr-2026-88c6c50ec3eb,ICLR,outstanding,foundation_200,numbered_equation,method,explanation,Eqs. (2)–(4),4
iclr-2026-88c6c50ec3eb,ICLR,outstanding,foundation_200,numbered_equation,method,explanation,Eqs. (5)–(6),4
iclr-2026-88c6c50ec3eb,ICLR,outstanding,foundation_200,numbered_equation,theory,core_chain,Eqs. (7)–(8),6
iclr-2026-88c6c50ec3eb,ICLR,outstanding,foundation_200,numbered_equation,theory,core_chain,Eq. (9),7
iclr-2026-88c6c50ec3eb,ICLR,outstanding,foundation_200,numbered_equation,appendix,core_chain,Eqs. (10)–(11),14
iclr-2026-88c6c50ec3eb,ICLR,outstanding,foundation_200,numbered_equation,appendix,core_chain,Eqs. (12a)–(14e),15
iclr-2026-88c6c50ec3eb,ICLR,outstanding,foundation_200,numbered_equation,appendix,core_chain,Eqs. (15a)–(18),16
iclr-2026-88c6c50ec3eb,ICLR,outstanding,foundation_200,numbered_equation,appendix,core_chain,Eqs. (19)–(21),17
iclr-2026-88c6c50ec3eb,ICLR,outstanding,foundation_200,numbered_equation,appendix,core_chain,Eqs. (22)–(23),18
iclr-2026-88c6c50ec3eb,ICLR,outstanding,foundation_200,numbered_equation,appendix,core_chain,Eqs. (24)–(28),19
iclr-2026-88c6c50ec3eb,ICLR,outstanding,foundation_200,numbered_equation,appendix,core_chain,Eqs. (29)–(33),20
iclr-2026-88c6c50ec3eb,ICLR,outstanding,foundation_200,proposition,method,explanation,Proposition 1,5
iclr-2026-88c6c50ec3eb,ICLR,outstanding,foundation_200,theorem,theory,core_chain,Theorem 4,6
iclr-2026-88c6c50ec3eb,ICLR,outstanding,foundation_200,proposition,theory,core_chain,Proposition 5,6
iclr-2026-88c6c50ec3eb,ICLR,outstanding,foundation_200,proposition,theory,core_chain,Proposition 7,7
iclr-2026-88c6c50ec3eb,ICLR,outstanding,foundation_200,lemma,theory,core_chain,Lemma 8,7
iclr-2026-88c6c50ec3eb,ICLR,outstanding,foundation_200,lemma,theory,core_chain,Lemma 9,7
iclr-2026-88c6c50ec3eb,ICLR,outstanding,foundation_200,proposition,theory,core_chain,Proposition 10,7
iclr-2026-88c6c50ec3eb,ICLR,outstanding,foundation_200,corollary,theory,diagnostic,Corollary 11,8
iclr-2026-88c6c50ec3eb,ICLR,outstanding,foundation_200,proposition,theory,core_chain,Proposition 12,8
iclr-2026-88c6c50ec3eb,ICLR,outstanding,foundation_200,proposition,theory,core_chain,Proposition 13,8
iclr-2026-88c6c50ec3eb,ICLR,outstanding,foundation_200,corollary,theory,diagnostic,Corollary 14,8
iclr-2026-88c6c50ec3eb,ICLR,outstanding,foundation_200,theorem,results,core_chain,Theorem 15,9
iclr-2026-88c6c50ec3eb,ICLR,outstanding,foundation_200,proposition,results,guarantee,Proposition 16,9
iclr-2026-88c6c50ec3eb,ICLR,outstanding,foundation_200,theorem,results,core_chain,Theorem 17,9
iclr-2026-88c6c50ec3eb,ICLR,outstanding,foundation_200,corollary,results,core_chain,Corollary 18,10
iclr-2026-88c6c50ec3eb,ICLR,outstanding,foundation_200,theorem,results,guarantee,Theorem 19,10
iclr-2026-88c6c50ec3eb,ICLR,outstanding,foundation_200,proof,appendix,core_chain,Proof of Theorem 4,14
iclr-2026-88c6c50ec3eb,ICLR,outstanding,foundation_200,proof,appendix,core_chain,Proof of Lemma 8,14
iclr-2026-88c6c50ec3eb,ICLR,outstanding,foundation_200,proof,appendix,core_chain,Proof of Lemma 9,17
iclr-2026-88c6c50ec3eb,ICLR,outstanding,foundation_200,proof,appendix,core_chain,Proof of Proposition 12,18
iclr-2026-88c6c50ec3eb,ICLR,outstanding,foundation_200,proof,appendix,core_chain,Proof of Proposition 13,19
iclr-2026-88c6c50ec3eb,ICLR,outstanding,foundation_200,proof,appendix,guarantee,Proof of Proposition 16,20
iclr-2026-88c6c50ec3eb,ICLR,outstanding,foundation_200,proof,appendix,guarantee,Proof of Theorem 19,21
icml-2026-b8bfc5f3f2ec,ICML,oral,foundation_200,numbered_equation,method,core_chain,Eq. (1),3
icml-2026-b8bfc5f3f2ec,ICML,oral,foundation_200,numbered_equation,method,core_chain,Eq. (2),4
icml-2026-b8bfc5f3f2ec,ICML,oral,foundation_200,numbered_equation,method,guarantee,Eq. (3),4
icml-2026-b8bfc5f3f2ec,ICML,oral,foundation_200,numbered_equation,method,core_chain,Eq. (4),4
icml-2026-b8bfc5f3f2ec,ICML,oral,foundation_200,numbered_equation,method,explanation,Eq. (5),4
icml-2026-b8bfc5f3f2ec,ICML,oral,foundation_200,numbered_equation,method,core_chain,Eq. (6),5
icml-2026-b8bfc5f3f2ec,ICML,oral,foundation_200,numbered_equation,method,diagnostic,Eq. (7),5
icml-2026-b8bfc5f3f2ec,ICML,oral,foundation_200,numbered_equation,results,explanation,Eq. (8),6
icml-2026-b8bfc5f3f2ec,ICML,oral,foundation_200,numbered_equation,theory,explanation,Eq. (9),7
icml-2026-b8bfc5f3f2ec,ICML,oral,foundation_200,numbered_equation,theory,guarantee,Eq. (10),7
icml-2026-b8bfc5f3f2ec,ICML,oral,foundation_200,numbered_equation,appendix,core_chain,Eq. (11),13
icml-2026-b8bfc5f3f2ec,ICML,oral,foundation_200,numbered_equation,appendix,core_chain,Eq. (12),13
icml-2026-b8bfc5f3f2ec,ICML,oral,foundation_200,numbered_equation,appendix,explanation,Eq. (13),13
icml-2026-b8bfc5f3f2ec,ICML,oral,foundation_200,numbered_equation,appendix,explanation,Eq. (14),13
icml-2026-b8bfc5f3f2ec,ICML,oral,foundation_200,numbered_equation,appendix,explanation,Eq. (15),13
icml-2026-b8bfc5f3f2ec,ICML,oral,foundation_200,numbered_equation,appendix,explanation,Eq. (16),13
icml-2026-b8bfc5f3f2ec,ICML,oral,foundation_200,numbered_equation,appendix,explanation,Eq. (17),13
icml-2026-b8bfc5f3f2ec,ICML,oral,foundation_200,numbered_equation,appendix,explanation,Eq. (18),13
icml-2026-b8bfc5f3f2ec,ICML,oral,foundation_200,numbered_equation,appendix,explanation,Eq. (19),13
icml-2026-b8bfc5f3f2ec,ICML,oral,foundation_200,numbered_equation,appendix,guarantee,Eq. (20),13
icml-2026-b8bfc5f3f2ec,ICML,oral,foundation_200,numbered_equation,appendix,explanation,Eq. (21),14
icml-2026-b8bfc5f3f2ec,ICML,oral,foundation_200,numbered_equation,appendix,core_chain,Eq. (22),14
icml-2026-b8bfc5f3f2ec,ICML,oral,foundation_200,numbered_equation,appendix,explanation,Eq. (23),14
icml-2026-b8bfc5f3f2ec,ICML,oral,foundation_200,numbered_equation,appendix,explanation,Eq. (24),21
icml-2026-b8bfc5f3f2ec,ICML,oral,foundation_200,numbered_equation,appendix,explanation,Eq. (25),21
icml-2026-b8bfc5f3f2ec,ICML,oral,foundation_200,numbered_equation,appendix,explanation,Eq. (26),22
icml-2026-b8bfc5f3f2ec,ICML,oral,foundation_200,numbered_equation,appendix,diagnostic,Eq. (27),22
icml-2026-b8bfc5f3f2ec,ICML,oral,foundation_200,numbered_equation,appendix,diagnostic,Eq. (28),22
icml-2026-b8bfc5f3f2ec,ICML,oral,foundation_200,numbered_equation,appendix,diagnostic,Eq. (29),22
icml-2026-b8bfc5f3f2ec,ICML,oral,foundation_200,numbered_equation,appendix,diagnostic,Eq. (30),23
icml-2026-b8bfc5f3f2ec,ICML,oral,foundation_200,numbered_equation,appendix,diagnostic,Eq. (31),23
icml-2026-b8bfc5f3f2ec,ICML,oral,foundation_200,numbered_equation,appendix,explanation,Eq. (32),25
icml-2026-b8bfc5f3f2ec,ICML,oral,foundation_200,proposition,method,guarantee,Proposition 4.1,4
icml-2026-b8bfc5f3f2ec,ICML,oral,foundation_200,proof,method,explanation,Proposition 4.1 proof sketch,4
icml-2026-b8bfc5f3f2ec,ICML,oral,foundation_200,theorem,theory,guarantee,Theorem 6.1,7
icml-2026-b8bfc5f3f2ec,ICML,oral,foundation_200,proof,theory,explanation,Theorem 6.1 proof,7
icml-2026-b8bfc5f3f2ec,ICML,oral,foundation_200,corollary,theory,guarantee,Corollary 6.3,8
icml-2026-b8bfc5f3f2ec,ICML,oral,foundation_200,proof,theory,explanation,Corollary 6.3 proof,8
icml-2026-b8bfc5f3f2ec,ICML,oral,foundation_200,proposition,appendix,guarantee,Proposition A.1,13
icml-2026-32a8402c370d,ICML,oral,foundation_200,numbered_equation,other,core_chain,Equation (1),2
icml-2026-32a8402c370d,ICML,oral,foundation_200,numbered_equation,other,diagnostic,Equation (2),2
icml-2026-32a8402c370d,ICML,oral,foundation_200,numbered_equation,method,core_chain,Equation (3),3
icml-2026-32a8402c370d,ICML,oral,foundation_200,numbered_equation,method,core_chain,Equations (4)-(5),3
icml-2026-32a8402c370d,ICML,oral,foundation_200,numbered_equation,theory,core_chain,Equation (6),4
icml-2026-32a8402c370d,ICML,oral,foundation_200,numbered_equation,method,core_chain,Equation (7),5
icml-2026-32a8402c370d,ICML,oral,foundation_200,numbered_equation,theory,core_chain,Equations (8)-(9),6
icml-2026-32a8402c370d,ICML,oral,foundation_200,displayed_equation,experimental_design,explanation,Dilated AsymP-DGDA updates,8
icml-2026-32a8402c370d,ICML,oral,foundation_200,theorem,theory,core_chain,Theorem 3.1,4
icml-2026-32a8402c370d,ICML,oral,foundation_200,corollary,theory,guarantee,Corollary 3.2,4
icml-2026-32a8402c370d,ICML,oral,foundation_200,theorem,theory,guarantee,Theorem 4.1,6
icml-2026-32a8402c370d,ICML,oral,foundation_200,corollary,theory,guarantee,Corollary 4.2,6
icml-2026-32a8402c370d,ICML,oral,foundation_200,theorem,theory,guarantee,Theorem 4.3,6
icml-2026-32a8402c370d,ICML,oral,foundation_200,theorem,appendix,diagnostic,Theorem B.1,14
icml-2026-32a8402c370d,ICML,oral,foundation_200,corollary,appendix,diagnostic,Corollary B.2,16
icml-2026-32a8402c370d,ICML,oral,foundation_200,theorem,appendix,diagnostic,Theorem C.1,16
icml-2026-32a8402c370d,ICML,oral,foundation_200,theorem,appendix,diagnostic,Theorem E.1,17
icml-2026-32a8402c370d,ICML,oral,foundation_200,lemma,appendix,core_chain,Lemma F.1,18
icml-2026-32a8402c370d,ICML,oral,foundation_200,lemma,appendix,core_chain,Lemma G.1,20
icml-2026-32a8402c370d,ICML,oral,foundation_200,lemma,appendix,core_chain,Lemma G.2,21
icml-2026-32a8402c370d,ICML,oral,foundation_200,lemma,appendix,core_chain,Lemma G.3,21
icml-2026-32a8402c370d,ICML,oral,foundation_200,lemma,appendix,guarantee,Lemma H.1,25
icml-2026-32a8402c370d,ICML,oral,foundation_200,lemma,appendix,guarantee,Lemma H.2,25
icml-2026-32a8402c370d,ICML,oral,foundation_200,lemma,appendix,core_chain,Lemma H.3,26
icml-2026-32a8402c370d,ICML,oral,foundation_200,lemma,appendix,core_chain,Lemma H.4,26
icml-2026-32a8402c370d,ICML,oral,foundation_200,lemma,appendix,core_chain,Lemma H.5,27
icml-2026-32a8402c370d,ICML,oral,foundation_200,proof,appendix,core_chain,Proof of Theorem 3.1,18
icml-2026-32a8402c370d,ICML,oral,foundation_200,proof,appendix,core_chain,Proof of Corollary 3.2,19
icml-2026-32a8402c370d,ICML,oral,foundation_200,proof,appendix,core_chain,Proof of Theorem 4.1,19
icml-2026-32a8402c370d,ICML,oral,foundation_200,proof,appendix,core_chain,Proof of Lemma G.1,21
icml-2026-32a8402c370d,ICML,oral,foundation_200,proof,appendix,core_chain,Proof of Lemma G.2,23
icml-2026-32a8402c370d,ICML,oral,foundation_200,proof,appendix,core_chain,Proof of Lemma G.3,24
icml-2026-32a8402c370d,ICML,oral,foundation_200,proof,appendix,core_chain,Proof of Theorem 4.3,25
icml-2026-32a8402c370d,ICML,oral,foundation_200,proof,appendix,core_chain,Proof of Lemmas H.1-H.5,26
icml-2026-32a8402c370d,ICML,oral,foundation_200,proof,appendix,diagnostic,Proof of Theorem B.1,29
icml-2026-32a8402c370d,ICML,oral,foundation_200,proof,appendix,diagnostic,Proof of Theorem C.1,32
icml-2026-32a8402c370d,ICML,oral,foundation_200,proof,appendix,diagnostic,Proof of Theorem E.1,34
icml-2026-95c954ca7cb0,ICML,oral,foundation_200,displayed_equation,theory,explanation,Information Bottleneck perspective,4
icml-2026-95c954ca7cb0,ICML,oral,foundation_200,displayed_equation,method,core_chain,Binary perception reward RP(τ),4
icml-2026-95c954ca7cb0,ICML,oral,foundation_200,displayed_equation,method,core_chain,Trajectory return,5
icml-2026-95c954ca7cb0,ICML,oral,foundation_200,displayed_equation,method,core_chain,Group-relative advantage,5
icml-2026-95c954ca7cb0,ICML,oral,foundation_200,displayed_equation,method,core_chain,Bad Thinking protection term,5
icml-2026-95c954ca7cb0,ICML,oral,foundation_200,displayed_equation,method,core_chain,Bad Seeing punishment term,5
icml-2026-7207f7ebdc88,ICML,oral,foundation_200,numbered_equation,method,core_chain,Eq. (1),3
icml-2026-7207f7ebdc88,ICML,oral,foundation_200,numbered_equation,method,core_chain,Eq. (2),3
icml-2026-7207f7ebdc88,ICML,oral,foundation_200,numbered_equation,method,core_chain,Eq. (3),4
icml-2026-7207f7ebdc88,ICML,oral,foundation_200,numbered_equation,method,core_chain,Eq. (4),4
icml-2026-7207f7ebdc88,ICML,oral,foundation_200,numbered_equation,method,explanation,Eq. (5),4
icml-2026-7207f7ebdc88,ICML,oral,foundation_200,numbered_equation,method,core_chain,Eq. (6),5
icml-2026-7207f7ebdc88,ICML,oral,foundation_200,numbered_equation,method,core_chain,Eq. (7),5
icml-2026-734764c3c087,ICML,oral,foundation_200,numbered_equation,method,core_chain,Eq. (1)--(2),3
icml-2026-734764c3c087,ICML,oral,foundation_200,numbered_equation,method,core_chain,Eq. (3)--(9),4
icml-2026-734764c3c087,ICML,oral,foundation_200,numbered_equation,method,core_chain,Eq. (10)--(17),5
icml-2026-734764c3c087,ICML,oral,foundation_200,numbered_equation,method,core_chain,Eq. (18)--(22),6
icml-2026-734764c3c087,ICML,oral,foundation_200,numbered_equation,method,explanation,Eq. (23)--(25),7
icml-2026-734764c3c087,ICML,oral,foundation_200,numbered_equation,appendix,explanation,Eq. (A1)--(A4),12
icml-2026-5e9fe0b20cf5,ICML,oral,foundation_200,numbered_equation,theory,explanation,Eq. (1): total variation,3
icml-2026-5e9fe0b20cf5,ICML,oral,foundation_200,numbered_equation,theory,core_chain,Eq. (2): ctf-stable and ctf-IE,3
icml-2026-5e9fe0b20cf5,ICML,oral,foundation_200,numbered_equation,theory,core_chain,Eq. (3)–(5): ctf-SE and causal stability,4
icml-2026-5e9fe0b20cf5,ICML,oral,foundation_200,proposition,theory,core_chain,Proposition 2.1 (TV-Decomposition),4
icml-2026-5e9fe0b20cf5,ICML,oral,foundation_200,theorem,theory,guarantee,Theorem 2.3 (Cond. Independence ⇒ Causal Stability),4
icml-2026-5e9fe0b20cf5,ICML,oral,foundation_200,theorem,theory,guarantee,Theorem 2.4 (Maximizing ctf-stable),4
icml-2026-5e9fe0b20cf5,ICML,oral,foundation_200,corollary,theory,explanation,Corollary 2.5 (Indirect vs. Spurious Effects),4
icml-2026-5e9fe0b20cf5,ICML,oral,foundation_200,numbered_equation,method,core_chain,Eq. (6): constrained MLE objective,4
icml-2026-5e9fe0b20cf5,ICML,oral,foundation_200,displayed_equation,theory,explanation,Definitions 3.1–3.2 / Eq. (7)–(10),5
icml-2026-5e9fe0b20cf5,ICML,oral,foundation_200,theorem,theory,guarantee,Theorem 3.3 / Eq. (11),5
icml-2026-5e9fe0b20cf5,ICML,oral,foundation_200,numbered_equation,theory,explanation,Definition 3.4 / Eq. (12),6
icml-2026-5e9fe0b20cf5,ICML,oral,foundation_200,numbered_equation,method,core_chain,Eq. (13)–(15): local V-statistic and DISCO_m,6
icml-2026-5e9fe0b20cf5,ICML,oral,foundation_200,proposition,method,guarantee,Proposition 3.5 (DISCO_m consistency),6
icml-2026-5e9fe0b20cf5,ICML,oral,foundation_200,numbered_equation,method,core_chain,Eq. (16)–(18): sDISCO T1/T2/T3 factorization,6
icml-2026-5e9fe0b20cf5,ICML,oral,foundation_200,proposition,method,guarantee,Proposition 3.6 (sDISCO exact sample dCor),6
icml-2026-5e9fe0b20cf5,ICML,oral,foundation_200,numbered_equation,method,core_chain,Eq. (19): prediction loss plus sDISCO penalty,6
icml-2026-5e9fe0b20cf5,ICML,oral,foundation_200,numbered_equation,results,diagnostic,Eq. (20)–(21): S_X/S_Y and Acc_ctf,8
icml-2026-5e9fe0b20cf5,ICML,oral,foundation_200,proof,appendix,core_chain,Appendix E.1–E.3,15
icml-2026-5e9fe0b20cf5,ICML,oral,foundation_200,theorem,appendix,guarantee,Theorem F.7,20
icml-2026-5e9fe0b20cf5,ICML,oral,foundation_200,proposition,appendix,guarantee,Proposition F.8 (Consistency of DISCO_m),21
icml-2026-5e9fe0b20cf5,ICML,oral,foundation_200,theorem,appendix,guarantee,Theorem G.1 (Algebraic Factorization),22
icml-2026-5e9fe0b20cf5,ICML,oral,foundation_200,proof,appendix,core_chain,Eq. (40)–(51): exact sDISCO factorization proof,22
icml-2026-cb506acd46ca,ICML,oral,foundation_200,displayed_equation,introduction,core_chain,Sample-to-operator definition,1
icml-2026-cb506acd46ca,ICML,oral,foundation_200,displayed_equation,introduction,core_chain,Permutation and affine equivariance identities,1
icml-2026-cb506acd46ca,ICML,oral,foundation_200,proposition,theory,guarantee,Proposition 3.1,3
icml-2026-cb506acd46ca,ICML,oral,foundation_200,displayed_equation,method,core_chain,Whitening coordinate transform,4
icml-2026-cb506acd46ca,ICML,oral,foundation_200,proposition,theory,guarantee,Proposition 3.3,4
icml-2026-cb506acd46ca,ICML,oral,foundation_200,corollary,theory,guarantee,Corollary 3.4,4
icml-2026-cb506acd46ca,ICML,oral,foundation_200,proposition,theory,core_chain,Proposition 3.5,4
icml-2026-cb506acd46ca,ICML,oral,foundation_200,corollary,theory,guarantee,Corollary 3.6,4
icml-2026-cb506acd46ca,ICML,oral,foundation_200,displayed_equation,method,core_chain,Joint training loss,5
icml-2026-cb506acd46ca,ICML,oral,foundation_200,displayed_equation,results,explanation,Scott KDE score estimator,6
icml-2026-cb506acd46ca,ICML,oral,foundation_200,displayed_equation,results,explanation,TTT consistency loss,7
icml-2026-cb506acd46ca,ICML,oral,foundation_200,displayed_equation,results,explanation,Relative Fisher information,7
icml-2026-cb506acd46ca,ICML,oral,foundation_200,displayed_equation,results,explanation,Relative Fisher and KL Monte Carlo estimators,8
icml-2026-cb506acd46ca,ICML,oral,foundation_200,displayed_equation,results,explanation,Score-debiased KDE update,8
icml-2026-cb506acd46ca,ICML,oral,foundation_200,displayed_equation,results,explanation,Entropy and Fisher plug-in estimators,8
icml-2026-cb506acd46ca,ICML,oral,foundation_200,displayed_equation,results,explanation,Landau transport velocity,8
icml-2026-cb506acd46ca,ICML,oral,foundation_200,proof,appendix,guarantee,Proposition A.1 proof,14
icml-2026-cb506acd46ca,ICML,oral,foundation_200,proof,appendix,guarantee,Proposition A.2 proof,15
icml-2026-cb506acd46ca,ICML,oral,foundation_200,proof,appendix,core_chain,Proposition A.3 proof,15
icml-2026-cb506acd46ca,ICML,oral,foundation_200,displayed_equation,appendix,explanation,Remark A.4 squared-norm necessity,16
icml-2026-cb506acd46ca,ICML,oral,foundation_200,displayed_equation,appendix,explanation,Remark A.5 density normalizer necessity,17
icml-2026-cb506acd46ca,ICML,oral,foundation_200,proposition,appendix,explanation,Proposition B.1,17
icml-2026-cb506acd46ca,ICML,oral,foundation_200,theorem,appendix,guarantee,Theorem B.2,17
icml-2026-cb506acd46ca,ICML,oral,foundation_200,displayed_equation,appendix,diagnostic,Hyvarinen score-matching loss,20
icml-2026-cb506acd46ca,ICML,oral,foundation_200,displayed_equation,appendix,diagnostic,Finite-difference divergence approximation,20
icml-2026-21bf37d1d47a,ICML,oral,foundation_200,numbered_equation,method,core_chain,Eq. (1),3
icml-2026-21bf37d1d47a,ICML,oral,foundation_200,numbered_equation,method,core_chain,Eq. (2),4
icml-2026-21bf37d1d47a,ICML,oral,foundation_200,displayed_equation,method,core_chain,Unnumbered topology priors,4
icml-2026-21bf37d1d47a,ICML,oral,foundation_200,displayed_equation,method,core_chain,Unnumbered repulsion prior,4
icml-2026-21bf37d1d47a,ICML,oral,foundation_200,displayed_equation,method,core_chain,Unnumbered structured variational family,4
icml-2026-21bf37d1d47a,ICML,oral,foundation_200,numbered_equation,appendix,core_chain,Eq. (3),13
icml-2026-21bf37d1d47a,ICML,oral,foundation_200,numbered_equation,appendix,core_chain,Eq. (4),13
icml-2026-21bf37d1d47a,ICML,oral,foundation_200,numbered_equation,appendix,core_chain,Eq. (5),13
icml-2026-21bf37d1d47a,ICML,oral,foundation_200,numbered_equation,appendix,explanation,Eq. (6),14
icml-2026-21bf37d1d47a,ICML,oral,foundation_200,numbered_equation,appendix,explanation,Eq. (7),15
icml-2026-21bf37d1d47a,ICML,oral,foundation_200,numbered_equation,appendix,core_chain,Eq. (8),15
icml-2026-21bf37d1d47a,ICML,oral,foundation_200,numbered_equation,appendix,core_chain,Eq. (9),15
icml-2026-21bf37d1d47a,ICML,oral,foundation_200,numbered_equation,appendix,core_chain,Eq. (10),15
icml-2026-21bf37d1d47a,ICML,oral,foundation_200,numbered_equation,appendix,core_chain,Eq. (11),15
icml-2026-21bf37d1d47a,ICML,oral,foundation_200,numbered_equation,appendix,core_chain,Eq. (12),15
icml-2026-21bf37d1d47a,ICML,oral,foundation_200,numbered_equation,appendix,core_chain,Eq. (13),15
icml-2026-21bf37d1d47a,ICML,oral,foundation_200,numbered_equation,appendix,core_chain,Eq. (14),16
icml-2026-21bf37d1d47a,ICML,oral,foundation_200,numbered_equation,appendix,core_chain,Eq. (15),16
icml-2026-21bf37d1d47a,ICML,oral,foundation_200,displayed_equation,appendix,explanation,Unnumbered prior and expectation formulas,16
icml-2026-e727e683b443,ICML,oral,foundation_200,numbered_equation,theory,core_chain,Equation (1): Gemma block forward pass,3
icml-2026-e727e683b443,ICML,oral,foundation_200,numbered_equation,theory,core_chain,Equation (2): Rank-1 update for W_gate,3
icml-2026-e727e683b443,ICML,oral,foundation_200,numbered_equation,theory,core_chain,Equation (3): Rank-1 update for W_up,3
icml-2026-e727e683b443,ICML,oral,foundation_200,numbered_equation,theory,core_chain,Equation (4): Elementwise update for m,3
icml-2026-e727e683b443,ICML,oral,foundation_200,numbered_equation,appendix,explanation,Equation (5): RMSNorm inversion objective,14
icml-2026-e727e683b443,ICML,oral,foundation_200,numbered_equation,appendix,explanation,Equation (6): Unit-RMS constraint,14
icml-2026-e727e683b443,ICML,oral,foundation_200,numbered_equation,appendix,explanation,Equation (7): Lagrange-stationary coordinate,14
icml-2026-e727e683b443,ICML,oral,foundation_200,numbered_equation,appendix,explanation,Equation (8): Root equation for μ,15
icml-2026-e727e683b443,ICML,oral,foundation_200,numbered_equation,appendix,diagnostic,Equation (9): Required fixed-norm output difference,20
icml-2026-e727e683b443,ICML,oral,foundation_200,numbered_equation,appendix,diagnostic,Equation (10): Fixed-scale RMSNorm,20
icml-2026-e727e683b443,ICML,oral,foundation_200,numbered_equation,appendix,diagnostic,Equation (11): Bound on RMSNorm image,20
icml-2026-e727e683b443,ICML,oral,foundation_200,numbered_equation,appendix,diagnostic,Equation (12): Bound on corrective difference,20
icml-2026-e727e683b443,ICML,oral,foundation_200,numbered_equation,appendix,explanation,Equation (13): Step-wise meta-loss update,20
icml-2026-e727e683b443,ICML,oral,foundation_200,numbered_equation,appendix,explanation,Equation (14): Llama trace meta-loss,21
icml-2026-e727e683b443,ICML,oral,foundation_200,numbered_equation,appendix,explanation,Equation (15): Gate target shift,21
icml-2026-e727e683b443,ICML,oral,foundation_200,numbered_equation,appendix,explanation,Equation (16): Up target shift,21
icml-2026-e727e683b443,ICML,oral,foundation_200,numbered_equation,appendix,explanation,Equation (17): Down target shift,21
icml-2026-e727e683b443,ICML,oral,foundation_200,numbered_equation,appendix,explanation,Equation (18): Gate gradient step,21
icml-2026-e727e683b443,ICML,oral,foundation_200,numbered_equation,appendix,explanation,Equation (19): Telescoping normalized states,21
icml-2026-e727e683b443,ICML,oral,foundation_200,numbered_equation,appendix,explanation,Equation (20): Gemma trace meta-loss,21
icml-2026-e727e683b443,ICML,oral,foundation_200,numbered_equation,appendix,explanation,Equation (21): Stable down target shift,21
icml-2026-e727e683b443,ICML,oral,foundation_200,numbered_equation,appendix,explanation,Equation (22): Remainder target shift,21
icml-2026-e727e683b443,ICML,oral,foundation_200,numbered_equation,appendix,explanation,Equation (23): Elementwise learning-rate preconditioner,21
icml-2026-e727e683b443,ICML,oral,foundation_200,numbered_equation,appendix,explanation,Equation (24): Scale coordinate-descent step,22
icml-2026-e727e683b443,ICML,oral,foundation_200,numbered_equation,appendix,explanation,Equation (25): Substituted scale update,22
icml-2026-e727e683b443,ICML,oral,foundation_200,numbered_equation,appendix,explanation,Equation (26): Telescoping stable scale update,22
icml-2026-e727e683b443,ICML,oral,foundation_200,theorem,theory,core_chain,Theorem 1: Single Block Equivalence,3
icml-2026-e727e683b443,ICML,oral,foundation_200,proof,theory,guarantee,Proof of Theorem 1,3
icml-2026-e727e683b443,ICML,oral,foundation_200,theorem,theory,core_chain,Theorem 2: Multi-Layer Equivalence,4
icml-2026-e727e683b443,ICML,oral,foundation_200,proof,theory,guarantee,Proof of Theorem 2,4
icml-2026-e727e683b443,ICML,oral,foundation_200,theorem,theory,core_chain,Theorem 3: Unified Theorem for Residual Blocks,8
icml-2026-e727e683b443,ICML,oral,foundation_200,proof,theory,guarantee,Proof of Theorem 3,8
icml-2026-e727e683b443,ICML,oral,foundation_200,lemma,appendix,guarantee,Lemma 1: Input Controllability of MLPs,12
icml-2026-e727e683b443,ICML,oral,foundation_200,proof,appendix,guarantee,Proof of Lemma 1,12
icml-2026-e727e683b443,ICML,oral,foundation_200,lemma,appendix,guarantee,Lemma 2: Input Controllability of Pre-Norm MLPs,12
icml-2026-e727e683b443,ICML,oral,foundation_200,proof,appendix,guarantee,Proof of Lemma 2,12
icml-2026-e727e683b443,ICML,oral,foundation_200,lemma,appendix,guarantee,Lemma 3: Output Controllability of Outer Bias,12
icml-2026-e727e683b443,ICML,oral,foundation_200,proof,appendix,guarantee,Proof of Lemma 3,12
icml-2026-e727e683b443,ICML,oral,foundation_200,lemma,appendix,guarantee,Lemma 4: Output Controllability of Outer Weight Matrix,12
icml-2026-e727e683b443,ICML,oral,foundation_200,proof,appendix,guarantee,Proof of Lemma 4,12
icml-2026-e727e683b443,ICML,oral,foundation_200,lemma,appendix,guarantee,Lemma 5: Output Controllability of Outer Element-wise Multiply,12
icml-2026-e727e683b443,ICML,oral,foundation_200,proof,appendix,guarantee,Proof of Lemma 5,12
icml-2026-e727e683b443,ICML,oral,foundation_200,lemma,appendix,guarantee,Lemma 6: Output Controllability of Mixture of Experts,12
icml-2026-e727e683b443,ICML,oral,foundation_200,proof,appendix,guarantee,Proof of Lemma 6,12
icml-2026-e727e683b443,ICML,oral,foundation_200,lemma,appendix,guarantee,Lemma 7: Implicit Updates in Parallel Blocks,13
icml-2026-e727e683b443,ICML,oral,foundation_200,proof,appendix,guarantee,Proof of Lemma 7,13
icml-2026-e727e683b443,ICML,oral,foundation_200,theorem,appendix,diagnostic,Theorem 4: Impossibility of Fixed Post-Normalization,20
icml-2026-e727e683b443,ICML,oral,foundation_200,proof,appendix,diagnostic,Proof of Theorem 4,20
icml-2026-ba706ff6b691,ICML,oral,foundation_200,numbered_equation,theory,explanation,Eq. (1) Forward diffusion transition,3
icml-2026-ba706ff6b691,ICML,oral,foundation_200,numbered_equation,theory,explanation,Eq. (2) Learned reverse conditional,3
icml-2026-ba706ff6b691,ICML,oral,foundation_200,numbered_equation,theory,core_chain,Eq. (3) DDIM sampling update,5
icml-2026-ba706ff6b691,ICML,oral,foundation_200,numbered_equation,theory,core_chain,Eq. (4) Per-step quantization error,5
icml-2026-ba706ff6b691,ICML,oral,foundation_200,numbered_equation,theory,core_chain,Eq. (5) Quantized DDIM update,5
icml-2026-ba706ff6b691,ICML,oral,foundation_200,numbered_equation,theory,core_chain,Eq. (6) State-error substitution,5
icml-2026-ba706ff6b691,ICML,oral,foundation_200,numbered_equation,theory,core_chain,Eq. (7) Error propagation recurrence,5
icml-2026-ba706ff6b691,ICML,oral,foundation_200,numbered_equation,theory,core_chain,Eq. (8) Cumulative-error closed form,5
icml-2026-ba706ff6b691,ICML,oral,foundation_200,numbered_equation,theory,explanation,Eq. (9) Telescoping propagation product,5
icml-2026-ba706ff6b691,ICML,oral,foundation_200,numbered_equation,theory,core_chain,Eq. (10) Simplified correction,6
icml-2026-ba706ff6b691,ICML,oral,foundation_200,numbered_equation,theory,core_chain,Eq. (11) Temporal-locality approximation,6
icml-2026-ba706ff6b691,ICML,oral,foundation_200,numbered_equation,theory,explanation,Eq. (12) Corrected-error recurrence,6
icml-2026-ba706ff6b691,ICML,oral,foundation_200,numbered_equation,theory,core_chain,Eq. (13) Two-step correction with m=1,6
icml-2026-ba706ff6b691,ICML,oral,foundation_200,numbered_equation,theory,core_chain,Eq. (14) Error reconstruction ansatz,6
icml-2026-ba706ff6b691,ICML,oral,foundation_200,numbered_equation,theory,core_chain,Eq. (15) Regularized MSE for K,7
icml-2026-ba706ff6b691,ICML,oral,foundation_200,numbered_equation,theory,explanation,Eq. (16) Stationarity condition for K,7
icml-2026-ba706ff6b691,ICML,oral,foundation_200,numbered_equation,theory,core_chain,Eq. (17) Closed-form channel coefficient K,7
icml-2026-ba706ff6b691,ICML,oral,foundation_200,numbered_equation,theory,core_chain,Eq. (18) Final TCEC correction,7
icml-2026-ba706ff6b691,ICML,oral,foundation_200,numbered_equation,appendix,guarantee,Eq. (19) Corrected cumulative error,13
icml-2026-ba706ff6b691,ICML,oral,foundation_200,numbered_equation,appendix,guarantee,Eq. (20) Propagation matrix in Appendix B,14
icml-2026-ba706ff6b691,ICML,oral,foundation_200,numbered_equation,appendix,guarantee,Eq. (21) Propagation-matrix bound,14
icml-2026-ba706ff6b691,ICML,oral,foundation_200,numbered_equation,appendix,guarantee,Eq. (22) Definition of rho bound,14
icml-2026-ba706ff6b691,ICML,oral,foundation_200,numbered_equation,appendix,guarantee,Eq. (23) Corrected-error upper bound,14
icml-2026-ba706ff6b691,ICML,oral,foundation_200,numbered_equation,appendix,guarantee,Eq. (24) Corrected noise residue,14
icml-2026-ba706ff6b691,ICML,oral,foundation_200,numbered_equation,appendix,guarantee,Eq. (25) Bound recursion,14
icml-2026-ba706ff6b691,ICML,oral,foundation_200,numbered_equation,appendix,guarantee,Eq. (26) Global corrected-error bound,14
icml-2026-ba706ff6b691,ICML,oral,foundation_200,numbered_equation,appendix,guarantee,Eq. (27) Expanded corrected-error bound,14
icml-2026-ba706ff6b691,ICML,oral,foundation_200,numbered_equation,appendix,guarantee,Eq. (28) Alpha monotonicity inequality,14
icml-2026-ba706ff6b691,ICML,oral,foundation_200,numbered_equation,appendix,guarantee,Eq. (29) Residue-sum bound,14
icml-2026-ba706ff6b691,ICML,oral,foundation_200,numbered_equation,appendix,guarantee,Eq. (30) Corrected global-error relation,15
icml-2026-ba706ff6b691,ICML,oral,foundation_200,numbered_equation,appendix,guarantee,Eq. (31) Uncorrected error recurrence,15
icml-2026-ba706ff6b691,ICML,oral,foundation_200,numbered_equation,appendix,guarantee,Eq. (32) Uncorrected-error upper bound,15
icml-2026-ba706ff6b691,ICML,oral,foundation_200,numbered_equation,appendix,guarantee,Eq. (33) Sufficient improvement condition,15
icml-2026-ba706ff6b691,ICML,oral,foundation_200,numbered_equation,appendix,guarantee,Eq. (34) m=1 criterion,15
icml-2026-ba706ff6b691,ICML,oral,foundation_200,numbered_equation,appendix,explanation,Eq. (35) DPM-Solver++ update,15
icml-2026-ba706ff6b691,ICML,oral,foundation_200,numbered_equation,appendix,explanation,Eq. (36) Perturbed DPM update,16
icml-2026-ba706ff6b691,ICML,oral,foundation_200,numbered_equation,appendix,explanation,Eq. (37) Second-order Taylor expansion,16
icml-2026-ba706ff6b691,ICML,oral,foundation_200,numbered_equation,appendix,explanation,Eq. (38) DPM propagation matrix A,16
icml-2026-ba706ff6b691,ICML,oral,foundation_200,numbered_equation,appendix,explanation,Eq. (39) DPM propagation matrix B,16
icml-2026-ba706ff6b691,ICML,oral,foundation_200,numbered_equation,appendix,explanation,Eq. (40) DPM error recurrence,16
icml-2026-ba706ff6b691,ICML,oral,foundation_200,numbered_equation,appendix,explanation,Eq. (41) DPM temporal dependency,16
icml-2026-ba706ff6b691,ICML,oral,foundation_200,numbered_equation,appendix,explanation,Eq. (42) Truncated SVD Jacobian,16
icml-2026-ba706ff6b691,ICML,oral,foundation_200,numbered_equation,appendix,explanation,Eq. (43) Approximated DPM propagation,16
icml-2026-ba706ff6b691,ICML,oral,foundation_200,numbered_equation,appendix,explanation,Eq. (44) DPM correction term,16
icml-2026-ba706ff6b691,ICML,oral,foundation_200,numbered_equation,appendix,explanation,Eq. (45) DPM temporal weights,17
icml-2026-ba706ff6b691,ICML,oral,foundation_200,proof,appendix,guarantee,Appendix A support for Approximation 1,13
icml-2026-ba706ff6b691,ICML,oral,foundation_200,proof,appendix,guarantee,Appendix B derivation of m=1,15
icml-2026-9407bcbd715b,ICML,oral,foundation_200,numbered_equation,theory,core_chain,Equation (1): generalized additive decomposition,2
icml-2026-9407bcbd715b,ICML,oral,foundation_200,numbered_equation,theory,guarantee,Equation (2): hierarchical orthogonality constraint,2
icml-2026-9407bcbd715b,ICML,oral,foundation_200,numbered_equation,theory,explanation,Equation (3): independent Möbius formula,2
icml-2026-9407bcbd715b,ICML,oral,foundation_200,numbered_equation,theory,explanation,Equation (4): dividend Shapley value,2
icml-2026-9407bcbd715b,ICML,oral,foundation_200,numbered_equation,theory,explanation,Equation (5): ANOVA-based local Shapley value,3
icml-2026-9407bcbd715b,ICML,oral,foundation_200,numbered_equation,theory,core_chain,Equation (6): categorical hypergrid E,3
icml-2026-9407bcbd715b,ICML,oral,foundation_200,numbered_equation,theory,core_chain,Equation (7): hypergrid cardinality decomposition,3
icml-2026-9407bcbd715b,ICML,oral,foundation_200,numbered_equation,theory,core_chain,Equation (8): Fourier expansion,4
icml-2026-9407bcbd715b,ICML,oral,foundation_200,numbered_equation,theory,core_chain,Equation (9): component aggregation,4
icml-2026-9407bcbd715b,ICML,oral,foundation_200,numbered_equation,theory,explanation,Equation (10): additive and residual split,4
icml-2026-9407bcbd715b,ICML,oral,foundation_200,numbered_equation,theory,explanation,Equation (11): uniform Boolean parity basis,4
icml-2026-9407bcbd715b,ICML,oral,foundation_200,numbered_equation,theory,core_chain,Equation (12): basis inner product γ,4
icml-2026-9407bcbd715b,ICML,oral,foundation_200,numbered_equation,theory,core_chain,Equation (13): Gram matrix blocks,4
icml-2026-9407bcbd715b,ICML,oral,foundation_200,numbered_equation,theory,core_chain,Equation (14): coefficient moment μ,5
icml-2026-9407bcbd715b,ICML,oral,foundation_200,numbered_equation,theory,core_chain,Equation (15): stacked mean vector,5
icml-2026-9407bcbd715b,ICML,oral,foundation_200,numbered_equation,theory,core_chain,Equation (16): linear system Γc=μ,5
icml-2026-9407bcbd715b,ICML,oral,foundation_200,numbered_equation,method,core_chain,Equation (17): selected sparse basis,5
icml-2026-9407bcbd715b,ICML,oral,foundation_200,numbered_equation,method,core_chain,Equation (18): restricted sparse expansion,5
icml-2026-9407bcbd715b,ICML,oral,foundation_200,numbered_equation,method,explanation,Equation (19): three-point correlated-support vectors,6
icml-2026-9407bcbd715b,ICML,oral,foundation_200,numbered_equation,experimental_design,explanation,Equation (20): synthetic target function,6
icml-2026-9407bcbd715b,ICML,oral,foundation_200,numbered_equation,results,diagnostic,Equation (21): class-feature integrated squared error,7
icml-2026-9407bcbd715b,ICML,oral,foundation_200,numbered_equation,results,diagnostic,Equation (22): global main-effect L1 importance,7
icml-2026-9407bcbd715b,ICML,oral,foundation_200,numbered_equation,results,explanation,Equation (23): residual-allocated local Shapley value,8
icml-2026-9407bcbd715b,ICML,oral,foundation_200,displayed_equation,theory,core_chain,Definition 3.1: inverse likelihood mechanism,3
icml-2026-9407bcbd715b,ICML,oral,foundation_200,theorem,theory,guarantee,Theorem 3.2,4
icml-2026-9407bcbd715b,ICML,oral,foundation_200,corollary,theory,guarantee,Corollary 3.4,4
icml-2026-9407bcbd715b,ICML,oral,foundation_200,corollary,theory,guarantee,Corollary 3.5,4
icml-2026-9407bcbd715b,ICML,oral,foundation_200,proposition,theory,core_chain,Proposition 3.10,5
icml-2026-9407bcbd715b,ICML,oral,foundation_200,theorem,method,guarantee,Theorem 4.1,5
icml-2026-9407bcbd715b,ICML,oral,foundation_200,corollary,method,core_chain,Corollary 4.2,5
icml-2026-9407bcbd715b,ICML,oral,foundation_200,numbered_equation,appendix,guarantee,Equation (24): ψ definition,12
icml-2026-9407bcbd715b,ICML,oral,foundation_200,numbered_equation,appendix,guarantee,Equation (25): Gi family,12
icml-2026-9407bcbd715b,ICML,oral,foundation_200,numbered_equation,appendix,guarantee,Equation (26): indicator span,12
icml-2026-9407bcbd715b,ICML,oral,foundation_200,numbered_equation,appendix,guarantee,Equation (27): last-category indicator,12
icml-2026-9407bcbd715b,ICML,oral,foundation_200,numbered_equation,appendix,guarantee,Equation (28): other-category indicator,12
icml-2026-9407bcbd715b,ICML,oral,foundation_200,numbered_equation,appendix,guarantee,Equation (29): L2 spanning family,12
icml-2026-9407bcbd715b,ICML,oral,foundation_200,numbered_equation,appendix,guarantee,Equation (30): orthogonality target,13
icml-2026-9407bcbd715b,ICML,oral,foundation_200,numbered_equation,appendix,guarantee,Equation (31): basis rewrite,13
icml-2026-9407bcbd715b,ICML,oral,foundation_200,numbered_equation,appendix,guarantee,Equation (32): basis support,13
icml-2026-9407bcbd715b,ICML,oral,foundation_200,numbered_equation,appendix,guarantee,Equation (33): product support,13
icml-2026-9407bcbd715b,ICML,oral,foundation_200,numbered_equation,appendix,guarantee,Equation (34): Bu=v,14
icml-2026-9407bcbd715b,ICML,oral,foundation_200,numbered_equation,appendix,guarantee,Equation (35): Bu≠v,14
icml-2026-9407bcbd715b,ICML,oral,foundation_200,numbered_equation,appendix,guarantee,Equation (36): set partition,14
icml-2026-9407bcbd715b,ICML,oral,foundation_200,numbered_equation,appendix,guarantee,Equation (37): product identity,14
icml-2026-9407bcbd715b,ICML,oral,foundation_200,numbered_equation,appendix,guarantee,"Equation (38): support S(u,v)",14
icml-2026-9407bcbd715b,ICML,oral,foundation_200,numbered_equation,appendix,guarantee,Equation (39): inner product,14
icml-2026-9407bcbd715b,ICML,oral,foundation_200,numbered_equation,appendix,guarantee,Equation (40): sign simplification,14
icml-2026-9407bcbd715b,ICML,oral,foundation_200,numbered_equation,appendix,guarantee,Equation (41): scalar product,14
icml-2026-9407bcbd715b,ICML,oral,foundation_200,numbered_equation,appendix,guarantee,Equation (42): factorization,14
icml-2026-9407bcbd715b,ICML,oral,foundation_200,numbered_equation,appendix,guarantee,Equation (43): vanishing sum,14
icml-2026-9407bcbd715b,ICML,oral,foundation_200,numbered_equation,appendix,guarantee,Equation (44): orthogonality conclusion,14
icml-2026-9407bcbd715b,ICML,oral,foundation_200,numbered_equation,appendix,guarantee,Equation (45): independent-case orthogonality,15
icml-2026-9407bcbd715b,ICML,oral,foundation_200,numbered_equation,appendix,guarantee,Equation (46): basis product,15
icml-2026-9407bcbd715b,ICML,oral,foundation_200,numbered_equation,appendix,guarantee,Equation (47): disjoint-union rewrite,15
icml-2026-9407bcbd715b,ICML,oral,foundation_200,numbered_equation,appendix,guarantee,Equation (48): expectation relation,15
icml-2026-9407bcbd715b,ICML,oral,foundation_200,numbered_equation,appendix,guarantee,Equation (49): independence relation,15
icml-2026-9407bcbd715b,ICML,oral,foundation_200,numbered_equation,appendix,guarantee,Equation (50): Boolean parity recovery,15
icml-2026-9407bcbd715b,ICML,oral,foundation_200,numbered_equation,appendix,guarantee,Equation (51): coefficient inner product,15
icml-2026-9407bcbd715b,ICML,oral,foundation_200,numbered_equation,appendix,guarantee,Equation (52): block stacking,16
icml-2026-9407bcbd715b,ICML,oral,foundation_200,numbered_equation,appendix,guarantee,Equation (53): matrix multiplication,16
icml-2026-9407bcbd715b,ICML,oral,foundation_200,numbered_equation,appendix,guarantee,Equation (54): subvector independence,16
icml-2026-9407bcbd715b,ICML,oral,foundation_200,numbered_equation,appendix,guarantee,Equation (55): selected-basis expansion,16
icml-2026-9407bcbd715b,ICML,oral,foundation_200,numbered_equation,appendix,diagnostic,Equation (56): TreeHFD synthetic target,17
icml-2026-9407bcbd715b,ICML,oral,foundation_200,lemma,appendix,guarantee,Lemma A.1,12
icml-2026-9407bcbd715b,ICML,oral,foundation_200,lemma,appendix,guarantee,Lemma A.2,12
icml-2026-9407bcbd715b,ICML,oral,foundation_200,lemma,appendix,guarantee,Lemma A.3,13
icml-2026-9407bcbd715b,ICML,oral,foundation_200,proof,appendix,guarantee,Appendix A proof suite,12
icml-2026-eb5aba1da40d,ICML,oral,foundation_200,displayed_equation,other,explanation,Attention softmax definition,3
icml-2026-eb5aba1da40d,ICML,oral,foundation_200,displayed_equation,theory,core_chain,Function composition objective,3
icml-2026-eb5aba1da40d,ICML,oral,foundation_200,theorem,theory,guarantee,Theorem 3.3,4
icml-2026-eb5aba1da40d,ICML,oral,foundation_200,lemma,theory,core_chain,Lemma 3.5,4
icml-2026-eb5aba1da40d,ICML,oral,foundation_200,proof,appendix,core_chain,Proof of Lemma 3.5,17
icml-2026-eb5aba1da40d,ICML,oral,foundation_200,proof,appendix,guarantee,Proof of Theorem 3.3,18
icml-2026-eb5aba1da40d,ICML,oral,foundation_200,theorem,theory,guarantee,Theorem 3.7,4
icml-2026-eb5aba1da40d,ICML,oral,foundation_200,proof,appendix,guarantee,Proof of Theorem 3.7,19
icml-2026-eb5aba1da40d,ICML,oral,foundation_200,displayed_equation,method,core_chain,Merged SSM state and output,5
icml-2026-eb5aba1da40d,ICML,oral,foundation_200,displayed_equation,method,explanation,SSM output matrix and trailing u/v block,5
icml-2026-eb5aba1da40d,ICML,oral,foundation_200,displayed_equation,method,core_chain,TF query/key/value wiring,6
icml-2026-eb5aba1da40d,ICML,oral,foundation_200,theorem,theory,guarantee,Theorem 4.2,6
icml-2026-eb5aba1da40d,ICML,oral,foundation_200,proof,appendix,guarantee,Proof of Theorem 4.2,19
icml-2026-eb5aba1da40d,ICML,oral,foundation_200,theorem,theory,core_chain,Theorem 4.3,6
icml-2026-eb5aba1da40d,ICML,oral,foundation_200,proof,appendix,core_chain,Proof of Theorem 4.3,20
icml-2026-eb5aba1da40d,ICML,oral,foundation_200,theorem,theory,guarantee,Theorem 4.5,7
icml-2026-eb5aba1da40d,ICML,oral,foundation_200,proof,appendix,guarantee,Proof of Theorem 4.5,22
icml-2026-eb5aba1da40d,ICML,oral,foundation_200,theorem,theory,core_chain,Theorem 4.6,7
icml-2026-eb5aba1da40d,ICML,oral,foundation_200,proof,appendix,core_chain,Proof of Theorem 4.6,22
icml-2026-8c4a48256331,ICML,oral,foundation_200,numbered_equation,theory,explanation,Equations (1)–(5),2
icml-2026-8c4a48256331,ICML,oral,foundation_200,numbered_equation,theory,core_chain,Equations (6)–(7),2
icml-2026-8c4a48256331,ICML,oral,foundation_200,proposition,theory,core_chain,Proposition 1,3
icml-2026-8c4a48256331,ICML,oral,foundation_200,numbered_equation,theory,core_chain,Equations (8)–(11),3
icml-2026-8c4a48256331,ICML,oral,foundation_200,theorem,theory,guarantee,Theorem 2,3
icml-2026-8c4a48256331,ICML,oral,foundation_200,numbered_equation,theory,core_chain,Equations (12)–(14),4
icml-2026-8c4a48256331,ICML,oral,foundation_200,proposition,theory,core_chain,Proposition 3,4
icml-2026-8c4a48256331,ICML,oral,foundation_200,numbered_equation,theory,core_chain,Equations (15)–(17),5
icml-2026-8c4a48256331,ICML,oral,foundation_200,corollary,theory,explanation,Corollary 4,5
icml-2026-8c4a48256331,ICML,oral,foundation_200,theorem,theory,guarantee,Theorem 5,5
icml-2026-8c4a48256331,ICML,oral,foundation_200,numbered_equation,appendix,explanation,Equations (18)–(20),14
icml-2026-8c4a48256331,ICML,oral,foundation_200,numbered_equation,appendix,explanation,Equation (21),15
icml-2026-8c4a48256331,ICML,oral,foundation_200,lemma,appendix,core_chain,Lemma 6,15
icml-2026-8c4a48256331,ICML,oral,foundation_200,numbered_equation,appendix,core_chain,Equations (22)–(23),16
icml-2026-8c4a48256331,ICML,oral,foundation_200,theorem,appendix,core_chain,Theorem 7,16
icml-2026-8c4a48256331,ICML,oral,foundation_200,proof,appendix,guarantee,Appendix D.1–D.3,17
icml-2026-8c4a48256331,ICML,oral,foundation_200,numbered_equation,appendix,guarantee,Equation (24),19
icml-2026-8c4a48256331,ICML,oral,foundation_200,proof,appendix,guarantee,Appendix E.1–E.2,19
icml-2026-8c4a48256331,ICML,oral,foundation_200,numbered_equation,appendix,core_chain,Equations (25)–(31),21
icml-2026-8c4a48256331,ICML,oral,foundation_200,proof,appendix,guarantee,Appendix F,21
icml-2026-8c4a48256331,ICML,oral,foundation_200,numbered_equation,appendix,diagnostic,Equations (32)–(34),32
icml-2026-c61e72161d50,ICML,oral,foundation_200,numbered_equation,other,guarantee,Equation (1): OSE definition,3
icml-2026-c61e72161d50,ICML,oral,foundation_200,numbered_equation,other,explanation,Equation (2): block coherence,3
icml-2026-c61e72161d50,ICML,oral,foundation_200,numbered_equation,theory,explanation,Equation (3): neighborhood N(g),6
icml-2026-c61e72161d50,ICML,oral,foundation_200,numbered_equation,theory,explanation,Equation (4): neighborhood coherence,6
icml-2026-c61e72161d50,ICML,oral,foundation_200,theorem,theory,core_chain,Theorem 6.2: OSE for BLOCKPERM-SJLT,6
icml-2026-c61e72161d50,ICML,oral,foundation_200,numbered_equation,theory,guarantee,Equations (5)–(6): OSE conditions and conclusion,6
icml-2026-c61e72161d50,ICML,oral,foundation_200,numbered_equation,theory,diagnostic,Equation (7): deterministic coherence bounds,6
icml-2026-c61e72161d50,ICML,oral,foundation_200,numbered_equation,theory,guarantee,Equation (8): random-permutation smoothing bound,7
icml-2026-c61e72161d50,ICML,oral,foundation_200,numbered_equation,appendix,explanation,Equations (9)–(10): appendix block construction,11
icml-2026-c61e72161d50,ICML,oral,foundation_200,lemma,appendix,core_chain,Lemma A.1: neighborhood energy identity,11
icml-2026-c61e72161d50,ICML,oral,foundation_200,lemma,appendix,guarantee,Lemma A.2: row-partitioned SJLT fixed-vector bound,11
icml-2026-c61e72161d50,ICML,oral,foundation_200,numbered_equation,appendix,explanation,Equations (16)–(24): JL-tail parameter inversion,12
icml-2026-c61e72161d50,ICML,oral,foundation_200,proposition,appendix,guarantee,Proposition A.5: fixed-vector JL for BLOCKPERM-SJLT,12
icml-2026-c61e72161d50,ICML,oral,foundation_200,lemma,appendix,explanation,Lemma A.7: Bernstein inequality,13
icml-2026-c61e72161d50,ICML,oral,foundation_200,numbered_equation,appendix,explanation,Equations (30)–(43): sub-exponential and Bernstein derivation,13
icml-2026-c61e72161d50,ICML,oral,foundation_200,theorem,appendix,guarantee,Theorem A.8: OSE proof via η-net,14
icml-2026-c61e72161d50,ICML,oral,foundation_200,proof,appendix,core_chain,Appendix A proof chain,11
icml-2026-c61e72161d50,ICML,oral,foundation_200,lemma,appendix,diagnostic,Lemma A.9: neighborhood versus block coherence,15
icml-2026-c61e72161d50,ICML,oral,foundation_200,lemma,appendix,explanation,Lemma A.10: matrix Chernoff upper tail,15
icml-2026-c61e72161d50,ICML,oral,foundation_200,proposition,appendix,guarantee,Proposition A.11: random permutations smooth coherence,15
icml-2026-c61e72161d50,ICML,oral,foundation_200,numbered_equation,appendix,explanation,Equations (52)–(53): full-cycle affine wiring,17
icml-2026-c61e72161d50,ICML,oral,foundation_200,numbered_equation,appendix,diagnostic,Equations (54)–(57): GraSS LDS protocol,18
icml-2026-c61e72161d50,ICML,oral,foundation_200,displayed_equation,appendix,diagnostic,Appendix F.1 task metrics,18
icml-2026-c61e72161d50,ICML,oral,foundation_200,displayed_equation,appendix,diagnostic,Appendix F.1 ridge/solve residual definitions,19
icml-2026-f2ef0d36bc74,ICML,oral,foundation_200,numbered_equation,method,core_chain,Eqs. (1)–(2): π(δ) and Markov transition P,2
icml-2026-f2ef0d36bc74,ICML,oral,foundation_200,numbered_equation,method,core_chain,"Eqs. (3)–(5): loss, gradient flow, population gradients",3
icml-2026-f2ef0d36bc74,ICML,oral,foundation_200,lemma,theory,core_chain,Lemma 3.1: Linearization near a saddle point,3
icml-2026-f2ef0d36bc74,ICML,oral,foundation_200,theorem,theory,core_chain,Theorem 3.2: Initial condensation,4
icml-2026-f2ef0d36bc74,ICML,oral,foundation_200,proposition,theory,core_chain,Proposition 3.3: second critical point on condensation ray,4
icml-2026-f2ef0d36bc74,ICML,oral,foundation_200,proposition,theory,core_chain,Proposition 3.4: block linearization and unstable attention direction,4
icml-2026-f2ef0d36bc74,ICML,oral,foundation_200,theorem,theory,core_chain,Theorem 3.5: High frequency token bias,4
icml-2026-f2ef0d36bc74,ICML,oral,foundation_200,numbered_equation,theory,explanation,Eqs. (16)–(17): score alignment and attention limit,5
icml-2026-f2ef0d36bc74,ICML,oral,foundation_200,proposition,theory,core_chain,Proposition 3.6: Invariant rank-one manifold,5
icml-2026-f2ef0d36bc74,ICML,oral,foundation_200,theorem,theory,core_chain,Theorem 3.7: Mass redistribution,5
icml-2026-f2ef0d36bc74,ICML,oral,foundation_200,proposition,theory,diagnostic,Proposition 3.8: Degenerate critical point,5
icml-2026-f2ef0d36bc74,ICML,oral,foundation_200,theorem,theory,core_chain,Theorem 3.9: Asymmetry lifts degeneracy,6
icml-2026-f2ef0d36bc74,ICML,oral,foundation_200,proof,appendix,explanation,"Appendix B, Eqs. (25)–(41): Markov and gradient details",13
icml-2026-f2ef0d36bc74,ICML,oral,foundation_200,proof,appendix,guarantee,"Appendix C.1, Eqs. (42)–(126): Lemma 3.1 and stage-I/II transition",17
icml-2026-f2ef0d36bc74,ICML,oral,foundation_200,proof,appendix,explanation,"Appendix C.2–C.3, Eqs. (127)–(159): focus and dilution details",26
icml-2026-f2ef0d36bc74,ICML,oral,foundation_200,proof,appendix,explanation,"Appendix D.1–D.2, Eqs. (160)–(177): degeneracy and reduction",33
icml-2026-f2ef0d36bc74,ICML,oral,foundation_200,proof,appendix,guarantee,"Appendix D.3, Eqs. (178)–(230): derivative toolbox and transverse eigenvalue",37
icml-2026-121abf6fcacd,ICML,oral,foundation_200,displayed_equation,method,explanation,Mean-field empirical measure M(X),3
icml-2026-121abf6fcacd,ICML,oral,foundation_200,displayed_equation,method,core_chain,Decoder-cell partition E_t,4
icml-2026-121abf6fcacd,ICML,oral,foundation_200,displayed_equation,method,core_chain,Prompt region E_t^m,4
icml-2026-121abf6fcacd,ICML,oral,foundation_200,displayed_equation,theory,core_chain,Accessible sequence definition,5
icml-2026-121abf6fcacd,ICML,oral,foundation_200,displayed_equation,theory,core_chain,Finite precision quantization,5
icml-2026-121abf6fcacd,ICML,oral,foundation_200,theorem,theory,core_chain,Theorem 4.6,5
icml-2026-121abf6fcacd,ICML,oral,foundation_200,corollary,theory,core_chain,Corollary 4.7,5
icml-2026-121abf6fcacd,ICML,oral,foundation_200,displayed_equation,theory,core_chain,Finite Wasserstein precision,6
icml-2026-121abf6fcacd,ICML,oral,foundation_200,theorem,theory,guarantee,Theorem 4.10,6
icml-2026-121abf6fcacd,ICML,oral,foundation_200,corollary,theory,guarantee,Corollary 4.11,6
icml-2026-121abf6fcacd,ICML,oral,foundation_200,numbered_equation,experimental_design,core_chain,Equation (1): Cramming loss,7
icml-2026-121abf6fcacd,ICML,oral,foundation_200,numbered_equation,experimental_design,core_chain,Equation (2): Greedy decoding criterion,7
icml-2026-121abf6fcacd,ICML,oral,foundation_200,proposition,appendix,guarantee,Proposition C.2,16
icml-2026-121abf6fcacd,ICML,oral,foundation_200,proposition,appendix,guarantee,Proposition C.3,16
icml-2026-121abf6fcacd,ICML,oral,foundation_200,lemma,appendix,explanation,Lemma C.4,16
icml-2026-121abf6fcacd,ICML,oral,foundation_200,lemma,appendix,explanation,Lemma C.5,16
icml-2026-121abf6fcacd,ICML,oral,foundation_200,lemma,appendix,explanation,Lemma C.6,17
icml-2026-121abf6fcacd,ICML,oral,foundation_200,lemma,appendix,explanation,Lemma C.7,17
icml-2026-121abf6fcacd,ICML,oral,foundation_200,proposition,appendix,explanation,Proposition D.3,18
icml-2026-121abf6fcacd,ICML,oral,foundation_200,theorem,appendix,guarantee,Theorem E.3,19
icml-2026-121abf6fcacd,ICML,oral,foundation_200,lemma,appendix,explanation,Lemma E.4,19
icml-2026-121abf6fcacd,ICML,oral,foundation_200,lemma,appendix,explanation,Lemma E.6,20
icml-2026-121abf6fcacd,ICML,oral,foundation_200,numbered_equation,appendix,explanation,Equation (3): n-fold cell-volume convolution,20
icml-2026-121abf6fcacd,ICML,oral,foundation_200,numbered_equation,appendix,core_chain,Equation (4): median accessibility threshold,20
icml-2026-121abf6fcacd,ICML,oral,foundation_200,proposition,appendix,guarantee,Proposition F.2,21
icml-2026-121abf6fcacd,ICML,oral,foundation_200,proposition,appendix,guarantee,Proposition F.3,21
icml-2026-121abf6fcacd,ICML,oral,foundation_200,lemma,appendix,explanation,Lemma F.4,21
icml-2026-121abf6fcacd,ICML,oral,foundation_200,corollary,appendix,guarantee,Corollary F.5,23
icml-2026-121abf6fcacd,ICML,oral,foundation_200,proposition,appendix,guarantee,Proposition F.6,23
icml-2026-e0395b78826d,ICML,oral,foundation_200,numbered_equation,method,core_chain,Eq. (1),4
icml-2026-e0395b78826d,ICML,oral,foundation_200,displayed_equation,method,core_chain,String-preserving reporting inequality,5
icml-2026-e0395b78826d,ICML,oral,foundation_200,numbered_equation,method,core_chain,Eq. (2),6
icml-2026-e0395b78826d,ICML,oral,foundation_200,numbered_equation,theory,guarantee,Eq. (3),7
icml-2026-e0395b78826d,ICML,oral,foundation_200,theorem,theory,guarantee,Theorem 3,7
icml-2026-e0395b78826d,ICML,oral,foundation_200,numbered_equation,results,explanation,Eq. (4),9
icml-2026-e0395b78826d,ICML,oral,foundation_200,proposition,theory,guarantee,Proposition 5,10
icml-2026-e0395b78826d,ICML,oral,foundation_200,numbered_equation,theory,guarantee,Eq. (5),10
icml-2026-e0395b78826d,ICML,oral,foundation_200,theorem,theory,guarantee,Theorem 6,10
icml-2026-e0395b78826d,ICML,oral,foundation_200,corollary,theory,guarantee,Corollary 7,11
icml-2026-e0395b78826d,ICML,oral,foundation_200,numbered_equation,appendix,guarantee,Eq. (6),20
icml-2026-e0395b78826d,ICML,oral,foundation_200,numbered_equation,appendix,guarantee,Eq. (7),21
icml-2026-e0395b78826d,ICML,oral,foundation_200,numbered_equation,appendix,guarantee,Eq. (8),21
icml-2026-e0395b78826d,ICML,oral,foundation_200,numbered_equation,appendix,guarantee,Eq. (9),22
icml-2026-e0395b78826d,ICML,oral,foundation_200,numbered_equation,appendix,guarantee,Eq. (10),22
icml-2026-e0395b78826d,ICML,oral,foundation_200,proof,appendix,guarantee,Proof of Proposition 5,22
icml-2026-e0395b78826d,ICML,oral,foundation_200,proof,appendix,guarantee,Proof of Theorem 6,22
icml-2026-4f5bde46fdf3,ICML,oral,foundation_200,displayed_equation,other,explanation,MDM forward corruption factorization,2
icml-2026-4f5bde46fdf3,ICML,oral,foundation_200,numbered_equation,other,explanation,Equation (2.1),2
icml-2026-4f5bde46fdf3,ICML,oral,foundation_200,numbered_equation,other,core_chain,Equation (2.2),3
icml-2026-4f5bde46fdf3,ICML,oral,foundation_200,displayed_equation,other,diagnostic,High-confidence selection rule,3
icml-2026-4f5bde46fdf3,ICML,oral,foundation_200,displayed_equation,other,diagnostic,Fast-dLLM threshold rule,3
icml-2026-4f5bde46fdf3,ICML,oral,foundation_200,displayed_equation,method,core_chain,MDP expected-return objective,4
icml-2026-4f5bde46fdf3,ICML,oral,foundation_200,displayed_equation,method,core_chain,"Policy logits b_t=f_ϕ(c_t,m_t,t)",4
icml-2026-4f5bde46fdf3,ICML,oral,foundation_200,displayed_equation,method,core_chain,Bernoulli action likelihood,5
icml-2026-4f5bde46fdf3,ICML,oral,foundation_200,displayed_equation,method,core_chain,GRPO group-relative advantage,5
icml-2026-4f5bde46fdf3,ICML,oral,foundation_200,displayed_equation,method,core_chain,GRPO clipped objective,5
icml-2026-4f5bde46fdf3,ICML,oral,foundation_200,numbered_equation,method,core_chain,Equation (3.1),6
icml-2026-4f5bde46fdf3,ICML,oral,foundation_200,displayed_equation,appendix,diagnostic,DPLS permutation likelihood,32
icml-2026-4f5bde46fdf3,ICML,oral,foundation_200,displayed_equation,appendix,diagnostic,DPLS fixed-set likelihood,32
icml-2026-4f5bde46fdf3,ICML,oral,foundation_200,displayed_equation,appendix,diagnostic,DPLS STOP sampling rule,32
icml-2026-4f5bde46fdf3,ICML,oral,foundation_200,displayed_equation,appendix,explanation,Expert Steering mixture,33
icml-2026-4f5bde46fdf3,ICML,oral,foundation_200,displayed_equation,appendix,explanation,Masked diffusion kernel,34
icml-2026-4f5bde46fdf3,ICML,oral,foundation_200,displayed_equation,appendix,explanation,Uniform-state diffusion kernel,34
icml-2026-c53ab491ce08,ICML,oral,foundation_200,displayed_equation,method,core_chain,"Program definition τ=(zi1,…,ziK)",3
icml-2026-c53ab491ce08,ICML,oral,foundation_200,displayed_equation,method,core_chain,Functional composition fτ,3
icml-2026-c53ab491ce08,ICML,oral,foundation_200,numbered_equation,method,core_chain,Equation (1),3
icml-2026-c53ab491ce08,ICML,oral,foundation_200,numbered_equation,method,core_chain,Equation (2),3
icml-2026-c53ab491ce08,ICML,oral,foundation_200,numbered_equation,method,core_chain,Equation (3),4
icml-2026-c53ab491ce08,ICML,oral,foundation_200,numbered_equation,method,core_chain,Equation (4),4
icml-2026-c53ab491ce08,ICML,oral,foundation_200,numbered_equation,method,core_chain,Equation (5),5
icml-2026-c53ab491ce08,ICML,oral,foundation_200,numbered_equation,method,core_chain,Equation (6),5
icml-2026-c53ab491ce08,ICML,oral,foundation_200,numbered_equation,method,core_chain,Equation (7),5
icml-2026-c53ab491ce08,ICML,oral,foundation_200,numbered_equation,appendix,diagnostic,Equation (8),15
icml-2026-c53ab491ce08,ICML,oral,foundation_200,numbered_equation,appendix,diagnostic,Equation (9),15
icml-2026-c53ab491ce08,ICML,oral,foundation_200,displayed_equation,appendix,diagnostic,Code–primitive alignment matrix Cᵢⱼ,15
icml-2026-c53ab491ce08,ICML,oral,foundation_200,numbered_equation,appendix,diagnostic,Equation (10),15
icml-2026-c53ab491ce08,ICML,oral,foundation_200,numbered_equation,appendix,diagnostic,Equation (11),16
icml-2026-97ca1f9966be,ICML,oral,foundation_200,numbered_equation,method,core_chain,Equation (1),3
icml-2026-97ca1f9966be,ICML,oral,foundation_200,numbered_equation,method,core_chain,Equation (2),5
icml-2026-97ca1f9966be,ICML,oral,foundation_200,displayed_equation,method,core_chain,Algorithm 1 acceptance ratio,4
icml-2026-97ca1f9966be,ICML,oral,foundation_200,proposition,method,guarantee,Proposition 1,3
icml-2026-97ca1f9966be,ICML,oral,foundation_200,proof,appendix,guarantee,Proof of Proposition 1,13
icml-2026-97ca1f9966be,ICML,oral,foundation_200,proof,appendix,explanation,Verification of Example 1,14
icml-2026-97ca1f9966be,ICML,oral,foundation_200,proof,appendix,explanation,Verification of Example 2,15
icml-2026-97ca1f9966be,ICML,oral,foundation_200,proof,appendix,explanation,Verification of Example 3,15
icml-2026-97ca1f9966be,ICML,oral,foundation_200,proposition,method,core_chain,Proposition 2,3
icml-2026-97ca1f9966be,ICML,oral,foundation_200,proof,appendix,core_chain,Proof of Proposition 2,15
icml-2026-97ca1f9966be,ICML,oral,foundation_200,lemma,theory,guarantee,Lemma 1,6
icml-2026-97ca1f9966be,ICML,oral,foundation_200,proof,appendix,guarantee,Proof of Lemma 1,16
icml-2026-97ca1f9966be,ICML,oral,foundation_200,theorem,theory,guarantee,Theorem 1,6
icml-2026-97ca1f9966be,ICML,oral,foundation_200,proof,appendix,guarantee,Proof of Theorem 1,17
icml-2026-97ca1f9966be,ICML,oral,foundation_200,proposition,theory,guarantee,Proposition 3,7
icml-2026-97ca1f9966be,ICML,oral,foundation_200,proof,appendix,guarantee,Proof of Proposition 3,19
icml-2026-97ca1f9966be,ICML,oral,foundation_200,proposition,theory,guarantee,Proposition 4,7
icml-2026-97ca1f9966be,ICML,oral,foundation_200,proof,appendix,guarantee,Proof of Proposition 4,19
icml-2026-97ca1f9966be,ICML,oral,foundation_200,proposition,theory,guarantee,Proposition 5,7
icml-2026-97ca1f9966be,ICML,oral,foundation_200,proof,appendix,guarantee,Proof of Proposition 5,21
icml-2026-97ca1f9966be,ICML,oral,foundation_200,theorem,appendix,guarantee,Theorem 2,18
icml-2026-97ca1f9966be,ICML,oral,foundation_200,proof,appendix,guarantee,Proof of Theorem 2,19
icml-2026-97ca1f9966be,ICML,oral,foundation_200,proposition,appendix,diagnostic,Proposition 6,18
icml-2026-97ca1f9966be,ICML,oral,foundation_200,proposition,appendix,explanation,Proposition 7,21
icml-2026-97ca1f9966be,ICML,oral,foundation_200,proof,appendix,explanation,Proof of Proposition 7,21
icml-2026-97ca1f9966be,ICML,oral,foundation_200,proposition,appendix,explanation,Proposition 8,21
icml-2026-97ca1f9966be,ICML,oral,foundation_200,proof,appendix,explanation,Proof of Proposition 8,22
icml-2026-97ca1f9966be,ICML,oral,foundation_200,proposition,appendix,explanation,Proposition 9,22
icml-2026-97ca1f9966be,ICML,oral,foundation_200,proof,appendix,explanation,Proof of Proposition 9,22
icml-2026-97ca1f9966be,ICML,oral,foundation_200,proposition,appendix,guarantee,Proposition 10,23
icml-2026-97ca1f9966be,ICML,oral,foundation_200,proof,appendix,guarantee,Proof of Proposition 10,23
icml-2026-ca6b03466916,ICML,oral,foundation_200,numbered_equation,method,core_chain,Eq. (1),2
icml-2026-ca6b03466916,ICML,oral,foundation_200,numbered_equation,theory,core_chain,Eq. (2),3
icml-2026-ca6b03466916,ICML,oral,foundation_200,numbered_equation,theory,core_chain,Eq. (3),3
icml-2026-ca6b03466916,ICML,oral,foundation_200,numbered_equation,theory,core_chain,Eq. (4),3
icml-2026-ca6b03466916,ICML,oral,foundation_200,numbered_equation,theory,core_chain,Eq. (5),3
icml-2026-ca6b03466916,ICML,oral,foundation_200,numbered_equation,theory,core_chain,Eq. (6),4
icml-2026-ca6b03466916,ICML,oral,foundation_200,numbered_equation,theory,core_chain,Eq. (7),4
icml-2026-ca6b03466916,ICML,oral,foundation_200,theorem,theory,core_chain,Theorem 1,4
icml-2026-ca6b03466916,ICML,oral,foundation_200,numbered_equation,theory,core_chain,Eq. (8),4
icml-2026-ca6b03466916,ICML,oral,foundation_200,numbered_equation,method,core_chain,Eq. (9),5
icml-2026-ca6b03466916,ICML,oral,foundation_200,theorem,theory,guarantee,Theorem 2,5
icml-2026-ca6b03466916,ICML,oral,foundation_200,numbered_equation,method,explanation,Eq. (10),6
icml-2026-ca6b03466916,ICML,oral,foundation_200,numbered_equation,theory,explanation,Eq. (11),6
icml-2026-ca6b03466916,ICML,oral,foundation_200,theorem,appendix,guarantee,Theorem 3 (restatement of Theorem 1),34
icml-2026-ca6b03466916,ICML,oral,foundation_200,proof,appendix,guarantee,Proof of Theorem 3,34
icml-2026-ca6b03466916,ICML,oral,foundation_200,theorem,appendix,guarantee,Theorem 4 (restatement of Theorem 2),34
icml-2026-ca6b03466916,ICML,oral,foundation_200,proof,appendix,guarantee,Proof of Theorem 4,34
icml-2026-ca6b03466916,ICML,oral,foundation_200,theorem,appendix,guarantee,Theorem 5,35
icml-2026-ca6b03466916,ICML,oral,foundation_200,proof,appendix,guarantee,Proof of Theorem 5,35
icml-2026-ca6b03466916,ICML,oral,foundation_200,proposition,appendix,explanation,Proposition 6,38
icml-2026-ca6b03466916,ICML,oral,foundation_200,displayed_equation,appendix,explanation,LLM advantage definitions,39
icml-2026-ca6b03466916,ICML,oral,foundation_200,displayed_equation,appendix,diagnostic,Sampling-based pass@k estimator,40
icml-2026-ca6b03466916,ICML,oral,foundation_200,displayed_equation,appendix,diagnostic,Gradient-variance estimator,57
icml-2026-ca6b03466916,ICML,oral,foundation_200,displayed_equation,appendix,explanation,Non-binary log expected reward extension,59
icml-2026-1e762aa63b55,ICML,oral,foundation_200,numbered_equation,theory,explanation,Equation (1),2
icml-2026-1e762aa63b55,ICML,oral,foundation_200,numbered_equation,theory,explanation,Equation (2),3
icml-2026-1e762aa63b55,ICML,oral,foundation_200,numbered_equation,theory,explanation,Equation (3),3
icml-2026-1e762aa63b55,ICML,oral,foundation_200,numbered_equation,theory,explanation,Equation (4),3
icml-2026-1e762aa63b55,ICML,oral,foundation_200,numbered_equation,theory,explanation,Equation (5),3
icml-2026-1e762aa63b55,ICML,oral,foundation_200,numbered_equation,experimental_design,diagnostic,Equation (6),4
icml-2026-1e762aa63b55,ICML,oral,foundation_200,lemma,appendix,explanation,Lemma A.3,13
icml-2026-1e762aa63b55,ICML,oral,foundation_200,lemma,appendix,explanation,Lemma A.4,13
icml-2026-1e762aa63b55,ICML,oral,foundation_200,numbered_equation,appendix,explanation,Equation (7),13
icml-2026-1e762aa63b55,ICML,oral,foundation_200,numbered_equation,appendix,explanation,Equation (8),13
icml-2026-1e762aa63b55,ICML,oral,foundation_200,numbered_equation,appendix,explanation,Equation (9),13
icml-2026-1e762aa63b55,ICML,oral,foundation_200,numbered_equation,appendix,explanation,Equation (10),13
icml-2026-1e762aa63b55,ICML,oral,foundation_200,numbered_equation,appendix,explanation,Equation (11),13
icml-2026-1e762aa63b55,ICML,oral,foundation_200,numbered_equation,appendix,explanation,Equation (12),14
icml-2026-1e762aa63b55,ICML,oral,foundation_200,lemma,appendix,explanation,Lemma A.5,14
icml-2026-1e762aa63b55,ICML,oral,foundation_200,numbered_equation,appendix,explanation,Equations (13)-(15),14
icml-2026-1e762aa63b55,ICML,oral,foundation_200,lemma,appendix,explanation,Lemma A.6,15
icml-2026-1e762aa63b55,ICML,oral,foundation_200,numbered_equation,appendix,explanation,Equations (16)-(18),15
icml-2026-1e762aa63b55,ICML,oral,foundation_200,numbered_equation,appendix,explanation,Equation (19),15
icml-2026-9cf70f22a7ed,ICML,oral,foundation_200,displayed_equation,method,core_chain,Eq. (1),3
icml-2026-9cf70f22a7ed,ICML,oral,foundation_200,displayed_equation,method,core_chain,Eq. (2),3
icml-2026-9cf70f22a7ed,ICML,oral,foundation_200,displayed_equation,method,core_chain,Eq. (3),3
icml-2026-9cf70f22a7ed,ICML,oral,foundation_200,displayed_equation,method,core_chain,Eq. (4),3
icml-2026-9cf70f22a7ed,ICML,oral,foundation_200,displayed_equation,method,explanation,Eq. (5),3
icml-2026-9cf70f22a7ed,ICML,oral,foundation_200,displayed_equation,theory,core_chain,Eq. (6),3
icml-2026-9cf70f22a7ed,ICML,oral,foundation_200,displayed_equation,theory,core_chain,Eq. (7),3
icml-2026-9cf70f22a7ed,ICML,oral,foundation_200,displayed_equation,theory,core_chain,Eq. (8),3
icml-2026-9cf70f22a7ed,ICML,oral,foundation_200,displayed_equation,theory,core_chain,Eq. (9),3
icml-2026-9cf70f22a7ed,ICML,oral,foundation_200,displayed_equation,method,core_chain,Eq. (10),4
icml-2026-9cf70f22a7ed,ICML,oral,foundation_200,displayed_equation,method,core_chain,Eq. (11),4
icml-2026-9cf70f22a7ed,ICML,oral,foundation_200,displayed_equation,method,core_chain,Eq. (12),4
icml-2026-9cf70f22a7ed,ICML,oral,foundation_200,displayed_equation,method,core_chain,Eq. (13),4
icml-2026-9cf70f22a7ed,ICML,oral,foundation_200,displayed_equation,method,core_chain,Eq. (14),5
icml-2026-9cf70f22a7ed,ICML,oral,foundation_200,displayed_equation,method,core_chain,Eq. (15),5
icml-2026-9cf70f22a7ed,ICML,oral,foundation_200,displayed_equation,method,core_chain,Eq. (16),5
icml-2026-9cf70f22a7ed,ICML,oral,foundation_200,displayed_equation,method,core_chain,Eq. (17),6
icml-2026-9cf70f22a7ed,ICML,oral,foundation_200,displayed_equation,appendix,explanation,Appendix E tail hinge (unnumbered),15
icml-2026-9cf70f22a7ed,ICML,oral,foundation_200,displayed_equation,appendix,explanation,Appendix E weighted objective (unnumbered),15
icml-2026-9cf70f22a7ed,ICML,oral,foundation_200,numbered_equation,method,core_chain,Eq. (1),3
icml-2026-9cf70f22a7ed,ICML,oral,foundation_200,numbered_equation,method,core_chain,Eq. (2),3
icml-2026-9cf70f22a7ed,ICML,oral,foundation_200,numbered_equation,method,core_chain,Eq. (3),3
icml-2026-9cf70f22a7ed,ICML,oral,foundation_200,numbered_equation,method,core_chain,Eq. (4),3
icml-2026-9cf70f22a7ed,ICML,oral,foundation_200,numbered_equation,method,explanation,Eq. (5),3
icml-2026-9cf70f22a7ed,ICML,oral,foundation_200,numbered_equation,theory,core_chain,Eq. (6),3
icml-2026-9cf70f22a7ed,ICML,oral,foundation_200,numbered_equation,theory,core_chain,Eq. (7),3
icml-2026-9cf70f22a7ed,ICML,oral,foundation_200,numbered_equation,theory,core_chain,Eq. (8),3
icml-2026-9cf70f22a7ed,ICML,oral,foundation_200,numbered_equation,theory,core_chain,Eq. (9),3
icml-2026-9cf70f22a7ed,ICML,oral,foundation_200,numbered_equation,method,core_chain,Eq. (10),4
icml-2026-9cf70f22a7ed,ICML,oral,foundation_200,numbered_equation,method,core_chain,Eq. (11),4
icml-2026-9cf70f22a7ed,ICML,oral,foundation_200,numbered_equation,method,core_chain,Eq. (12),4
icml-2026-9cf70f22a7ed,ICML,oral,foundation_200,numbered_equation,method,core_chain,Eq. (13),4
icml-2026-9cf70f22a7ed,ICML,oral,foundation_200,numbered_equation,method,core_chain,Eq. (14),5
icml-2026-9cf70f22a7ed,ICML,oral,foundation_200,numbered_equation,method,core_chain,Eq. (15),5
icml-2026-9cf70f22a7ed,ICML,oral,foundation_200,numbered_equation,method,core_chain,Eq. (16),5
icml-2026-9cf70f22a7ed,ICML,oral,foundation_200,numbered_equation,method,core_chain,Eq. (17),6
icml-2026-44fb3b3b59c9,ICML,oral,foundation_200,numbered_equation,appendix,core_chain,Equation (1),12
icml-2026-44fb3b3b59c9,ICML,oral,foundation_200,numbered_equation,appendix,core_chain,Equation (2),17
icml-2026-44fb3b3b59c9,ICML,oral,foundation_200,numbered_equation,appendix,core_chain,Equation (3),22
icml-2026-44fb3b3b59c9,ICML,oral,foundation_200,numbered_equation,appendix,core_chain,Equation (4),23
icml-2026-44fb3b3b59c9,ICML,oral,foundation_200,numbered_equation,appendix,core_chain,Equation (5),23
icml-2026-44fb3b3b59c9,ICML,oral,foundation_200,numbered_equation,appendix,core_chain,Equation (6),23
icml-2026-44fb3b3b59c9,ICML,oral,foundation_200,numbered_equation,appendix,core_chain,Equation (7),23
icml-2026-44fb3b3b59c9,ICML,oral,foundation_200,numbered_equation,appendix,core_chain,Equation (8),23
icml-2026-44fb3b3b59c9,ICML,oral,foundation_200,numbered_equation,appendix,core_chain,Equation (9),24
icml-2026-44fb3b3b59c9,ICML,oral,foundation_200,numbered_equation,appendix,core_chain,Equation (10),30
icml-2026-44fb3b3b59c9,ICML,oral,foundation_200,numbered_equation,appendix,core_chain,Equation (11),31
icml-2026-44fb3b3b59c9,ICML,oral,foundation_200,numbered_equation,appendix,core_chain,Equation (12),32
icml-2026-44fb3b3b59c9,ICML,oral,foundation_200,numbered_equation,appendix,core_chain,Equation (13),33
icml-2026-44fb3b3b59c9,ICML,oral,foundation_200,numbered_equation,appendix,core_chain,Equation (14),37
icml-2026-44fb3b3b59c9,ICML,oral,foundation_200,numbered_equation,appendix,core_chain,Equation (15),38
icml-2026-44fb3b3b59c9,ICML,oral,foundation_200,theorem,theory,guarantee,Theorem 1,5
icml-2026-44fb3b3b59c9,ICML,oral,foundation_200,theorem,theory,guarantee,Theorem 2,5
icml-2026-44fb3b3b59c9,ICML,oral,foundation_200,theorem,theory,guarantee,Theorem 3,6
icml-2026-44fb3b3b59c9,ICML,oral,foundation_200,proposition,theory,explanation,Proposition 1,6
icml-2026-44fb3b3b59c9,ICML,oral,foundation_200,theorem,theory,diagnostic,Theorem 4,7
icml-2026-44fb3b3b59c9,ICML,oral,foundation_200,theorem,theory,core_chain,Theorem 5,8
icml-2026-44fb3b3b59c9,ICML,oral,foundation_200,proposition,appendix,core_chain,Proposition 2,26
icml-2026-44fb3b3b59c9,ICML,oral,foundation_200,proposition,appendix,core_chain,Proposition 3,31
icml-2026-44fb3b3b59c9,ICML,oral,foundation_200,lemma,appendix,core_chain,Lemma 1,13
icml-2026-44fb3b3b59c9,ICML,oral,foundation_200,lemma,appendix,core_chain,Lemma 2,13
icml-2026-44fb3b3b59c9,ICML,oral,foundation_200,lemma,appendix,core_chain,Lemma 3,14
icml-2026-44fb3b3b59c9,ICML,oral,foundation_200,lemma,appendix,core_chain,Lemma 4,14
icml-2026-44fb3b3b59c9,ICML,oral,foundation_200,lemma,appendix,core_chain,Lemma 5,14
icml-2026-44fb3b3b59c9,ICML,oral,foundation_200,lemma,appendix,core_chain,Lemma 6,14
icml-2026-44fb3b3b59c9,ICML,oral,foundation_200,lemma,appendix,explanation,Lemma 7,14
icml-2026-44fb3b3b59c9,ICML,oral,foundation_200,lemma,appendix,core_chain,Lemma 8,14
icml-2026-44fb3b3b59c9,ICML,oral,foundation_200,lemma,appendix,core_chain,Lemma 9,16
icml-2026-44fb3b3b59c9,ICML,oral,foundation_200,lemma,appendix,core_chain,Lemma 10,16
icml-2026-44fb3b3b59c9,ICML,oral,foundation_200,lemma,appendix,core_chain,Lemma 11,17
icml-2026-44fb3b3b59c9,ICML,oral,foundation_200,lemma,appendix,core_chain,Lemma 12,18
icml-2026-44fb3b3b59c9,ICML,oral,foundation_200,lemma,appendix,core_chain,Lemma 13,19
icml-2026-44fb3b3b59c9,ICML,oral,foundation_200,lemma,appendix,core_chain,Lemma 14,19
icml-2026-44fb3b3b59c9,ICML,oral,foundation_200,lemma,appendix,core_chain,Lemma 15,22
icml-2026-44fb3b3b59c9,ICML,oral,foundation_200,lemma,appendix,core_chain,Lemma 16,23
icml-2026-44fb3b3b59c9,ICML,oral,foundation_200,lemma,appendix,core_chain,Lemma 17,25
icml-2026-44fb3b3b59c9,ICML,oral,foundation_200,lemma,appendix,explanation,Lemma 18,25
icml-2026-44fb3b3b59c9,ICML,oral,foundation_200,lemma,appendix,core_chain,Lemma 19,28
icml-2026-44fb3b3b59c9,ICML,oral,foundation_200,lemma,appendix,core_chain,Lemma 20,28
icml-2026-44fb3b3b59c9,ICML,oral,foundation_200,lemma,appendix,explanation,Lemma 21,31
icml-2026-44fb3b3b59c9,ICML,oral,foundation_200,lemma,appendix,core_chain,Lemma 22,33
icml-2026-44fb3b3b59c9,ICML,oral,foundation_200,lemma,appendix,core_chain,Lemma 23,34
icml-2026-44fb3b3b59c9,ICML,oral,foundation_200,lemma,appendix,core_chain,Lemma 24,37
icml-2026-44fb3b3b59c9,ICML,oral,foundation_200,lemma,appendix,explanation,Lemma 25,39
icml-2026-44fb3b3b59c9,ICML,oral,foundation_200,lemma,appendix,explanation,Lemma 26,39
icml-2026-44fb3b3b59c9,ICML,oral,foundation_200,lemma,appendix,explanation,Lemma 27,39
icml-2026-44fb3b3b59c9,ICML,oral,foundation_200,lemma,appendix,explanation,Lemma 28,39
icml-2026-44fb3b3b59c9,ICML,oral,foundation_200,proof,appendix,core_chain,Proof of Lemma 1,13
icml-2026-44fb3b3b59c9,ICML,oral,foundation_200,proof,appendix,core_chain,Proof of Lemma 8,14
icml-2026-44fb3b3b59c9,ICML,oral,foundation_200,proof,appendix,core_chain,Proof of Lemma 6,15
icml-2026-44fb3b3b59c9,ICML,oral,foundation_200,proof,appendix,core_chain,Proof of Lemma 9,16
icml-2026-44fb3b3b59c9,ICML,oral,foundation_200,proof,appendix,core_chain,Proof of Theorem 5,17
icml-2026-44fb3b3b59c9,ICML,oral,foundation_200,proof,appendix,core_chain,Proof of Theorem 1,17
icml-2026-44fb3b3b59c9,ICML,oral,foundation_200,proof,appendix,core_chain,Proof of Theorem 2,18
icml-2026-44fb3b3b59c9,ICML,oral,foundation_200,proof,appendix,core_chain,Proof of Lemma 12,18
icml-2026-44fb3b3b59c9,ICML,oral,foundation_200,proof,appendix,core_chain,Proof of Lemma 2,19
icml-2026-44fb3b3b59c9,ICML,oral,foundation_200,proof,appendix,core_chain,Proof of Lemma 14,20
icml-2026-44fb3b3b59c9,ICML,oral,foundation_200,proof,appendix,core_chain,Proof of Lemma 10,21
icml-2026-44fb3b3b59c9,ICML,oral,foundation_200,proof,appendix,core_chain,Proof of Lemma 11,21
icml-2026-44fb3b3b59c9,ICML,oral,foundation_200,proof,appendix,core_chain,Proof of Lemma 15,22
icml-2026-44fb3b3b59c9,ICML,oral,foundation_200,proof,appendix,core_chain,Proof of Lemma 16,23
icml-2026-44fb3b3b59c9,ICML,oral,foundation_200,proof,appendix,core_chain,Proof of Lemma 13,24
icml-2026-44fb3b3b59c9,ICML,oral,foundation_200,proof,appendix,core_chain,Proof of Lemma 17,25
icml-2026-44fb3b3b59c9,ICML,oral,foundation_200,proof,appendix,core_chain,Proof of Theorem 3,29
icml-2026-44fb3b3b59c9,ICML,oral,foundation_200,proof,appendix,core_chain,Proof of Proposition 2,31
icml-2026-44fb3b3b59c9,ICML,oral,foundation_200,proof,appendix,core_chain,Proof of Proposition 3,32
icml-2026-44fb3b3b59c9,ICML,oral,foundation_200,proof,appendix,core_chain,Proof of Lemma 19,35
icml-2026-44fb3b3b59c9,ICML,oral,foundation_200,proof,appendix,core_chain,Proof of Lemma 20,36
icml-2026-44fb3b3b59c9,ICML,oral,foundation_200,proof,appendix,core_chain,Proof of Lemma 22,37
icml-2026-44fb3b3b59c9,ICML,oral,foundation_200,proof,appendix,core_chain,Proof of Lemma 24,38
icml-2026-44fb3b3b59c9,ICML,oral,foundation_200,proof,appendix,core_chain,Proof of Lemma 23,38
icml-2026-57d6cc1a187d,ICML,oral,foundation_200,numbered_equation,other,explanation,Eq. 1,2
icml-2026-57d6cc1a187d,ICML,oral,foundation_200,numbered_equation,other,explanation,Eq. 2,2
icml-2026-57d6cc1a187d,ICML,oral,foundation_200,numbered_equation,other,explanation,Eq. 3,2
icml-2026-57d6cc1a187d,ICML,oral,foundation_200,numbered_equation,other,explanation,Eq. 4,3
icml-2026-57d6cc1a187d,ICML,oral,foundation_200,numbered_equation,other,explanation,Eq. 5,3
icml-2026-57d6cc1a187d,ICML,oral,foundation_200,numbered_equation,method,core_chain,Eq. 6,4
icml-2026-57d6cc1a187d,ICML,oral,foundation_200,numbered_equation,method,core_chain,Eq. 7,5
icml-2026-57d6cc1a187d,ICML,oral,foundation_200,numbered_equation,method,core_chain,Eq. 8,5
icml-2026-57d6cc1a187d,ICML,oral,foundation_200,numbered_equation,method,core_chain,Eq. 9,5
icml-2026-57d6cc1a187d,ICML,oral,foundation_200,numbered_equation,method,core_chain,Eq. 10,5
icml-2026-57d6cc1a187d,ICML,oral,foundation_200,numbered_equation,method,core_chain,Eq. 11,5
icml-2026-57d6cc1a187d,ICML,oral,foundation_200,numbered_equation,method,core_chain,Eq. 12,6
icml-2026-57d6cc1a187d,ICML,oral,foundation_200,numbered_equation,method,core_chain,Eq. 13,6
icml-2026-57d6cc1a187d,ICML,oral,foundation_200,numbered_equation,method,core_chain,Eq. 14,6
icml-2026-57d6cc1a187d,ICML,oral,foundation_200,numbered_equation,method,core_chain,Eq. 15,6
icml-2026-57d6cc1a187d,ICML,oral,foundation_200,numbered_equation,method,core_chain,Eq. 16,6
icml-2026-57d6cc1a187d,ICML,oral,foundation_200,numbered_equation,method,core_chain,Eq. 17,6
icml-2026-57d6cc1a187d,ICML,oral,foundation_200,numbered_equation,method,core_chain,Eq. 18,7
icml-2026-dadc39271844,ICML,oral,foundation_200,numbered_equation,theory,core_chain,Eq. (1),5
icml-2026-dadc39271844,ICML,oral,foundation_200,numbered_equation,theory,explanation,Eq. (2),5
icml-2026-dadc39271844,ICML,oral,foundation_200,numbered_equation,theory,explanation,Eq. (3),6
icml-2026-dadc39271844,ICML,oral,foundation_200,numbered_equation,theory,explanation,Eq. (4),6
icml-2026-dadc39271844,ICML,oral,foundation_200,numbered_equation,theory,explanation,Eq. (5),6
icml-2026-dadc39271844,ICML,oral,foundation_200,numbered_equation,theory,explanation,Eq. (6),6
icml-2026-dadc39271844,ICML,oral,foundation_200,numbered_equation,theory,core_chain,Eq. (7),6
icml-2026-dadc39271844,ICML,oral,foundation_200,numbered_equation,theory,explanation,Eq. (8),6
icml-2026-dadc39271844,ICML,oral,foundation_200,numbered_equation,theory,explanation,Eq. (9),6
icml-2026-dadc39271844,ICML,oral,foundation_200,numbered_equation,theory,explanation,Eq. (10),7
icml-2026-dadc39271844,ICML,oral,foundation_200,numbered_equation,theory,explanation,Eq. (11),7
icml-2026-dadc39271844,ICML,oral,foundation_200,numbered_equation,theory,explanation,Eq. (12),7
icml-2026-dadc39271844,ICML,oral,foundation_200,numbered_equation,theory,core_chain,Eq. (13),7
icml-2026-dadc39271844,ICML,oral,foundation_200,numbered_equation,method,core_chain,Eq. (14),8
icml-2026-dadc39271844,ICML,oral,foundation_200,numbered_equation,method,core_chain,Eq. (15),8
icml-2026-dadc39271844,ICML,oral,foundation_200,numbered_equation,method,explanation,Eq. (16),8
icml-2026-dadc39271844,ICML,oral,foundation_200,numbered_equation,method,explanation,Eq. (17),8
icml-2026-dadc39271844,ICML,oral,foundation_200,numbered_equation,method,core_chain,Eq. (18),8
icml-2026-dadc39271844,ICML,oral,foundation_200,numbered_equation,method,core_chain,Eq. (19),9
icml-2026-dadc39271844,ICML,oral,foundation_200,numbered_equation,method,explanation,Eq. (20),9
icml-2026-dadc39271844,ICML,oral,foundation_200,numbered_equation,method,explanation,Eq. (21),9
icml-2026-dadc39271844,ICML,oral,foundation_200,numbered_equation,method,diagnostic,Eq. (22),10
icml-2026-dadc39271844,ICML,oral,foundation_200,numbered_equation,method,core_chain,Eq. (23),10
icml-2026-dadc39271844,ICML,oral,foundation_200,numbered_equation,method,explanation,Eq. (24),11
icml-2026-dadc39271844,ICML,oral,foundation_200,numbered_equation,method,core_chain,Eq. (25),11
icml-2026-dadc39271844,ICML,oral,foundation_200,numbered_equation,method,core_chain,Eq. (26),11
icml-2026-26bfc642d651,ICML,oral,foundation_200,numbered_equation,theory,explanation,Eq. (1),1
icml-2026-26bfc642d651,ICML,oral,foundation_200,numbered_equation,theory,guarantee,Eq. (2),2
icml-2026-26bfc642d651,ICML,oral,foundation_200,numbered_equation,theory,explanation,Eq. (3),2
icml-2026-26bfc642d651,ICML,oral,foundation_200,numbered_equation,theory,core_chain,Eq. (4),3
icml-2026-26bfc642d651,ICML,oral,foundation_200,numbered_equation,theory,core_chain,Eq. (5),3
icml-2026-26bfc642d651,ICML,oral,foundation_200,numbered_equation,theory,core_chain,Eq. (6),3
icml-2026-26bfc642d651,ICML,oral,foundation_200,numbered_equation,theory,core_chain,Eq. (7),3
icml-2026-26bfc642d651,ICML,oral,foundation_200,numbered_equation,theory,core_chain,Eq. (8)-(9),3
icml-2026-26bfc642d651,ICML,oral,foundation_200,numbered_equation,theory,diagnostic,Eq. (10),4
icml-2026-26bfc642d651,ICML,oral,foundation_200,numbered_equation,method,core_chain,Eq. (11)-(14),5
icml-2026-26bfc642d651,ICML,oral,foundation_200,numbered_equation,method,core_chain,Eq. (15)-(16),5
icml-2026-26bfc642d651,ICML,oral,foundation_200,numbered_equation,method,core_chain,Eq. (17)-(19),5
icml-2026-26bfc642d651,ICML,oral,foundation_200,numbered_equation,method,guarantee,Eq. (20)-(21),5
icml-2026-26bfc642d651,ICML,oral,foundation_200,numbered_equation,method,explanation,Eq. (22)-(23),6
icml-2026-26bfc642d651,ICML,oral,foundation_200,numbered_equation,method,core_chain,Eq. (24)-(25),6
icml-2026-26bfc642d651,ICML,oral,foundation_200,numbered_equation,method,guarantee,Eq. (26)-(27),7
icml-2026-26bfc642d651,ICML,oral,foundation_200,proposition,theory,core_chain,Proposition 2.2,3
icml-2026-26bfc642d651,ICML,oral,foundation_200,corollary,theory,core_chain,Corollary 2.3,3
icml-2026-26bfc642d651,ICML,oral,foundation_200,theorem,theory,guarantee,Theorem 3.1,5
icml-2026-26bfc642d651,ICML,oral,foundation_200,proposition,theory,explanation,Proposition 3.2,6
icml-2026-26bfc642d651,ICML,oral,foundation_200,theorem,theory,guarantee,Theorem 3.3,6
icml-2026-26bfc642d651,ICML,oral,foundation_200,theorem,theory,guarantee,Theorem 3.4,6
icml-2026-26bfc642d651,ICML,oral,foundation_200,theorem,theory,guarantee,Theorem 3.5,7
icml-2026-26bfc642d651,ICML,oral,foundation_200,lemma,appendix,explanation,Lemma A.1,14
icml-2026-26bfc642d651,ICML,oral,foundation_200,corollary,appendix,guarantee,Corollary A.2,14
icml-2026-26bfc642d651,ICML,oral,foundation_200,proposition,appendix,explanation,Proposition A.3,14
icml-2026-26bfc642d651,ICML,oral,foundation_200,proposition,appendix,core_chain,Proposition A.4,14
icml-2026-26bfc642d651,ICML,oral,foundation_200,lemma,appendix,explanation,Lemma A.5,15
icml-2026-26bfc642d651,ICML,oral,foundation_200,proposition,appendix,core_chain,Proposition A.6,15
icml-2026-26bfc642d651,ICML,oral,foundation_200,proposition,appendix,core_chain,Proposition A.7,16
icml-2026-26bfc642d651,ICML,oral,foundation_200,lemma,appendix,explanation,Lemma A.8,16
icml-2026-26bfc642d651,ICML,oral,foundation_200,lemma,appendix,explanation,Lemma A.9,16
icml-2026-26bfc642d651,ICML,oral,foundation_200,lemma,appendix,explanation,Lemma A.10,17
icml-2026-26bfc642d651,ICML,oral,foundation_200,proposition,appendix,explanation,Proposition A.11,17
icml-2026-26bfc642d651,ICML,oral,foundation_200,lemma,appendix,core_chain,Lemma A.12,18
icml-2026-26bfc642d651,ICML,oral,foundation_200,lemma,appendix,explanation,Lemma A.13,18
icml-2026-26bfc642d651,ICML,oral,foundation_200,lemma,appendix,core_chain,Lemma A.14,18
icml-2026-26bfc642d651,ICML,oral,foundation_200,proposition,appendix,explanation,Proposition A.15,19
icml-2026-26bfc642d651,ICML,oral,foundation_200,lemma,appendix,explanation,Lemma A.16,19
icml-2026-26bfc642d651,ICML,oral,foundation_200,lemma,appendix,core_chain,Lemma A.17,19
icml-2026-26bfc642d651,ICML,oral,foundation_200,lemma,appendix,explanation,Lemma A.18,20
icml-2026-26bfc642d651,ICML,oral,foundation_200,lemma,appendix,explanation,Lemma A.19,20
icml-2026-26bfc642d651,ICML,oral,foundation_200,proposition,appendix,guarantee,Proposition A.20,21
icml-2026-26bfc642d651,ICML,oral,foundation_200,lemma,appendix,guarantee,Lemma A.21,21
icml-2026-26bfc642d651,ICML,oral,foundation_200,lemma,appendix,guarantee,Lemma A.22,22
icml-2026-26bfc642d651,ICML,oral,foundation_200,lemma,appendix,guarantee,Lemma A.23,22
icml-2026-26bfc642d651,ICML,oral,foundation_200,proposition,appendix,guarantee,Proposition A.24,22
icml-2026-26bfc642d651,ICML,oral,foundation_200,lemma,appendix,explanation,Lemma A.25,22
icml-2026-26bfc642d651,ICML,oral,foundation_200,lemma,appendix,core_chain,Lemma A.26,23
icml-2026-26bfc642d651,ICML,oral,foundation_200,lemma,appendix,guarantee,Lemma A.27,23
icml-2026-26bfc642d651,ICML,oral,foundation_200,lemma,appendix,explanation,Lemma A.28,23
icml-2026-26bfc642d651,ICML,oral,foundation_200,proposition,appendix,diagnostic,Proposition A.29,25
icml-2026-26bfc642d651,ICML,oral,foundation_200,lemma,appendix,guarantee,Lemma A.30,25
icml-2026-26bfc642d651,ICML,oral,foundation_200,proof,appendix,core_chain,Proof of Proposition 2.2,15
icml-2026-26bfc642d651,ICML,oral,foundation_200,proof,appendix,guarantee,Proof of Theorem 3.1,21
icml-2026-26bfc642d651,ICML,oral,foundation_200,proof,appendix,explanation,Proof of Proposition 3.2,23
icml-2026-26bfc642d651,ICML,oral,foundation_200,proof,appendix,guarantee,Proof of Theorem 3.3,23
icml-2026-26bfc642d651,ICML,oral,foundation_200,proof,appendix,guarantee,Proof of Theorem 3.4,24
icml-2026-26bfc642d651,ICML,oral,foundation_200,proof,appendix,guarantee,Proof of Theorem 3.5,25
icml-2026-87a216e14f5b,ICML,oral,foundation_200,numbered_equation,method,core_chain,Eq. (1),3
icml-2026-87a216e14f5b,ICML,oral,foundation_200,numbered_equation,method,core_chain,Eq. (2),3
icml-2026-87a216e14f5b,ICML,oral,foundation_200,numbered_equation,method,core_chain,Eq. (3),3
icml-2026-87a216e14f5b,ICML,oral,foundation_200,numbered_equation,method,core_chain,Eq. (4),4
icml-2026-87a216e14f5b,ICML,oral,foundation_200,numbered_equation,method,guarantee,Eq. (5),4
icml-2026-87a216e14f5b,ICML,oral,foundation_200,numbered_equation,method,core_chain,Eq. (6),4
icml-2026-87a216e14f5b,ICML,oral,foundation_200,numbered_equation,method,diagnostic,Eq. (7),4
icml-2026-87a216e14f5b,ICML,oral,foundation_200,numbered_equation,method,diagnostic,Eq. (8),4
icml-2026-87a216e14f5b,ICML,oral,foundation_200,numbered_equation,method,diagnostic,Eq. (9),5
icml-2026-87a216e14f5b,ICML,oral,foundation_200,numbered_equation,theory,explanation,Eq. (10),17
icml-2026-87a216e14f5b,ICML,oral,foundation_200,numbered_equation,theory,explanation,Eq. (11),17
icml-2026-87a216e14f5b,ICML,oral,foundation_200,numbered_equation,theory,core_chain,Eq. (12),21
icml-2026-87a216e14f5b,ICML,oral,foundation_200,proposition,theory,explanation,Proposition E.3,17
icml-2026-87a216e14f5b,ICML,oral,foundation_200,proof,theory,explanation,Proof of Proposition E.3,17
icml-2026-422971fda9c0,ICML,oral,foundation_200,displayed_equation,appendix,diagnostic,Attention entropy H = −Σ_i p_i log p_i,19
icml-2026-b4d312dbe2a3,ICML,oral,foundation_200,numbered_equation,method,core_chain,Eq. (1),4
icml-2026-b4d312dbe2a3,ICML,oral,foundation_200,numbered_equation,method,core_chain,Eq. (2),4
icml-2026-b4d312dbe2a3,ICML,oral,foundation_200,numbered_equation,method,core_chain,Eq. (3),5
icml-2026-b4d312dbe2a3,ICML,oral,foundation_200,numbered_equation,method,core_chain,Eq. (4),5
icml-2026-b4d312dbe2a3,ICML,oral,foundation_200,numbered_equation,method,core_chain,Eq. (5),5
icml-2026-b4d312dbe2a3,ICML,oral,foundation_200,numbered_equation,method,core_chain,Eq. (6),6
icml-2026-b4d312dbe2a3,ICML,oral,foundation_200,numbered_equation,appendix,explanation,Eq. (7),17
icml-2026-64951680e1b2,ICML,oral,foundation_200,displayed_equation,method,core_chain,Residue frame homogeneous matrix T_i in SE(3),4
icml-2026-64951680e1b2,ICML,oral,foundation_200,displayed_equation,method,explanation,Local-to-global transformation p_global = R_i p_local + t_i,4
icml-2026-64951680e1b2,ICML,oral,foundation_200,displayed_equation,method,explanation,Global-to-local transformation p_local = R_i^T(p_global - t_i),4
icml-2026-64951680e1b2,ICML,oral,foundation_200,numbered_equation,appendix,core_chain,Eq. (1): LESM3 five-term reconstruction objective,14
icml-2026-64951680e1b2,ICML,oral,foundation_200,displayed_equation,appendix,explanation,Backbone distance loss L_dist with truncation 25,14
icml-2026-64951680e1b2,ICML,oral,foundation_200,displayed_equation,appendix,explanation,Backbone direction loss L_dir with truncation 20,15
icml-2026-dba55bc31703,ICML,oral,foundation_200,numbered_equation,method,core_chain,Eq. (1): matched and marginal,4
icml-2026-dba55bc31703,ICML,oral,foundation_200,numbered_equation,appendix,explanation,Eq. (2): Shannon decomposition,32
icml-2026-dba55bc31703,ICML,oral,foundation_200,theorem,appendix,guarantee,Theorem H.2: Task gradient magnitude is RV-controlled,36
icml-2026-dba55bc31703,ICML,oral,foundation_200,theorem,appendix,guarantee,Theorem H.3: SNR upper bound by RV and noise,36
icml-2026-dba55bc31703,ICML,oral,foundation_200,theorem,appendix,explanation,Theorem H.4: Illustrative random-walk drift,38
icml-2026-dba55bc31703,ICML,oral,foundation_200,lemma,appendix,explanation,Lemma I.1: Template mixing contracts mutual information,39
icml-2026-dba55bc31703,ICML,oral,foundation_200,theorem,appendix,diagnostic,Theorem J.1: MSE of the filtered estimator,40
icml-2026-dba55bc31703,ICML,oral,foundation_200,theorem,appendix,guarantee,Theorem L.1: KL-closeness implies MI-closeness,42
icml-2026-dba55bc31703,ICML,oral,foundation_200,theorem,appendix,explanation,Theorem M.2: Decomposing changes in input dependence,43
icml-2026-dba55bc31703,ICML,oral,foundation_200,proposition,appendix,diagnostic,Proposition N.1: GRPO variance floor,44
icml-2026-ef7b30eeedea,ICML,oral,foundation_200,proposition,method,core_chain,Proposition 1,10
icml-2026-ef7b30eeedea,ICML,oral,foundation_200,theorem,method,guarantee,Theorem 2,11
icml-2026-ef7b30eeedea,ICML,oral,foundation_200,theorem,method,explanation,Theorem 3,11
icml-2026-ef7b30eeedea,ICML,oral,foundation_200,lemma,theory,core_chain,Lemma 4,14
icml-2026-ef7b30eeedea,ICML,oral,foundation_200,theorem,theory,guarantee,Theorem 5,15
icml-2026-ef7b30eeedea,ICML,oral,foundation_200,theorem,theory,guarantee,Theorem 6,16
icml-2026-ef7b30eeedea,ICML,oral,foundation_200,theorem,theory,core_chain,Theorem 7,16
icml-2026-ef7b30eeedea,ICML,oral,foundation_200,proposition,theory,explanation,Proposition 8,17
icml-2026-ef7b30eeedea,ICML,oral,foundation_200,proposition,theory,diagnostic,Proposition 9,18
icml-2026-ef7b30eeedea,ICML,oral,foundation_200,theorem,theory,guarantee,Theorem 10,18
icml-2026-ef7b30eeedea,ICML,oral,foundation_200,theorem,theory,core_chain,Theorem 11,19
icml-2026-ef7b30eeedea,ICML,oral,foundation_200,theorem,theory,core_chain,Theorem 13,20
icml-2026-ef7b30eeedea,ICML,oral,foundation_200,corollary,theory,guarantee,Corollary 14,21
icml-2026-ef7b30eeedea,ICML,oral,foundation_200,proposition,theory,explanation,Proposition 15,21
icml-2026-ef7b30eeedea,ICML,oral,foundation_200,theorem,theory,guarantee,Theorem 16,23
icml-2026-ef7b30eeedea,ICML,oral,foundation_200,proposition,theory,core_chain,Proposition 17,24
icml-2026-ef7b30eeedea,ICML,oral,foundation_200,theorem,theory,guarantee,Theorem 18,24
icml-2026-ef7b30eeedea,ICML,oral,foundation_200,corollary,theory,diagnostic,Corollary 19,24
icml-2026-ef7b30eeedea,ICML,oral,foundation_200,theorem,theory,guarantee,Theorem 20,25
icml-2026-ef7b30eeedea,ICML,oral,foundation_200,theorem,theory,guarantee,Theorem 21,26
icml-2026-ef7b30eeedea,ICML,oral,foundation_200,proposition,theory,diagnostic,Proposition 22,28
icml-2026-ef7b30eeedea,ICML,oral,foundation_200,corollary,theory,guarantee,Corollary 23,29
icml-2026-ef7b30eeedea,ICML,oral,foundation_200,theorem,theory,guarantee,Theorem 24,29
icml-2026-ef7b30eeedea,ICML,oral,foundation_200,theorem,theory,guarantee,Theorem 25,30
icml-2026-ef7b30eeedea,ICML,oral,foundation_200,theorem,theory,guarantee,Theorem 26,30
icml-2026-ef7b30eeedea,ICML,oral,foundation_200,theorem,theory,guarantee,Theorem 27,31
icml-2026-ef7b30eeedea,ICML,oral,foundation_200,theorem,theory,guarantee,Theorem 28,32
icml-2026-ef7b30eeedea,ICML,oral,foundation_200,theorem,theory,guarantee,Theorem 29,32
icml-2026-ef7b30eeedea,ICML,oral,foundation_200,theorem,theory,guarantee,Theorem 30,33
icml-2026-ef7b30eeedea,ICML,oral,foundation_200,theorem,appendix,explanation,Theorem 32,46
icml-2026-ef7b30eeedea,ICML,oral,foundation_200,numbered_equation,method,core_chain,Eq. (1),6
icml-2026-ef7b30eeedea,ICML,oral,foundation_200,numbered_equation,method,core_chain,Eq. (2),7
icml-2026-ef7b30eeedea,ICML,oral,foundation_200,numbered_equation,method,core_chain,Eq. (3),7
icml-2026-ef7b30eeedea,ICML,oral,foundation_200,numbered_equation,method,core_chain,Eq. (4),8
icml-2026-ef7b30eeedea,ICML,oral,foundation_200,numbered_equation,method,core_chain,Eq. (5),10
icml-2026-ef7b30eeedea,ICML,oral,foundation_200,numbered_equation,method,core_chain,Eq. (6),10
icml-2026-ef7b30eeedea,ICML,oral,foundation_200,numbered_equation,method,core_chain,Eq. (7),10
icml-2026-ef7b30eeedea,ICML,oral,foundation_200,numbered_equation,method,core_chain,Eq. (8),10
icml-2026-ef7b30eeedea,ICML,oral,foundation_200,numbered_equation,method,core_chain,Eq. (9),10
icml-2026-ef7b30eeedea,ICML,oral,foundation_200,numbered_equation,theory,guarantee,Eq. (10),14
icml-2026-ef7b30eeedea,ICML,oral,foundation_200,numbered_equation,theory,guarantee,Eq. (11),14
icml-2026-ef7b30eeedea,ICML,oral,foundation_200,numbered_equation,theory,guarantee,Eq. (12),16
icml-2026-ef7b30eeedea,ICML,oral,foundation_200,numbered_equation,theory,guarantee,Eq. (13),17
icml-2026-ef7b30eeedea,ICML,oral,foundation_200,numbered_equation,theory,guarantee,Eq. (14),18
icml-2026-ef7b30eeedea,ICML,oral,foundation_200,numbered_equation,theory,guarantee,Eq. (15),19
icml-2026-ef7b30eeedea,ICML,oral,foundation_200,numbered_equation,theory,guarantee,Eq. (16),19
icml-2026-ef7b30eeedea,ICML,oral,foundation_200,numbered_equation,theory,guarantee,Eq. (17),20
icml-2026-ef7b30eeedea,ICML,oral,foundation_200,numbered_equation,theory,guarantee,Eq. (18),21
icml-2026-ef7b30eeedea,ICML,oral,foundation_200,numbered_equation,theory,guarantee,Eq. (19),21
icml-2026-ef7b30eeedea,ICML,oral,foundation_200,numbered_equation,theory,guarantee,Eq. (20),21
icml-2026-ef7b30eeedea,ICML,oral,foundation_200,numbered_equation,theory,guarantee,Eq. (21),22
icml-2026-ef7b30eeedea,ICML,oral,foundation_200,numbered_equation,theory,guarantee,Eq. (22),22
icml-2026-ef7b30eeedea,ICML,oral,foundation_200,numbered_equation,theory,guarantee,Eq. (23),25
icml-2026-ef7b30eeedea,ICML,oral,foundation_200,numbered_equation,theory,guarantee,Eq. (24),26
icml-2026-ef7b30eeedea,ICML,oral,foundation_200,numbered_equation,theory,guarantee,Eq. (25),26
icml-2026-ef7b30eeedea,ICML,oral,foundation_200,numbered_equation,theory,guarantee,Eq. (26),26
icml-2026-ef7b30eeedea,ICML,oral,foundation_200,numbered_equation,theory,guarantee,Eq. (27),26
icml-2026-ef7b30eeedea,ICML,oral,foundation_200,numbered_equation,theory,guarantee,Eq. (28),26
icml-2026-ef7b30eeedea,ICML,oral,foundation_200,numbered_equation,theory,guarantee,Eq. (29),27
icml-2026-ef7b30eeedea,ICML,oral,foundation_200,numbered_equation,theory,guarantee,Eq. (30),28
icml-2026-ef7b30eeedea,ICML,oral,foundation_200,numbered_equation,theory,guarantee,Eq. (31),29
icml-2026-ef7b30eeedea,ICML,oral,foundation_200,numbered_equation,theory,guarantee,Eq. (32),29
icml-2026-ef7b30eeedea,ICML,oral,foundation_200,numbered_equation,theory,guarantee,Eq. (33),30
icml-2026-ef7b30eeedea,ICML,oral,foundation_200,numbered_equation,theory,guarantee,Eq. (34),30
icml-2026-ef7b30eeedea,ICML,oral,foundation_200,numbered_equation,theory,guarantee,Eq. (35),30
icml-2026-ef7b30eeedea,ICML,oral,foundation_200,numbered_equation,theory,guarantee,Eq. (36),30
icml-2026-ef7b30eeedea,ICML,oral,foundation_200,numbered_equation,theory,guarantee,Eq. (37),31
icml-2026-ef7b30eeedea,ICML,oral,foundation_200,numbered_equation,theory,guarantee,Eq. (38),31
icml-2026-ef7b30eeedea,ICML,oral,foundation_200,numbered_equation,theory,guarantee,Eq. (39),31
icml-2026-ef7b30eeedea,ICML,oral,foundation_200,numbered_equation,theory,guarantee,Eq. (40),31
icml-2026-ef7b30eeedea,ICML,oral,foundation_200,numbered_equation,theory,guarantee,Eq. (41),31
icml-2026-ef7b30eeedea,ICML,oral,foundation_200,numbered_equation,theory,guarantee,Eq. (42),31
icml-2026-ef7b30eeedea,ICML,oral,foundation_200,numbered_equation,theory,guarantee,Eq. (43),32
icml-2026-ef7b30eeedea,ICML,oral,foundation_200,numbered_equation,theory,guarantee,Eq. (44),32
icml-2026-ef7b30eeedea,ICML,oral,foundation_200,numbered_equation,theory,guarantee,Eq. (45),33
icml-2026-ef7b30eeedea,ICML,oral,foundation_200,numbered_equation,theory,guarantee,Eq. (46),33
icml-2026-ef7b30eeedea,ICML,oral,foundation_200,numbered_equation,theory,guarantee,Eq. (47),33
icml-2026-ef7b30eeedea,ICML,oral,foundation_200,numbered_equation,theory,guarantee,Eq. (48),33
icml-2026-ef7b30eeedea,ICML,oral,foundation_200,numbered_equation,experimental_design,explanation,Eq. (49),34
icml-2026-ef7b30eeedea,ICML,oral,foundation_200,numbered_equation,experimental_design,explanation,Eq. (50),34
icml-2026-ef7b30eeedea,ICML,oral,foundation_200,numbered_equation,experimental_design,explanation,Eq. (51),35
icml-2026-ef7b30eeedea,ICML,oral,foundation_200,numbered_equation,appendix,guarantee,Eq. (52),46
icml-2026-d6b2488d4518,ICML,oral,foundation_200,numbered_equation,method,core_chain,Eq. (1) L_SEM objective,6
icml-2026-d6b2488d4518,ICML,oral,foundation_200,displayed_equation,method,core_chain,SEM soft weight w_t,6
icml-2026-d6b2488d4518,ICML,oral,foundation_200,numbered_equation,method,core_chain,Eq. (2) Q-FIT transformations,6
icml-2026-d6b2488d4518,ICML,oral,foundation_200,numbered_equation,appendix,diagnostic,Eq. (3) scale-aware logit perturbation,16
icml-2026-d6b2488d4518,ICML,oral,foundation_200,displayed_equation,results,diagnostic,s_t and C_low gradient contribution ratio,9
icml-2026-500e61245eb4,ICML,oral,foundation_200,numbered_equation,method,explanation,Equation (1),4
icml-2026-500e61245eb4,ICML,oral,foundation_200,theorem,method,guarantee,Theorem 2.3,4
icml-2026-500e61245eb4,ICML,oral,foundation_200,theorem,theory,guarantee,Theorem 2.5,4
icml-2026-500e61245eb4,ICML,oral,foundation_200,theorem,theory,core_chain,Theorem 2.6,5
icml-2026-500e61245eb4,ICML,oral,foundation_200,corollary,theory,guarantee,Corollary 2.7,5
icml-2026-500e61245eb4,ICML,oral,foundation_200,theorem,theory,diagnostic,Theorem 2.8,5
icml-2026-500e61245eb4,ICML,oral,foundation_200,displayed_equation,theory,core_chain,Definition 3.1 LP,5
icml-2026-500e61245eb4,ICML,oral,foundation_200,lemma,theory,core_chain,Lemma 3.2,6
icml-2026-500e61245eb4,ICML,oral,foundation_200,lemma,theory,core_chain,Lemma 3.3,6
icml-2026-500e61245eb4,ICML,oral,foundation_200,lemma,theory,core_chain,Lemma 3.7,6
icml-2026-500e61245eb4,ICML,oral,foundation_200,lemma,theory,core_chain,Lemma 3.8,7
icml-2026-500e61245eb4,ICML,oral,foundation_200,numbered_equation,theory,core_chain,Equation (2),7
icml-2026-500e61245eb4,ICML,oral,foundation_200,lemma,theory,explanation,Lemmas 3.9-3.12,7
icml-2026-500e61245eb4,ICML,oral,foundation_200,lemma,theory,explanation,Lemma 3.13 label,7
icml-2026-500e61245eb4,ICML,oral,foundation_200,numbered_equation,results,guarantee,Equation (3),9
icml-2026-500e61245eb4,ICML,oral,foundation_200,numbered_equation,appendix,explanation,Equations (4)-(9),15
icml-2026-500e61245eb4,ICML,oral,foundation_200,numbered_equation,appendix,diagnostic,Equations (10)-(12),16
icml-2026-500e61245eb4,ICML,oral,foundation_200,proposition,appendix,diagnostic,Claim A.1,16
icml-2026-500e61245eb4,ICML,oral,foundation_200,proposition,appendix,diagnostic,Proposition A.2,16
icml-2026-500e61245eb4,ICML,oral,foundation_200,numbered_equation,appendix,explanation,Equations (13)-(15),17
icml-2026-500e61245eb4,ICML,oral,foundation_200,proposition,appendix,diagnostic,Claim A.3,17
icml-2026-500e61245eb4,ICML,oral,foundation_200,numbered_equation,appendix,diagnostic,Equation (16),18
icml-2026-500e61245eb4,ICML,oral,foundation_200,numbered_equation,appendix,guarantee,Equations (17)-(19),19
icml-2026-500e61245eb4,ICML,oral,foundation_200,lemma,appendix,explanation,Lemmas D.1-D.5,19
icml-2026-500e61245eb4,ICML,oral,foundation_200,proposition,appendix,explanation,Proposition D.6,22
icml-2026-ec58c09ff7b3,ICML,oral,foundation_200,numbered_equation,theory,core_chain,Eq. 1,2
icml-2026-ec58c09ff7b3,ICML,oral,foundation_200,numbered_equation,theory,explanation,Eq. 2,2
icml-2026-ec58c09ff7b3,ICML,oral,foundation_200,numbered_equation,theory,core_chain,Eq. 3,2
icml-2026-ec58c09ff7b3,ICML,oral,foundation_200,numbered_equation,theory,core_chain,Eq. 4,3
icml-2026-ec58c09ff7b3,ICML,oral,foundation_200,numbered_equation,theory,core_chain,Eq. 5,3
icml-2026-ec58c09ff7b3,ICML,oral,foundation_200,numbered_equation,theory,core_chain,Eq. 6,3
icml-2026-ec58c09ff7b3,ICML,oral,foundation_200,numbered_equation,theory,core_chain,Eq. 7,3
icml-2026-ec58c09ff7b3,ICML,oral,foundation_200,numbered_equation,theory,core_chain,Eq. 8,4
icml-2026-ec58c09ff7b3,ICML,oral,foundation_200,numbered_equation,theory,core_chain,Eq. 9,4
icml-2026-ec58c09ff7b3,ICML,oral,foundation_200,numbered_equation,theory,core_chain,Eq. 10,4
icml-2026-ec58c09ff7b3,ICML,oral,foundation_200,numbered_equation,theory,core_chain,Eq. 11,4
icml-2026-ec58c09ff7b3,ICML,oral,foundation_200,numbered_equation,theory,core_chain,Eq. 12,4
icml-2026-ec58c09ff7b3,ICML,oral,foundation_200,numbered_equation,theory,core_chain,Eq. 13,4
icml-2026-ec58c09ff7b3,ICML,oral,foundation_200,numbered_equation,theory,core_chain,Eq. 14,4
icml-2026-ec58c09ff7b3,ICML,oral,foundation_200,numbered_equation,theory,core_chain,Eq. 15,4
icml-2026-ec58c09ff7b3,ICML,oral,foundation_200,numbered_equation,theory,core_chain,Eq. 16,4
icml-2026-ec58c09ff7b3,ICML,oral,foundation_200,numbered_equation,theory,core_chain,Eq. 17,5
icml-2026-ec58c09ff7b3,ICML,oral,foundation_200,numbered_equation,theory,core_chain,Eq. 18,5
icml-2026-ec58c09ff7b3,ICML,oral,foundation_200,numbered_equation,theory,core_chain,Eq. 19,5
icml-2026-ec58c09ff7b3,ICML,oral,foundation_200,numbered_equation,theory,core_chain,Eq. 20,5
icml-2026-ec58c09ff7b3,ICML,oral,foundation_200,numbered_equation,theory,explanation,Eq. 21,6
icml-2026-ec58c09ff7b3,ICML,oral,foundation_200,numbered_equation,theory,core_chain,Eq. 22,7
icml-2026-ec58c09ff7b3,ICML,oral,foundation_200,numbered_equation,appendix,guarantee,Eq. 23,16
icml-2026-ec58c09ff7b3,ICML,oral,foundation_200,numbered_equation,appendix,guarantee,Eq. 24,16
icml-2026-ec58c09ff7b3,ICML,oral,foundation_200,numbered_equation,appendix,guarantee,Eq. 25,16
icml-2026-ec58c09ff7b3,ICML,oral,foundation_200,numbered_equation,appendix,guarantee,Eq. 26,16
icml-2026-ec58c09ff7b3,ICML,oral,foundation_200,numbered_equation,appendix,guarantee,Eq. 27,16
icml-2026-ec58c09ff7b3,ICML,oral,foundation_200,numbered_equation,appendix,guarantee,Eq. 28,16
icml-2026-ec58c09ff7b3,ICML,oral,foundation_200,numbered_equation,appendix,guarantee,Eq. 29,16
icml-2026-ec58c09ff7b3,ICML,oral,foundation_200,numbered_equation,appendix,guarantee,Eq. 30,16
icml-2026-ec58c09ff7b3,ICML,oral,foundation_200,numbered_equation,appendix,guarantee,Eq. 31,17
icml-2026-ec58c09ff7b3,ICML,oral,foundation_200,numbered_equation,appendix,guarantee,Eq. 32,17
icml-2026-ec58c09ff7b3,ICML,oral,foundation_200,numbered_equation,appendix,guarantee,Eq. 33,17
icml-2026-ec58c09ff7b3,ICML,oral,foundation_200,numbered_equation,appendix,guarantee,Eq. 34,17
icml-2026-ec58c09ff7b3,ICML,oral,foundation_200,numbered_equation,appendix,guarantee,Eq. 35,18
icml-2026-ec58c09ff7b3,ICML,oral,foundation_200,numbered_equation,appendix,guarantee,Eq. 36,18
icml-2026-ec58c09ff7b3,ICML,oral,foundation_200,numbered_equation,appendix,guarantee,Eq. 37,18
icml-2026-ec58c09ff7b3,ICML,oral,foundation_200,numbered_equation,appendix,guarantee,Eq. 38,19
icml-2026-ec58c09ff7b3,ICML,oral,foundation_200,numbered_equation,appendix,explanation,Eq. 39,20
icml-2026-ec58c09ff7b3,ICML,oral,foundation_200,theorem,theory,core_chain,Theorem 1,5
icml-2026-ec58c09ff7b3,ICML,oral,foundation_200,theorem,theory,core_chain,Theorem 2,5
icml-2026-ec58c09ff7b3,ICML,oral,foundation_200,theorem,theory,core_chain,Theorem 3,5
icml-2026-ec58c09ff7b3,ICML,oral,foundation_200,proof,appendix,guarantee,Appendix B proof of Theorem 1,16
icml-2026-ec58c09ff7b3,ICML,oral,foundation_200,proof,appendix,guarantee,Appendix C derivation,17
icml-2026-ec58c09ff7b3,ICML,oral,foundation_200,proof,appendix,guarantee,Appendix D derivation,19
icml-2026-93e4d45740d5,ICML,oral,foundation_200,numbered_equation,method,core_chain,Equation (1),4
icml-2026-93e4d45740d5,ICML,oral,foundation_200,numbered_equation,method,core_chain,Equation (2),4
icml-2026-93e4d45740d5,ICML,oral,foundation_200,numbered_equation,method,core_chain,Equation (3),4
icml-2026-93e4d45740d5,ICML,oral,foundation_200,numbered_equation,method,core_chain,Equation (4),4
icml-2026-93e4d45740d5,ICML,oral,foundation_200,numbered_equation,method,core_chain,Equation (5),4
icml-2026-93e4d45740d5,ICML,oral,foundation_200,numbered_equation,method,core_chain,Equation (6),4
icml-2026-93e4d45740d5,ICML,oral,foundation_200,numbered_equation,method,core_chain,Equation (7),4
icml-2026-93e4d45740d5,ICML,oral,foundation_200,numbered_equation,method,core_chain,Equation (8),4
icml-2026-93e4d45740d5,ICML,oral,foundation_200,numbered_equation,method,core_chain,Equation (9),5
icml-2026-93e4d45740d5,ICML,oral,foundation_200,numbered_equation,method,core_chain,Equation (10),5
icml-2026-93e4d45740d5,ICML,oral,foundation_200,numbered_equation,method,core_chain,Equation (11),5
icml-2026-93e4d45740d5,ICML,oral,foundation_200,numbered_equation,method,core_chain,Equation (12),5
icml-2026-93e4d45740d5,ICML,oral,foundation_200,numbered_equation,method,explanation,Equation (13),5
icml-2026-93e4d45740d5,ICML,oral,foundation_200,numbered_equation,method,explanation,Equation (14),5
icml-2026-93e4d45740d5,ICML,oral,foundation_200,numbered_equation,method,core_chain,Equation (15),5
icml-2026-93e4d45740d5,ICML,oral,foundation_200,numbered_equation,method,core_chain,Equation (16),6
icml-2026-93e4d45740d5,ICML,oral,foundation_200,numbered_equation,method,core_chain,Equation (17),6
icml-2026-860833b2a4ca,ICML,oral,foundation_200,numbered_equation,method,core_chain,Eq. (1) Z_t = Temp(...) ,3
icml-2026-860833b2a4ca,ICML,oral,foundation_200,numbered_equation,method,core_chain,"Eq. (2) l_t,q = Dep(...) ",3
icml-2026-860833b2a4ca,ICML,oral,foundation_200,numbered_equation,method,core_chain,Eq. (3) process reward r_t^(i),4
icml-2026-860833b2a4ca,ICML,oral,foundation_200,numbered_equation,method,core_chain,"Eq. (4) probability ratio p_q,t^(i)",4
icml-2026-860833b2a4ca,ICML,oral,foundation_200,numbered_equation,method,core_chain,Eq. (5) group-normalized reward,4
icml-2026-860833b2a4ca,ICML,oral,foundation_200,numbered_equation,method,core_chain,Eq. (6) advantage R_t,4
icml-2026-860833b2a4ca,ICML,oral,foundation_200,numbered_equation,method,core_chain,Eq. (7) clipped per-codebook objective,4
icml-2026-860833b2a4ca,ICML,oral,foundation_200,numbered_equation,method,core_chain,Eq. (8) expected weighted objective,5
icml-2026-860833b2a4ca,ICML,oral,foundation_200,displayed_equation,experimental_design,diagnostic,LAAL definition (unnumbered),7
icml-2026-01423817c82b,ICML,oral,foundation_200,displayed_equation,theory,core_chain,f_i layer function,2
icml-2026-01423817c82b,ICML,oral,foundation_200,displayed_equation,theory,core_chain,π program sequence,2
icml-2026-01423817c82b,ICML,oral,foundation_200,displayed_equation,theory,core_chain,Fπ composition,2
icml-2026-01423817c82b,ICML,oral,foundation_200,displayed_equation,method,core_chain,skip/keep/repeat operators,6
icml-2026-01423817c82b,ICML,oral,foundation_200,displayed_equation,method,core_chain,z_op operation vector,6
icml-2026-01423817c82b,ICML,oral,foundation_200,displayed_equation,method,core_chain,cross-attention X,6
icml-2026-01423817c82b,ICML,oral,foundation_200,displayed_equation,method,core_chain,cross-layer encoder X′,6
icml-2026-01423817c82b,ICML,oral,foundation_200,displayed_equation,method,core_chain,prediction logits,6
icml-2026-01423817c82b,ICML,oral,foundation_200,displayed_equation,method,core_chain,L_seg boundary BCE,6
icml-2026-01423817c82b,ICML,oral,foundation_200,displayed_equation,method,core_chain,L_op masked CE,6
icml-2026-01423817c82b,ICML,oral,foundation_200,displayed_equation,method,core_chain,L total objective,6
icml-2026-01423817c82b,ICML,oral,foundation_200,displayed_equation,method,core_chain,operation log probability,6
icml-2026-01423817c82b,ICML,oral,foundation_200,displayed_equation,appendix,explanation,f_i repeated formalization,14
icml-2026-01423817c82b,ICML,oral,foundation_200,displayed_equation,appendix,explanation,π repeated formalization,14
icml-2026-01423817c82b,ICML,oral,foundation_200,displayed_equation,appendix,explanation,Fπ repeated composition,14
icml-2026-01423817c82b,ICML,oral,foundation_200,displayed_equation,appendix,diagnostic,"binary reward r(π,x)",14
icml-2026-01423817c82b,ICML,oral,foundation_200,displayed_equation,appendix,diagnostic,UCB with length penalty,14
icml-2026-cbc92221e73f,ICML,oral,foundation_200,numbered_equation,method,core_chain,Equation (1),4
icml-2026-cbc92221e73f,ICML,oral,foundation_200,numbered_equation,method,core_chain,Equation (2),4
icml-2026-cbc92221e73f,ICML,oral,foundation_200,theorem,theory,core_chain,Informal Theorem,4
icml-2026-cbc92221e73f,ICML,oral,foundation_200,theorem,theory,guarantee,Theorem 4.1,5
icml-2026-cbc92221e73f,ICML,oral,foundation_200,theorem,theory,core_chain,Theorem 4.2,5
icml-2026-cbc92221e73f,ICML,oral,foundation_200,numbered_equation,theory,guarantee,Equation (3),5
icml-2026-cbc92221e73f,ICML,oral,foundation_200,numbered_equation,theory,guarantee,Equation (4),5
icml-2026-cbc92221e73f,ICML,oral,foundation_200,numbered_equation,theory,guarantee,Equation (5),5
icml-2026-cbc92221e73f,ICML,oral,foundation_200,numbered_equation,theory,core_chain,Equation (6),5
icml-2026-cbc92221e73f,ICML,oral,foundation_200,numbered_equation,theory,core_chain,Equation (7),5
icml-2026-cbc92221e73f,ICML,oral,foundation_200,theorem,theory,guarantee,Theorem 4.4,6
icml-2026-cbc92221e73f,ICML,oral,foundation_200,theorem,theory,guarantee,Theorem 4.5,6
icml-2026-cbc92221e73f,ICML,oral,foundation_200,theorem,theory,guarantee,Theorem 4.6,7
icml-2026-cbc92221e73f,ICML,oral,foundation_200,numbered_equation,theory,diagnostic,Equation (8),7
icml-2026-cbc92221e73f,ICML,oral,foundation_200,proof,appendix,guarantee,Proof chain for Theorem 4.1,12
icml-2026-cbc92221e73f,ICML,oral,foundation_200,numbered_equation,appendix,explanation,Equation (9),12
icml-2026-cbc92221e73f,ICML,oral,foundation_200,numbered_equation,appendix,explanation,Equation (10),13
icml-2026-cbc92221e73f,ICML,oral,foundation_200,numbered_equation,appendix,explanation,Equation (11),13
icml-2026-cbc92221e73f,ICML,oral,foundation_200,proof,appendix,guarantee,Proof chain for Theorem 4.2,15
icml-2026-cbc92221e73f,ICML,oral,foundation_200,proof,appendix,guarantee,Proof chain for Theorems 4.4–4.5,16
icml-2026-cbc92221e73f,ICML,oral,foundation_200,proof,appendix,guarantee,Proof chain for Theorem 4.6,20
icml-2026-cbc92221e73f,ICML,oral,foundation_200,numbered_equation,appendix,explanation,Equation (12),20
icml-2026-cbc92221e73f,ICML,oral,foundation_200,lemma,appendix,guarantee,Lemma A.12,20
icml-2026-cbc92221e73f,ICML,oral,foundation_200,lemma,appendix,guarantee,Lemma A.13,21
icml-2026-cbc92221e73f,ICML,oral,foundation_200,lemma,appendix,guarantee,Lemma C.1,23
icml-2026-f97f56589ff5,ICML,oral,foundation_200,numbered_equation,theory,explanation,Eq. (1),4
icml-2026-f97f56589ff5,ICML,oral,foundation_200,numbered_equation,theory,explanation,Eq. (2),4
icml-2026-f97f56589ff5,ICML,oral,foundation_200,numbered_equation,theory,explanation,Eq. (3),4
icml-2026-f97f56589ff5,ICML,oral,foundation_200,numbered_equation,theory,explanation,Eq. (4),4
icml-2026-f97f56589ff5,ICML,oral,foundation_200,numbered_equation,method,core_chain,Eq. (5),5
icml-2026-f97f56589ff5,ICML,oral,foundation_200,numbered_equation,method,core_chain,Eq. (6),5
icml-2026-f97f56589ff5,ICML,oral,foundation_200,numbered_equation,method,core_chain,Eq. (7),5
icml-2026-f97f56589ff5,ICML,oral,foundation_200,numbered_equation,method,core_chain,Eq. (8),5
icml-2026-f97f56589ff5,ICML,oral,foundation_200,numbered_equation,method,core_chain,Eq. (9),6
icml-2026-f97f56589ff5,ICML,oral,foundation_200,numbered_equation,method,core_chain,Eq. (10),6
icml-2026-f97f56589ff5,ICML,oral,foundation_200,numbered_equation,method,core_chain,Eq. (11),6
icml-2026-f97f56589ff5,ICML,oral,foundation_200,numbered_equation,method,core_chain,Eq. (12),6
icml-2026-f97f56589ff5,ICML,oral,foundation_200,numbered_equation,appendix,explanation,Eq. (13),13
icml-2026-f97f56589ff5,ICML,oral,foundation_200,numbered_equation,appendix,explanation,Eq. (14),13
icml-2026-f97f56589ff5,ICML,oral,foundation_200,numbered_equation,appendix,explanation,Eq. (15),13
icml-2026-f97f56589ff5,ICML,oral,foundation_200,numbered_equation,appendix,core_chain,Eq. (16),13
icml-2026-f97f56589ff5,ICML,oral,foundation_200,numbered_equation,appendix,core_chain,Eq. (17),14
icml-2026-f97f56589ff5,ICML,oral,foundation_200,numbered_equation,appendix,core_chain,Eq. (18),14
icml-2026-f97f56589ff5,ICML,oral,foundation_200,numbered_equation,appendix,core_chain,Eq. (19),14
icml-2026-f97f56589ff5,ICML,oral,foundation_200,numbered_equation,appendix,core_chain,Eq. (20),14
icml-2026-f97f56589ff5,ICML,oral,foundation_200,numbered_equation,appendix,core_chain,Eq. (21),14
icml-2026-f97f56589ff5,ICML,oral,foundation_200,numbered_equation,appendix,core_chain,Eq. (22),14
icml-2026-f97f56589ff5,ICML,oral,foundation_200,numbered_equation,appendix,core_chain,Eq. (23),14
icml-2026-f97f56589ff5,ICML,oral,foundation_200,numbered_equation,appendix,core_chain,Eq. (24),15
icml-2026-f97f56589ff5,ICML,oral,foundation_200,numbered_equation,appendix,explanation,Eq. (25),15
icml-2026-f97f56589ff5,ICML,oral,foundation_200,numbered_equation,appendix,explanation,Eq. (26),15
icml-2026-f97f56589ff5,ICML,oral,foundation_200,numbered_equation,appendix,explanation,Eq. (27),15
icml-2026-f97f56589ff5,ICML,oral,foundation_200,numbered_equation,appendix,explanation,Eq. (28),15
icml-2026-f97f56589ff5,ICML,oral,foundation_200,numbered_equation,appendix,explanation,Eq. (29),17
icml-2026-f97f56589ff5,ICML,oral,foundation_200,numbered_equation,appendix,diagnostic,Eq. (30),18
icml-2026-f97f56589ff5,ICML,oral,foundation_200,numbered_equation,appendix,diagnostic,Eq. (31),18
icml-2026-f97f56589ff5,ICML,oral,foundation_200,numbered_equation,appendix,diagnostic,Eq. (32),21
icml-2026-f97f56589ff5,ICML,oral,foundation_200,numbered_equation,appendix,diagnostic,Eq. (33),22
icml-2026-f97f56589ff5,ICML,oral,foundation_200,numbered_equation,appendix,diagnostic,Eq. (34),22
icml-2026-124a926154b3,ICML,oral,foundation_200,displayed_equation,theory,core_chain,Steerability with intensity definition,3
icml-2026-124a926154b3,ICML,oral,foundation_200,displayed_equation,method,core_chain,Hierarchical contrastive level loss L_v,5
icml-2026-124a926154b3,ICML,oral,foundation_200,displayed_equation,method,core_chain,Hierarchical aggregate loss L_hier,5
icml-2026-124a926154b3,ICML,oral,foundation_200,displayed_equation,method,core_chain,Anchor alignment total loss L,5
icml-2026-124a926154b3,ICML,oral,foundation_200,displayed_equation,theory,explanation,Main-text Plackett–Luce likelihood,5
icml-2026-124a926154b3,ICML,oral,foundation_200,numbered_equation,method,core_chain,Eq. (1) PL likelihood,31
icml-2026-124a926154b3,ICML,oral,foundation_200,numbered_equation,method,explanation,Eq. (2) stable exponent and denominator,31
icml-2026-124a926154b3,ICML,oral,foundation_200,numbered_equation,method,explanation,Eq. (3) PL focal gradient,32
icml-2026-124a926154b3,ICML,oral,foundation_200,numbered_equation,method,explanation,Eq. (4) PL remaining-item gradient,32
icml-2026-124a926154b3,ICML,oral,foundation_200,numbered_equation,method,explanation,Eq. (5) utility update,32
icml-2026-124a926154b3,ICML,oral,foundation_200,displayed_equation,method,diagnostic,Z-score max-abs calibration,32
icml-2026-124a926154b3,ICML,oral,foundation_200,displayed_equation,method,diagnostic,Min-max calibration,32
icml-2026-124a926154b3,ICML,oral,foundation_200,displayed_equation,method,diagnostic,Quantile Gaussianization,32
icml-2026-124a926154b3,ICML,oral,foundation_200,displayed_equation,experimental_design,explanation,Probability-weighted intensity profile,57
icml-2026-124a926154b3,ICML,oral,foundation_200,displayed_equation,experimental_design,explanation,Relevance weighting and group aggregation,57
icml-2026-124a926154b3,ICML,oral,foundation_200,displayed_equation,experimental_design,explanation,Hybrid profile normalization,57
icml-2026-c65beb96fda3,ICML,oral,foundation_200,displayed_equation,other,core_chain,Return G_t,2
icml-2026-c65beb96fda3,ICML,oral,foundation_200,displayed_equation,other,core_chain,Bradley–Terry preference probability,3
icml-2026-c65beb96fda3,ICML,oral,foundation_200,numbered_equation,other,core_chain,Eq. (1) Preference reward loss L(ψ),3
icml-2026-c65beb96fda3,ICML,oral,foundation_200,numbered_equation,other,core_chain,Eq. (2) Discrete OT/Wasserstein objective,3
icml-2026-c65beb96fda3,ICML,oral,foundation_200,numbered_equation,method,core_chain,Eq. (3) Trajectory embedding z=fϕ(o1:H),3
icml-2026-c65beb96fda3,ICML,oral,foundation_200,numbered_equation,method,core_chain,Eq. (4) OT coupling μ*,4
icml-2026-c65beb96fda3,ICML,oral,foundation_200,numbered_equation,method,core_chain,Eq. (5) Pseudo-preference score S,4
icml-2026-c65beb96fda3,ICML,oral,foundation_200,numbered_equation,method,guarantee,Eq. (6) Maximum score Smax,4
icml-2026-c65beb96fda3,ICML,oral,foundation_200,numbered_equation,method,core_chain,Eq. (7) Thresholded pseudo-label ỹ,4
icml-2026-13200752b19d,ICML,oral,foundation_200,numbered_equation,method,core_chain,Eq. (1),3
icml-2026-13200752b19d,ICML,oral,foundation_200,numbered_equation,method,core_chain,Eq. (2),3
icml-2026-13200752b19d,ICML,oral,foundation_200,numbered_equation,appendix,diagnostic,Eq. (3),26
icml-2026-13200752b19d,ICML,oral,foundation_200,numbered_equation,appendix,diagnostic,Eq. (4),26
icml-2026-13200752b19d,ICML,oral,foundation_200,numbered_equation,appendix,diagnostic,Eq. (5),26
icml-2026-c8e95f98721b,ICML,oral,foundation_200,numbered_equation,method,core_chain,Equation (1) [main] — General MPNN update,3
icml-2026-c8e95f98721b,ICML,oral,foundation_200,numbered_equation,method,core_chain,Equation (2) [main] — Graph-level MPNN readout,3
icml-2026-c8e95f98721b,ICML,oral,foundation_200,numbered_equation,method,explanation,Equation (3) [main] — K-truncated weighted PageRank recurrence,6
icml-2026-c8e95f98721b,ICML,oral,foundation_200,numbered_equation,appendix,explanation,Equation (4) [appendix] — Certificate profile,22
icml-2026-c8e95f98721b,ICML,oral,foundation_200,numbered_equation,appendix,explanation,Equation (5) [appendix] — Cover radius for non-realizable target,22
icml-2026-c8e95f98721b,ICML,oral,foundation_200,numbered_equation,appendix,explanation,Equation (6) [appendix] — Regularized loss for certificate profile,22
icml-2026-c8e95f98721b,ICML,oral,foundation_200,numbered_equation,appendix,guarantee,Equation (7) [appendix] — Required loss tolerance,23
icml-2026-c8e95f98721b,ICML,oral,foundation_200,numbered_equation,appendix,explanation,Equation (8) [appendix] — Approximant/certificate premise,23
icml-2026-c8e95f98721b,ICML,oral,foundation_200,numbered_equation,appendix,explanation,Equation (9) [appendix] — Certificate control consequence,23
icml-2026-c8e95f98721b,ICML,oral,foundation_200,numbered_equation,appendix,explanation,Equation (10) [appendix] — Maximum sample error bound,23
icml-2026-c8e95f98721b,ICML,oral,foundation_200,numbered_equation,appendix,guarantee,Equation (11) [appendix] — Uniform-error decomposition,23
icml-2026-c8e95f98721b,ICML,oral,foundation_200,numbered_equation,appendix,guarantee,Equation (12) [appendix] — Bias contribution bound,31
icml-2026-c8e95f98721b,ICML,oral,foundation_200,numbered_equation,appendix,guarantee,Equation (13) [appendix] — Lower bound on γk,31
icml-2026-c8e95f98721b,ICML,oral,foundation_200,numbered_equation,appendix,guarantee,Equation (14) [appendix] — Walk-lifted replacement bound,31
icml-2026-c8e95f98721b,ICML,oral,foundation_200,numbered_equation,appendix,explanation,Equation (15) [appendix] — Positive/negative-parameter expansion G,35
icml-2026-c8e95f98721b,ICML,oral,foundation_200,numbered_equation,appendix,guarantee,Equation (16) [appendix] — Bias control near minimum,48
icml-2026-c8e95f98721b,ICML,oral,foundation_200,numbered_equation,appendix,guarantee,Equation (17) [appendix] — γk lower bound near minimum,48
icml-2026-c8e95f98721b,ICML,oral,foundation_200,numbered_equation,appendix,guarantee,Equation (18) [appendix] — Walk-lifted approximation error,48
icml-2026-c8e95f98721b,ICML,oral,foundation_200,numbered_equation,appendix,explanation,Equation (19) [appendix] — Modified-loss inequality,48
icml-2026-c8e95f98721b,ICML,oral,foundation_200,numbered_equation,appendix,explanation,Equation (20) [appendix] — Minimum spanning forest recurrence,56
icml-2026-c8e95f98721b,ICML,oral,foundation_200,numbered_equation,appendix,core_chain,Equation (21) [appendix] — Normalized-sum MPNN,58
icml-2026-c8e95f98721b,ICML,oral,foundation_200,numbered_equation,appendix,core_chain,Equation (22) [appendix] — Mean-aggregation MPNN,58
icml-2026-c8e95f98721b,ICML,oral,foundation_200,numbered_equation,appendix,core_chain,Equation (23) [appendix] — Max/min-aggregation MPNN,58
icml-2026-c8e95f98721b,ICML,oral,foundation_200,numbered_equation,appendix,core_chain,Equation (24) [appendix] — Max-aggregation restatement,67
icml-2026-c8e95f98721b,ICML,oral,foundation_200,numbered_equation,appendix,core_chain,Equation (25) [appendix] — Induced max pseudometric,68
icml-2026-c8e95f98721b,ICML,oral,foundation_200,theorem,theory,core_chain,Theorem 2 (informal) [main],4
icml-2026-c8e95f98721b,ICML,oral,foundation_200,theorem,theory,core_chain,Theorem 3 (informal) [main],5
icml-2026-c8e95f98721b,ICML,oral,foundation_200,theorem,theory,guarantee,Theorem 4 (informal) [main],7
icml-2026-c8e95f98721b,ICML,oral,foundation_200,proposition,theory,diagnostic,Proposition 5 (informal) [main],7
icml-2026-c8e95f98721b,ICML,oral,foundation_200,lemma,theory,diagnostic,Lemma 6 (informal) [main],8
icml-2026-c8e95f98721b,ICML,oral,foundation_200,proposition,appendix,explanation,Proposition 7 [appendix],19
icml-2026-c8e95f98721b,ICML,oral,foundation_200,lemma,appendix,guarantee,Lemma 8 [appendix],20
icml-2026-c8e95f98721b,ICML,oral,foundation_200,theorem,appendix,core_chain,Theorem 9 (formal Theorem 2) [appendix],21
icml-2026-c8e95f98721b,ICML,oral,foundation_200,lemma,appendix,guarantee,Lemma 10 [appendix],22
icml-2026-c8e95f98721b,ICML,oral,foundation_200,theorem,appendix,core_chain,Theorem 16 [appendix],27
icml-2026-c8e95f98721b,ICML,oral,foundation_200,corollary,appendix,explanation,Corollary 17 [appendix],28
icml-2026-c8e95f98721b,ICML,oral,foundation_200,lemma,appendix,explanation,Lemma 18 [appendix],28
icml-2026-c8e95f98721b,ICML,oral,foundation_200,lemma,appendix,explanation,Lemma 19 [appendix],28
icml-2026-c8e95f98721b,ICML,oral,foundation_200,corollary,appendix,explanation,Corollary 20 [appendix],29
icml-2026-c8e95f98721b,ICML,oral,foundation_200,lemma,appendix,explanation,Lemma 21 [appendix],29
icml-2026-c8e95f98721b,ICML,oral,foundation_200,lemma,appendix,explanation,Lemma 22 [appendix],29
icml-2026-c8e95f98721b,ICML,oral,foundation_200,corollary,appendix,guarantee,Corollary 23 [appendix],30
icml-2026-c8e95f98721b,ICML,oral,foundation_200,lemma,appendix,explanation,Lemma 25 [appendix],30
icml-2026-c8e95f98721b,ICML,oral,foundation_200,lemma,appendix,guarantee,Lemma 26 [appendix],31
icml-2026-c8e95f98721b,ICML,oral,foundation_200,corollary,appendix,guarantee,Corollary 27 [appendix],32
icml-2026-c8e95f98721b,ICML,oral,foundation_200,theorem,appendix,guarantee,Theorem 28 [appendix],32
icml-2026-c8e95f98721b,ICML,oral,foundation_200,theorem,appendix,diagnostic,Theorem 29 [appendix],32
icml-2026-c8e95f98721b,ICML,oral,foundation_200,lemma,appendix,explanation,Lemma 33 [appendix],34
icml-2026-c8e95f98721b,ICML,oral,foundation_200,lemma,appendix,explanation,Lemma 34 [appendix],34
icml-2026-c8e95f98721b,ICML,oral,foundation_200,lemma,appendix,explanation,Lemma 35 [appendix],34
icml-2026-c8e95f98721b,ICML,oral,foundation_200,lemma,appendix,explanation,Lemma 40 [appendix],36
icml-2026-c8e95f98721b,ICML,oral,foundation_200,corollary,appendix,explanation,Corollary 41 [appendix],37
icml-2026-c8e95f98721b,ICML,oral,foundation_200,lemma,appendix,explanation,Lemma 46 [appendix],38
icml-2026-c8e95f98721b,ICML,oral,foundation_200,lemma,appendix,explanation,Lemma 47 [appendix],39
icml-2026-c8e95f98721b,ICML,oral,foundation_200,lemma,appendix,explanation,Lemma 53 [appendix],40
icml-2026-c8e95f98721b,ICML,oral,foundation_200,lemma,appendix,explanation,Lemma 54 [appendix],41
icml-2026-c8e95f98721b,ICML,oral,foundation_200,lemma,appendix,explanation,Lemma 55 [appendix],41
icml-2026-c8e95f98721b,ICML,oral,foundation_200,corollary,appendix,explanation,Corollary 56 [appendix],41
icml-2026-c8e95f98721b,ICML,oral,foundation_200,lemma,appendix,explanation,Lemma 57 [appendix],42
icml-2026-c8e95f98721b,ICML,oral,foundation_200,lemma,appendix,guarantee,Lemma 61 [appendix],43
icml-2026-c8e95f98721b,ICML,oral,foundation_200,lemma,appendix,explanation,Lemma 62 [appendix],43
icml-2026-c8e95f98721b,ICML,oral,foundation_200,lemma,appendix,explanation,Lemma 63 [appendix],44
icml-2026-c8e95f98721b,ICML,oral,foundation_200,lemma,appendix,guarantee,Lemma 64 [appendix],44
icml-2026-c8e95f98721b,ICML,oral,foundation_200,corollary,appendix,guarantee,Corollary 65 [appendix],45
icml-2026-c8e95f98721b,ICML,oral,foundation_200,lemma,appendix,explanation,Lemma 68 [appendix],46
icml-2026-c8e95f98721b,ICML,oral,foundation_200,lemma,appendix,guarantee,Lemma 69 [appendix],48
icml-2026-c8e95f98721b,ICML,oral,foundation_200,corollary,appendix,guarantee,Corollary 70 [appendix],49
icml-2026-c8e95f98721b,ICML,oral,foundation_200,lemma,appendix,guarantee,Lemma 71 [appendix],50
icml-2026-c8e95f98721b,ICML,oral,foundation_200,theorem,appendix,guarantee,Theorem 72 [appendix],51
icml-2026-c8e95f98721b,ICML,oral,foundation_200,proposition,appendix,diagnostic,Proposition 73 [appendix],51
icml-2026-c8e95f98721b,ICML,oral,foundation_200,proposition,appendix,guarantee,Proposition 74 [appendix],52
icml-2026-c8e95f98721b,ICML,oral,foundation_200,lemma,appendix,guarantee,Lemma 75 [appendix],53
icml-2026-c8e95f98721b,ICML,oral,foundation_200,lemma,appendix,guarantee,Lemma 76 [appendix],53
icml-2026-c8e95f98721b,ICML,oral,foundation_200,lemma,appendix,diagnostic,Lemma 77 [appendix],53
icml-2026-c8e95f98721b,ICML,oral,foundation_200,theorem,appendix,explanation,Theorem 78 [appendix],54
icml-2026-c8e95f98721b,ICML,oral,foundation_200,corollary,appendix,explanation,Corollary 79 [appendix],54
icml-2026-c8e95f98721b,ICML,oral,foundation_200,lemma,appendix,explanation,Lemma 80 [appendix],55
icml-2026-c8e95f98721b,ICML,oral,foundation_200,lemma,appendix,explanation,Lemma 81 [appendix],55
icml-2026-c8e95f98721b,ICML,oral,foundation_200,theorem,appendix,core_chain,Theorem 83 (formal Theorem 3) [appendix],59
icml-2026-c8e95f98721b,ICML,oral,foundation_200,theorem,appendix,explanation,Theorem 87 (Tychonoff) [appendix],59
icml-2026-c8e95f98721b,ICML,oral,foundation_200,theorem,appendix,explanation,Theorem 92 [appendix],60
icml-2026-c8e95f98721b,ICML,oral,foundation_200,theorem,appendix,guarantee,Theorem 96 [appendix],61
icml-2026-c8e95f98721b,ICML,oral,foundation_200,theorem,appendix,explanation,Theorem 97 [appendix],62
icml-2026-c8e95f98721b,ICML,oral,foundation_200,theorem,appendix,guarantee,Theorem 98 [appendix],62
icml-2026-c8e95f98721b,ICML,oral,foundation_200,lemma,appendix,explanation,Lemma 99 [appendix],64
icml-2026-c8e95f98721b,ICML,oral,foundation_200,lemma,appendix,explanation,Lemma 100 [appendix],64
icml-2026-c8e95f98721b,ICML,oral,foundation_200,proposition,appendix,guarantee,Proposition 101 [appendix],65
icml-2026-c8e95f98721b,ICML,oral,foundation_200,proposition,appendix,guarantee,Proposition 102 [appendix],66
icml-2026-c8e95f98721b,ICML,oral,foundation_200,theorem,appendix,core_chain,Theorem 103 [appendix],67
icml-2026-c8e95f98721b,ICML,oral,foundation_200,lemma,appendix,explanation,Lemma 104 [appendix],68
icml-2026-c8e95f98721b,ICML,oral,foundation_200,lemma,appendix,explanation,Lemma 105 [appendix],68
icml-2026-c8e95f98721b,ICML,oral,foundation_200,proposition,appendix,guarantee,Proposition 106 [appendix],69
icml-2026-c8e95f98721b,ICML,oral,foundation_200,theorem,appendix,core_chain,Theorem 107 [appendix],69
icml-2026-c8e95f98721b,ICML,oral,foundation_200,proof,appendix,core_chain,Proof of Theorem 2 [appendix],20
icml-2026-c8e95f98721b,ICML,oral,foundation_200,proof,appendix,core_chain,Proof of Theorem 16 [appendix],28
icml-2026-c8e95f98721b,ICML,oral,foundation_200,proof,appendix,diagnostic,Proof of Proposition 5 [appendix],51
icml-2026-c8e95f98721b,ICML,oral,foundation_200,proof,appendix,diagnostic,Proof of Lemma 6 [appendix],53
icml-2026-c8e95f98721b,ICML,oral,foundation_200,proof,appendix,core_chain,Proof of Theorem 3 [appendix],62
icml-2026-e390f6423d6a,ICML,oral,foundation_200,displayed_equation,method,core_chain,Shared VQ quantization,5
icml-2026-e390f6423d6a,ICML,oral,foundation_200,numbered_equation,method,core_chain,Equation (1): L_vis,5
icml-2026-e390f6423d6a,ICML,oral,foundation_200,numbered_equation,method,core_chain,Equation (2): L_mo,5
icml-2026-e390f6423d6a,ICML,oral,foundation_200,numbered_equation,method,core_chain,Equation (3): L_align,5
icml-2026-e390f6423d6a,ICML,oral,foundation_200,displayed_equation,method,explanation,Robot/human training objectives,5
icml-2026-e390f6423d6a,ICML,oral,foundation_200,displayed_equation,method,core_chain,Stage-2 UVMC prediction loss,5
icml-2026-e390f6423d6a,ICML,oral,foundation_200,displayed_equation,appendix,diagnostic,Task similarity matrix S,26
icml-2026-e390f6423d6a,ICML,oral,foundation_200,displayed_equation,appendix,diagnostic,Column-wise nearest-neighbor maximum,26
icml-2026-e390f6423d6a,ICML,oral,foundation_200,displayed_equation,appendix,diagnostic,Normalized similarity vector,26
icml-2026-2b0091abd25f,ICML,oral,foundation_200,displayed_equation,method,explanation,action selection,3
icml-2026-2b0091abd25f,ICML,oral,foundation_200,displayed_equation,method,explanation,observation generation,3
icml-2026-2b0091abd25f,ICML,oral,foundation_200,displayed_equation,appendix,diagnostic,leakage ratio,15
icml-2026-1ef10519dcd7,ICML,outstanding,foundation_200,numbered_equation,introduction,core_chain,Eq. (1): target discrepancy with approximation factor,1
icml-2026-1ef10519dcd7,ICML,outstanding,foundation_200,numbered_equation,introduction,explanation,Eq. (2): bounded Lipschitz metric,3
icml-2026-1ef10519dcd7,ICML,outstanding,foundation_200,numbered_equation,method,core_chain,Eq. (3): DDPM forward process,4
icml-2026-1ef10519dcd7,ICML,outstanding,foundation_200,numbered_equation,method,core_chain,Eq. (4): true backward transition kernel,4
icml-2026-1ef10519dcd7,ICML,outstanding,foundation_200,numbered_equation,method,explanation,Eq. (5): Tweedie score identity,4
icml-2026-1ef10519dcd7,ICML,outstanding,foundation_200,numbered_equation,method,diagnostic,Eq. (6): standard DDPM reverse Gaussian approximation,4
icml-2026-1ef10519dcd7,ICML,outstanding,foundation_200,numbered_equation,method,core_chain,Eq. (7): Gaussian tilt target,5
icml-2026-1ef10519dcd7,ICML,outstanding,foundation_200,numbered_equation,method,core_chain,Eq. (8): unbiased derivative path estimator in one dimension,5
icml-2026-1ef10519dcd7,ICML,outstanding,foundation_200,numbered_equation,method,core_chain,Eq. (9): general path-integral identity,7
icml-2026-1ef10519dcd7,ICML,outstanding,foundation_200,numbered_equation,method,core_chain,Eq. (10): path-based correction estimator,7
icml-2026-1ef10519dcd7,ICML,outstanding,foundation_200,numbered_equation,method,core_chain,Eq. (11): sinusoidal path construction,7
icml-2026-1ef10519dcd7,ICML,outstanding,foundation_200,numbered_equation,method,core_chain,Eq. (12): score-guided Gaussian reverse proposal,7
icml-2026-1ef10519dcd7,ICML,outstanding,foundation_200,numbered_equation,method,core_chain,Eq. (13): diffusion corrector estimator,8
icml-2026-1ef10519dcd7,ICML,outstanding,foundation_200,numbered_equation,method,explanation,Eq. (14): diffusion path coefficients,8
icml-2026-1ef10519dcd7,ICML,outstanding,foundation_200,numbered_equation,theory,guarantee,Eq. (15): path normalization identity,9
icml-2026-1ef10519dcd7,ICML,outstanding,foundation_200,numbered_equation,theory,guarantee,Eq. (16): intrinsic-dimension step-size condition,9
icml-2026-1ef10519dcd7,ICML,outstanding,foundation_200,numbered_equation,theory,guarantee,Eq. (17): operator-norm non-uniform condition,10
icml-2026-1ef10519dcd7,ICML,outstanding,foundation_200,numbered_equation,theory,guarantee,Eq. (18): Frobenius-norm non-uniform condition,10
icml-2026-1ef10519dcd7,ICML,outstanding,foundation_200,numbered_equation,theory,guarantee,Eq. (19): p-tilde Frobenius condition,11
icml-2026-1ef10519dcd7,ICML,outstanding,foundation_200,numbered_equation,theory,guarantee,Eq. (20): refined step-size condition,11
icml-2026-1ef10519dcd7,ICML,outstanding,foundation_200,numbered_equation,appendix,explanation,Eq. (21): power divergence definitions,16
icml-2026-1ef10519dcd7,ICML,outstanding,foundation_200,numbered_equation,appendix,guarantee,Eq. (22): tilt divergence comparison,20
icml-2026-1ef10519dcd7,ICML,outstanding,foundation_200,numbered_equation,appendix,guarantee,Eq. (23): clipping-error Renyi bound,22
icml-2026-1ef10519dcd7,ICML,outstanding,foundation_200,numbered_equation,appendix,guarantee,Eq. (24): operator-norm coverage step condition,25
icml-2026-1ef10519dcd7,ICML,outstanding,foundation_200,numbered_equation,appendix,explanation,Eq. (25): backward SDE,25
icml-2026-1ef10519dcd7,ICML,outstanding,foundation_200,numbered_equation,appendix,explanation,Eq. (26): backward ODE,26
icml-2026-1ef10519dcd7,ICML,outstanding,foundation_200,numbered_equation,appendix,guarantee,Eq. (27): alternative coverage threshold,27
icml-2026-1ef10519dcd7,ICML,outstanding,foundation_200,numbered_equation,appendix,guarantee,Eq. (28): combined refined step condition,27
icml-2026-1ef10519dcd7,ICML,outstanding,foundation_200,numbered_equation,appendix,explanation,Eq. (29): posterior moment reduction,29
icml-2026-1ef10519dcd7,ICML,outstanding,foundation_200,numbered_equation,appendix,explanation,Eq. (30): covering-number moment result,30
icml-2026-1ef10519dcd7,ICML,outstanding,foundation_200,numbered_equation,appendix,explanation,Eq. (31): dimension-d tail moment,31
icml-2026-1ef10519dcd7,ICML,outstanding,foundation_200,numbered_equation,appendix,explanation,Eq. (32): transfer to p-tilde condition,32
icml-2026-1ef10519dcd7,ICML,outstanding,foundation_200,numbered_equation,appendix,core_chain,Eq. (33): exact one-step Gaussian KL decomposition,33
icml-2026-1ef10519dcd7,ICML,outstanding,foundation_200,numbered_equation,appendix,core_chain,Eq. (34): single-step diffusion tilt,35
icml-2026-1ef10519dcd7,ICML,outstanding,foundation_200,numbered_equation,appendix,core_chain,Eq. (35): estimated FORS corrector,36
icml-2026-1ef10519dcd7,ICML,outstanding,foundation_200,numbered_equation,appendix,core_chain,Eq. (36): estimated corrected-kernel density,36
icml-2026-1ef10519dcd7,ICML,outstanding,foundation_200,numbered_equation,appendix,core_chain,Eq. (37): true-score corrector,36
icml-2026-1ef10519dcd7,ICML,outstanding,foundation_200,numbered_equation,appendix,core_chain,Eq. (38): ideal corrected-kernel density,36
icml-2026-1ef10519dcd7,ICML,outstanding,foundation_200,numbered_equation,appendix,core_chain,Eq. (39): true-kernel path representation,36
icml-2026-1ef10519dcd7,ICML,outstanding,foundation_200,numbered_equation,appendix,guarantee,Eq. (40): single-step score-error KL bound,36
icml-2026-1ef10519dcd7,ICML,outstanding,foundation_200,numbered_equation,appendix,guarantee,Eq. (41): minimal-assumption clipping condition,36
icml-2026-1ef10519dcd7,ICML,outstanding,foundation_200,numbered_equation,appendix,guarantee,Eq. (42): Frobenius-condition clipping condition,36
icml-2026-1ef10519dcd7,ICML,outstanding,foundation_200,numbered_equation,appendix,guarantee,Eq. (43): coverage-error bound under Frobenius condition,40
icml-2026-1ef10519dcd7,ICML,outstanding,foundation_200,theorem,method,core_chain,Theorem 3.1: FORS guarantee,5
icml-2026-1ef10519dcd7,ICML,outstanding,foundation_200,theorem,method,guarantee,Theorem 3.3: Gaussian tilt with exact oracle,7
icml-2026-1ef10519dcd7,ICML,outstanding,foundation_200,theorem,theory,core_chain,Theorem 4.3: minimal-assumption diffusion bound,9
icml-2026-1ef10519dcd7,ICML,outstanding,foundation_200,corollary,theory,guarantee,Corollary 4.4: variance-preserving schedule,9
icml-2026-1ef10519dcd7,ICML,outstanding,foundation_200,proposition,theory,guarantee,Proposition 4.7: operator to Frobenius transfer,10
icml-2026-1ef10519dcd7,ICML,outstanding,foundation_200,theorem,theory,core_chain,Theorem 4.9: refined diffusion bound,11
icml-2026-1ef10519dcd7,ICML,outstanding,foundation_200,proposition,theory,guarantee,Proposition 4.10: p-tilde condition transfer,11
icml-2026-1ef10519dcd7,ICML,outstanding,foundation_200,lemma,appendix,explanation,Lemma B.3: Bakry–Émery,17
icml-2026-1ef10519dcd7,ICML,outstanding,foundation_200,lemma,appendix,explanation,Lemma B.4: Holley–Stroock perturbation,17
icml-2026-1ef10519dcd7,ICML,outstanding,foundation_200,lemma,appendix,explanation,Lemma B.5: Gaussian tails,17
icml-2026-1ef10519dcd7,ICML,outstanding,foundation_200,lemma,appendix,explanation,Lemma B.6: Gaussian fractional-norm moment,18
icml-2026-1ef10519dcd7,ICML,outstanding,foundation_200,lemma,appendix,explanation,Lemma B.7: sub-exponential truncation,18
icml-2026-1ef10519dcd7,ICML,outstanding,foundation_200,lemma,appendix,explanation,Lemma B.8: Gaussian change-of-measure tail,18
icml-2026-1ef10519dcd7,ICML,outstanding,foundation_200,lemma,appendix,explanation,Lemma B.9: Brownian martingale tail,18
icml-2026-1ef10519dcd7,ICML,outstanding,foundation_200,lemma,appendix,explanation,Lemma B.10: KL change of measure,19
icml-2026-1ef10519dcd7,ICML,outstanding,foundation_200,lemma,appendix,explanation,Lemma B.11: chi-square under bounded tilt,19
icml-2026-1ef10519dcd7,ICML,outstanding,foundation_200,lemma,appendix,explanation,Lemma B.12: Hellinger expectation control,19
icml-2026-1ef10519dcd7,ICML,outstanding,foundation_200,lemma,appendix,explanation,Lemma B.13: KL under bounded tilt,20
icml-2026-1ef10519dcd7,ICML,outstanding,foundation_200,lemma,appendix,explanation,Lemma B.14: symmetric power divergence of tilts,20
icml-2026-1ef10519dcd7,ICML,outstanding,foundation_200,lemma,appendix,guarantee,Lemma C.1: clipping error,21
icml-2026-1ef10519dcd7,ICML,outstanding,foundation_200,proof,appendix,guarantee,Proof of Theorem D.1 with Claims 1–2,22
icml-2026-1ef10519dcd7,ICML,outstanding,foundation_200,lemma,appendix,explanation,Lemma E.1: coverage inequality,23
icml-2026-1ef10519dcd7,ICML,outstanding,foundation_200,proposition,appendix,guarantee,Proposition E.2: reverse-SDE coverage,23
icml-2026-1ef10519dcd7,ICML,outstanding,foundation_200,proposition,appendix,guarantee,Proposition E.3: reverse-ODE coverage,24
icml-2026-1ef10519dcd7,ICML,outstanding,foundation_200,corollary,appendix,guarantee,Corollary E.4: intrinsic-dimension moments,24
icml-2026-1ef10519dcd7,ICML,outstanding,foundation_200,corollary,appendix,guarantee,Corollary E.5: DDPM coverage from Frobenius tail,24
icml-2026-1ef10519dcd7,ICML,outstanding,foundation_200,corollary,appendix,guarantee,Corollary E.6: DDPM coverage from operator tail,25
icml-2026-1ef10519dcd7,ICML,outstanding,foundation_200,lemma,appendix,explanation,Lemma E.7: bound on kt,27
icml-2026-1ef10519dcd7,ICML,outstanding,foundation_200,proposition,appendix,guarantee,Proposition E.8: posterior moment from intrinsic dimension,29
icml-2026-1ef10519dcd7,ICML,outstanding,foundation_200,lemma,appendix,explanation,Lemma E.9: ambient-dimension moments,31
icml-2026-1ef10519dcd7,ICML,outstanding,foundation_200,theorem,appendix,core_chain,Theorem E.10: exact one-step Gaussian KL decomposition,33
icml-2026-1ef10519dcd7,ICML,outstanding,foundation_200,corollary,appendix,guarantee,Corollary E.11: log-smooth final step,35
icml-2026-1ef10519dcd7,ICML,outstanding,foundation_200,lemma,appendix,explanation,Lemma F.1: Gaussian path independence,36
icml-2026-1ef10519dcd7,ICML,outstanding,foundation_200,proposition,appendix,guarantee,Proposition F.2: estimated-score one-step KL,36
icml-2026-1ef10519dcd7,ICML,outstanding,foundation_200,proposition,appendix,guarantee,Proposition F.3: minimal-assumption ideal-kernel chi-square,36
icml-2026-1ef10519dcd7,ICML,outstanding,foundation_200,proposition,appendix,guarantee,Proposition F.4: Frobenius ideal-kernel KL,36
icml-2026-1ef10519dcd7,ICML,outstanding,foundation_200,corollary,appendix,explanation,Corollary F.5: true kernel to Gaussian divergence,39
icml-2026-1ef10519dcd7,ICML,outstanding,foundation_200,lemma,appendix,guarantee,Lemma F.6: corrector moment controls,41
icml-2026-1ef10519dcd7,ICML,outstanding,foundation_200,theorem,appendix,guarantee,Theorem G.1: first-order log-concave query bounds,42
icml-2026-7f1780627873,ICML,outstanding,foundation_200,numbered_equation,method,core_chain,(1),3
icml-2026-7f1780627873,ICML,outstanding,foundation_200,numbered_equation,method,core_chain,(2),3
icml-2026-7f1780627873,ICML,outstanding,foundation_200,numbered_equation,method,core_chain,(3),3
icml-2026-7f1780627873,ICML,outstanding,foundation_200,numbered_equation,theory,diagnostic,(4),4
icml-2026-7f1780627873,ICML,outstanding,foundation_200,numbered_equation,method,core_chain,(5),7
icml-2026-7f1780627873,ICML,outstanding,foundation_200,numbered_equation,method,core_chain,(6),7
icml-2026-7f1780627873,ICML,outstanding,foundation_200,numbered_equation,theory,guarantee,(7),7
icml-2026-7f1780627873,ICML,outstanding,foundation_200,numbered_equation,method,core_chain,(8),8
icml-2026-7f1780627873,ICML,outstanding,foundation_200,numbered_equation,appendix,core_chain,(9),15
icml-2026-4e7a98266982,ICML,spotlight,foundation_200,proposition,theory,explanation,Proposition 2.1,2
icml-2026-4e7a98266982,ICML,spotlight,foundation_200,numbered_equation,theory,core_chain,Equations (1)-(2),3
icml-2026-4e7a98266982,ICML,spotlight,foundation_200,numbered_equation,theory,core_chain,Equations (3)-(4),3
icml-2026-4e7a98266982,ICML,spotlight,foundation_200,theorem,theory,core_chain,Theorem 2.2,3
icml-2026-4e7a98266982,ICML,spotlight,foundation_200,numbered_equation,theory,core_chain,Equations (5)-(8),3
icml-2026-4e7a98266982,ICML,spotlight,foundation_200,proposition,theory,explanation,Proposition 2.3,4
icml-2026-4e7a98266982,ICML,spotlight,foundation_200,proposition,theory,guarantee,Proposition 2.4,4
icml-2026-4e7a98266982,ICML,spotlight,foundation_200,displayed_equation,theory,explanation,Unnumbered gradient-flow action identities,4
icml-2026-4e7a98266982,ICML,spotlight,foundation_200,proposition,method,core_chain,Proposition 3.1,5
icml-2026-4e7a98266982,ICML,spotlight,foundation_200,numbered_equation,method,core_chain,Equation (9),5
icml-2026-4e7a98266982,ICML,spotlight,foundation_200,numbered_equation,method,core_chain,Equation (10),5
icml-2026-4e7a98266982,ICML,spotlight,foundation_200,theorem,appendix,guarantee,Theorem A.1,13
icml-2026-4e7a98266982,ICML,spotlight,foundation_200,proof,appendix,guarantee,Equations (11)-(16),13
icml-2026-4e7a98266982,ICML,spotlight,foundation_200,proposition,appendix,guarantee,Proposition A.2,14
icml-2026-4e7a98266982,ICML,spotlight,foundation_200,proof,appendix,guarantee,Equations (17)-(33),14
icml-2026-4e7a98266982,ICML,spotlight,foundation_200,proof,appendix,core_chain,Equations (34)-(39) and repeated (9),16
icml-2026-4e7a98266982,ICML,spotlight,foundation_200,numbered_equation,appendix,diagnostic,Equation (40),17
icml-2026-4e7a98266982,ICML,spotlight,foundation_200,numbered_equation,appendix,diagnostic,Equations (41)-(45),18
icml-2026-71db38223110,ICML,spotlight,foundation_200,numbered_equation,theory,core_chain,Eq. (1),2
icml-2026-71db38223110,ICML,spotlight,foundation_200,numbered_equation,theory,core_chain,Eq. (2),2
icml-2026-71db38223110,ICML,spotlight,foundation_200,numbered_equation,theory,explanation,Eq. (3),2
icml-2026-71db38223110,ICML,spotlight,foundation_200,numbered_equation,method,core_chain,Eq. (4),3
icml-2026-71db38223110,ICML,spotlight,foundation_200,numbered_equation,method,core_chain,Eq. (5),3
icml-2026-71db38223110,ICML,spotlight,foundation_200,numbered_equation,method,core_chain,Eq. (6),3
icml-2026-71db38223110,ICML,spotlight,foundation_200,numbered_equation,method,core_chain,Eq. (7),3
icml-2026-71db38223110,ICML,spotlight,foundation_200,numbered_equation,method,core_chain,Eq. (8),3
icml-2026-71db38223110,ICML,spotlight,foundation_200,numbered_equation,theory,core_chain,Eq. (9),3
icml-2026-71db38223110,ICML,spotlight,foundation_200,numbered_equation,theory,core_chain,Eq. (10),3
icml-2026-71db38223110,ICML,spotlight,foundation_200,numbered_equation,theory,core_chain,Eq. (11),4
icml-2026-71db38223110,ICML,spotlight,foundation_200,numbered_equation,theory,core_chain,Eq. (12),4
icml-2026-71db38223110,ICML,spotlight,foundation_200,numbered_equation,appendix,explanation,Eq. (13),12
icml-2026-71db38223110,ICML,spotlight,foundation_200,numbered_equation,appendix,explanation,Eq. (14),12
icml-2026-71db38223110,ICML,spotlight,foundation_200,numbered_equation,appendix,core_chain,Eq. (15),12
icml-2026-71db38223110,ICML,spotlight,foundation_200,numbered_equation,appendix,explanation,Eq. (16),12
icml-2026-71db38223110,ICML,spotlight,foundation_200,numbered_equation,appendix,explanation,Eq. (17),12
icml-2026-71db38223110,ICML,spotlight,foundation_200,numbered_equation,appendix,guarantee,Eq. (18),12
icml-2026-71db38223110,ICML,spotlight,foundation_200,numbered_equation,ablation,diagnostic,Eq. (19),15
icml-2026-5cb9c5807bca,ICML,spotlight,foundation_200,numbered_equation,theory,core_chain,Eq. 1,6
icml-2026-5cb9c5807bca,ICML,spotlight,foundation_200,numbered_equation,theory,explanation,Eq. 2,6
icml-2026-5cb9c5807bca,ICML,spotlight,foundation_200,numbered_equation,theory,explanation,Eq. 3,6
icml-2026-5cb9c5807bca,ICML,spotlight,foundation_200,displayed_equation,experimental_design,diagnostic,Soft Recall definition,6
icml-2026-5cb9c5807bca,ICML,spotlight,foundation_200,displayed_equation,experimental_design,diagnostic,Set Recall definition,6
icml-2026-5cb9c5807bca,ICML,spotlight,foundation_200,displayed_equation,experimental_design,diagnostic,Jaccard definition,6
icml-2026-5cb9c5807bca,ICML,spotlight,foundation_200,numbered_equation,appendix,explanation,Eq. 4,15
icml-2026-5cb9c5807bca,ICML,spotlight,foundation_200,numbered_equation,appendix,explanation,Eq. 5,16
icml-2026-5cb9c5807bca,ICML,spotlight,foundation_200,numbered_equation,appendix,explanation,Eq. 6,16
icml-2026-5cb9c5807bca,ICML,spotlight,foundation_200,numbered_equation,appendix,explanation,Eq. 7,16
icml-2026-5cb9c5807bca,ICML,spotlight,foundation_200,numbered_equation,appendix,explanation,Eq. 8,17
icml-2026-5cb9c5807bca,ICML,spotlight,foundation_200,numbered_equation,appendix,explanation,Eq. 9,17
icml-2026-5cb9c5807bca,ICML,spotlight,foundation_200,numbered_equation,appendix,explanation,Eq. 10,17
icml-2026-5cb9c5807bca,ICML,spotlight,foundation_200,displayed_equation,appendix,explanation,Global-reference z_g,20
icml-2026-5cb9c5807bca,ICML,spotlight,foundation_200,displayed_equation,appendix,explanation,Local-reference z_l,20
icml-2026-5cb9c5807bca,ICML,spotlight,foundation_200,numbered_equation,appendix,explanation,Eq. 11,22
icml-2026-5cb9c5807bca,ICML,spotlight,foundation_200,numbered_equation,appendix,explanation,Eq. 12,22
icml-2026-5cb9c5807bca,ICML,spotlight,foundation_200,numbered_equation,appendix,explanation,Eq. 13,22
icml-2026-5cb9c5807bca,ICML,spotlight,foundation_200,numbered_equation,appendix,diagnostic,Eq. 14,22
icml-2026-5cb9c5807bca,ICML,spotlight,foundation_200,numbered_equation,appendix,diagnostic,Eq. 15,22
icml-2026-5cb9c5807bca,ICML,spotlight,foundation_200,numbered_equation,appendix,diagnostic,Eq. 16,23
icml-2026-5cb9c5807bca,ICML,spotlight,foundation_200,numbered_equation,appendix,diagnostic,Eq. 17,23
icml-2026-5cb9c5807bca,ICML,spotlight,foundation_200,numbered_equation,appendix,diagnostic,Eq. 18,23
icml-2026-5cb9c5807bca,ICML,spotlight,foundation_200,numbered_equation,appendix,diagnostic,Eq. 19,23
icml-2026-5cb9c5807bca,ICML,spotlight,foundation_200,numbered_equation,appendix,diagnostic,Eq. 20,24
icml-2026-5cb9c5807bca,ICML,spotlight,foundation_200,numbered_equation,appendix,diagnostic,Eq. 21,24
icml-2026-5cb9c5807bca,ICML,spotlight,foundation_200,numbered_equation,appendix,diagnostic,Eq. 22,24
icml-2026-8b22afb8c5ae,ICML,spotlight,foundation_200,numbered_equation,method,core_chain,Equation (1): Mercer spectral expansion,2
icml-2026-8b22afb8c5ae,ICML,spotlight,foundation_200,numbered_equation,method,core_chain,Equations (2)-(3): RKHS-to-sequence bridge,2
icml-2026-8b22afb8c5ae,ICML,spotlight,foundation_200,numbered_equation,method,core_chain,Equation (4): sequence model,3
icml-2026-8b22afb8c5ae,ICML,spotlight,foundation_200,numbered_equation,method,core_chain,Definition 3.1: ESD,3
icml-2026-8b22afb8c5ae,ICML,spotlight,foundation_200,proposition,theory,guarantee,Proposition 3.2,3
icml-2026-8b22afb8c5ae,ICML,spotlight,foundation_200,theorem,theory,guarantee,Theorem 3.3,3
icml-2026-8b22afb8c5ae,ICML,spotlight,foundation_200,numbered_equation,method,core_chain,Definition 3.6: span profile,5
icml-2026-8b22afb8c5ae,ICML,spotlight,foundation_200,proposition,theory,explanation,Proposition 3.7,5
icml-2026-8b22afb8c5ae,ICML,spotlight,foundation_200,theorem,theory,guarantee,Theorem 4.3,5
icml-2026-8b22afb8c5ae,ICML,spotlight,foundation_200,numbered_equation,method,core_chain,Equation (12): OP-GF dynamics,6
icml-2026-8b22afb8c5ae,ICML,spotlight,foundation_200,theorem,theory,guarantee,Theorem 5.2,6
icml-2026-8b22afb8c5ae,ICML,spotlight,foundation_200,proposition,appendix,guarantee,Proposition B.2,17
icml-2026-8b22afb8c5ae,ICML,spotlight,foundation_200,theorem,appendix,guarantee,Theorem B.3,18
icml-2026-8b22afb8c5ae,ICML,spotlight,foundation_200,proposition,appendix,guarantee,Proposition C.4,21
icml-2026-8b22afb8c5ae,ICML,spotlight,foundation_200,theorem,appendix,guarantee,Theorem C.7,22
icml-2026-8b22afb8c5ae,ICML,spotlight,foundation_200,theorem,appendix,guarantee,Theorem C.8,22
icml-2026-8b22afb8c5ae,ICML,spotlight,foundation_200,numbered_equation,appendix,explanation,Pathwise ESD definition,26
icml-2026-8b22afb8c5ae,ICML,spotlight,foundation_200,lemma,appendix,guarantee,Lemmas E.1-E.2,28
icml-2026-8b22afb8c5ae,ICML,spotlight,foundation_200,lemma,appendix,diagnostic,Lemmas G.1-G.3,36
icml-2026-8b22afb8c5ae,ICML,spotlight,foundation_200,lemma,appendix,core_chain,Lemmas G.4-G.9,41
icml-2026-8b22afb8c5ae,ICML,spotlight,foundation_200,proposition,appendix,core_chain,Propositions G.10-G.11,43
icml-2026-8b22afb8c5ae,ICML,spotlight,foundation_200,lemma,appendix,core_chain,Lemmas G.12-G.17,49
icml-2026-8b22afb8c5ae,ICML,spotlight,foundation_200,proposition,appendix,core_chain,Propositions G.18-G.19,55
icml-2026-8b22afb8c5ae,ICML,spotlight,foundation_200,lemma,appendix,core_chain,Lemmas G.20-G.21,58
icml-2026-8b22afb8c5ae,ICML,spotlight,foundation_200,proposition,appendix,diagnostic,Proposition H.1,65
icml-2026-8b22afb8c5ae,ICML,spotlight,foundation_200,theorem,appendix,diagnostic,Theorem I.6,72
icml-2026-1c5182bdf0c8,ICML,spotlight,foundation_200,numbered_equation,appendix,explanation,Equation (1): SAE encoder,13
icml-2026-1c5182bdf0c8,ICML,spotlight,foundation_200,numbered_equation,appendix,explanation,Equation (2): SAE decoder,13
icml-2026-1c5182bdf0c8,ICML,spotlight,foundation_200,numbered_equation,appendix,explanation,Equation (3): SAE reconstruction loss,13
icml-2026-1c5182bdf0c8,ICML,spotlight,foundation_200,numbered_equation,appendix,diagnostic,Equation (4): decoder cosine similarity,16
icml-2026-1c5182bdf0c8,ICML,spotlight,foundation_200,numbered_equation,appendix,diagnostic,Equation (5): min-max normalization,17
icml-2026-ed7dc4e0461b,ICML,spotlight,foundation_200,displayed_equation,appendix,diagnostic,Entropy E,16
icml-2026-ed7dc4e0461b,ICML,spotlight,foundation_200,displayed_equation,appendix,diagnostic,Confidence C,16
icml-2026-ed7dc4e0461b,ICML,spotlight,foundation_200,displayed_equation,appendix,diagnostic,Tail@10,16
icml-2026-2d22f08859e8,ICML,spotlight,foundation_200,numbered_equation,method,core_chain,Eq. (1): Rfinal,5
icml-2026-2d22f08859e8,ICML,spotlight,foundation_200,numbered_equation,method,core_chain,Eq. (2): Iveto,5
icml-2026-2d22f08859e8,ICML,spotlight,foundation_200,numbered_equation,method,explanation,Eq. (3): JGRPO,5
icml-2026-67206cc61e49,ICML,spotlight,foundation_200,numbered_equation,method,core_chain,Eq. (1): constrained safe-policy objective,3
icml-2026-67206cc61e49,ICML,spotlight,foundation_200,numbered_equation,theory,core_chain,Eq. (2): gCRC threshold family,5
icml-2026-67206cc61e49,ICML,spotlight,foundation_200,numbered_equation,theory,core_chain,Eq. (3): gCRC oracle threshold,5
icml-2026-67206cc61e49,ICML,spotlight,foundation_200,numbered_equation,theory,core_chain,Eq. (4): gCRC empirical threshold,5
icml-2026-67206cc61e49,ICML,spotlight,foundation_200,theorem,theory,guarantee,Theorem 4.2,5
icml-2026-67206cc61e49,ICML,spotlight,foundation_200,numbered_equation,method,core_chain,Eq. (5): likelihood-ratio-clipped constrained policy,6
icml-2026-67206cc61e49,ICML,spotlight,foundation_200,numbered_equation,method,core_chain,Eq. (6): calibrated beta selection,6
icml-2026-67206cc61e49,ICML,spotlight,foundation_200,theorem,theory,guarantee,Theorem 4.6,7
icml-2026-67206cc61e49,ICML,spotlight,foundation_200,theorem,appendix,guarantee,Theorem C.3 (restatement of Theorem 4.2),23
icml-2026-67206cc61e49,ICML,spotlight,foundation_200,proof,appendix,guarantee,Proof of Theorem C.3,23
icml-2026-67206cc61e49,ICML,spotlight,foundation_200,proposition,appendix,diagnostic,Proposition C.4,27
icml-2026-67206cc61e49,ICML,spotlight,foundation_200,proposition,appendix,guarantee,Proposition C.5,28
icml-2026-67206cc61e49,ICML,spotlight,foundation_200,numbered_equation,appendix,core_chain,Eq. (29): likelihood-ratio bound policy in proof notation,30
icml-2026-67206cc61e49,ICML,spotlight,foundation_200,theorem,appendix,guarantee,Theorem C.10,30
icml-2026-67206cc61e49,ICML,spotlight,foundation_200,theorem,appendix,guarantee,Theorem C.11 (restatement of Theorem 4.6),31
icml-2026-67206cc61e49,ICML,spotlight,foundation_200,proof,appendix,guarantee,Proof of Theorem C.11,31
icml-2026-67206cc61e49,ICML,spotlight,foundation_200,lemma,appendix,explanation,Lemma C.12,38
icml-2026-67206cc61e49,ICML,spotlight,foundation_200,proof,appendix,explanation,Proof of Lemma C.12,38
icml-2026-67206cc61e49,ICML,spotlight,foundation_200,numbered_equation,appendix,core_chain,Eq. (53): likelihood ratio,40
icml-2026-67206cc61e49,ICML,spotlight,foundation_200,numbered_equation,appendix,core_chain,Eq. (55): normalized constrained density,40
icml-2026-67206cc61e49,ICML,spotlight,foundation_200,numbered_equation,appendix,core_chain,Eq. (63): weighted risk estimate,43
icml-2026-67206cc61e49,ICML,spotlight,foundation_200,numbered_equation,appendix,explanation,Eq. (65)–(67): acceptance probabilities,44
icml-2026-67206cc61e49,ICML,spotlight,foundation_200,numbered_equation,appendix,core_chain,Eq. (74): FDR loss,46
icml-2026-67206cc61e49,ICML,spotlight,foundation_200,numbered_equation,appendix,explanation,Eq. (77): true-claim recall,47
icml-2026-67206cc61e49,ICML,spotlight,foundation_200,numbered_equation,appendix,diagnostic,Eq. (78): synthetic feasibility probability,50
icml-2026-67206cc61e49,ICML,spotlight,foundation_200,numbered_equation,appendix,explanation,Eq. (79)–(80): GP kernel and acquisition policy,51
icml-2026-67206cc61e49,ICML,spotlight,foundation_200,numbered_equation,appendix,diagnostic,Eq. (81): Ehrlich function,52
icml-2026-6b81cf37c92f,ICML,spotlight,foundation_200,numbered_equation,method,explanation,Eq. 1,2
icml-2026-6b81cf37c92f,ICML,spotlight,foundation_200,numbered_equation,method,explanation,Eq. 2,3
icml-2026-6b81cf37c92f,ICML,spotlight,foundation_200,numbered_equation,method,explanation,Eq. 3,3
icml-2026-6b81cf37c92f,ICML,spotlight,foundation_200,numbered_equation,method,explanation,Eq. 4,3
icml-2026-6b81cf37c92f,ICML,spotlight,foundation_200,numbered_equation,method,core_chain,Eq. 5,3
icml-2026-6b81cf37c92f,ICML,spotlight,foundation_200,numbered_equation,method,core_chain,Eq. 6,3
icml-2026-6b81cf37c92f,ICML,spotlight,foundation_200,numbered_equation,method,core_chain,Eq. 7,3
icml-2026-6b81cf37c92f,ICML,spotlight,foundation_200,numbered_equation,method,core_chain,Eq. 8,3
icml-2026-6b81cf37c92f,ICML,spotlight,foundation_200,numbered_equation,method,core_chain,Eq. 9,4
icml-2026-6b81cf37c92f,ICML,spotlight,foundation_200,numbered_equation,method,core_chain,Eq. 10,4
icml-2026-6b81cf37c92f,ICML,spotlight,foundation_200,numbered_equation,method,core_chain,Eq. 11,4
icml-2026-6b81cf37c92f,ICML,spotlight,foundation_200,numbered_equation,method,diagnostic,Eq. 12,4
icml-2026-6b81cf37c92f,ICML,spotlight,foundation_200,numbered_equation,method,core_chain,Eq. 13,5
icml-2026-6b81cf37c92f,ICML,spotlight,foundation_200,numbered_equation,method,core_chain,Eq. 14,5
icml-2026-6b81cf37c92f,ICML,spotlight,foundation_200,numbered_equation,method,explanation,Eq. 15,5
icml-2026-6b81cf37c92f,ICML,spotlight,foundation_200,numbered_equation,method,core_chain,Eq. 16,5
icml-2026-6b81cf37c92f,ICML,spotlight,foundation_200,numbered_equation,method,core_chain,Eq. 17,6
icml-2026-6b81cf37c92f,ICML,spotlight,foundation_200,numbered_equation,method,core_chain,Eq. 18,6
icml-2026-6b81cf37c92f,ICML,spotlight,foundation_200,numbered_equation,ablation,diagnostic,Eq. 19,7
icml-2026-6b81cf37c92f,ICML,spotlight,foundation_200,numbered_equation,ablation,diagnostic,Eq. 20,7
icml-2026-6b81cf37c92f,ICML,spotlight,foundation_200,numbered_equation,ablation,diagnostic,Eq. 21,7
icml-2026-6b81cf37c92f,ICML,spotlight,foundation_200,numbered_equation,ablation,core_chain,Eq. 22,8
icml-2026-6b81cf37c92f,ICML,spotlight,foundation_200,numbered_equation,appendix,explanation,Eq. 23,13
icml-2026-6b81cf37c92f,ICML,spotlight,foundation_200,numbered_equation,appendix,diagnostic,Eq. 24,17
icml-2026-6b81cf37c92f,ICML,spotlight,foundation_200,numbered_equation,appendix,diagnostic,Eq. 25,17
icml-2026-6b81cf37c92f,ICML,spotlight,foundation_200,displayed_equation,appendix,explanation,Appendix A term A,13
icml-2026-6b81cf37c92f,ICML,spotlight,foundation_200,displayed_equation,appendix,explanation,Appendix A term B,13
icml-2026-6b81cf37c92f,ICML,spotlight,foundation_200,displayed_equation,appendix,explanation,Appendix A term C,13
icml-2026-cca969cd8cab,ICML,spotlight,foundation_200,numbered_equation,theory,core_chain,Equation (1),2
icml-2026-cca969cd8cab,ICML,spotlight,foundation_200,numbered_equation,theory,core_chain,Equation (2),2
icml-2026-cca969cd8cab,ICML,spotlight,foundation_200,numbered_equation,method,core_chain,Equation (3),2
icml-2026-cca969cd8cab,ICML,spotlight,foundation_200,numbered_equation,method,core_chain,Equation (4),2
icml-2026-cca969cd8cab,ICML,spotlight,foundation_200,numbered_equation,method,core_chain,Equation (5),2
icml-2026-cca969cd8cab,ICML,spotlight,foundation_200,numbered_equation,method,core_chain,Equation (6),3
icml-2026-cca969cd8cab,ICML,spotlight,foundation_200,numbered_equation,method,explanation,Equation (7),3
icml-2026-cca969cd8cab,ICML,spotlight,foundation_200,numbered_equation,method,explanation,Equation (8),3
icml-2026-cca969cd8cab,ICML,spotlight,foundation_200,numbered_equation,method,explanation,Equation (9),3
icml-2026-cca969cd8cab,ICML,spotlight,foundation_200,numbered_equation,method,explanation,Equation (10),4
icml-2026-cca969cd8cab,ICML,spotlight,foundation_200,numbered_equation,appendix,explanation,Equation (11),12
icml-2026-cca969cd8cab,ICML,spotlight,foundation_200,numbered_equation,appendix,explanation,Equation (12),12
icml-2026-cca969cd8cab,ICML,spotlight,foundation_200,numbered_equation,appendix,explanation,Equation (13),12
icml-2026-cca969cd8cab,ICML,spotlight,foundation_200,numbered_equation,appendix,explanation,Equation (14),12
icml-2026-cca969cd8cab,ICML,spotlight,foundation_200,numbered_equation,appendix,explanation,Equation (15),12
icml-2026-cca969cd8cab,ICML,spotlight,foundation_200,numbered_equation,appendix,explanation,Equation (16),12
icml-2026-cca969cd8cab,ICML,spotlight,foundation_200,displayed_equation,appendix,explanation,A.1 polar-coordinate representation,12
icml-2026-cca969cd8cab,ICML,spotlight,foundation_200,displayed_equation,appendix,explanation,A.1 standard 2×2 rotation matrix,12
icml-2026-cca969cd8cab,ICML,spotlight,foundation_200,displayed_equation,appendix,diagnostic,A.2 MHA projection FLOPs,12
icml-2026-cca969cd8cab,ICML,spotlight,foundation_200,displayed_equation,appendix,diagnostic,A.2 attention-matmul FLOPs,12
icml-2026-cca969cd8cab,ICML,spotlight,foundation_200,displayed_equation,appendix,diagnostic,A.2 MLP FLOPs,12
icml-2026-cca969cd8cab,ICML,spotlight,foundation_200,displayed_equation,appendix,diagnostic,A.2 total layer FLOPs,12
icml-2026-cca969cd8cab,ICML,spotlight,foundation_200,displayed_equation,appendix,diagnostic,A.2 overhead ratio,13
icml-2026-cca969cd8cab,ICML,spotlight,foundation_200,displayed_equation,appendix,diagnostic,A.2 overhead at L=1024,13
icml-2026-cca969cd8cab,ICML,spotlight,foundation_200,displayed_equation,appendix,diagnostic,A.2 overhead at L=2048,13
icml-2026-cca969cd8cab,ICML,spotlight,foundation_200,displayed_equation,appendix,diagnostic,A.2 overhead at L=4096,13
icml-2026-a53de8003ce0,ICML,spotlight,foundation_200,numbered_equation,method,core_chain,Eq. (1),4
icml-2026-a53de8003ce0,ICML,spotlight,foundation_200,numbered_equation,method,core_chain,Eq. (2),4
icml-2026-a53de8003ce0,ICML,spotlight,foundation_200,numbered_equation,method,explanation,Eq. (3),4
icml-2026-a53de8003ce0,ICML,spotlight,foundation_200,numbered_equation,method,core_chain,Eq. (4),4
icml-2026-159ec0c7baad,ICML,spotlight,foundation_200,numbered_equation,other,core_chain,Eq. (1),3
icml-2026-159ec0c7baad,ICML,spotlight,foundation_200,numbered_equation,other,core_chain,Eq. (2),3
icml-2026-159ec0c7baad,ICML,spotlight,foundation_200,numbered_equation,other,core_chain,Eq. (3),3
icml-2026-159ec0c7baad,ICML,spotlight,foundation_200,numbered_equation,other,core_chain,Eq. (4),3
icml-2026-159ec0c7baad,ICML,spotlight,foundation_200,numbered_equation,method,core_chain,Eq. (5),4
icml-2026-159ec0c7baad,ICML,spotlight,foundation_200,numbered_equation,method,core_chain,Eq. (6),4
icml-2026-159ec0c7baad,ICML,spotlight,foundation_200,numbered_equation,method,core_chain,Eq. (7),4
icml-2026-159ec0c7baad,ICML,spotlight,foundation_200,numbered_equation,method,core_chain,Eq. (8),4
icml-2026-159ec0c7baad,ICML,spotlight,foundation_200,numbered_equation,method,core_chain,Eq. (9),4
icml-2026-159ec0c7baad,ICML,spotlight,foundation_200,numbered_equation,method,core_chain,Eq. (10),4
icml-2026-159ec0c7baad,ICML,spotlight,foundation_200,numbered_equation,method,core_chain,Eq. (11),4
icml-2026-159ec0c7baad,ICML,spotlight,foundation_200,numbered_equation,method,diagnostic,Eq. (12),5
icml-2026-159ec0c7baad,ICML,spotlight,foundation_200,numbered_equation,method,explanation,Eq. (13),5
icml-2026-44d93fac8702,ICML,spotlight,foundation_200,displayed_equation,theory,core_chain,θ = θ0 + P(θd),2
icml-2026-44d93fac8702,ICML,spotlight,foundation_200,displayed_equation,method,core_chain,W = W0 + BA,2
icml-2026-44d93fac8702,ICML,spotlight,foundation_200,displayed_equation,method,core_chain,"params(r,LLoRA) = 2 × LLoRA × dmodel × r",2
icml-2026-44d93fac8702,ICML,spotlight,foundation_200,displayed_equation,method,core_chain,dint = min{d : A(d) ≥ τ},2
icml-2026-12ceaf196f4d,ICML,spotlight,foundation_200,numbered_equation,method,explanation,Eq. (1),2
icml-2026-12ceaf196f4d,ICML,spotlight,foundation_200,numbered_equation,method,explanation,Eq. (2),2
icml-2026-12ceaf196f4d,ICML,spotlight,foundation_200,numbered_equation,method,explanation,Eq. (3),2
icml-2026-12ceaf196f4d,ICML,spotlight,foundation_200,numbered_equation,method,core_chain,Eq. (4),3
icml-2026-12ceaf196f4d,ICML,spotlight,foundation_200,numbered_equation,method,core_chain,Eq. (5),3
icml-2026-12ceaf196f4d,ICML,spotlight,foundation_200,numbered_equation,method,core_chain,Eq. (6),3
icml-2026-12ceaf196f4d,ICML,spotlight,foundation_200,numbered_equation,method,explanation,Eq. (7),3
icml-2026-12ceaf196f4d,ICML,spotlight,foundation_200,numbered_equation,method,core_chain,Eq. (8),3
icml-2026-12ceaf196f4d,ICML,spotlight,foundation_200,numbered_equation,method,core_chain,Eq. (9),4
icml-2026-12ceaf196f4d,ICML,spotlight,foundation_200,numbered_equation,method,core_chain,Eq. (10),4
icml-2026-12ceaf196f4d,ICML,spotlight,foundation_200,numbered_equation,method,core_chain,Eq. (11),4
icml-2026-12ceaf196f4d,ICML,spotlight,foundation_200,numbered_equation,method,explanation,Eq. (12),4
icml-2026-12ceaf196f4d,ICML,spotlight,foundation_200,numbered_equation,method,core_chain,Eq. (13),4
icml-2026-12ceaf196f4d,ICML,spotlight,foundation_200,numbered_equation,method,core_chain,Eq. (14),5
icml-2026-12ceaf196f4d,ICML,spotlight,foundation_200,numbered_equation,method,core_chain,Eq. (15),5
icml-2026-12ceaf196f4d,ICML,spotlight,foundation_200,numbered_equation,method,core_chain,Eq. (16),5
icml-2026-12ceaf196f4d,ICML,spotlight,foundation_200,numbered_equation,method,core_chain,Eq. (17),5
icml-2026-12ceaf196f4d,ICML,spotlight,foundation_200,numbered_equation,method,core_chain,Eq. (18),5
icml-2026-12ceaf196f4d,ICML,spotlight,foundation_200,numbered_equation,method,explanation,Eq. (19),5
icml-2026-12ceaf196f4d,ICML,spotlight,foundation_200,numbered_equation,method,explanation,Eq. (20),5
icml-2026-12ceaf196f4d,ICML,spotlight,foundation_200,numbered_equation,method,core_chain,Eq. (21),6
icml-2026-12ceaf196f4d,ICML,spotlight,foundation_200,numbered_equation,method,core_chain,Eq. (22),6
icml-2026-12ceaf196f4d,ICML,spotlight,foundation_200,numbered_equation,method,explanation,Eq. (23),6
icml-2026-12ceaf196f4d,ICML,spotlight,foundation_200,numbered_equation,method,core_chain,Eq. (24),6
icml-2026-12ceaf196f4d,ICML,spotlight,foundation_200,numbered_equation,method,core_chain,Eq. (25),6
icml-2026-12ceaf196f4d,ICML,spotlight,foundation_200,numbered_equation,method,core_chain,Eq. (26),6
icml-2026-12ceaf196f4d,ICML,spotlight,foundation_200,numbered_equation,method,core_chain,Eq. (27),6
icml-2026-12ceaf196f4d,ICML,spotlight,foundation_200,numbered_equation,experimental_design,diagnostic,Eq. (28),8
icml-2026-12ceaf196f4d,ICML,spotlight,foundation_200,numbered_equation,experimental_design,diagnostic,Eq. (29),8
icml-2026-12ceaf196f4d,ICML,spotlight,foundation_200,numbered_equation,appendix,explanation,Eq. (30),12
icml-2026-12ceaf196f4d,ICML,spotlight,foundation_200,numbered_equation,appendix,explanation,Eq. (31),12
icml-2026-12ceaf196f4d,ICML,spotlight,foundation_200,numbered_equation,appendix,explanation,Eq. (32),12
icml-2026-57e09ec1b6ac,ICML,spotlight,foundation_200,numbered_equation,method,explanation,Eq. (1): f_SMoE(x),3
icml-2026-57e09ec1b6ac,ICML,spotlight,foundation_200,numbered_equation,method,explanation,Eq. (2): E(i)(x),3
icml-2026-57e09ec1b6ac,ICML,spotlight,foundation_200,numbered_equation,method,core_chain,"Eq. (3): A(i), B(i) Gram matrices",3
icml-2026-57e09ec1b6ac,ICML,spotlight,foundation_200,numbered_equation,method,core_chain,Eq. (4): Top-c Eigenvector Selection,3
icml-2026-57e09ec1b6ac,ICML,spotlight,foundation_200,displayed_equation,method,core_chain,Spectral embedding C(i),3
icml-2026-57e09ec1b6ac,ICML,spotlight,foundation_200,displayed_equation,method,core_chain,Spectral routing matrix W_EV,4
icml-2026-57e09ec1b6ac,ICML,spotlight,foundation_200,displayed_equation,method,core_chain,EV router f_EV(x),4
icml-2026-57e09ec1b6ac,ICML,spotlight,foundation_200,numbered_equation,method,core_chain,Eq. (5): f_SSMoE(x),4
icml-2026-57e09ec1b6ac,ICML,spotlight,foundation_200,displayed_equation,method,core_chain,Probability mixture V(x),4
icml-2026-57e09ec1b6ac,ICML,spotlight,foundation_200,lemma,theory,guarantee,Lemma 3.1,4
icml-2026-57e09ec1b6ac,ICML,spotlight,foundation_200,displayed_equation,theory,guarantee,Selective SSMoE ε bound,4
icml-2026-57e09ec1b6ac,ICML,spotlight,foundation_200,lemma,appendix,explanation,Lemma B.1,15
icml-2026-57e09ec1b6ac,ICML,spotlight,foundation_200,proof,appendix,guarantee,Proof for Lemma B.1,15
icml-2026-57e09ec1b6ac,ICML,spotlight,foundation_200,proof,appendix,guarantee,Proof for Lemma 3.1,16
icml-2026-5d3146110f97,ICML,spotlight,foundation_200,numbered_equation,method,core_chain,Eq. (1),2
icml-2026-5d3146110f97,ICML,spotlight,foundation_200,numbered_equation,method,core_chain,Eq. (2),3
icml-2026-5d3146110f97,ICML,spotlight,foundation_200,numbered_equation,method,diagnostic,Eq. (3),3
icml-2026-5d3146110f97,ICML,spotlight,foundation_200,numbered_equation,method,explanation,Eq. (4),3
icml-2026-5d3146110f97,ICML,spotlight,foundation_200,numbered_equation,method,core_chain,Eq. (5),3
icml-2026-5d3146110f97,ICML,spotlight,foundation_200,numbered_equation,method,core_chain,Eq. (6),4
icml-2026-5d3146110f97,ICML,spotlight,foundation_200,numbered_equation,method,core_chain,Eq. (7),4
icml-2026-5d3146110f97,ICML,spotlight,foundation_200,numbered_equation,method,core_chain,Eq. (8),4
icml-2026-5d3146110f97,ICML,spotlight,foundation_200,numbered_equation,method,core_chain,Eq. (9),4
icml-2026-5d3146110f97,ICML,spotlight,foundation_200,numbered_equation,method,core_chain,Eq. (10),5
icml-2026-5d3146110f97,ICML,spotlight,foundation_200,numbered_equation,method,core_chain,Eq. (11),5
icml-2026-5d3146110f97,ICML,spotlight,foundation_200,numbered_equation,method,core_chain,Eq. (12),6
icml-2026-5d3146110f97,ICML,spotlight,foundation_200,numbered_equation,method,core_chain,Eq. (13),6
icml-2026-5d3146110f97,ICML,spotlight,foundation_200,numbered_equation,method,core_chain,Eq. (14),6
icml-2026-5d3146110f97,ICML,spotlight,foundation_200,numbered_equation,method,core_chain,Eq. (15),7
icml-2026-5d3146110f97,ICML,spotlight,foundation_200,numbered_equation,method,explanation,Eq. (16),7
icml-2026-5d3146110f97,ICML,spotlight,foundation_200,displayed_equation,method,explanation,Unnumbered WDDO gradient,7
icml-2026-5d3146110f97,ICML,spotlight,foundation_200,numbered_equation,theory,explanation,Eq. (17),17
icml-2026-5d3146110f97,ICML,spotlight,foundation_200,lemma,theory,explanation,Lemma B.1,18
icml-2026-5d3146110f97,ICML,spotlight,foundation_200,numbered_equation,theory,explanation,Eq. (18),18
icml-2026-5d3146110f97,ICML,spotlight,foundation_200,numbered_equation,theory,core_chain,Eq. (19),18
icml-2026-5d3146110f97,ICML,spotlight,foundation_200,numbered_equation,theory,core_chain,Eq. (20),18
icml-2026-5d3146110f97,ICML,spotlight,foundation_200,numbered_equation,theory,core_chain,Eq. (21),19
icml-2026-5d3146110f97,ICML,spotlight,foundation_200,numbered_equation,theory,core_chain,Eq. (22),19
icml-2026-5d3146110f97,ICML,spotlight,foundation_200,numbered_equation,theory,explanation,Eq. (23),19
icml-2026-5d3146110f97,ICML,spotlight,foundation_200,numbered_equation,theory,explanation,Eq. (24),19
icml-2026-5d3146110f97,ICML,spotlight,foundation_200,displayed_equation,theory,explanation,Zero-temperature WDCE derivation,20
icml-2026-5d3146110f97,ICML,spotlight,foundation_200,displayed_equation,theory,diagnostic,Score-function baseline derivation,20
icml-2026-ed7f31d45d4a,ICML,spotlight,foundation_200,numbered_equation,theory,core_chain,Eq. (1),5
icml-2026-ed7f31d45d4a,ICML,spotlight,foundation_200,numbered_equation,method,core_chain,Eq. (2),10
icml-2026-ed7f31d45d4a,ICML,spotlight,foundation_200,numbered_equation,appendix,guarantee,Eq. (3),13
icml-2026-ed7f31d45d4a,ICML,spotlight,foundation_200,numbered_equation,appendix,explanation,Eq. (4),17
icml-2026-ed7f31d45d4a,ICML,spotlight,foundation_200,numbered_equation,appendix,core_chain,Eq. (5),20
icml-2026-ed7f31d45d4a,ICML,spotlight,foundation_200,numbered_equation,appendix,core_chain,Eq. (6),20
icml-2026-ed7f31d45d4a,ICML,spotlight,foundation_200,numbered_equation,appendix,diagnostic,Eq. (7),23
icml-2026-ed7f31d45d4a,ICML,spotlight,foundation_200,numbered_equation,appendix,explanation,Eq. (8),25
icml-2026-ed7f31d45d4a,ICML,spotlight,foundation_200,numbered_equation,appendix,core_chain,Eq. (9),35
icml-2026-ed7f31d45d4a,ICML,spotlight,foundation_200,theorem,theory,core_chain,Theorem 2.1 / Theorem 6.1 special case,3
icml-2026-ed7f31d45d4a,ICML,spotlight,foundation_200,theorem,theory,core_chain,Theorem 2.2 / Theorem 6.3 special case,5
icml-2026-ed7f31d45d4a,ICML,spotlight,foundation_200,theorem,theory,guarantee,Theorem 2.3 / Theorem 9.1 special case,6
icml-2026-ed7f31d45d4a,ICML,spotlight,foundation_200,theorem,theory,core_chain,Theorem 2.4 / Theorem 6.4 special case,6
icml-2026-ed7f31d45d4a,ICML,spotlight,foundation_200,theorem,theory,guarantee,Theorem 2.5,6
icml-2026-ed7f31d45d4a,ICML,spotlight,foundation_200,theorem,theory,guarantee,Theorem 2.6,7
icml-2026-ed7f31d45d4a,ICML,spotlight,foundation_200,theorem,theory,guarantee,Theorem 2.7,7
icml-2026-ed7f31d45d4a,ICML,spotlight,foundation_200,theorem,appendix,core_chain,Theorem 6.1,16
icml-2026-ed7f31d45d4a,ICML,spotlight,foundation_200,lemma,appendix,explanation,Lemma 7.1,15
icml-2026-ed7f31d45d4a,ICML,spotlight,foundation_200,lemma,appendix,explanation,Lemma 7.2,17
icml-2026-ed7f31d45d4a,ICML,spotlight,foundation_200,lemma,appendix,guarantee,Lemma 7.3,17
icml-2026-ed7f31d45d4a,ICML,spotlight,foundation_200,lemma,appendix,guarantee,Lemma 7.4,18
icml-2026-ed7f31d45d4a,ICML,spotlight,foundation_200,lemma,appendix,diagnostic,Lemma 7.5,18
icml-2026-ed7f31d45d4a,ICML,spotlight,foundation_200,theorem,appendix,guarantee,Theorem 6.2,19
icml-2026-ed7f31d45d4a,ICML,spotlight,foundation_200,lemma,appendix,core_chain,Lemma 8.1,20
icml-2026-ed7f31d45d4a,ICML,spotlight,foundation_200,theorem,appendix,core_chain,Theorem 6.3,21
icml-2026-ed7f31d45d4a,ICML,spotlight,foundation_200,proposition,appendix,diagnostic,Proposition 8.2,22
icml-2026-ed7f31d45d4a,ICML,spotlight,foundation_200,proposition,appendix,diagnostic,Proposition 8.3,22
icml-2026-ed7f31d45d4a,ICML,spotlight,foundation_200,theorem,appendix,guarantee,Theorem 9.1,24
icml-2026-ed7f31d45d4a,ICML,spotlight,foundation_200,lemma,appendix,core_chain,Lemma 9.2,25
icml-2026-ed7f31d45d4a,ICML,spotlight,foundation_200,corollary,appendix,guarantee,Corollary 9.3,26
icml-2026-ed7f31d45d4a,ICML,spotlight,foundation_200,theorem,appendix,core_chain,Theorem 6.4,29
icml-2026-ed7f31d45d4a,ICML,spotlight,foundation_200,lemma,appendix,guarantee,Lemma 9.4,31
icml-2026-ed7f31d45d4a,ICML,spotlight,foundation_200,proposition,appendix,explanation,Proposition 10.1,34
icml-2026-ed7f31d45d4a,ICML,spotlight,foundation_200,theorem,appendix,guarantee,Theorem 10.2,35
icml-2026-ed7f31d45d4a,ICML,spotlight,foundation_200,corollary,appendix,guarantee,Corollary 11.1,37
icml-2026-ed7f31d45d4a,ICML,spotlight,foundation_200,corollary,appendix,guarantee,Corollary 11.2,37
icml-2026-ed7f31d45d4a,ICML,spotlight,foundation_200,corollary,appendix,guarantee,Corollary 11.3,38
icml-2026-ed7f31d45d4a,ICML,spotlight,foundation_200,proof,appendix,core_chain,Proof block: Sections 7-11,15
icml-2026-1dfcf4c8869d,ICML,spotlight,foundation_200,numbered_equation,method,core_chain,Eq. (1): ideal budget transformation,2
icml-2026-1dfcf4c8869d,ICML,spotlight,foundation_200,displayed_equation,method,core_chain,Definition 2.1 display: Pareto Elastic Model,3
icml-2026-1dfcf4c8869d,ICML,spotlight,foundation_200,numbered_equation,method,core_chain,Eq. (2): weighted elastic training objective,3
icml-2026-1dfcf4c8869d,ICML,spotlight,foundation_200,numbered_equation,method,core_chain,Eq. (3): DataSVD reconstruction objective,4
icml-2026-1dfcf4c8869d,ICML,spotlight,foundation_200,numbered_equation,method,core_chain,Eq. (4): nested profile selection,4
icml-2026-1dfcf4c8869d,ICML,spotlight,foundation_200,numbered_equation,method,core_chain,Eqs. (5)–(6): KD loss and final training objective,4
icml-2026-1dfcf4c8869d,ICML,spotlight,foundation_200,numbered_equation,method,guarantee,Eq. (7): Gauge-Aligned Reparametrization,5
icml-2026-1dfcf4c8869d,ICML,spotlight,foundation_200,numbered_equation,theory,core_chain,Eqs. (8)–(9): linear rank objective and submodel gap,5
icml-2026-1dfcf4c8869d,ICML,spotlight,foundation_200,numbered_equation,theory,diagnostic,Eq. (10): PTS objective,6
icml-2026-1dfcf4c8869d,ICML,spotlight,foundation_200,theorem,theory,guarantee,Theorem 4.1,6
icml-2026-1dfcf4c8869d,ICML,spotlight,foundation_200,numbered_equation,theory,diagnostic,Eq. (11): ASL objective,6
icml-2026-1dfcf4c8869d,ICML,spotlight,foundation_200,theorem,theory,guarantee,Theorem 4.2,6
icml-2026-1dfcf4c8869d,ICML,spotlight,foundation_200,numbered_equation,theory,core_chain,Eq. (12): NSL objective,6
icml-2026-1dfcf4c8869d,ICML,spotlight,foundation_200,theorem,theory,guarantee,Theorem 4.3,6
icml-2026-1dfcf4c8869d,ICML,spotlight,foundation_200,lemma,appendix,explanation,Lemmas B.3–B.4,15
icml-2026-1dfcf4c8869d,ICML,spotlight,foundation_200,lemma,appendix,explanation,Lemma B.5,16
icml-2026-1dfcf4c8869d,ICML,spotlight,foundation_200,lemma,appendix,explanation,Lemma B.6,17
icml-2026-1dfcf4c8869d,ICML,spotlight,foundation_200,theorem,appendix,explanation,Theorem B.7,18
icml-2026-1dfcf4c8869d,ICML,spotlight,foundation_200,corollary,appendix,explanation,Corollary B.8,20
icml-2026-1dfcf4c8869d,ICML,spotlight,foundation_200,proof,appendix,explanation,Proofs of Theorems 4.1–4.3,18
icml-2026-1dfcf4c8869d,ICML,spotlight,foundation_200,numbered_equation,appendix,explanation,Eqs. (13)–(59): Appendix B proof derivations,15
icml-2026-1dfcf4c8869d,ICML,spotlight,foundation_200,numbered_equation,appendix,explanation,Eqs. (60)–(61): covariance rewrite and whitened SVD,21
icml-2026-cd054c2b1c0a,ICML,spotlight,foundation_200,numbered_equation,introduction,core_chain,Eq. (1),1
icml-2026-cd054c2b1c0a,ICML,spotlight,foundation_200,numbered_equation,method,explanation,Eq. (2),2
icml-2026-cd054c2b1c0a,ICML,spotlight,foundation_200,numbered_equation,method,explanation,Eq. (3),2
icml-2026-cd054c2b1c0a,ICML,spotlight,foundation_200,numbered_equation,method,explanation,Eq. (4),2
icml-2026-cd054c2b1c0a,ICML,spotlight,foundation_200,numbered_equation,method,explanation,Eq. (5),2
icml-2026-cd054c2b1c0a,ICML,spotlight,foundation_200,numbered_equation,method,explanation,Eq. (6),2
icml-2026-cd054c2b1c0a,ICML,spotlight,foundation_200,numbered_equation,method,explanation,Eq. (7),2
icml-2026-cd054c2b1c0a,ICML,spotlight,foundation_200,numbered_equation,method,explanation,Eq. (8),2
icml-2026-cd054c2b1c0a,ICML,spotlight,foundation_200,numbered_equation,method,explanation,Eq. (9),2
icml-2026-cd054c2b1c0a,ICML,spotlight,foundation_200,numbered_equation,method,core_chain,Eq. (10),3
icml-2026-cd054c2b1c0a,ICML,spotlight,foundation_200,numbered_equation,method,core_chain,Eq. (11),3
icml-2026-cd054c2b1c0a,ICML,spotlight,foundation_200,numbered_equation,method,core_chain,Eq. (12),3
icml-2026-cd054c2b1c0a,ICML,spotlight,foundation_200,numbered_equation,method,core_chain,Eq. (13),3
icml-2026-cd054c2b1c0a,ICML,spotlight,foundation_200,numbered_equation,method,core_chain,Eq. (14),3
icml-2026-cd054c2b1c0a,ICML,spotlight,foundation_200,numbered_equation,method,core_chain,Eq. (15),3
icml-2026-cd054c2b1c0a,ICML,spotlight,foundation_200,numbered_equation,method,core_chain,Eq. (16),3
icml-2026-cd054c2b1c0a,ICML,spotlight,foundation_200,numbered_equation,method,core_chain,Eq. (17),3
icml-2026-cd054c2b1c0a,ICML,spotlight,foundation_200,numbered_equation,method,core_chain,Eq. (18),3
icml-2026-cd054c2b1c0a,ICML,spotlight,foundation_200,numbered_equation,method,core_chain,Eq. (19),3
icml-2026-cd054c2b1c0a,ICML,spotlight,foundation_200,numbered_equation,method,core_chain,Eq. (20),3
icml-2026-cd054c2b1c0a,ICML,spotlight,foundation_200,numbered_equation,method,core_chain,Eq. (21),3
icml-2026-cd054c2b1c0a,ICML,spotlight,foundation_200,numbered_equation,method,core_chain,Eq. (22),3
icml-2026-cd054c2b1c0a,ICML,spotlight,foundation_200,numbered_equation,method,core_chain,Eq. (23),3
icml-2026-cd054c2b1c0a,ICML,spotlight,foundation_200,numbered_equation,theory,guarantee,Eq. (24),5
icml-2026-cd054c2b1c0a,ICML,spotlight,foundation_200,numbered_equation,theory,guarantee,Eq. (25),5
icml-2026-cd054c2b1c0a,ICML,spotlight,foundation_200,numbered_equation,theory,guarantee,Eq. (26),5
icml-2026-cd054c2b1c0a,ICML,spotlight,foundation_200,numbered_equation,theory,guarantee,Eq. (27),5
icml-2026-cd054c2b1c0a,ICML,spotlight,foundation_200,numbered_equation,theory,guarantee,Eq. (28),5
icml-2026-cd054c2b1c0a,ICML,spotlight,foundation_200,numbered_equation,theory,guarantee,Eq. (29),5
icml-2026-cd054c2b1c0a,ICML,spotlight,foundation_200,numbered_equation,theory,guarantee,Eq. (30),5
icml-2026-cd054c2b1c0a,ICML,spotlight,foundation_200,numbered_equation,theory,guarantee,Eq. (31),5
icml-2026-cd054c2b1c0a,ICML,spotlight,foundation_200,numbered_equation,theory,guarantee,Eq. (32),5
icml-2026-cd054c2b1c0a,ICML,spotlight,foundation_200,numbered_equation,theory,guarantee,Eq. (33),5
icml-2026-cd054c2b1c0a,ICML,spotlight,foundation_200,numbered_equation,theory,guarantee,Eq. (34),5
icml-2026-cd054c2b1c0a,ICML,spotlight,foundation_200,numbered_equation,theory,guarantee,Eq. (35),5
icml-2026-cd054c2b1c0a,ICML,spotlight,foundation_200,numbered_equation,theory,guarantee,Eq. (36),5
icml-2026-cd054c2b1c0a,ICML,spotlight,foundation_200,numbered_equation,theory,guarantee,Eq. (37),5
icml-2026-cd054c2b1c0a,ICML,spotlight,foundation_200,numbered_equation,theory,guarantee,Eq. (38),5
icml-2026-cd054c2b1c0a,ICML,spotlight,foundation_200,numbered_equation,theory,guarantee,Eq. (39),5
icml-2026-cd054c2b1c0a,ICML,spotlight,foundation_200,numbered_equation,theory,guarantee,Eq. (40),5
icml-2026-cd054c2b1c0a,ICML,spotlight,foundation_200,numbered_equation,theory,guarantee,Eq. (41),5
icml-2026-cd054c2b1c0a,ICML,spotlight,foundation_200,numbered_equation,theory,guarantee,Eq. (42),5
icml-2026-cd054c2b1c0a,ICML,spotlight,foundation_200,numbered_equation,theory,guarantee,Eq. (43),5
icml-2026-cd054c2b1c0a,ICML,spotlight,foundation_200,numbered_equation,theory,guarantee,Eq. (44),5
icml-2026-cd054c2b1c0a,ICML,spotlight,foundation_200,numbered_equation,experimental_design,explanation,Eq. (45),8
icml-2026-cd054c2b1c0a,ICML,spotlight,foundation_200,numbered_equation,appendix,explanation,Eq. (46),13
icml-2026-cd054c2b1c0a,ICML,spotlight,foundation_200,numbered_equation,appendix,explanation,Eq. (47),13
icml-2026-cd054c2b1c0a,ICML,spotlight,foundation_200,numbered_equation,appendix,explanation,Eq. (48),13
icml-2026-cd054c2b1c0a,ICML,spotlight,foundation_200,numbered_equation,appendix,explanation,Eq. (49),13
icml-2026-cd054c2b1c0a,ICML,spotlight,foundation_200,numbered_equation,appendix,diagnostic,Eq. (50),14
icml-2026-cd054c2b1c0a,ICML,spotlight,foundation_200,numbered_equation,appendix,diagnostic,Eq. (51),14
icml-2026-cd054c2b1c0a,ICML,spotlight,foundation_200,numbered_equation,appendix,diagnostic,Eq. (52),14
icml-2026-cd054c2b1c0a,ICML,spotlight,foundation_200,numbered_equation,appendix,diagnostic,Eq. (53),14
icml-2026-cd054c2b1c0a,ICML,spotlight,foundation_200,numbered_equation,appendix,diagnostic,Eq. (54),15
icml-2026-cd054c2b1c0a,ICML,spotlight,foundation_200,numbered_equation,appendix,diagnostic,Eq. (55),15
icml-2026-cd054c2b1c0a,ICML,spotlight,foundation_200,numbered_equation,appendix,diagnostic,Eq. (56),16
icml-2026-cd054c2b1c0a,ICML,spotlight,foundation_200,numbered_equation,appendix,diagnostic,Eq. (57),16
icml-2026-cd054c2b1c0a,ICML,spotlight,foundation_200,numbered_equation,appendix,diagnostic,Eq. (58),16
icml-2026-cd054c2b1c0a,ICML,spotlight,foundation_200,numbered_equation,appendix,diagnostic,Eq. (59),16
icml-2026-cd054c2b1c0a,ICML,spotlight,foundation_200,numbered_equation,appendix,guarantee,Eq. (60),17
icml-2026-cd054c2b1c0a,ICML,spotlight,foundation_200,numbered_equation,appendix,guarantee,Eq. (61),17
icml-2026-cd054c2b1c0a,ICML,spotlight,foundation_200,numbered_equation,appendix,guarantee,Eq. (62),17
icml-2026-cd054c2b1c0a,ICML,spotlight,foundation_200,numbered_equation,appendix,guarantee,Eq. (63),17
icml-2026-cd054c2b1c0a,ICML,spotlight,foundation_200,numbered_equation,appendix,guarantee,Eq. (64),17
icml-2026-cd054c2b1c0a,ICML,spotlight,foundation_200,numbered_equation,appendix,guarantee,Eq. (65),17
icml-2026-cd054c2b1c0a,ICML,spotlight,foundation_200,numbered_equation,appendix,guarantee,Eq. (66),17
icml-2026-cd054c2b1c0a,ICML,spotlight,foundation_200,numbered_equation,appendix,guarantee,Eq. (67),17
icml-2026-cd054c2b1c0a,ICML,spotlight,foundation_200,numbered_equation,appendix,guarantee,Eq. (68),17
icml-2026-cd054c2b1c0a,ICML,spotlight,foundation_200,numbered_equation,appendix,guarantee,Eq. (69),17
icml-2026-cd054c2b1c0a,ICML,spotlight,foundation_200,numbered_equation,appendix,guarantee,Eq. (70),17
icml-2026-cd054c2b1c0a,ICML,spotlight,foundation_200,numbered_equation,appendix,guarantee,Eq. (71),18
icml-2026-cd054c2b1c0a,ICML,spotlight,foundation_200,numbered_equation,appendix,guarantee,Eq. (72),18
icml-2026-cd054c2b1c0a,ICML,spotlight,foundation_200,numbered_equation,appendix,guarantee,Eq. (73),18
icml-2026-cd054c2b1c0a,ICML,spotlight,foundation_200,numbered_equation,appendix,guarantee,Eq. (74),18
icml-2026-cd054c2b1c0a,ICML,spotlight,foundation_200,numbered_equation,appendix,guarantee,Eq. (75),18
icml-2026-cd054c2b1c0a,ICML,spotlight,foundation_200,numbered_equation,appendix,guarantee,Eq. (76),18
icml-2026-cd054c2b1c0a,ICML,spotlight,foundation_200,numbered_equation,appendix,guarantee,Eq. (77),18
icml-2026-cd054c2b1c0a,ICML,spotlight,foundation_200,numbered_equation,appendix,guarantee,Eq. (78),18
icml-2026-cd054c2b1c0a,ICML,spotlight,foundation_200,numbered_equation,appendix,guarantee,Eq. (79),18
icml-2026-cd054c2b1c0a,ICML,spotlight,foundation_200,numbered_equation,appendix,guarantee,Eq. (80),18
icml-2026-cd054c2b1c0a,ICML,spotlight,foundation_200,numbered_equation,appendix,guarantee,Eq. (81),18
icml-2026-cd054c2b1c0a,ICML,spotlight,foundation_200,numbered_equation,appendix,guarantee,Eq. (82),19
icml-2026-cd054c2b1c0a,ICML,spotlight,foundation_200,numbered_equation,appendix,guarantee,Eq. (83),19
icml-2026-cd054c2b1c0a,ICML,spotlight,foundation_200,numbered_equation,appendix,guarantee,Eq. (84),19
icml-2026-cd054c2b1c0a,ICML,spotlight,foundation_200,numbered_equation,appendix,guarantee,Eq. (85),19
icml-2026-cd054c2b1c0a,ICML,spotlight,foundation_200,numbered_equation,appendix,guarantee,Eq. (86),19
icml-2026-cd054c2b1c0a,ICML,spotlight,foundation_200,numbered_equation,appendix,guarantee,Eq. (87),19
icml-2026-cd054c2b1c0a,ICML,spotlight,foundation_200,numbered_equation,appendix,guarantee,Eq. (88),19
icml-2026-cd054c2b1c0a,ICML,spotlight,foundation_200,numbered_equation,appendix,guarantee,Eq. (89),19
icml-2026-cd054c2b1c0a,ICML,spotlight,foundation_200,numbered_equation,appendix,guarantee,Eq. (90),20
icml-2026-cd054c2b1c0a,ICML,spotlight,foundation_200,numbered_equation,appendix,guarantee,Eq. (91),20
icml-2026-cd054c2b1c0a,ICML,spotlight,foundation_200,numbered_equation,appendix,guarantee,Eq. (92),20
icml-2026-cd054c2b1c0a,ICML,spotlight,foundation_200,numbered_equation,appendix,guarantee,Eq. (93),20
icml-2026-cd054c2b1c0a,ICML,spotlight,foundation_200,numbered_equation,appendix,guarantee,Eq. (94),20
icml-2026-cd054c2b1c0a,ICML,spotlight,foundation_200,numbered_equation,appendix,guarantee,Eq. (95),20
icml-2026-cd054c2b1c0a,ICML,spotlight,foundation_200,numbered_equation,appendix,guarantee,Eq. (96),20
icml-2026-cd054c2b1c0a,ICML,spotlight,foundation_200,numbered_equation,appendix,guarantee,Eq. (97),20
icml-2026-cd054c2b1c0a,ICML,spotlight,foundation_200,numbered_equation,appendix,guarantee,Eq. (98),20
icml-2026-cd054c2b1c0a,ICML,spotlight,foundation_200,numbered_equation,appendix,guarantee,Eq. (99),20
icml-2026-cd054c2b1c0a,ICML,spotlight,foundation_200,numbered_equation,appendix,guarantee,Eq. (100),21
icml-2026-cd054c2b1c0a,ICML,spotlight,foundation_200,numbered_equation,appendix,guarantee,Eq. (101),21
icml-2026-cd054c2b1c0a,ICML,spotlight,foundation_200,numbered_equation,appendix,guarantee,Eq. (102),21
icml-2026-cd054c2b1c0a,ICML,spotlight,foundation_200,numbered_equation,appendix,guarantee,Eq. (103),21
icml-2026-cd054c2b1c0a,ICML,spotlight,foundation_200,numbered_equation,appendix,guarantee,Eq. (104),21
icml-2026-cd054c2b1c0a,ICML,spotlight,foundation_200,numbered_equation,appendix,guarantee,Eq. (105),21
icml-2026-cd054c2b1c0a,ICML,spotlight,foundation_200,numbered_equation,appendix,guarantee,Eq. (106),21
icml-2026-cd054c2b1c0a,ICML,spotlight,foundation_200,numbered_equation,appendix,guarantee,Eq. (107),21
icml-2026-cd054c2b1c0a,ICML,spotlight,foundation_200,numbered_equation,appendix,guarantee,Eq. (108),21
icml-2026-cd054c2b1c0a,ICML,spotlight,foundation_200,numbered_equation,appendix,guarantee,Eq. (109),21
icml-2026-cd054c2b1c0a,ICML,spotlight,foundation_200,numbered_equation,appendix,guarantee,Eq. (110),21
icml-2026-cd054c2b1c0a,ICML,spotlight,foundation_200,numbered_equation,appendix,guarantee,Eq. (111),21
icml-2026-cd054c2b1c0a,ICML,spotlight,foundation_200,numbered_equation,appendix,guarantee,Eq. (112),21
icml-2026-cd054c2b1c0a,ICML,spotlight,foundation_200,numbered_equation,appendix,guarantee,Eq. (113),21
icml-2026-cd054c2b1c0a,ICML,spotlight,foundation_200,numbered_equation,appendix,guarantee,Eq. (114),22
icml-2026-cd054c2b1c0a,ICML,spotlight,foundation_200,numbered_equation,appendix,guarantee,Eq. (115),22
icml-2026-cd054c2b1c0a,ICML,spotlight,foundation_200,numbered_equation,appendix,guarantee,Eq. (116),22
icml-2026-cd054c2b1c0a,ICML,spotlight,foundation_200,numbered_equation,appendix,guarantee,Eq. (117),22
icml-2026-cd054c2b1c0a,ICML,spotlight,foundation_200,numbered_equation,appendix,guarantee,Eq. (118),22
icml-2026-cd054c2b1c0a,ICML,spotlight,foundation_200,numbered_equation,appendix,guarantee,Eq. (119),22
icml-2026-cd054c2b1c0a,ICML,spotlight,foundation_200,numbered_equation,appendix,guarantee,Eq. (120),22
icml-2026-cd054c2b1c0a,ICML,spotlight,foundation_200,numbered_equation,appendix,guarantee,Eq. (121),22
icml-2026-cd054c2b1c0a,ICML,spotlight,foundation_200,numbered_equation,appendix,guarantee,Eq. (122),22
icml-2026-cd054c2b1c0a,ICML,spotlight,foundation_200,numbered_equation,appendix,guarantee,Eq. (123),22
icml-2026-cd054c2b1c0a,ICML,spotlight,foundation_200,numbered_equation,appendix,guarantee,Eq. (124),22
icml-2026-cd054c2b1c0a,ICML,spotlight,foundation_200,numbered_equation,appendix,guarantee,Eq. (125),22
icml-2026-cd054c2b1c0a,ICML,spotlight,foundation_200,numbered_equation,appendix,guarantee,Eq. (126),22
icml-2026-cd054c2b1c0a,ICML,spotlight,foundation_200,numbered_equation,appendix,guarantee,Eq. (127),22
icml-2026-cd054c2b1c0a,ICML,spotlight,foundation_200,numbered_equation,appendix,guarantee,Eq. (128),22
icml-2026-cd054c2b1c0a,ICML,spotlight,foundation_200,numbered_equation,appendix,guarantee,Eq. (129),23
icml-2026-cd054c2b1c0a,ICML,spotlight,foundation_200,numbered_equation,appendix,guarantee,Eq. (130),23
icml-2026-cd054c2b1c0a,ICML,spotlight,foundation_200,numbered_equation,appendix,guarantee,Eq. (131),23
icml-2026-cd054c2b1c0a,ICML,spotlight,foundation_200,numbered_equation,appendix,guarantee,Eq. (132),23
icml-2026-cd054c2b1c0a,ICML,spotlight,foundation_200,numbered_equation,appendix,guarantee,Eq. (133),23
icml-2026-cd054c2b1c0a,ICML,spotlight,foundation_200,numbered_equation,appendix,guarantee,Eq. (134),23
icml-2026-cd054c2b1c0a,ICML,spotlight,foundation_200,numbered_equation,appendix,guarantee,Eq. (135),23
icml-2026-cd054c2b1c0a,ICML,spotlight,foundation_200,numbered_equation,appendix,guarantee,Eq. (136),23
icml-2026-cd054c2b1c0a,ICML,spotlight,foundation_200,numbered_equation,appendix,guarantee,Eq. (137),23
icml-2026-cd054c2b1c0a,ICML,spotlight,foundation_200,numbered_equation,appendix,guarantee,Eq. (138),23
icml-2026-cd054c2b1c0a,ICML,spotlight,foundation_200,numbered_equation,appendix,guarantee,Eq. (139),23
icml-2026-cd054c2b1c0a,ICML,spotlight,foundation_200,numbered_equation,appendix,guarantee,Eq. (140),23
icml-2026-cd054c2b1c0a,ICML,spotlight,foundation_200,proposition,method,guarantee,Proposition 3.1,3
icml-2026-cd054c2b1c0a,ICML,spotlight,foundation_200,proof,appendix,guarantee,Proof of Proposition 3.1,19
icml-2026-cd054c2b1c0a,ICML,spotlight,foundation_200,proposition,method,core_chain,Proposition 3.2,4
icml-2026-cd054c2b1c0a,ICML,spotlight,foundation_200,proof,appendix,core_chain,Proof of Proposition 3.2,19
icml-2026-cd054c2b1c0a,ICML,spotlight,foundation_200,proposition,theory,guarantee,Proposition 4.1,5
icml-2026-cd054c2b1c0a,ICML,spotlight,foundation_200,proof,appendix,guarantee,Proof of Proposition 4.1,20
icml-2026-cd054c2b1c0a,ICML,spotlight,foundation_200,theorem,appendix,diagnostic,Theorem D.1,17
icml-2026-cd054c2b1c0a,ICML,spotlight,foundation_200,proof,appendix,diagnostic,Proof of Theorem D.1,17
icml-2026-35879ec17414,ICML,spotlight,foundation_200,numbered_equation,theory,explanation,Eq. (1),2
icml-2026-35879ec17414,ICML,spotlight,foundation_200,numbered_equation,theory,explanation,Eq. (2),2
icml-2026-35879ec17414,ICML,spotlight,foundation_200,numbered_equation,theory,explanation,Eq. (3),2
icml-2026-35879ec17414,ICML,spotlight,foundation_200,numbered_equation,theory,explanation,Eq. (4),2
icml-2026-35879ec17414,ICML,spotlight,foundation_200,numbered_equation,theory,core_chain,Eq. (5),3
icml-2026-35879ec17414,ICML,spotlight,foundation_200,numbered_equation,theory,core_chain,Eq. (6),3
icml-2026-35879ec17414,ICML,spotlight,foundation_200,numbered_equation,theory,core_chain,Eq. (7),3
icml-2026-35879ec17414,ICML,spotlight,foundation_200,numbered_equation,theory,core_chain,Eq. (8),3
icml-2026-35879ec17414,ICML,spotlight,foundation_200,numbered_equation,theory,core_chain,Eq. (9),3
icml-2026-35879ec17414,ICML,spotlight,foundation_200,numbered_equation,theory,core_chain,Eq. (10),3
icml-2026-35879ec17414,ICML,spotlight,foundation_200,numbered_equation,theory,guarantee,Eq. (11),4
icml-2026-35879ec17414,ICML,spotlight,foundation_200,numbered_equation,theory,guarantee,Eq. (12),4
icml-2026-35879ec17414,ICML,spotlight,foundation_200,numbered_equation,theory,guarantee,Eq. (13),4
icml-2026-35879ec17414,ICML,spotlight,foundation_200,numbered_equation,method,explanation,Eq. (14),4
icml-2026-35879ec17414,ICML,spotlight,foundation_200,numbered_equation,method,explanation,Eq. (15),4
icml-2026-35879ec17414,ICML,spotlight,foundation_200,numbered_equation,method,explanation,Eq. (16),5
icml-2026-35879ec17414,ICML,spotlight,foundation_200,numbered_equation,appendix,explanation,Eq. (17),11
icml-2026-35879ec17414,ICML,spotlight,foundation_200,numbered_equation,appendix,explanation,Eq. (18),11
icml-2026-35879ec17414,ICML,spotlight,foundation_200,numbered_equation,appendix,guarantee,Eq. (19),12
icml-2026-35879ec17414,ICML,spotlight,foundation_200,numbered_equation,appendix,guarantee,Eq. (20),12
icml-2026-35879ec17414,ICML,spotlight,foundation_200,numbered_equation,appendix,guarantee,Eq. (21),12
icml-2026-35879ec17414,ICML,spotlight,foundation_200,numbered_equation,appendix,guarantee,Eq. (22),12
icml-2026-35879ec17414,ICML,spotlight,foundation_200,numbered_equation,appendix,guarantee,Eq. (23),12
icml-2026-35879ec17414,ICML,spotlight,foundation_200,numbered_equation,appendix,guarantee,Eq. (24),12
icml-2026-35879ec17414,ICML,spotlight,foundation_200,numbered_equation,appendix,guarantee,Eq. (25),12
icml-2026-35879ec17414,ICML,spotlight,foundation_200,numbered_equation,appendix,guarantee,Eq. (26),12
icml-2026-35879ec17414,ICML,spotlight,foundation_200,numbered_equation,appendix,guarantee,Eq. (27),12
icml-2026-35879ec17414,ICML,spotlight,foundation_200,numbered_equation,appendix,guarantee,Eq. (28),12
icml-2026-35879ec17414,ICML,spotlight,foundation_200,numbered_equation,appendix,guarantee,Eq. (29),12
icml-2026-35879ec17414,ICML,spotlight,foundation_200,numbered_equation,appendix,guarantee,Eq. (30),12
icml-2026-35879ec17414,ICML,spotlight,foundation_200,numbered_equation,appendix,guarantee,Eq. (31),12
icml-2026-35879ec17414,ICML,spotlight,foundation_200,numbered_equation,appendix,guarantee,Eq. (32),12
icml-2026-35879ec17414,ICML,spotlight,foundation_200,numbered_equation,appendix,guarantee,Eq. (33),13
icml-2026-35879ec17414,ICML,spotlight,foundation_200,numbered_equation,appendix,guarantee,Eq. (34),13
icml-2026-35879ec17414,ICML,spotlight,foundation_200,numbered_equation,appendix,guarantee,Eq. (35),13
icml-2026-35879ec17414,ICML,spotlight,foundation_200,numbered_equation,appendix,guarantee,Eq. (36),13
icml-2026-35879ec17414,ICML,spotlight,foundation_200,numbered_equation,appendix,guarantee,Eq. (37),13
icml-2026-35879ec17414,ICML,spotlight,foundation_200,numbered_equation,appendix,guarantee,Eq. (38),13
icml-2026-35879ec17414,ICML,spotlight,foundation_200,numbered_equation,appendix,guarantee,Eq. (39),13
icml-2026-35879ec17414,ICML,spotlight,foundation_200,numbered_equation,appendix,guarantee,Eq. (40),13
icml-2026-35879ec17414,ICML,spotlight,foundation_200,numbered_equation,appendix,guarantee,Eq. (41),13
icml-2026-35879ec17414,ICML,spotlight,foundation_200,numbered_equation,appendix,guarantee,Eq. (42),13
icml-2026-35879ec17414,ICML,spotlight,foundation_200,numbered_equation,appendix,guarantee,Eq. (43),13
icml-2026-35879ec17414,ICML,spotlight,foundation_200,numbered_equation,appendix,guarantee,Eq. (44),13
icml-2026-35879ec17414,ICML,spotlight,foundation_200,numbered_equation,appendix,guarantee,Eq. (45),13
icml-2026-35879ec17414,ICML,spotlight,foundation_200,numbered_equation,appendix,guarantee,Eq. (46),13
icml-2026-35879ec17414,ICML,spotlight,foundation_200,numbered_equation,appendix,guarantee,Eq. (47),13
icml-2026-35879ec17414,ICML,spotlight,foundation_200,numbered_equation,appendix,explanation,Eq. (48),14
icml-2026-35879ec17414,ICML,spotlight,foundation_200,numbered_equation,appendix,explanation,Eq. (49),14
icml-2026-35879ec17414,ICML,spotlight,foundation_200,numbered_equation,appendix,explanation,Eq. (50),14
icml-2026-35879ec17414,ICML,spotlight,foundation_200,numbered_equation,appendix,explanation,Eq. (51),14
icml-2026-35879ec17414,ICML,spotlight,foundation_200,numbered_equation,appendix,explanation,Eq. (52),14
icml-2026-35879ec17414,ICML,spotlight,foundation_200,numbered_equation,appendix,explanation,Eq. (53),14
icml-2026-35879ec17414,ICML,spotlight,foundation_200,numbered_equation,appendix,explanation,Eq. (54),14
icml-2026-35879ec17414,ICML,spotlight,foundation_200,numbered_equation,appendix,explanation,Eq. (55),14
icml-2026-35879ec17414,ICML,spotlight,foundation_200,numbered_equation,appendix,explanation,Eq. (56),14
icml-2026-35879ec17414,ICML,spotlight,foundation_200,numbered_equation,appendix,explanation,Eq. (57),14
icml-2026-35879ec17414,ICML,spotlight,foundation_200,numbered_equation,appendix,guarantee,Eq. (58),15
icml-2026-35879ec17414,ICML,spotlight,foundation_200,numbered_equation,appendix,guarantee,Eq. (59),15
icml-2026-35879ec17414,ICML,spotlight,foundation_200,numbered_equation,appendix,guarantee,Eq. (60),15
icml-2026-35879ec17414,ICML,spotlight,foundation_200,numbered_equation,appendix,guarantee,Eq. (61),15
icml-2026-35879ec17414,ICML,spotlight,foundation_200,numbered_equation,appendix,guarantee,Eq. (62),15
icml-2026-35879ec17414,ICML,spotlight,foundation_200,numbered_equation,appendix,guarantee,Eq. (63),15
icml-2026-35879ec17414,ICML,spotlight,foundation_200,numbered_equation,appendix,guarantee,Eq. (64),15
icml-2026-35879ec17414,ICML,spotlight,foundation_200,numbered_equation,appendix,guarantee,Eq. (65),15
icml-2026-35879ec17414,ICML,spotlight,foundation_200,numbered_equation,appendix,guarantee,Eq. (66),15
icml-2026-35879ec17414,ICML,spotlight,foundation_200,numbered_equation,appendix,guarantee,Eq. (67),15
icml-2026-35879ec17414,ICML,spotlight,foundation_200,numbered_equation,appendix,guarantee,Eq. (68),15
icml-2026-35879ec17414,ICML,spotlight,foundation_200,numbered_equation,appendix,guarantee,Eq. (69),15
icml-2026-35879ec17414,ICML,spotlight,foundation_200,numbered_equation,appendix,guarantee,Eq. (70),15
icml-2026-35879ec17414,ICML,spotlight,foundation_200,numbered_equation,appendix,guarantee,Eq. (71),15
icml-2026-35879ec17414,ICML,spotlight,foundation_200,displayed_equation,theory,explanation,Crop definition before Eq. (5),3
icml-2026-35879ec17414,ICML,spotlight,foundation_200,displayed_equation,method,explanation,Anchored combined score,5
icml-2026-35879ec17414,ICML,spotlight,foundation_200,displayed_equation,appendix,explanation,Normalized embedding mean,11
icml-2026-35879ec17414,ICML,spotlight,foundation_200,displayed_equation,appendix,explanation,Embedding coordinate variance,11
icml-2026-35879ec17414,ICML,spotlight,foundation_200,displayed_equation,appendix,explanation,Diagonal whitening matrix,11
icml-2026-35879ec17414,ICML,spotlight,foundation_200,displayed_equation,appendix,guarantee,Full per-step complexity,16
icml-2026-35879ec17414,ICML,spotlight,foundation_200,displayed_equation,appendix,explanation,Simplified per-step complexity,16
icml-2026-35879ec17414,ICML,spotlight,foundation_200,displayed_equation,appendix,explanation,Summed operation complexity,16
icml-2026-35879ec17414,ICML,spotlight,foundation_200,displayed_equation,appendix,explanation,Per-sequence complexity,16
icml-2026-35879ec17414,ICML,spotlight,foundation_200,lemma,theory,core_chain,Lemma 3.1,3
icml-2026-35879ec17414,ICML,spotlight,foundation_200,lemma,theory,core_chain,Lemma 3.2,3
icml-2026-35879ec17414,ICML,spotlight,foundation_200,theorem,theory,guarantee,Theorem 3.4,4
icml-2026-35879ec17414,ICML,spotlight,foundation_200,corollary,theory,guarantee,Corollary 3.5,4
icml-2026-35879ec17414,ICML,spotlight,foundation_200,lemma,method,explanation,Lemma 4.1,4
icml-2026-35879ec17414,ICML,spotlight,foundation_200,lemma,method,core_chain,Lemma 4.2,4
icml-2026-35879ec17414,ICML,spotlight,foundation_200,theorem,appendix,explanation,Theorem F.1,14
icml-2026-35879ec17414,ICML,spotlight,foundation_200,lemma,appendix,explanation,Lemma H.1,14
icml-2026-35879ec17414,ICML,spotlight,foundation_200,theorem,appendix,guarantee,Theorem I.1,14
icml-2026-35879ec17414,ICML,spotlight,foundation_200,theorem,appendix,guarantee,Theorem K.1,16
icml-2026-35879ec17414,ICML,spotlight,foundation_200,proof,appendix,core_chain,Proof of Lemma 3.1,11
icml-2026-35879ec17414,ICML,spotlight,foundation_200,proof,appendix,core_chain,Proof of Lemma 3.2,12
icml-2026-35879ec17414,ICML,spotlight,foundation_200,proof,appendix,guarantee,Full proof of Theorem 3.4,12
icml-2026-35879ec17414,ICML,spotlight,foundation_200,proof,appendix,guarantee,Proof of Corollary 3.5,13
icml-2026-35879ec17414,ICML,spotlight,foundation_200,proof,appendix,explanation,Proof of shift invariance,14
icml-2026-35879ec17414,ICML,spotlight,foundation_200,proof,appendix,core_chain,Proof of Lemma 4.2,14
icml-2026-35879ec17414,ICML,spotlight,foundation_200,proof,appendix,guarantee,Proof of candidate-pool exactness,15
icml-2026-35879ec17414,ICML,spotlight,foundation_200,proof,appendix,guarantee,Proof of time complexity,16
icml-2026-388e7825c92c,ICML,spotlight,foundation_200,numbered_equation,method,core_chain,Eq. (1),4
icml-2026-388e7825c92c,ICML,spotlight,foundation_200,numbered_equation,method,core_chain,Eq. (2),4
icml-2026-388e7825c92c,ICML,spotlight,foundation_200,numbered_equation,theory,explanation,Eq. (3),4
icml-2026-388e7825c92c,ICML,spotlight,foundation_200,numbered_equation,theory,explanation,Eq. (4),4
icml-2026-388e7825c92c,ICML,spotlight,foundation_200,numbered_equation,theory,diagnostic,Eq. (5),4
icml-2026-388e7825c92c,ICML,spotlight,foundation_200,numbered_equation,theory,diagnostic,Eq. (6),4
icml-2026-388e7825c92c,ICML,spotlight,foundation_200,numbered_equation,method,core_chain,Eq. (7),5
icml-2026-388e7825c92c,ICML,spotlight,foundation_200,numbered_equation,method,core_chain,Eq. (8),5
icml-2026-388e7825c92c,ICML,spotlight,foundation_200,numbered_equation,method,core_chain,Eq. (9),5
icml-2026-388e7825c92c,ICML,spotlight,foundation_200,numbered_equation,method,core_chain,Eq. (10),5
icml-2026-388e7825c92c,ICML,spotlight,foundation_200,numbered_equation,method,core_chain,Eq. (11),5
icml-2026-388e7825c92c,ICML,spotlight,foundation_200,numbered_equation,method,core_chain,Eq. (12),5
icml-2026-388e7825c92c,ICML,spotlight,foundation_200,numbered_equation,appendix,diagnostic,Eq. (13),18
icml-2026-388e7825c92c,ICML,spotlight,foundation_200,numbered_equation,appendix,diagnostic,Eq. (14),19
icml-2026-65a15e969ebf,ICML,spotlight,foundation_200,numbered_equation,other,explanation,Eqs. (1)-(2),2
icml-2026-65a15e969ebf,ICML,spotlight,foundation_200,numbered_equation,method,core_chain,Eqs. (3)-(7),3
icml-2026-65a15e969ebf,ICML,spotlight,foundation_200,numbered_equation,method,core_chain,Eqs. (8)-(10),4
icml-2026-65a15e969ebf,ICML,spotlight,foundation_200,theorem,theory,guarantee,Theorem 4.1,4
icml-2026-65a15e969ebf,ICML,spotlight,foundation_200,theorem,theory,guarantee,Theorem 4.2,4
icml-2026-65a15e969ebf,ICML,spotlight,foundation_200,theorem,theory,guarantee,Theorem 4.3,5
icml-2026-65a15e969ebf,ICML,spotlight,foundation_200,proof,appendix,guarantee,"Appendix B derivation, Eqs. (13)-(21)",11
icml-2026-65a15e969ebf,ICML,spotlight,foundation_200,theorem,appendix,guarantee,Theorem C.7,12
icml-2026-65a15e969ebf,ICML,spotlight,foundation_200,theorem,appendix,guarantee,Theorem D.1,13
icml-2026-65a15e969ebf,ICML,spotlight,foundation_200,numbered_equation,appendix,explanation,Eqs. (22)-(25),15
icml-2026-65a15e969ebf,ICML,spotlight,foundation_200,numbered_equation,appendix,diagnostic,Eq. (26),23
icml-2026-92c2d1498431,ICML,spotlight,foundation_200,displayed_equation,method,explanation,User-level DP inequality,3
icml-2026-92c2d1498431,ICML,spotlight,foundation_200,theorem,theory,core_chain,Theorem 2.1,5
icml-2026-92c2d1498431,ICML,spotlight,foundation_200,corollary,theory,guarantee,Corollary 2.2,5
icml-2026-92c2d1498431,ICML,spotlight,foundation_200,theorem,theory,guarantee,Theorem 2.3,5
icml-2026-92c2d1498431,ICML,spotlight,foundation_200,lemma,theory,core_chain,Lemma 3.1,7
icml-2026-92c2d1498431,ICML,spotlight,foundation_200,lemma,theory,core_chain,Lemma 3.2,7
icml-2026-92c2d1498431,ICML,spotlight,foundation_200,corollary,theory,core_chain,Corollary 3.3,7
icml-2026-92c2d1498431,ICML,spotlight,foundation_200,lemma,theory,core_chain,Lemma 3.4 (Fingerprinting Lemma),7
icml-2026-92c2d1498431,ICML,spotlight,foundation_200,numbered_equation,theory,core_chain,Eq. (1),8
icml-2026-92c2d1498431,ICML,spotlight,foundation_200,numbered_equation,theory,explanation,Eq. (2),8
icml-2026-92c2d1498431,ICML,spotlight,foundation_200,numbered_equation,theory,core_chain,Eq. (3),8
icml-2026-92c2d1498431,ICML,spotlight,foundation_200,proof,theory,core_chain,Section 3.3 combination,8
icml-2026-92c2d1498431,ICML,spotlight,foundation_200,lemma,appendix,explanation,Lemma A.2-A.4,11
icml-2026-92c2d1498431,ICML,spotlight,foundation_200,numbered_equation,appendix,core_chain,Eq. (4),11
icml-2026-92c2d1498431,ICML,spotlight,foundation_200,lemma,appendix,core_chain,Lemma A.5,12
icml-2026-92c2d1498431,ICML,spotlight,foundation_200,lemma,appendix,explanation,Lemma A.6,12
icml-2026-92c2d1498431,ICML,spotlight,foundation_200,numbered_equation,appendix,explanation,Eq. (5),12
icml-2026-4e1dcbf5b839,ICML,spotlight,foundation_200,displayed_equation,method,core_chain,Eq. (1),4
icml-2026-4e1dcbf5b839,ICML,spotlight,foundation_200,numbered_equation,method,core_chain,Eq. (2),4
icml-2026-4e1dcbf5b839,ICML,spotlight,foundation_200,numbered_equation,method,core_chain,Eq. (3),4
icml-2026-4e1dcbf5b839,ICML,spotlight,foundation_200,numbered_equation,method,explanation,Eq. (4),4
icml-2026-4e1dcbf5b839,ICML,spotlight,foundation_200,numbered_equation,method,core_chain,Eq. (5),4
icml-2026-4e1dcbf5b839,ICML,spotlight,foundation_200,numbered_equation,method,core_chain,Eq. (6),4
icml-2026-4e1dcbf5b839,ICML,spotlight,foundation_200,numbered_equation,method,core_chain,Eq. (7),5
icml-2026-4e1dcbf5b839,ICML,spotlight,foundation_200,numbered_equation,method,core_chain,Eq. (8),5
icml-2026-4e1dcbf5b839,ICML,spotlight,foundation_200,numbered_equation,method,diagnostic,Eq. (9),5
icml-2026-4e1dcbf5b839,ICML,spotlight,foundation_200,numbered_equation,method,diagnostic,Eq. (10),5
icml-2026-4e1dcbf5b839,ICML,spotlight,foundation_200,numbered_equation,method,core_chain,Eq. (11),5
icml-2026-4e1dcbf5b839,ICML,spotlight,foundation_200,numbered_equation,method,core_chain,Eq. (12),5
icml-2026-4e1dcbf5b839,ICML,spotlight,foundation_200,numbered_equation,method,core_chain,Eq. (13),6
icml-2026-4e1dcbf5b839,ICML,spotlight,foundation_200,numbered_equation,method,core_chain,Eq. (14),6
icml-2026-4e1dcbf5b839,ICML,spotlight,foundation_200,numbered_equation,method,core_chain,Eq. (15),6
icml-2026-4e1dcbf5b839,ICML,spotlight,foundation_200,numbered_equation,method,core_chain,Eq. (16),6
icml-2026-4e1dcbf5b839,ICML,spotlight,foundation_200,numbered_equation,method,diagnostic,Eq. (17),6
icml-2026-4e1dcbf5b839,ICML,spotlight,foundation_200,numbered_equation,appendix,explanation,Eq. (18),13
icml-2026-4e1dcbf5b839,ICML,spotlight,foundation_200,numbered_equation,appendix,explanation,Eq. (19),13
icml-2026-73ef6e227632,ICML,spotlight,foundation_200,numbered_equation,other,core_chain,Eq. (1): sigmoid RSR,2
icml-2026-73ef6e227632,ICML,spotlight,foundation_200,numbered_equation,theory,core_chain,Eq. (2): perfect RSR recovery identity,3
icml-2026-73ef6e227632,ICML,spotlight,foundation_200,displayed_equation,theory,explanation,"Definition 4.1: (ρ, ξ)-approximate RSR probability condition",3
icml-2026-73ef6e227632,ICML,spotlight,foundation_200,theorem,theory,guarantee,Fact 4.2: finite-field polynomial RSR expressivity,4
icml-2026-73ef6e227632,ICML,spotlight,foundation_200,displayed_equation,theory,explanation,Definition 4.3: correlated random samples,4
icml-2026-73ef6e227632,ICML,spotlight,foundation_200,displayed_equation,theory,core_chain,"Definition 4.5: (Q, P, k)-learner",4
icml-2026-73ef6e227632,ICML,spotlight,foundation_200,displayed_equation,method,explanation,Lq(C): regression loss,5
icml-2026-73ef6e227632,ICML,spotlight,foundation_200,displayed_equation,method,core_chain,Ĉq = arg minC Lq(C),5
icml-2026-73ef6e227632,ICML,spotlight,foundation_200,theorem,appendix,guarantee,Claim A.1: PAC-to-RSR sample-complexity relation,14
icml-2026-73ef6e227632,ICML,spotlight,foundation_200,proof,appendix,guarantee,Proof of Claim A.1,14
icml-2026-73ef6e227632,ICML,spotlight,foundation_200,theorem,appendix,guarantee,Claim A.2: 0-sample RSR/PAC separation,14
icml-2026-73ef6e227632,ICML,spotlight,foundation_200,proof,appendix,guarantee,Proof sketch of Claim A.2,15
icml-2026-73ef6e227632,ICML,spotlight,foundation_200,numbered_equation,appendix,explanation,Eq. (3): generalized randomized reduction,16
icml-2026-2801956159d6,ICML,spotlight,foundation_200,numbered_equation,method,core_chain,Eq. (1),2
icml-2026-2801956159d6,ICML,spotlight,foundation_200,numbered_equation,method,explanation,Eq. (2),2
icml-2026-2801956159d6,ICML,spotlight,foundation_200,numbered_equation,method,core_chain,Eq. (3),2
icml-2026-2801956159d6,ICML,spotlight,foundation_200,numbered_equation,method,core_chain,Eq. (4),3
icml-2026-2801956159d6,ICML,spotlight,foundation_200,numbered_equation,method,core_chain,Eq. (5),3
icml-2026-2801956159d6,ICML,spotlight,foundation_200,numbered_equation,method,diagnostic,Eq. (6),3
icml-2026-2801956159d6,ICML,spotlight,foundation_200,numbered_equation,method,diagnostic,Eq. (7),3
icml-2026-2801956159d6,ICML,spotlight,foundation_200,numbered_equation,method,diagnostic,Eq. (8),4
icml-2026-2801956159d6,ICML,spotlight,foundation_200,numbered_equation,method,diagnostic,Eq. (9),4
icml-2026-2801956159d6,ICML,spotlight,foundation_200,numbered_equation,method,diagnostic,Eq. (10),4
icml-2026-2801956159d6,ICML,spotlight,foundation_200,numbered_equation,method,core_chain,Eq. (11),4
icml-2026-2801956159d6,ICML,spotlight,foundation_200,numbered_equation,method,core_chain,Eq. (12),5
icml-2026-2801956159d6,ICML,spotlight,foundation_200,numbered_equation,method,core_chain,Eq. (13),5
icml-2026-2801956159d6,ICML,spotlight,foundation_200,numbered_equation,method,explanation,Eq. (14),5
icml-2026-2801956159d6,ICML,spotlight,foundation_200,numbered_equation,method,core_chain,Eq. (15),5
icml-2026-2801956159d6,ICML,spotlight,foundation_200,numbered_equation,method,core_chain,Eq. (16),5
icml-2026-2801956159d6,ICML,spotlight,foundation_200,numbered_equation,method,explanation,Eq. (17),5
icml-2026-2801956159d6,ICML,spotlight,foundation_200,numbered_equation,method,explanation,Eq. (18),5
icml-2026-2801956159d6,ICML,spotlight,foundation_200,numbered_equation,theory,guarantee,Eq. (19),5
icml-2026-2801956159d6,ICML,spotlight,foundation_200,numbered_equation,appendix,guarantee,Eq. (20),17
icml-2026-2801956159d6,ICML,spotlight,foundation_200,numbered_equation,appendix,guarantee,Eq. (21),17
icml-2026-2801956159d6,ICML,spotlight,foundation_200,numbered_equation,appendix,guarantee,Eq. (22),17
icml-2026-2801956159d6,ICML,spotlight,foundation_200,numbered_equation,appendix,guarantee,Eq. (23),17
icml-2026-2801956159d6,ICML,spotlight,foundation_200,numbered_equation,appendix,guarantee,Eq. (24),17
icml-2026-2801956159d6,ICML,spotlight,foundation_200,numbered_equation,appendix,guarantee,Eq. (25),17
icml-2026-2801956159d6,ICML,spotlight,foundation_200,numbered_equation,appendix,guarantee,Eq. (26),17
icml-2026-2801956159d6,ICML,spotlight,foundation_200,numbered_equation,appendix,guarantee,Eq. (27),17
icml-2026-2801956159d6,ICML,spotlight,foundation_200,numbered_equation,appendix,guarantee,Eq. (28),17
icml-2026-2801956159d6,ICML,spotlight,foundation_200,numbered_equation,appendix,guarantee,Eq. (29),17
icml-2026-2801956159d6,ICML,spotlight,foundation_200,numbered_equation,appendix,guarantee,Eq. (30),17
icml-2026-2801956159d6,ICML,spotlight,foundation_200,numbered_equation,appendix,guarantee,Eq. (31),18
icml-2026-2801956159d6,ICML,spotlight,foundation_200,numbered_equation,appendix,guarantee,Eq. (32),18
icml-2026-2801956159d6,ICML,spotlight,foundation_200,numbered_equation,appendix,guarantee,Eq. (33),18
icml-2026-2801956159d6,ICML,spotlight,foundation_200,numbered_equation,appendix,guarantee,Eq. (34),18
icml-2026-2801956159d6,ICML,spotlight,foundation_200,numbered_equation,appendix,guarantee,Eq. (35),18
icml-2026-2801956159d6,ICML,spotlight,foundation_200,numbered_equation,appendix,guarantee,Eq. (36),18
icml-2026-2801956159d6,ICML,spotlight,foundation_200,numbered_equation,appendix,guarantee,Eq. (37),18
icml-2026-2801956159d6,ICML,spotlight,foundation_200,numbered_equation,appendix,guarantee,Eq. (38),18
icml-2026-2801956159d6,ICML,spotlight,foundation_200,numbered_equation,appendix,guarantee,Eq. (39),18
icml-2026-2801956159d6,ICML,spotlight,foundation_200,numbered_equation,appendix,guarantee,Eq. (40),18
icml-2026-2801956159d6,ICML,spotlight,foundation_200,numbered_equation,appendix,guarantee,Eq. (41),18
icml-2026-2801956159d6,ICML,spotlight,foundation_200,numbered_equation,appendix,guarantee,Eq. (42),18
icml-2026-2801956159d6,ICML,spotlight,foundation_200,numbered_equation,appendix,guarantee,Eq. (43),18
icml-2026-2801956159d6,ICML,spotlight,foundation_200,numbered_equation,appendix,diagnostic,Eq. (44),19
icml-2026-2801956159d6,ICML,spotlight,foundation_200,numbered_equation,appendix,diagnostic,Eq. (45),20
icml-2026-2801956159d6,ICML,spotlight,foundation_200,numbered_equation,appendix,diagnostic,Eq. (46),20
icml-2026-2801956159d6,ICML,spotlight,foundation_200,numbered_equation,appendix,diagnostic,Eq. (47),20
icml-2026-2801956159d6,ICML,spotlight,foundation_200,numbered_equation,appendix,diagnostic,Eq. (48),20
icml-2026-2801956159d6,ICML,spotlight,foundation_200,numbered_equation,appendix,diagnostic,Eq. (49),20
icml-2026-2801956159d6,ICML,spotlight,foundation_200,numbered_equation,appendix,diagnostic,Eq. (50),20
icml-2026-2801956159d6,ICML,spotlight,foundation_200,numbered_equation,appendix,diagnostic,Eq. (51),20
icml-2026-2801956159d6,ICML,spotlight,foundation_200,numbered_equation,appendix,diagnostic,Eq. (52),20
icml-2026-2801956159d6,ICML,spotlight,foundation_200,numbered_equation,appendix,explanation,Eq. (53),20
icml-2026-2801956159d6,ICML,spotlight,foundation_200,numbered_equation,appendix,explanation,Eq. (54),20
icml-2026-2801956159d6,ICML,spotlight,foundation_200,numbered_equation,appendix,diagnostic,Eq. (55),22
icml-2026-2801956159d6,ICML,spotlight,foundation_200,numbered_equation,appendix,diagnostic,Eq. (56),22
icml-2026-2801956159d6,ICML,spotlight,foundation_200,numbered_equation,appendix,diagnostic,Eq. (57),22
icml-2026-2801956159d6,ICML,spotlight,foundation_200,numbered_equation,appendix,diagnostic,Eq. (58),22
icml-2026-2801956159d6,ICML,spotlight,foundation_200,numbered_equation,appendix,diagnostic,Eq. (59),22
icml-2026-2801956159d6,ICML,spotlight,foundation_200,numbered_equation,appendix,diagnostic,Eq. (60),23
icml-2026-2801956159d6,ICML,spotlight,foundation_200,numbered_equation,appendix,diagnostic,Eq. (61),23
icml-2026-2801956159d6,ICML,spotlight,foundation_200,numbered_equation,appendix,diagnostic,Eq. (62),23
icml-2026-2801956159d6,ICML,spotlight,foundation_200,numbered_equation,appendix,diagnostic,Eq. (63),23
icml-2026-2801956159d6,ICML,spotlight,foundation_200,numbered_equation,appendix,diagnostic,Eq. (64),24
icml-2026-2801956159d6,ICML,spotlight,foundation_200,theorem,method,core_chain,Theorem 3.1,4
icml-2026-2801956159d6,ICML,spotlight,foundation_200,theorem,method,core_chain,Theorem 3.3,5
icml-2026-2801956159d6,ICML,spotlight,foundation_200,theorem,theory,guarantee,Theorem 3.4,5
icml-2026-2801956159d6,ICML,spotlight,foundation_200,theorem,theory,guarantee,Theorem 3.5,6
icml-2026-2801956159d6,ICML,spotlight,foundation_200,proof,appendix,guarantee,Proof of Theorem 3.1,14
icml-2026-2801956159d6,ICML,spotlight,foundation_200,proof,appendix,guarantee,Proof of Theorem 3.3,15
icml-2026-2801956159d6,ICML,spotlight,foundation_200,proof,appendix,guarantee,Proof of Theorem 3.4,16
icml-2026-2801956159d6,ICML,spotlight,foundation_200,proof,appendix,guarantee,Proof of Theorem 3.5,19
icml-2026-a6577855483d,ICML,spotlight,foundation_200,numbered_equation,introduction,core_chain,Equation (1),1
icml-2026-a6577855483d,ICML,spotlight,foundation_200,numbered_equation,introduction,core_chain,Equation (2),1
icml-2026-a6577855483d,ICML,spotlight,foundation_200,numbered_equation,theory,guarantee,Equation (3),3
icml-2026-a6577855483d,ICML,spotlight,foundation_200,numbered_equation,theory,explanation,Equation (4),3
icml-2026-a6577855483d,ICML,spotlight,foundation_200,numbered_equation,method,core_chain,Equation (5),4
icml-2026-a6577855483d,ICML,spotlight,foundation_200,numbered_equation,method,core_chain,Equation (6),4
icml-2026-a6577855483d,ICML,spotlight,foundation_200,numbered_equation,method,core_chain,Equation (7),4
icml-2026-a6577855483d,ICML,spotlight,foundation_200,numbered_equation,method,core_chain,Equation (8a–b),4
icml-2026-a6577855483d,ICML,spotlight,foundation_200,numbered_equation,method,core_chain,Equation (9),4
icml-2026-a6577855483d,ICML,spotlight,foundation_200,numbered_equation,method,core_chain,Equation (10),5
icml-2026-a6577855483d,ICML,spotlight,foundation_200,numbered_equation,method,core_chain,Equation (11a–b),5
icml-2026-a6577855483d,ICML,spotlight,foundation_200,numbered_equation,method,explanation,Equation (12),6
icml-2026-a6577855483d,ICML,spotlight,foundation_200,numbered_equation,method,core_chain,Equation (13),6
icml-2026-a6577855483d,ICML,spotlight,foundation_200,numbered_equation,method,core_chain,Equation (14),6
icml-2026-a6577855483d,ICML,spotlight,foundation_200,numbered_equation,method,explanation,Equation (15),6
icml-2026-a6577855483d,ICML,spotlight,foundation_200,numbered_equation,method,core_chain,Equation (16),6
icml-2026-a6577855483d,ICML,spotlight,foundation_200,numbered_equation,method,core_chain,Equation (17),6
icml-2026-a6577855483d,ICML,spotlight,foundation_200,numbered_equation,experimental_design,explanation,Equation (18),7
icml-2026-a6577855483d,ICML,spotlight,foundation_200,numbered_equation,experimental_design,explanation,Equation (19),9
icml-2026-a6577855483d,ICML,spotlight,foundation_200,numbered_equation,experimental_design,explanation,Equation (20),9
icml-2026-a6577855483d,ICML,spotlight,foundation_200,numbered_equation,appendix,core_chain,Equation (21),14
icml-2026-a6577855483d,ICML,spotlight,foundation_200,numbered_equation,appendix,explanation,Equation (22),14
icml-2026-a6577855483d,ICML,spotlight,foundation_200,numbered_equation,appendix,core_chain,Equation (23),15
icml-2026-a6577855483d,ICML,spotlight,foundation_200,numbered_equation,appendix,explanation,Equation (24),16
icml-2026-a6577855483d,ICML,spotlight,foundation_200,numbered_equation,appendix,explanation,Equation (25),16
icml-2026-a6577855483d,ICML,spotlight,foundation_200,numbered_equation,appendix,explanation,Equation (26),16
icml-2026-a6577855483d,ICML,spotlight,foundation_200,numbered_equation,appendix,explanation,Equation (27),17
icml-2026-a6577855483d,ICML,spotlight,foundation_200,numbered_equation,appendix,explanation,Equation (28),17
icml-2026-a6577855483d,ICML,spotlight,foundation_200,numbered_equation,appendix,explanation,Equation (29),17
icml-2026-a6577855483d,ICML,spotlight,foundation_200,numbered_equation,appendix,explanation,Equation (30),17
icml-2026-a6577855483d,ICML,spotlight,foundation_200,numbered_equation,appendix,explanation,Equation (31),17
icml-2026-a6577855483d,ICML,spotlight,foundation_200,numbered_equation,appendix,core_chain,Equation (32),17
icml-2026-a6577855483d,ICML,spotlight,foundation_200,numbered_equation,appendix,core_chain,Equation (33),18
icml-2026-a6577855483d,ICML,spotlight,foundation_200,numbered_equation,appendix,core_chain,Equation (34),18
icml-2026-a6577855483d,ICML,spotlight,foundation_200,numbered_equation,appendix,core_chain,Equation (35),18
icml-2026-a6577855483d,ICML,spotlight,foundation_200,numbered_equation,appendix,core_chain,Equation (36),18
icml-2026-a6577855483d,ICML,spotlight,foundation_200,numbered_equation,appendix,core_chain,Equation (37),18
icml-2026-a6577855483d,ICML,spotlight,foundation_200,numbered_equation,appendix,core_chain,Equation (38),18
icml-2026-a6577855483d,ICML,spotlight,foundation_200,numbered_equation,appendix,core_chain,Equation (39),19
icml-2026-a6577855483d,ICML,spotlight,foundation_200,numbered_equation,appendix,core_chain,Equation (40),20
icml-2026-a6577855483d,ICML,spotlight,foundation_200,numbered_equation,appendix,core_chain,Equation (41),20
icml-2026-a6577855483d,ICML,spotlight,foundation_200,numbered_equation,appendix,core_chain,Equation (42),20
icml-2026-a6577855483d,ICML,spotlight,foundation_200,numbered_equation,appendix,core_chain,Equation (43),20
icml-2026-a6577855483d,ICML,spotlight,foundation_200,numbered_equation,appendix,explanation,Equation (44),22
icml-2026-a6577855483d,ICML,spotlight,foundation_200,numbered_equation,appendix,explanation,Equation (45),22
icml-2026-a6577855483d,ICML,spotlight,foundation_200,numbered_equation,appendix,explanation,Equation (46a–c),22
icml-2026-a6577855483d,ICML,spotlight,foundation_200,numbered_equation,appendix,explanation,Equation (47a–b),22
icml-2026-a6577855483d,ICML,spotlight,foundation_200,numbered_equation,appendix,explanation,Equation (48),23
icml-2026-a6577855483d,ICML,spotlight,foundation_200,numbered_equation,appendix,guarantee,Equation (49),23
icml-2026-a6577855483d,ICML,spotlight,foundation_200,numbered_equation,appendix,explanation,Equation (50),24
icml-2026-a6577855483d,ICML,spotlight,foundation_200,numbered_equation,appendix,explanation,Equation (51),24
icml-2026-a6577855483d,ICML,spotlight,foundation_200,numbered_equation,appendix,explanation,Equation (52),24
icml-2026-a6577855483d,ICML,spotlight,foundation_200,numbered_equation,appendix,explanation,Equation (53),25
icml-2026-a6577855483d,ICML,spotlight,foundation_200,numbered_equation,appendix,explanation,Equation (54),25
icml-2026-a6577855483d,ICML,spotlight,foundation_200,numbered_equation,appendix,explanation,Equation (55),25
icml-2026-a6577855483d,ICML,spotlight,foundation_200,numbered_equation,appendix,explanation,Equation (56),26
icml-2026-a6577855483d,ICML,spotlight,foundation_200,numbered_equation,appendix,explanation,Equation (57),26
icml-2026-a6577855483d,ICML,spotlight,foundation_200,numbered_equation,appendix,diagnostic,Equation (58),29
icml-2026-a6577855483d,ICML,spotlight,foundation_200,numbered_equation,appendix,diagnostic,Equation (59),29
icml-2026-a6577855483d,ICML,spotlight,foundation_200,numbered_equation,appendix,diagnostic,Equation (60),29
icml-2026-a6577855483d,ICML,spotlight,foundation_200,numbered_equation,appendix,diagnostic,Equation (61),32
icml-2026-a6577855483d,ICML,spotlight,foundation_200,numbered_equation,appendix,diagnostic,Equation (62),33
icml-2026-a6577855483d,ICML,spotlight,foundation_200,numbered_equation,appendix,diagnostic,Equation (63),33
icml-2026-a6577855483d,ICML,spotlight,foundation_200,displayed_equation,experimental_design,explanation,Unnumbered CVaR definition,8
icml-2026-a6577855483d,ICML,spotlight,foundation_200,displayed_equation,results,diagnostic,Unnumbered portfolio f0/f⋆ and ℓ0/ℓ⋆ metrics,8
icml-2026-a6577855483d,ICML,spotlight,foundation_200,theorem,theory,guarantee,Theorem 5.1,7
icml-2026-a6577855483d,ICML,spotlight,foundation_200,proof,theory,guarantee,Proof of Theorem 5.1,7
icml-2026-a6577855483d,ICML,spotlight,foundation_200,proposition,appendix,guarantee,Proposition C.1,23
icml-2026-a6577855483d,ICML,spotlight,foundation_200,lemma,appendix,guarantee,Lemma C.1,23
icml-2026-a6577855483d,ICML,spotlight,foundation_200,proof,appendix,guarantee,Proof of Lemma C.1,24
icml-2026-a6577855483d,ICML,spotlight,foundation_200,displayed_equation,appendix,explanation,Fact D.1 discrete Mahalanobis LP,25
icml-2026-a6577855483d,ICML,spotlight,foundation_200,displayed_equation,appendix,explanation,Fact D.2 discrete distance derivative,25
icml-2026-a6577855483d,ICML,spotlight,foundation_200,displayed_equation,appendix,explanation,Definition D.1 parametrized Gelbrich distance,26
icml-2026-2b91f2863fcf,ICML,spotlight,foundation_200,numbered_equation,method,core_chain,Eq. (1): probability-flow ODE,3
icml-2026-2b91f2863fcf,ICML,spotlight,foundation_200,numbered_equation,method,core_chain,Eq. (2): conditional increment Δs,3
icml-2026-2b91f2863fcf,ICML,spotlight,foundation_200,numbered_equation,method,core_chain,Eq. (3): conditional-score Bayes decomposition,3
icml-2026-2b91f2863fcf,ICML,spotlight,foundation_200,numbered_equation,method,core_chain,Eq. (4): Δs approximates negative energy gradient,3
icml-2026-2b91f2863fcf,ICML,spotlight,foundation_200,numbered_equation,method,core_chain,Eq. (5): local metric-cost objective,3
icml-2026-2b91f2863fcf,ICML,spotlight,foundation_200,numbered_equation,method,guarantee,Eq. (6): unique minimizer,3
icml-2026-2b91f2863fcf,ICML,spotlight,foundation_200,numbered_equation,method,core_chain,Eq. (7): MOG score update,3
icml-2026-2b91f2863fcf,ICML,spotlight,foundation_200,numbered_equation,theory,explanation,Eq. (8): generalized quadratic control problem,3
icml-2026-2b91f2863fcf,ICML,spotlight,foundation_200,numbered_equation,theory,core_chain,Eq. (9): fixed-geodesic constrained descent,4
icml-2026-2b91f2863fcf,ICML,spotlight,foundation_200,numbered_equation,theory,guarantee,Eq. (10): metric Cauchy-Schwarz bound,4
icml-2026-2b91f2863fcf,ICML,spotlight,foundation_200,numbered_equation,method,explanation,Eq. (11): Sherman-Morrison metric inverse,4
icml-2026-2b91f2863fcf,ICML,spotlight,foundation_200,numbered_equation,method,core_chain,Eq. (12): prior/guidance energy balance,4
icml-2026-2b91f2863fcf,ICML,spotlight,foundation_200,numbered_equation,method,core_chain,Eq. (13): Auto-MOG β solution,4
icml-2026-2b91f2863fcf,ICML,spotlight,foundation_200,numbered_equation,method,core_chain,Eq. (14): stabilized energy-ratio schedule,4
icml-2026-2b91f2863fcf,ICML,spotlight,foundation_200,numbered_equation,appendix,explanation,Eq. (15): conditional energy definition,11
icml-2026-2b91f2863fcf,ICML,spotlight,foundation_200,numbered_equation,appendix,explanation,Eq. (16): Bayes derivation step 1,11
icml-2026-2b91f2863fcf,ICML,spotlight,foundation_200,numbered_equation,appendix,explanation,Eq. (17): Bayes derivation step 2,11
icml-2026-2b91f2863fcf,ICML,spotlight,foundation_200,numbered_equation,appendix,explanation,Eq. (18): Bayes derivation step 3,11
icml-2026-2b91f2863fcf,ICML,spotlight,foundation_200,numbered_equation,appendix,core_chain,Eq. (19): energy-gradient identity,11
icml-2026-2b91f2863fcf,ICML,spotlight,foundation_200,numbered_equation,appendix,explanation,Eq. (20): ideal conditional/unconditional scores,11
icml-2026-2b91f2863fcf,ICML,spotlight,foundation_200,numbered_equation,appendix,core_chain,Eq. (21): gradient in ideal scores,11
icml-2026-2b91f2863fcf,ICML,spotlight,foundation_200,numbered_equation,appendix,core_chain,Eq. (22): score-difference rearrangement,11
icml-2026-2b91f2863fcf,ICML,spotlight,foundation_200,numbered_equation,appendix,core_chain,Eq. (23): ideal increment identity,11
icml-2026-2b91f2863fcf,ICML,spotlight,foundation_200,numbered_equation,appendix,guarantee,Eq. (24): exact-score conclusion,11
icml-2026-2b91f2863fcf,ICML,spotlight,foundation_200,numbered_equation,appendix,explanation,Eq. (25): neural-score practical approximation,12
icml-2026-2b91f2863fcf,ICML,spotlight,foundation_200,numbered_equation,appendix,guarantee,Eq. (26): constrained descent problem,12
icml-2026-2b91f2863fcf,ICML,spotlight,foundation_200,numbered_equation,appendix,guarantee,Eq. (27): Lagrangian,12
icml-2026-2b91f2863fcf,ICML,spotlight,foundation_200,numbered_equation,appendix,guarantee,Eq. (28): stationary condition,12
icml-2026-2b91f2863fcf,ICML,spotlight,foundation_200,numbered_equation,appendix,guarantee,Eq. (29): impose geodesic constraint,12
icml-2026-2b91f2863fcf,ICML,spotlight,foundation_200,numbered_equation,appendix,guarantee,Eq. (30): multiplier magnitude,12
icml-2026-2b91f2863fcf,ICML,spotlight,foundation_200,numbered_equation,appendix,guarantee,Eq. (31): unique optimal direction,12
icml-2026-2b91f2863fcf,ICML,spotlight,foundation_200,numbered_equation,appendix,core_chain,Eq. (32): connection to MOG update,12
icml-2026-2b91f2863fcf,ICML,spotlight,foundation_200,numbered_equation,appendix,explanation,Eq. (33): epsilon-stabilized normalization,12
icml-2026-2b91f2863fcf,ICML,spotlight,foundation_200,numbered_equation,appendix,explanation,Eq. (34): practical inverse metric,12
icml-2026-2b91f2863fcf,ICML,spotlight,foundation_200,numbered_equation,appendix,diagnostic,Eq. (35): clamped Auto-MOG scale,13
icml-2026-2b91f2863fcf,ICML,spotlight,foundation_200,proof,appendix,guarantee,B.2 Lagrange-multiplier proof (no named theorem),12
icml-2026-cdec10979815,ICML,spotlight,foundation_200,numbered_equation,appendix,explanation,Equation (1): P(L|S),19
icml-2026-cdec10979815,ICML,spotlight,foundation_200,numbered_equation,appendix,explanation,Equation (2): P(D|S),19
icml-2026-cdec10979815,ICML,spotlight,foundation_200,numbered_equation,appendix,explanation,Equation (3): P(C|S),20
icml-2026-61bea4dcf717,ICML,spotlight,foundation_200,numbered_equation,experimental_design,core_chain,Equation (1),5
icml-2026-61bea4dcf717,ICML,spotlight,foundation_200,numbered_equation,method,core_chain,Equation (2),7
icml-2026-61bea4dcf717,ICML,spotlight,foundation_200,numbered_equation,method,core_chain,Equation (3),7
icml-2026-61bea4dcf717,ICML,spotlight,foundation_200,numbered_equation,method,core_chain,Equation (4),7
icml-2026-61bea4dcf717,ICML,spotlight,foundation_200,numbered_equation,method,core_chain,Equation (5),7
icml-2026-61bea4dcf717,ICML,spotlight,foundation_200,numbered_equation,method,core_chain,Equation (6),7
icml-2026-19ec66cff1c1,ICML,spotlight,foundation_200,numbered_equation,introduction,core_chain,Eq. (1),2
icml-2026-19ec66cff1c1,ICML,spotlight,foundation_200,numbered_equation,method,core_chain,Eq. (2),3
icml-2026-19ec66cff1c1,ICML,spotlight,foundation_200,numbered_equation,theory,core_chain,Eq. (3),4
icml-2026-19ec66cff1c1,ICML,spotlight,foundation_200,numbered_equation,theory,core_chain,Eq. (4),4
icml-2026-19ec66cff1c1,ICML,spotlight,foundation_200,numbered_equation,theory,core_chain,Eq. (5),4
icml-2026-19ec66cff1c1,ICML,spotlight,foundation_200,numbered_equation,theory,core_chain,Eq. (6),4
icml-2026-19ec66cff1c1,ICML,spotlight,foundation_200,numbered_equation,theory,guarantee,Eq. (7),4
icml-2026-19ec66cff1c1,ICML,spotlight,foundation_200,numbered_equation,theory,guarantee,Eq. (8),5
icml-2026-19ec66cff1c1,ICML,spotlight,foundation_200,numbered_equation,method,core_chain,Eq. (9),6
icml-2026-19ec66cff1c1,ICML,spotlight,foundation_200,numbered_equation,method,core_chain,Eq. (10),6
icml-2026-19ec66cff1c1,ICML,spotlight,foundation_200,numbered_equation,method,core_chain,Eq. (11),6
icml-2026-19ec66cff1c1,ICML,spotlight,foundation_200,numbered_equation,appendix,guarantee,Eq. (12),16
icml-2026-19ec66cff1c1,ICML,spotlight,foundation_200,numbered_equation,appendix,guarantee,Eq. (13),16
icml-2026-19ec66cff1c1,ICML,spotlight,foundation_200,numbered_equation,appendix,guarantee,Eq. (14),17
icml-2026-19ec66cff1c1,ICML,spotlight,foundation_200,numbered_equation,appendix,guarantee,Eq. (15),17
icml-2026-19ec66cff1c1,ICML,spotlight,foundation_200,numbered_equation,appendix,guarantee,Eq. (16),17
icml-2026-19ec66cff1c1,ICML,spotlight,foundation_200,numbered_equation,appendix,guarantee,Eq. (17),18
icml-2026-19ec66cff1c1,ICML,spotlight,foundation_200,numbered_equation,appendix,guarantee,Eq. (18),19
icml-2026-19ec66cff1c1,ICML,spotlight,foundation_200,numbered_equation,appendix,guarantee,Eq. (19),19
icml-2026-19ec66cff1c1,ICML,spotlight,foundation_200,numbered_equation,appendix,core_chain,Eq. (20),20
icml-2026-19ec66cff1c1,ICML,spotlight,foundation_200,numbered_equation,appendix,core_chain,Eq. (21),20
icml-2026-19ec66cff1c1,ICML,spotlight,foundation_200,numbered_equation,appendix,core_chain,Eq. (22),20
icml-2026-19ec66cff1c1,ICML,spotlight,foundation_200,numbered_equation,appendix,core_chain,Eq. (23),20
icml-2026-19ec66cff1c1,ICML,spotlight,foundation_200,numbered_equation,appendix,core_chain,Eq. (24),20
icml-2026-19ec66cff1c1,ICML,spotlight,foundation_200,numbered_equation,appendix,core_chain,Eq. (25),21
icml-2026-19ec66cff1c1,ICML,spotlight,foundation_200,numbered_equation,appendix,core_chain,Eq. (26),21
icml-2026-19ec66cff1c1,ICML,spotlight,foundation_200,numbered_equation,appendix,core_chain,Eq. (27),21
icml-2026-19ec66cff1c1,ICML,spotlight,foundation_200,numbered_equation,appendix,core_chain,Eq. (28),21
icml-2026-19ec66cff1c1,ICML,spotlight,foundation_200,numbered_equation,appendix,core_chain,Eq. (29),21
icml-2026-19ec66cff1c1,ICML,spotlight,foundation_200,numbered_equation,appendix,guarantee,Eq. (30),22
icml-2026-19ec66cff1c1,ICML,spotlight,foundation_200,numbered_equation,appendix,guarantee,Eq. (31),22
icml-2026-19ec66cff1c1,ICML,spotlight,foundation_200,numbered_equation,appendix,guarantee,Eq. (32),22
icml-2026-19ec66cff1c1,ICML,spotlight,foundation_200,numbered_equation,appendix,guarantee,Eq. (33),22
icml-2026-19ec66cff1c1,ICML,spotlight,foundation_200,numbered_equation,appendix,guarantee,Eq. (34),22
icml-2026-19ec66cff1c1,ICML,spotlight,foundation_200,numbered_equation,appendix,guarantee,Eq. (35),23
icml-2026-19ec66cff1c1,ICML,spotlight,foundation_200,numbered_equation,appendix,guarantee,Eq. (36),24
icml-2026-19ec66cff1c1,ICML,spotlight,foundation_200,numbered_equation,appendix,guarantee,Eq. (37),24
icml-2026-19ec66cff1c1,ICML,spotlight,foundation_200,numbered_equation,appendix,guarantee,Eq. (38),24
icml-2026-19ec66cff1c1,ICML,spotlight,foundation_200,numbered_equation,appendix,guarantee,Eq. (39),25
icml-2026-19ec66cff1c1,ICML,spotlight,foundation_200,numbered_equation,appendix,core_chain,Eq. (40),26
icml-2026-19ec66cff1c1,ICML,spotlight,foundation_200,numbered_equation,appendix,explanation,Eq. (41),27
icml-2026-19ec66cff1c1,ICML,spotlight,foundation_200,numbered_equation,appendix,explanation,Eq. (42),27
icml-2026-19ec66cff1c1,ICML,spotlight,foundation_200,numbered_equation,appendix,explanation,Eq. (43),27
icml-2026-19ec66cff1c1,ICML,spotlight,foundation_200,numbered_equation,appendix,explanation,Eq. (44),28
icml-2026-19ec66cff1c1,ICML,spotlight,foundation_200,numbered_equation,appendix,explanation,Eq. (45),29
icml-2026-19ec66cff1c1,ICML,spotlight,foundation_200,numbered_equation,appendix,diagnostic,Eq. (46),59
icml-2026-19ec66cff1c1,ICML,spotlight,foundation_200,numbered_equation,appendix,diagnostic,Eq. (47),59
icml-2026-19ec66cff1c1,ICML,spotlight,foundation_200,theorem,theory,guarantee,Theorem 3.1,4
icml-2026-19ec66cff1c1,ICML,spotlight,foundation_200,theorem,theory,core_chain,Theorem 4.3,6
icml-2026-19ec66cff1c1,ICML,spotlight,foundation_200,theorem,theory,guarantee,Theorem 4.4,7
icml-2026-19ec66cff1c1,ICML,spotlight,foundation_200,lemma,appendix,guarantee,Lemma A.1,16
icml-2026-19ec66cff1c1,ICML,spotlight,foundation_200,lemma,appendix,guarantee,Lemma B.1,17
icml-2026-19ec66cff1c1,ICML,spotlight,foundation_200,theorem,appendix,guarantee,Theorem C.1,17
icml-2026-19ec66cff1c1,ICML,spotlight,foundation_200,theorem,appendix,guarantee,Theorem D.3,19
icml-2026-19ec66cff1c1,ICML,spotlight,foundation_200,lemma,appendix,core_chain,Lemma E.1,21
icml-2026-19ec66cff1c1,ICML,spotlight,foundation_200,lemma,appendix,core_chain,Lemma E.2,22
icml-2026-19ec66cff1c1,ICML,spotlight,foundation_200,lemma,appendix,guarantee,Lemma F.1,23
icml-2026-19ec66cff1c1,ICML,spotlight,foundation_200,proof,appendix,guarantee,Proof of Theorem 4.4,24
icml-2026-19ec66cff1c1,ICML,spotlight,foundation_200,theorem,appendix,core_chain,Theorem G.1,26
icml-2026-da310238c4b0,ICML,spotlight,foundation_200,numbered_equation,other,explanation,Eq. (1),2
icml-2026-da310238c4b0,ICML,spotlight,foundation_200,numbered_equation,other,explanation,Eq. (2),3
icml-2026-da310238c4b0,ICML,spotlight,foundation_200,numbered_equation,other,explanation,Eq. (3),3
icml-2026-da310238c4b0,ICML,spotlight,foundation_200,numbered_equation,method,core_chain,Eq. (4),3
icml-2026-da310238c4b0,ICML,spotlight,foundation_200,numbered_equation,method,core_chain,Eq. (5),3
icml-2026-da310238c4b0,ICML,spotlight,foundation_200,numbered_equation,method,core_chain,Eq. (6),3
icml-2026-da310238c4b0,ICML,spotlight,foundation_200,numbered_equation,method,core_chain,Eq. (7),4
icml-2026-da310238c4b0,ICML,spotlight,foundation_200,numbered_equation,method,core_chain,Eq. (8),4
icml-2026-da310238c4b0,ICML,spotlight,foundation_200,numbered_equation,method,core_chain,Eq. (9),4
icml-2026-da310238c4b0,ICML,spotlight,foundation_200,numbered_equation,method,core_chain,Eq. (10),5
icml-2026-da310238c4b0,ICML,spotlight,foundation_200,numbered_equation,method,core_chain,Eq. (11),5
icml-2026-da310238c4b0,ICML,spotlight,foundation_200,numbered_equation,theory,guarantee,Eq. (12),5
icml-2026-da310238c4b0,ICML,spotlight,foundation_200,numbered_equation,theory,guarantee,Eq. (13),5
icml-2026-da310238c4b0,ICML,spotlight,foundation_200,numbered_equation,theory,guarantee,Eq. (14),5
icml-2026-da310238c4b0,ICML,spotlight,foundation_200,numbered_equation,method,core_chain,Eq. (15),6
icml-2026-da310238c4b0,ICML,spotlight,foundation_200,numbered_equation,appendix,explanation,Eq. (16),15
icml-2026-da310238c4b0,ICML,spotlight,foundation_200,numbered_equation,appendix,explanation,Eq. (17),15
icml-2026-da310238c4b0,ICML,spotlight,foundation_200,numbered_equation,appendix,guarantee,Eq. (18),19
icml-2026-da310238c4b0,ICML,spotlight,foundation_200,numbered_equation,appendix,guarantee,Eq. (19),19
icml-2026-da310238c4b0,ICML,spotlight,foundation_200,numbered_equation,appendix,guarantee,Eq. (20),19
icml-2026-da310238c4b0,ICML,spotlight,foundation_200,numbered_equation,appendix,guarantee,Eq. (21),19
icml-2026-da310238c4b0,ICML,spotlight,foundation_200,numbered_equation,appendix,guarantee,Eq. (22),19
icml-2026-da310238c4b0,ICML,spotlight,foundation_200,numbered_equation,appendix,explanation,Eq. (23),20
icml-2026-da310238c4b0,ICML,spotlight,foundation_200,numbered_equation,appendix,explanation,Eq. (24),20
icml-2026-da310238c4b0,ICML,spotlight,foundation_200,numbered_equation,appendix,explanation,Eq. (25),21
icml-2026-da310238c4b0,ICML,spotlight,foundation_200,numbered_equation,appendix,core_chain,Eq. (26),22
icml-2026-da310238c4b0,ICML,spotlight,foundation_200,numbered_equation,appendix,core_chain,Eq. (27),22
icml-2026-da310238c4b0,ICML,spotlight,foundation_200,numbered_equation,appendix,core_chain,Eq. (28),22
icml-2026-da310238c4b0,ICML,spotlight,foundation_200,numbered_equation,appendix,explanation,Eq. (29),25
icml-2026-da310238c4b0,ICML,spotlight,foundation_200,numbered_equation,appendix,diagnostic,Eq. (30),34
icml-2026-da310238c4b0,ICML,spotlight,foundation_200,numbered_equation,appendix,diagnostic,Eq. (31),35
icml-2026-da310238c4b0,ICML,spotlight,foundation_200,theorem,theory,guarantee,Theorem 3.1,4
icml-2026-da310238c4b0,ICML,spotlight,foundation_200,theorem,theory,guarantee,Theorem 3.3,5
icml-2026-da310238c4b0,ICML,spotlight,foundation_200,corollary,theory,guarantee,Corollary 3.4,5
icml-2026-da310238c4b0,ICML,spotlight,foundation_200,theorem,appendix,explanation,Theorem A.1,15
icml-2026-da310238c4b0,ICML,spotlight,foundation_200,lemma,appendix,guarantee,Lemma A.2,17
icml-2026-da310238c4b0,ICML,spotlight,foundation_200,corollary,appendix,guarantee,Corollary A.3,19
icml-2026-447e2cef4c1c,ICML,spotlight,foundation_200,displayed_equation,method,core_chain,Eq. (1) r_interleave,5
icml-2026-447e2cef4c1c,ICML,spotlight,foundation_200,numbered_equation,method,core_chain,(1),5
icml-2026-447e2cef4c1c,ICML,spotlight,foundation_200,displayed_equation,method,core_chain,r_format(y),5
icml-2026-447e2cef4c1c,ICML,spotlight,foundation_200,displayed_equation,method,core_chain,r_correctness(y),5
icml-2026-447e2cef4c1c,ICML,spotlight,foundation_200,displayed_equation,method,core_chain,r_helpfulness(y),5
icml-2026-447e2cef4c1c,ICML,spotlight,foundation_200,displayed_equation,method,core_chain,r_unit_test(y),5
icml-2026-536d8d3e0efc,ICML,spotlight,foundation_200,numbered_equation,method,core_chain,Eqs. (1)–(5),2
icml-2026-536d8d3e0efc,ICML,spotlight,foundation_200,numbered_equation,method,core_chain,Eqs. (6a)–(6b),3
icml-2026-536d8d3e0efc,ICML,spotlight,foundation_200,proposition,method,explanation,Proposition 2.2,3
icml-2026-536d8d3e0efc,ICML,spotlight,foundation_200,numbered_equation,method,core_chain,Eqs. (7)–(15),4
icml-2026-536d8d3e0efc,ICML,spotlight,foundation_200,proposition,method,core_chain,Proposition 2.6,5
icml-2026-536d8d3e0efc,ICML,spotlight,foundation_200,numbered_equation,theory,explanation,Eq. (16),5
icml-2026-536d8d3e0efc,ICML,spotlight,foundation_200,theorem,theory,guarantee,Theorem 3.1,5
icml-2026-536d8d3e0efc,ICML,spotlight,foundation_200,theorem,theory,guarantee,Theorem 3.2,6
icml-2026-536d8d3e0efc,ICML,spotlight,foundation_200,proposition,theory,guarantee,Proposition 4.2,6
icml-2026-536d8d3e0efc,ICML,spotlight,foundation_200,numbered_equation,theory,core_chain,Eq. (17),7
icml-2026-536d8d3e0efc,ICML,spotlight,foundation_200,theorem,theory,guarantee,Theorem 4.4,7
icml-2026-536d8d3e0efc,ICML,spotlight,foundation_200,theorem,theory,guarantee,Theorem 4.7,8
icml-2026-536d8d3e0efc,ICML,spotlight,foundation_200,numbered_equation,appendix,explanation,Eqs. (18)–(20),14
icml-2026-536d8d3e0efc,ICML,spotlight,foundation_200,numbered_equation,method,core_chain,Eqs. (21)–(30),18
icml-2026-536d8d3e0efc,ICML,spotlight,foundation_200,lemma,theory,explanation,Lemmas E.1–E.3; Eqs. (31)–(54),26
icml-2026-536d8d3e0efc,ICML,spotlight,foundation_200,proof,theory,explanation,Appendix F; Eqs. (55)–(90),29
icml-2026-536d8d3e0efc,ICML,spotlight,foundation_200,proposition,theory,explanation,Proposition G.1; Eqs. (91)–(99),33
icml-2026-536d8d3e0efc,ICML,spotlight,foundation_200,theorem,theory,explanation,Theorem G.2; Eqs. (100)–(153),35
icml-2026-536d8d3e0efc,ICML,spotlight,foundation_200,lemma,theory,explanation,Lemmas G.3–G.5,36
icml-2026-536d8d3e0efc,ICML,spotlight,foundation_200,theorem,theory,explanation,Theorem H.1; Eqs. (154)–(240),42
icml-2026-536d8d3e0efc,ICML,spotlight,foundation_200,lemma,theory,explanation,Lemma H.2,43
icml-2026-536d8d3e0efc,ICML,spotlight,foundation_200,lemma,theory,explanation,Lemmas I.1–I.8; Eqs. (241)–(290),57
icml-2026-07e2bc33888c,ICML,spotlight,foundation_200,numbered_equation,theory,core_chain,(1) proliferation factor α=S/R=1000/300≈3.33,19
icml-2026-07e2bc33888c,ICML,spotlight,foundation_200,numbered_equation,theory,core_chain,(2) reference conversion r=⌈p·N/α⌉,19
icml-2026-07e2bc33888c,ICML,spotlight,foundation_200,numbered_equation,theory,guarantee,"(3) extra-assignment count Y∼Hypergeometric(R,r,S mod R)",19
icml-2026-07e2bc33888c,ICML,spotlight,foundation_200,numbered_equation,theory,core_chain,(4) poisoned sample count X=3r+Y,19
icml-2026-07e2bc33888c,ICML,spotlight,foundation_200,numbered_equation,theory,guarantee,(5) effective count X_eff=πX and E[X_eff]=π·α·r,19
icml-2026-07e2bc33888c,ICML,spotlight,foundation_200,displayed_equation,theory,diagnostic,Refusal direction: r_l difference of means and rhat_l=r_l/||r_l||₂,19
icml-2026-f1190e536fe9,ICML,spotlight,foundation_200,numbered_equation,method,core_chain,Eq. (1)–(2),4
icml-2026-f1190e536fe9,ICML,spotlight,foundation_200,numbered_equation,method,core_chain,Eq. (3),5
icml-2026-f1190e536fe9,ICML,spotlight,foundation_200,numbered_equation,theory,core_chain,Eq. (4),6
icml-2026-f1190e536fe9,ICML,spotlight,foundation_200,numbered_equation,theory,core_chain,Eq. (5),6
icml-2026-f1190e536fe9,ICML,spotlight,foundation_200,numbered_equation,theory,core_chain,Eq. (6),7
icml-2026-f1190e536fe9,ICML,spotlight,foundation_200,numbered_equation,theory,explanation,Eq. (8),8
icml-2026-f1190e536fe9,ICML,spotlight,foundation_200,numbered_equation,theory,explanation,Eq. (9),9
icml-2026-f1190e536fe9,ICML,spotlight,foundation_200,numbered_equation,theory,explanation,Eq. (10)–(13),11
icml-2026-f1190e536fe9,ICML,spotlight,foundation_200,numbered_equation,theory,core_chain,Eq. (12a–c),11
icml-2026-f1190e536fe9,ICML,spotlight,foundation_200,theorem,theory,guarantee,Theorem 6.1,15
icml-2026-f1190e536fe9,ICML,spotlight,foundation_200,numbered_equation,theory,guarantee,Eq. (18)–(19),16
icml-2026-f1190e536fe9,ICML,spotlight,foundation_200,displayed_equation,appendix,explanation,Eq. (20)–(26),25
icml-2026-f1190e536fe9,ICML,spotlight,foundation_200,proposition,appendix,guarantee,Proposition C.1,27
icml-2026-f1190e536fe9,ICML,spotlight,foundation_200,numbered_equation,appendix,core_chain,Eq. (34),28
icml-2026-f1190e536fe9,ICML,spotlight,foundation_200,numbered_equation,appendix,diagnostic,Eq. (45)–(51),31
icml-2026-f1190e536fe9,ICML,spotlight,foundation_200,theorem,appendix,guarantee,Theorem E.1,33
icml-2026-f1190e536fe9,ICML,spotlight,foundation_200,proposition,appendix,guarantee,Proposition F.1,36
icml-2026-f1190e536fe9,ICML,spotlight,foundation_200,theorem,appendix,guarantee,Theorem G.6,42
icml-2026-f1190e536fe9,ICML,spotlight,foundation_200,proposition,appendix,explanation,Proposition H.7,45
icml-2026-f1190e536fe9,ICML,spotlight,foundation_200,theorem,appendix,guarantee,Theorem I.11,50
icml-2026-f1190e536fe9,ICML,spotlight,foundation_200,theorem,appendix,guarantee,Theorem J.6,58
icml-2026-f1190e536fe9,ICML,spotlight,foundation_200,proposition,appendix,explanation,Proposition K.1,59
icml-2026-42cbf99e9181,ICML,spotlight,foundation_200,numbered_equation,other,explanation,Eq. (1),3
icml-2026-42cbf99e9181,ICML,spotlight,foundation_200,numbered_equation,other,explanation,Eq. (2),3
icml-2026-42cbf99e9181,ICML,spotlight,foundation_200,numbered_equation,other,explanation,Eq. (3),3
icml-2026-42cbf99e9181,ICML,spotlight,foundation_200,numbered_equation,theory,core_chain,Eq. (4),4
icml-2026-42cbf99e9181,ICML,spotlight,foundation_200,numbered_equation,theory,core_chain,Eq. (5),4
icml-2026-42cbf99e9181,ICML,spotlight,foundation_200,numbered_equation,theory,core_chain,Eq. (6),4
icml-2026-42cbf99e9181,ICML,spotlight,foundation_200,numbered_equation,theory,core_chain,Eq. (7),5
icml-2026-42cbf99e9181,ICML,spotlight,foundation_200,numbered_equation,theory,explanation,Eq. (8),5
icml-2026-42cbf99e9181,ICML,spotlight,foundation_200,numbered_equation,theory,guarantee,Eq. (9),5
icml-2026-42cbf99e9181,ICML,spotlight,foundation_200,numbered_equation,method,core_chain,Eq. (10),6
icml-2026-42cbf99e9181,ICML,spotlight,foundation_200,numbered_equation,appendix,guarantee,Eq. (11),12
icml-2026-42cbf99e9181,ICML,spotlight,foundation_200,numbered_equation,appendix,guarantee,Eq. (12),12
icml-2026-42cbf99e9181,ICML,spotlight,foundation_200,numbered_equation,appendix,guarantee,Eq. (13),12
icml-2026-42cbf99e9181,ICML,spotlight,foundation_200,numbered_equation,appendix,guarantee,Eq. (14),12
icml-2026-42cbf99e9181,ICML,spotlight,foundation_200,numbered_equation,appendix,guarantee,Eq. (15),12
icml-2026-42cbf99e9181,ICML,spotlight,foundation_200,numbered_equation,appendix,guarantee,Eq. (16),12
icml-2026-42cbf99e9181,ICML,spotlight,foundation_200,numbered_equation,appendix,guarantee,Eq. (17),12
icml-2026-42cbf99e9181,ICML,spotlight,foundation_200,numbered_equation,appendix,guarantee,Eq. (18),12
icml-2026-42cbf99e9181,ICML,spotlight,foundation_200,numbered_equation,appendix,guarantee,Eq. (19),12
icml-2026-42cbf99e9181,ICML,spotlight,foundation_200,numbered_equation,appendix,guarantee,Eq. (20),12
icml-2026-42cbf99e9181,ICML,spotlight,foundation_200,displayed_equation,appendix,guarantee,Unnumbered clipping residual,13
icml-2026-42cbf99e9181,ICML,spotlight,foundation_200,numbered_equation,appendix,guarantee,Eq. (21),13
icml-2026-42cbf99e9181,ICML,spotlight,foundation_200,numbered_equation,appendix,guarantee,Eq. (22),13
icml-2026-42cbf99e9181,ICML,spotlight,foundation_200,numbered_equation,appendix,guarantee,Eq. (23),13
icml-2026-42cbf99e9181,ICML,spotlight,foundation_200,proposition,theory,core_chain,Proposition 4.1,4
icml-2026-42cbf99e9181,ICML,spotlight,foundation_200,theorem,theory,core_chain,Theorem 4.3,5
icml-2026-42cbf99e9181,ICML,spotlight,foundation_200,theorem,theory,guarantee,Theorem 4.4,5
icml-2026-42cbf99e9181,ICML,spotlight,foundation_200,proposition,appendix,guarantee,Proposition A.1,12
icml-2026-42cbf99e9181,ICML,spotlight,foundation_200,theorem,appendix,guarantee,Theorem A.2,12
icml-2026-42cbf99e9181,ICML,spotlight,foundation_200,proof,appendix,guarantee,Proof of Proposition A.1,12
icml-2026-42cbf99e9181,ICML,spotlight,foundation_200,proof,appendix,guarantee,Proof of Theorem A.2,12
icml-2026-f746984a28d8,ICML,spotlight,foundation_200,numbered_equation,theory,core_chain,(1),2
icml-2026-f746984a28d8,ICML,spotlight,foundation_200,numbered_equation,theory,core_chain,(2),2
icml-2026-f746984a28d8,ICML,spotlight,foundation_200,numbered_equation,theory,core_chain,(3),2
icml-2026-f746984a28d8,ICML,spotlight,foundation_200,numbered_equation,theory,core_chain,(4),2
icml-2026-f746984a28d8,ICML,spotlight,foundation_200,numbered_equation,theory,core_chain,(5),3
icml-2026-f746984a28d8,ICML,spotlight,foundation_200,numbered_equation,theory,core_chain,(6),3
icml-2026-f746984a28d8,ICML,spotlight,foundation_200,numbered_equation,theory,core_chain,(7),3
icml-2026-f746984a28d8,ICML,spotlight,foundation_200,numbered_equation,theory,core_chain,(8),3
icml-2026-f746984a28d8,ICML,spotlight,foundation_200,numbered_equation,theory,core_chain,(9),4
icml-2026-f746984a28d8,ICML,spotlight,foundation_200,numbered_equation,theory,explanation,(10),4
icml-2026-f746984a28d8,ICML,spotlight,foundation_200,numbered_equation,theory,explanation,(11),4
icml-2026-f746984a28d8,ICML,spotlight,foundation_200,numbered_equation,method,core_chain,(12),5
icml-2026-f746984a28d8,ICML,spotlight,foundation_200,numbered_equation,method,core_chain,(13),6
icml-2026-f746984a28d8,ICML,spotlight,foundation_200,numbered_equation,method,diagnostic,(14),6
icml-2026-f746984a28d8,ICML,spotlight,foundation_200,numbered_equation,method,diagnostic,(15),6
icml-2026-f746984a28d8,ICML,spotlight,foundation_200,numbered_equation,appendix,explanation,(16),17
icml-2026-f746984a28d8,ICML,spotlight,foundation_200,numbered_equation,appendix,explanation,(17),17
icml-2026-f746984a28d8,ICML,spotlight,foundation_200,numbered_equation,appendix,explanation,(18),18
icml-2026-f746984a28d8,ICML,spotlight,foundation_200,numbered_equation,appendix,diagnostic,(19),18
icml-2026-f746984a28d8,ICML,spotlight,foundation_200,numbered_equation,appendix,core_chain,(20),18
icml-2026-f746984a28d8,ICML,spotlight,foundation_200,numbered_equation,appendix,explanation,(21),22
icml-2026-f746984a28d8,ICML,spotlight,foundation_200,numbered_equation,appendix,core_chain,(22),22
icml-2026-f746984a28d8,ICML,spotlight,foundation_200,numbered_equation,appendix,explanation,(23),24
icml-2026-f746984a28d8,ICML,spotlight,foundation_200,numbered_equation,appendix,explanation,(24),24
icml-2026-f746984a28d8,ICML,spotlight,foundation_200,numbered_equation,appendix,explanation,(25),24
icml-2026-f746984a28d8,ICML,spotlight,foundation_200,numbered_equation,appendix,explanation,(26),24
icml-2026-f746984a28d8,ICML,spotlight,foundation_200,numbered_equation,appendix,explanation,(27),28
icml-2026-7531b7c768a9,ICML,spotlight,foundation_200,numbered_equation,theory,core_chain,Eq. (1),3
icml-2026-7531b7c768a9,ICML,spotlight,foundation_200,numbered_equation,theory,core_chain,Eq. (2),3
icml-2026-7531b7c768a9,ICML,spotlight,foundation_200,numbered_equation,theory,core_chain,Eq. (3),3
icml-2026-7531b7c768a9,ICML,spotlight,foundation_200,numbered_equation,theory,core_chain,Eq. (4),3
icml-2026-7531b7c768a9,ICML,spotlight,foundation_200,numbered_equation,method,core_chain,Eq. (5),6
icml-2026-7531b7c768a9,ICML,spotlight,foundation_200,numbered_equation,appendix,explanation,Eq. (6),16
icml-2026-7531b7c768a9,ICML,spotlight,foundation_200,numbered_equation,appendix,explanation,Eq. (7),16
icml-2026-7531b7c768a9,ICML,spotlight,foundation_200,numbered_equation,appendix,explanation,Eq. (8),16
icml-2026-7531b7c768a9,ICML,spotlight,foundation_200,numbered_equation,appendix,explanation,Eq. (9),16
icml-2026-7531b7c768a9,ICML,spotlight,foundation_200,numbered_equation,appendix,explanation,Eq. (10),16
icml-2026-7531b7c768a9,ICML,spotlight,foundation_200,numbered_equation,appendix,core_chain,Eq. (11),19
icml-2026-7531b7c768a9,ICML,spotlight,foundation_200,numbered_equation,appendix,core_chain,Eq. (12),19
icml-2026-7531b7c768a9,ICML,spotlight,foundation_200,numbered_equation,appendix,core_chain,Eq. (13),19
icml-2026-7531b7c768a9,ICML,spotlight,foundation_200,displayed_equation,appendix,explanation,Appendix G Eq. (5) restatement,18
icml-2026-7531b7c768a9,ICML,spotlight,foundation_200,displayed_equation,appendix,explanation,Appendix G fixed-G reduction,18
icml-2026-7531b7c768a9,ICML,spotlight,foundation_200,displayed_equation,appendix,explanation,Appendix G constant-error contour,19
icml-2026-7531b7c768a9,ICML,spotlight,foundation_200,displayed_equation,appendix,explanation,Appendix G log-space transform,19
icml-2026-7531b7c768a9,ICML,spotlight,foundation_200,displayed_equation,appendix,explanation,Appendix G contour slope,19
icml-2026-315bbaf35118,ICML,spotlight,foundation_200,displayed_equation,method,core_chain,World-model joint distribution,3
icml-2026-315bbaf35118,ICML,spotlight,foundation_200,displayed_equation,method,core_chain,Imagined success rate J,3
icml-2026-315bbaf35118,ICML,spotlight,foundation_200,numbered_equation,method,core_chain,Eq. (1) weighted masked-token objective,5
icml-2026-315bbaf35118,ICML,spotlight,foundation_200,numbered_equation,results,diagnostic,Eq. (2) ∆LPIPS,6
icml-2026-114dd793a5be,ICML,spotlight,foundation_200,displayed_equation,method,core_chain,Equation (1),3
icml-2026-114dd793a5be,ICML,spotlight,foundation_200,displayed_equation,method,core_chain,Equation (2),3
icml-2026-114dd793a5be,ICML,spotlight,foundation_200,displayed_equation,method,core_chain,Equation (3),3
icml-2026-114dd793a5be,ICML,spotlight,foundation_200,displayed_equation,theory,core_chain,Equation (4),4
icml-2026-114dd793a5be,ICML,spotlight,foundation_200,displayed_equation,theory,core_chain,Equation (5),4
icml-2026-114dd793a5be,ICML,spotlight,foundation_200,displayed_equation,theory,core_chain,Equation (6),4
icml-2026-114dd793a5be,ICML,spotlight,foundation_200,displayed_equation,method,core_chain,Equation (7),4
icml-2026-114dd793a5be,ICML,spotlight,foundation_200,displayed_equation,method,core_chain,Equation (8),4
icml-2026-f46849c406ca,ICML,spotlight,foundation_200,numbered_equation,method,core_chain,(1),3
icml-2026-f46849c406ca,ICML,spotlight,foundation_200,numbered_equation,method,core_chain,(2),3
icml-2026-f46849c406ca,ICML,spotlight,foundation_200,numbered_equation,method,core_chain,(3),3
icml-2026-f46849c406ca,ICML,spotlight,foundation_200,numbered_equation,method,core_chain,(4),4
icml-2026-f46849c406ca,ICML,spotlight,foundation_200,numbered_equation,method,core_chain,(5),4
icml-2026-f46849c406ca,ICML,spotlight,foundation_200,numbered_equation,method,core_chain,(6),5
icml-2026-f46849c406ca,ICML,spotlight,foundation_200,numbered_equation,method,core_chain,(7),5
icml-2026-f46849c406ca,ICML,spotlight,foundation_200,numbered_equation,method,core_chain,(8),6
icml-2026-f46849c406ca,ICML,spotlight,foundation_200,numbered_equation,appendix,explanation,(9),12
icml-2026-f46849c406ca,ICML,spotlight,foundation_200,numbered_equation,appendix,explanation,(10),12
icml-2026-f46849c406ca,ICML,spotlight,foundation_200,numbered_equation,appendix,core_chain,(11),14
icml-2026-f46849c406ca,ICML,spotlight,foundation_200,numbered_equation,appendix,core_chain,(12),14
icml-2026-f46849c406ca,ICML,spotlight,foundation_200,numbered_equation,appendix,explanation,(13),14
icml-2026-f46849c406ca,ICML,spotlight,foundation_200,numbered_equation,appendix,diagnostic,(14),15
icml-2026-f46849c406ca,ICML,spotlight,foundation_200,numbered_equation,appendix,explanation,(15),16
icml-2026-9ab4cfd38016,ICML,spotlight,foundation_200,numbered_equation,method,core_chain,Eq. (1),3
icml-2026-9ab4cfd38016,ICML,spotlight,foundation_200,numbered_equation,method,core_chain,Eq. (2),3
icml-2026-9ab4cfd38016,ICML,spotlight,foundation_200,numbered_equation,method,core_chain,Eq. (3),3
icml-2026-9ab4cfd38016,ICML,spotlight,foundation_200,numbered_equation,method,core_chain,Eq. (4),3
icml-2026-9ab4cfd38016,ICML,spotlight,foundation_200,numbered_equation,method,core_chain,Eq. (5),4
icml-2026-9ab4cfd38016,ICML,spotlight,foundation_200,numbered_equation,method,core_chain,Eq. (6),4
icml-2026-9ab4cfd38016,ICML,spotlight,foundation_200,numbered_equation,method,core_chain,Eq. (7),4
icml-2026-9ab4cfd38016,ICML,spotlight,foundation_200,numbered_equation,theory,explanation,Eq. (8),5
icml-2026-9ab4cfd38016,ICML,spotlight,foundation_200,numbered_equation,theory,explanation,Eq. (9),5
icml-2026-9ab4cfd38016,ICML,spotlight,foundation_200,numbered_equation,theory,explanation,Eq. (10),5
icml-2026-9ab4cfd38016,ICML,spotlight,foundation_200,numbered_equation,theory,explanation,Eq. (11),5
icml-2026-9ab4cfd38016,ICML,spotlight,foundation_200,proof,appendix,diagnostic,A.3 VIP objective boundlessness proof,15
icml-2026-4d6c3bd9ff61,ICML,spotlight,foundation_200,numbered_equation,method,core_chain,Eq.1,6
icml-2026-4d6c3bd9ff61,ICML,spotlight,foundation_200,numbered_equation,method,core_chain,Eq.2,6
icml-2026-4d6c3bd9ff61,ICML,spotlight,foundation_200,numbered_equation,method,core_chain,Eq.3,6
icml-2026-4d6c3bd9ff61,ICML,spotlight,foundation_200,numbered_equation,appendix,explanation,Eq.4,18
icml-2026-4d6c3bd9ff61,ICML,spotlight,foundation_200,numbered_equation,appendix,core_chain,Eq.5,18
icml-2026-4d6c3bd9ff61,ICML,spotlight,foundation_200,numbered_equation,appendix,explanation,Eq.6,19
icml-2026-4d6c3bd9ff61,ICML,spotlight,foundation_200,numbered_equation,appendix,explanation,Eq.7,19
icml-2026-4d6c3bd9ff61,ICML,spotlight,foundation_200,numbered_equation,appendix,explanation,Eq.8,19
icml-2026-4d6c3bd9ff61,ICML,spotlight,foundation_200,numbered_equation,appendix,explanation,Eq.9,19
icml-2026-4d6c3bd9ff61,ICML,spotlight,foundation_200,numbered_equation,appendix,core_chain,Eq.10,19
icml-2026-4d6c3bd9ff61,ICML,spotlight,foundation_200,numbered_equation,appendix,core_chain,Eq.11,19
icml-2026-4d6c3bd9ff61,ICML,spotlight,foundation_200,numbered_equation,appendix,diagnostic,Eq.12,19
icml-2026-4d6c3bd9ff61,ICML,spotlight,foundation_200,numbered_equation,ablation,explanation,Eq.13,23
icml-2026-942a8496990b,ICML,spotlight,foundation_200,displayed_equation,method,core_chain,Definition 3.6 KL divergence,3
icml-2026-942a8496990b,ICML,spotlight,foundation_200,displayed_equation,method,core_chain,Definition 3.7 MLE loss,3
icml-2026-942a8496990b,ICML,spotlight,foundation_200,proposition,theory,core_chain,Proposition 3.9,3
icml-2026-942a8496990b,ICML,spotlight,foundation_200,theorem,theory,core_chain,Theorem 4.1,3
icml-2026-942a8496990b,ICML,spotlight,foundation_200,displayed_equation,theory,core_chain,Definition 4.2 conditioned subgrammar KL,4
icml-2026-942a8496990b,ICML,spotlight,foundation_200,theorem,theory,core_chain,Theorem 4.3,4
icml-2026-942a8496990b,ICML,spotlight,foundation_200,corollary,theory,guarantee,Corollary 4.4,4
icml-2026-942a8496990b,ICML,spotlight,foundation_200,corollary,theory,guarantee,Corollary 4.5,4
icml-2026-942a8496990b,ICML,spotlight,foundation_200,theorem,theory,guarantee,Theorem 4.6,5
icml-2026-942a8496990b,ICML,spotlight,foundation_200,corollary,theory,diagnostic,Corollary 4.7,6
icml-2026-942a8496990b,ICML,spotlight,foundation_200,proof,appendix,core_chain,"Proposition 3.9 proof, equations (1)–(4)",14
icml-2026-942a8496990b,ICML,spotlight,foundation_200,proof,appendix,core_chain,"Theorem 4.1 and 4.3 proofs, equations (5)–(9)",14
icml-2026-942a8496990b,ICML,spotlight,foundation_200,corollary,appendix,core_chain,Corollary C.1,15
icml-2026-942a8496990b,ICML,spotlight,foundation_200,proof,appendix,guarantee,"Theorem 4.6 proof, equations (10)–(12)",15
icml-2026-942a8496990b,ICML,spotlight,foundation_200,theorem,appendix,explanation,Theorem C.2 and equations (13)–(16),15
icml-2026-184e90336c6b,ICML,spotlight,foundation_200,numbered_equation,method,core_chain,(1),4
icml-2026-184e90336c6b,ICML,spotlight,foundation_200,numbered_equation,method,core_chain,(2),4
icml-2026-184e90336c6b,ICML,spotlight,foundation_200,numbered_equation,method,core_chain,(3),4
icml-2026-184e90336c6b,ICML,spotlight,foundation_200,numbered_equation,method,core_chain,(4),4
icml-2026-184e90336c6b,ICML,spotlight,foundation_200,numbered_equation,method,core_chain,(5),4
icml-2026-184e90336c6b,ICML,spotlight,foundation_200,numbered_equation,method,core_chain,(6),5
icml-2026-184e90336c6b,ICML,spotlight,foundation_200,numbered_equation,method,core_chain,(7),5
icml-2026-184e90336c6b,ICML,spotlight,foundation_200,numbered_equation,method,core_chain,(8),5
icml-2026-184e90336c6b,ICML,spotlight,foundation_200,numbered_equation,method,core_chain,(9),5
icml-2026-184e90336c6b,ICML,spotlight,foundation_200,numbered_equation,method,core_chain,(10),5
icml-2026-184e90336c6b,ICML,spotlight,foundation_200,numbered_equation,method,core_chain,(11),5
icml-2026-184e90336c6b,ICML,spotlight,foundation_200,numbered_equation,method,core_chain,(12),5
icml-2026-184e90336c6b,ICML,spotlight,foundation_200,numbered_equation,method,core_chain,(13),6
icml-2026-fea2d498a956,ICML,spotlight,foundation_200,numbered_equation,method,core_chain,Eqs. (1)–(2),2
icml-2026-fea2d498a956,ICML,spotlight,foundation_200,displayed_equation,method,core_chain,State update after insertion,2
icml-2026-fea2d498a956,ICML,spotlight,foundation_200,numbered_equation,theory,core_chain,Eqs. (3)–(5),3
icml-2026-fea2d498a956,ICML,spotlight,foundation_200,lemma,theory,core_chain,Lemma 2.1,3
icml-2026-fea2d498a956,ICML,spotlight,foundation_200,numbered_equation,theory,core_chain,Eq. (6),3
icml-2026-fea2d498a956,ICML,spotlight,foundation_200,displayed_equation,theory,explanation,Deterministic trajectory from σ,4
icml-2026-fea2d498a956,ICML,spotlight,foundation_200,theorem,theory,core_chain,Theorem 2.2,4
icml-2026-fea2d498a956,ICML,spotlight,foundation_200,numbered_equation,theory,core_chain,Eqs. (7)–(8),4
icml-2026-fea2d498a956,ICML,spotlight,foundation_200,numbered_equation,method,core_chain,Eq. (9),4
icml-2026-fea2d498a956,ICML,spotlight,foundation_200,numbered_equation,theory,core_chain,Eqs. (10)–(12),4
icml-2026-fea2d498a956,ICML,spotlight,foundation_200,numbered_equation,theory,diagnostic,Eqs. (13)–(14),5
icml-2026-fea2d498a956,ICML,spotlight,foundation_200,numbered_equation,method,core_chain,Eqs. (15)–(16),5
icml-2026-fea2d498a956,ICML,spotlight,foundation_200,numbered_equation,method,explanation,Eq. (17),5
icml-2026-fea2d498a956,ICML,spotlight,foundation_200,proof,appendix,guarantee,Appendix A.1 proof of Lemma 2.1,11
icml-2026-fea2d498a956,ICML,spotlight,foundation_200,proof,appendix,guarantee,Appendix A.2 proof of Theorem 2.2,11
icml-2026-fea2d498a956,ICML,spotlight,foundation_200,numbered_equation,appendix,guarantee,Eqs. (18)–(20),11
icml-2026-fea2d498a956,ICML,spotlight,foundation_200,numbered_equation,appendix,core_chain,Eqs. (21)–(25),12
icml-2026-1d55d472edbc,ICML,spotlight,foundation_200,numbered_equation,method,core_chain,Eq. (1) utility,3
icml-2026-1d55d472edbc,ICML,spotlight,foundation_200,numbered_equation,method,core_chain,Eq. (2) expected welfare,3
icml-2026-1d55d472edbc,ICML,spotlight,foundation_200,numbered_equation,method,core_chain,Eq. (3) weighted 0-1 objective,4
icml-2026-1d55d472edbc,ICML,spotlight,foundation_200,numbered_equation,method,core_chain,Eq. (4) regularized surrogate objective,4
icml-2026-1d55d472edbc,ICML,spotlight,foundation_200,numbered_equation,method,core_chain,Eq. (5) classifier-induced allocation,4
icml-2026-1d55d472edbc,ICML,spotlight,foundation_200,numbered_equation,method,guarantee,Eq. (6) Myerson payment integral,5
icml-2026-1d55d472edbc,ICML,spotlight,foundation_200,numbered_equation,method,guarantee,Eq. (7) critical bid,5
icml-2026-1d55d472edbc,ICML,spotlight,foundation_200,numbered_equation,theory,explanation,Eq. (8) expected total payments,5
icml-2026-1d55d472edbc,ICML,spotlight,foundation_200,numbered_equation,theory,core_chain,Eq. (9) classification stability,5
icml-2026-1d55d472edbc,ICML,spotlight,foundation_200,numbered_equation,method,diagnostic,Eq. (10) randomized critical bid,7
icml-2026-1d55d472edbc,ICML,spotlight,foundation_200,numbered_equation,appendix,explanation,Eq. (11) score classifier,13
icml-2026-1d55d472edbc,ICML,spotlight,foundation_200,numbered_equation,appendix,explanation,Eq. (12) empirical regularized score loss,13
icml-2026-1d55d472edbc,ICML,spotlight,foundation_200,numbered_equation,appendix,explanation,Eq. (13) ERM minimizer,14
icml-2026-1d55d472edbc,ICML,spotlight,foundation_200,numbered_equation,appendix,core_chain,Eq. (14) accuracy allocation,14
icml-2026-1d55d472edbc,ICML,spotlight,foundation_200,numbered_equation,appendix,explanation,Eq. (15) linear L2 training loss,15
icml-2026-1d55d472edbc,ICML,spotlight,foundation_200,numbered_equation,appendix,explanation,Eq. (16) aggregate loss gradient,15
icml-2026-1d55d472edbc,ICML,spotlight,foundation_200,numbered_equation,appendix,explanation,Eq. (17) gradient at origin,15
icml-2026-1d55d472edbc,ICML,spotlight,foundation_200,numbered_equation,appendix,guarantee,Eq. (18) learned norm lower bound,16
icml-2026-1d55d472edbc,ICML,spotlight,foundation_200,numbered_equation,appendix,explanation,Eq. (19) weighted classification stability,17
icml-2026-1d55d472edbc,ICML,spotlight,foundation_200,numbered_equation,appendix,guarantee,Eq. (20) weighted stability inequality,18
icml-2026-1d55d472edbc,ICML,spotlight,foundation_200,numbered_equation,appendix,explanation,Eq. (21) convexity inequality,18
icml-2026-1d55d472edbc,ICML,spotlight,foundation_200,numbered_equation,appendix,guarantee,Eq. (22) parameter perturbation,19
icml-2026-1d55d472edbc,ICML,spotlight,foundation_200,numbered_equation,appendix,explanation,Eq. (23) Cauchy-Schwarz step,19
icml-2026-1d55d472edbc,ICML,spotlight,foundation_200,numbered_equation,appendix,guarantee,Eq. (24) individual stability,19
icml-2026-1d55d472edbc,ICML,spotlight,foundation_200,numbered_equation,appendix,guarantee,Eq. (25) leave-one-out payer probability,20
icml-2026-1d55d472edbc,ICML,spotlight,foundation_200,numbered_equation,appendix,guarantee,Eq. (26) payer probability upper bound,20
icml-2026-1d55d472edbc,ICML,spotlight,foundation_200,numbered_equation,appendix,explanation,Eq. (27) weighted k-NN classifier,21
icml-2026-1d55d472edbc,ICML,spotlight,foundation_200,theorem,method,core_chain,Theorem 1 Monotonicity,4
icml-2026-1d55d472edbc,ICML,spotlight,foundation_200,corollary,method,guarantee,Corollary 1 DSIC,5
icml-2026-1d55d472edbc,ICML,spotlight,foundation_200,lemma,theory,core_chain,Lemma 1 weighted SVM stability,5
icml-2026-1d55d472edbc,ICML,spotlight,foundation_200,lemma,theory,diagnostic,Lemma 2 payment candidate condition,6
icml-2026-1d55d472edbc,ICML,spotlight,foundation_200,theorem,theory,guarantee,Theorem 2 linear RRM payment upper bound,5
icml-2026-1d55d472edbc,ICML,spotlight,foundation_200,theorem,theory,explanation,Theorem 3 k-NN payment lower bound,6
icml-2026-1d55d472edbc,ICML,spotlight,foundation_200,corollary,theory,explanation,Corollary 2 asymptotic discrepancy,6
icml-2026-1d55d472edbc,ICML,spotlight,foundation_200,lemma,method,diagnostic,Lemma 3 discard examples for SVM,7
icml-2026-1d55d472edbc,ICML,spotlight,foundation_200,proposition,appendix,explanation,Proposition 1 gradient and signal,15
icml-2026-1d55d472edbc,ICML,spotlight,foundation_200,corollary,appendix,explanation,Corollary 3 nonzero classifier iff nonzero signal,16
icml-2026-1d55d472edbc,ICML,spotlight,foundation_200,lemma,appendix,guarantee,Lemma 4 slab probability,16
icml-2026-1d55d472edbc,ICML,spotlight,foundation_200,lemma,appendix,guarantee,Lemma 5 empirical signal norm,16
icml-2026-1d55d472edbc,ICML,spotlight,foundation_200,lemma,appendix,guarantee,Lemma 6 learned parameter norm,16
icml-2026-1d55d472edbc,ICML,spotlight,foundation_200,lemma,appendix,guarantee,Lemma 7 weighted regularized stability,18
icml-2026-1d55d472edbc,ICML,spotlight,foundation_200,lemma,appendix,guarantee,Lemma 8 L2-linear stability,18
icml-2026-1d55d472edbc,ICML,spotlight,foundation_200,proposition,appendix,diagnostic,Proposition 2 payer score interval,19
icml-2026-1d55d472edbc,ICML,spotlight,foundation_200,theorem,appendix,guarantee,Theorem 4 formal linear bound,19
icml-2026-1d55d472edbc,ICML,spotlight,foundation_200,proposition,appendix,core_chain,Proposition 3 k-NN monotonicity,21
icml-2026-1d55d472edbc,ICML,spotlight,foundation_200,proposition,appendix,explanation,Proposition 4 k-NN critical payment,21
icml-2026-1d55d472edbc,ICML,spotlight,foundation_200,theorem,appendix,explanation,Theorem 5 probabilistic optimal partitioning,22
icml-2026-1d55d472edbc,ICML,spotlight,foundation_200,lemma,appendix,guarantee,Lemma 9 neighbor valuation event,22
icml-2026-1d55d472edbc,ICML,spotlight,foundation_200,theorem,appendix,explanation,Theorem 6 formal k-NN lower bound,22
icml-2026-8d39ec884840,ICML,spotlight,foundation_200,displayed_equation,method,core_chain,Unnumbered action-policy equation,3
icml-2026-8d39ec884840,ICML,spotlight,foundation_200,displayed_equation,method,explanation,Unnumbered trajectory equation,3
icml-2026-8d39ec884840,ICML,spotlight,foundation_200,displayed_equation,method,diagnostic,Unnumbered performance-gap Delta,4
icml-2026-8d39ec884840,ICML,spotlight,foundation_200,numbered_equation,experimental_design,diagnostic,Eq. (1) Interface Reliance,7
icml-2026-8d39ec884840,ICML,spotlight,foundation_200,numbered_equation,appendix,diagnostic,Eq. (2) IR_LOG,17
icml-2026-8d39ec884840,ICML,spotlight,foundation_200,numbered_equation,appendix,diagnostic,Eq. (3) final IR,17
icml-2026-8d39ec884840,ICML,spotlight,foundation_200,numbered_equation,appendix,diagnostic,Eq. (4) IR_naive,17
icml-2026-8d39ec884840,ICML,spotlight,foundation_200,displayed_equation,appendix,explanation,Unnumbered restatement of Eq. (1),18
