paper_id,conference,analysis_stratum,sample_cohort,figures,tables,visual_objects,caption_found,caption_coverage,caption_words_mean,caption_words_median,caption_headline_bold_share,caption_setup_share,caption_encoding_key_share,caption_main_finding_share,caption_uncertainty_share,internal_font_size_median,dominant_palette_hex,color_object_share,single_column_share,page_or_double_width_share,pdf_fonts
iclr-2026-009a09dc4347,ICLR,oral,foundation_200,1,9,10,10,1.0,56.6,60.0,0.1,0.6,0.0,0.2,0.1,8.814,#FFF2CC|#D5E8D4|#AFB48F|#D5E4F9|#E6D39E|#FEF1CB|#73766E|#BCD1BB,0.1,0.2,0.6,Arial-BoldMT|ArialMT|CMBX10|CMEX10|CMEX7|CMEX9|CMMI10|CMMI5|CMMI6|CMMI7|CMMI9|CMMIB10|CMMIB7|CMR10|CMR5|CMR6|CMR7|CMR9|CMSY10|CMSY5|CMSY6|CMSY7|CMSY9|Dingbats|MSAM7|MSBM10|MSBM5|MSBM7|NimbusMonL-Regu|NimbusRomNo9L-Medi|NimbusRomNo9L-Regu|NimbusRomNo9L-ReguItal|SegoeUIEmoji
iclr-2026-0111e4fa230c,ICLR,oral,replication_200,15,8,23,23,1.0,27.739,22.0,0.304348,0.391304,0.086957,0.173913,0.043478,7.472,#87CEEB|#8DD3C7|#95C3D6|#2C303E|#E0F7ED|#A1D7D7|#48A6B8|#FCDAC4,0.565217,0.217391,0.73913,CMMI10|CMMI6|CMMI7|CMR10|CMR7|CMSY10|CMSY6|CMSY7|CMSY9|DejaVuSans|DejaVuSans-Bold|NimbusMonL-Bold|NimbusMonL-Regu|NimbusRomNo9L-Medi|NimbusRomNo9L-Regu|NimbusRomNo9L-ReguItal|SFTT0900
iclr-2026-023366ecf605,ICLR,oral,foundation_200,25,9,34,34,1.0,30.176,16.5,0.0,0.529412,0.058824,0.176471,0.029412,7.447,#8A80C9|#FFF7EC|#D98080|#3CAAA5|#789DCA|#C4D8F0|#74A9C7|#7990D2,0.5,0.323529,0.647059,ArialMT|CMMI10|CMMI6|CMR10|CMSY10|CMSY6|CMSY7|DejaVuSans|Dingbats|LinLibertineO|MS-PGothic|MesloLGLNerdFontComplete-Italic|MesloLGLNerdFontComplete-Regular|NimbusMonL-Bold|NimbusMonL-Regu|NimbusRomNo9L-Medi|NimbusRomNo9L-Regu|NimbusRomNo9L-ReguItal|Nunito-Bold|Nunito-Medium|Nunito-Regular|Nunito-SemiBold|SFTT0800
iclr-2026-05937b7dc737,ICLR,oral,foundation_200,2,8,10,10,1.0,20.1,20.0,0.1,0.7,0.0,0.2,0.1,8.281,#D3DDF1|#96ABD2|#FEE8A9|#6A7DAC|#FE5B79|#D0DAEE|#DAE3F3|#C9C0D0,0.1,0.3,0.7,CMBX10|CMBX7|CMEX10|CMEX9|CMMI10|CMMI5|CMMI6|CMMI7|CMMI9|CMMIB10|CMMIB7|CMMIB9|CMR10|CMR5|CMR6|CMR7|CMR9|CMSY10|CMSY5|CMSY6|CMSY7|CMSY9|Calibri|MSBM10|NimbusMonL-Regu|NimbusMonL-ReguObli|NimbusRomNo9L-Medi|NimbusRomNo9L-MediItal|NimbusRomNo9L-Regu|NimbusRomNo9L-ReguItal|PalatinoLinotype-Bold|PalatinoLinotype-Roman|SymbolMT|TimesNewRomanPS-BoldItalicMT|TimesNewRomanPS-ItalicMT|TimesNewRomanPSMT
iclr-2026-061ba26bb9ff,ICLR,oral,foundation_200,10,0,10,10,1.0,43.0,28.5,0.0,0.0,0.5,0.4,0.0,9.963,#DCDCFF|#7676FE|#FFDCDC|#FF7070|#FE5252|#5A5AFF|#F6959C|#F6E5EE,1.0,0.1,0.9,CMBSY10|CMBSY7|CMBX10|CMBX7|CMEX10|CMEX7|CMMI10|CMMI12|CMMI5|CMMI6|CMMI7|CMMI9|CMMIB10|CMMIB7|CMMIB9|CMR10|CMR5|CMR6|CMR7|CMR9|CMSY10|CMSY5|CMSY6|CMSY7|CMSY8|CMSY9|MSBM10|MSBM7|NimbusMonL-Regu|NimbusRomNo9L-Medi|NimbusRomNo9L-Regu|NimbusRomNo9L-ReguItal
iclr-2026-0853a1e684f7,ICLR,oral,replication_200,13,6,19,19,1.0,38.158,34.0,1.0,0.578947,0.526316,0.157895,0.0,9.963,#452817|#CCA570|#7F7C64|#764023|#995F37|#6F5D49|#B0845E|#424D4D,0.684211,0.210526,0.736842,CMMI10|CMR10|CMR7|CMSY10|CMSY6|CMSY7|CMSY9|HelveticaNeue|NimbusMonL-Regu|NimbusRomNo9L-Medi|NimbusRomNo9L-Regu|NimbusRomNo9L-ReguItal
iclr-2026-09d94b8d6d44,ICLR,oral,foundation_200,47,1,48,48,1.0,25.104,7.0,0.020833,0.125,0.104167,0.083333,0.020833,5.397,#B6D7A8|#6FA8DC|#76EAB6|#D63192|#EA9999|#EE1F23|#D63293|#ACF2D3,0.916667,0.666667,0.333333,Arial-BoldMT|ArialMT|CMMI10|CMMI5|CMMI7|CMR10|CMR5|CMR7|CMSY10|CMSY7|CourierNew-Bold|DejaVuSans|DejaVuSans-Bold|DejaVuSans-Oblique|MSBM10|NimbusMonL-Regu|NimbusRomNo9L-Medi|NimbusRomNo9L-Regu|NimbusRomNo9L-ReguItal|OpenSans-Bold
iclr-2026-0aa8e3fa3f6d,ICLR,oral,foundation_200,10,2,12,12,1.0,57.75,35.5,0.0,0.833333,0.25,0.5,0.083333,7.425,#F6C6AD|#609DC8|#A5C7DF|#8CB9D8|#5195C4|#BFD8E9|#2F80B8|#D3E4EF,0.833333,0.083333,0.916667,Aptos|Aptos-Bold|Aptos-Italic|CMEX10|CMEX7|CMMI10|CMMI5|CMMI7|CMMIB10|CMMIB7|CMR10|CMR5|CMR7|CMR9|CMSY10|CMSY5|CMSY7|CambriaMath|DejaVuSans|LucidaConsole|MSBM10|NimbusMonL-Regu|NimbusRomNo9L-Medi|NimbusRomNo9L-MediItal|NimbusRomNo9L-Regu|NimbusRomNo9L-ReguItal|TimesNewRomanPS-BoldMT
iclr-2026-0b114f73a492,ICLR,oral,foundation_200,18,15,33,33,1.0,47.515,26.0,0.0,0.424242,0.030303,0.242424,0.0,8.63,#D5E8D4|#FFF4EA|#DAE8FC|#ACD566|#89A077|#917562|#556344|#BFC0B3,0.757576,0.212121,0.393939,CMBX10|CMEX10|CMMI10|CMMI5|CMMI7|CMMI9|CMR10|CMR5|CMR7|CMR9|CMSY10|CMSY5|CMSY6|CMSY7|DejaVuSans|Helvetica|Helvetica-Bold|MSBM10|NimbusMonL-Regu|NimbusRomNo9L-Medi|NimbusRomNo9L-MediItal|NimbusRomNo9L-Regu|NimbusRomNo9L-ReguItal|TimesNewRomanPS-BoldMT|TimesNewRomanPS-ItalicMT|TimesNewRomanPSMT
iclr-2026-0c8eb54755cf,ICLR,oral,foundation_200,23,15,38,38,1.0,54.579,51.5,0.842105,0.657895,0.184211,0.394737,0.0,7.834,#A6DBA0|#1B7837|#C2A5CF|#9CCEA0|#C6ABD1|#A7DBA1|#E6E6FA|#D8EBD7,0.657895,0.131579,0.842105,CMMI10|CMMI9|CMR10|CMR6|CMR9|CMSY10|CMSY6|CMSY7|CMSY9|Consolas|DMMono-Light|DejaVuSans|DejaVuSerif|NimbusRomNo9L-Medi|NimbusRomNo9L-Regu|NimbusRomNo9L-ReguItal|TimesNewRomanPSMT|txtt
iclr-2026-0e6979a1fd18,ICLR,oral,foundation_200,15,9,24,24,1.0,41.292,29.0,0.541667,0.458333,0.041667,0.333333,0.041667,7.014,#76B900|#EBDDD7|#53603C|#619900|#C87B88|#D69BA4|#A03946|#92C735,0.791667,0.166667,0.708333,Aptos|Aptos-Bold|Arial-BoldMT|ArialMT|CMBX10|CMBX9|CMEX10|CMEX7|CMEX9|CMMI10|CMMI5|CMMI6|CMMI7|CMMI9|CMMIB10|CMR10|CMR5|CMR6|CMR7|CMR9|CMSY10|CMSY5|CMSY6|CMSY7|CMSY9|DengXian|Helvetica|Helvetica-Bold|Helvetica-BoldOblique|Helvetica-Oblique|HelveticaNeue|HelveticaNeue-Bold|HelveticaNeue-BoldItalic|HelveticaNeue-Medium|MSBM10|NimbusMonL-Regu|NimbusRomNo9L-Medi|NimbusRomNo9L-Regu|NimbusRomNo9L-ReguItal|STIXGeneral-Italic|STIXGeneral-Regular|TimesNewRomanPS-BoldMT|TimesNewRomanPSMT|grmn1000
iclr-2026-0f7ec564e69d,ICLR,oral,foundation_200,1,4,5,5,1.0,28.0,21.0,0.0,0.2,0.0,0.2,0.0,9.963,#DAE8FC|#D5E8D4|#FFF2CC|#B3AA8E|#82A1A3|#7F787E|#B7C8BE|#FBEEC7,0.2,0.0,1.0,CMBX9|CMEX10|CMMI10|CMMI5|CMMI7|CMMI9|CMMIB9|CMR10|CMR7|CMR9|CMSY10|CMSY5|CMSY7|CMSY9|Dingbats|MSBM10|NimbusRomNo9L-Medi|NimbusRomNo9L-Regu|NimbusRomNo9L-ReguItal|SFTT0900|SFTT1000
iclr-2026-0f9a4f0ba34a,ICLR,oral,replication_200,18,12,30,30,1.0,18.467,12.0,0.066667,0.1,0.1,0.233333,0.266667,9.963,#E4EFF8|#B2ACC2|#7474A6|#733E54|#D6E1EB|#5CA28B|#99CFC5|#E6F1F0,0.6,0.5,0.466667,ArialMT|CMEX10|CMMI10|CMMI5|CMMI6|CMMI7|CMMI9|CMR10|CMR5|CMR6|CMR7|CMR9|CMSY10|CMSY7|CMSY9|Calibri-Bold|Calibri-BoldItalic|MSBM10|NimbusMonL-Regu|NimbusRomNo9L-Medi|NimbusRomNo9L-MediItal|NimbusRomNo9L-Regu|NimbusRomNo9L-ReguItal
iclr-2026-106be5e431a2,ICLR,oral,foundation_200,8,4,12,12,1.0,29.75,22.0,0.0,0.416667,0.166667,0.333333,0.0,7.367,#D0E4D5|#DCEAF7|#625C41|#8FAD78|#C3CBBB|#56B456|#F4F1E5|#BFDECE,0.75,0.166667,0.833333,ArialMT|CMBX10|CMEX10|CMMI10|CMMI5|CMMI7|CMMIB10|CMMIB7|CMR10|CMR5|CMR7|CMSY10|CMSY6|CMSY7|MSAM10|MSBM10|NimbusMonL-Regu|NimbusRomNo9L-Medi|NimbusRomNo9L-Regu|NimbusRomNo9L-ReguItal|TimesNewRomanPSMT
iclr-2026-12331806f03c,ICLR,oral,foundation_200,6,10,16,16,1.0,52.375,56.0,0.1875,0.375,0.1875,0.625,0.125,9.963,#1F77B4|#FFA556|#E26869|#FF8011|#D72728|#D0CDCA|#FFBC82|#93C47D,0.4375,0.0625,0.9375,Arial-BoldItalicMT|Arial-BoldMT|ArialMT|CMBX10|CMBX7|CMEX10|CMMI10|CMMI12|CMMI5|CMMI7|CMMI9|CMMIB10|CMR10|CMR12|CMR5|CMR7|CMR9|CMSSBX10|CMSY10|CMSY5|CMSY6|CMSY7|CMSY9|CMTT10|DejaVuSans|DejaVuSans-Bold|Lexend-Bold|Lexend-Regular|MSBM10|NimbusMonL-Regu|NimbusRomNo9L-Medi|NimbusRomNo9L-Regu|NimbusRomNo9L-ReguItal|NotoColorEmoji
iclr-2026-159f6b7208d5,ICLR,oral,foundation_200,8,5,13,12,0.923077,52.083,44.0,0.0,0.416667,0.5,0.5,0.25,9.963,#CCCCFF|#FFCCCC|#FFE6CC|#9C6F83|#FFCC9B|#D8B9C5|#E4CCB7|#8C8CFF,0.307692,0.076923,0.846154,CMBSY7|CMEX10|CMMI10|CMMI12|CMMI5|CMMI6|CMMI7|CMMI9|CMMIB10|CMMIB7|CMR10|CMR12|CMR5|CMR6|CMR7|CMR9|CMSY10|CMSY5|CMSY7|CMSY9|F277|MSBM10|MSBM7|NewTXMI|NimbusMonL-Regu|NimbusRomNo9L-Medi|NimbusRomNo9L-MediItal|NimbusRomNo9L-Regu|NimbusRomNo9L-ReguItal|TeXGyreHeros-Regular|TeXGyreTermesX-Regular|TimesNewRomanPSMT|[none]|txmiaX
iclr-2026-198f06993051,ICLR,oral,replication_200,8,8,16,16,1.0,23.5,17.5,0.0,0.3125,0.1875,0.0625,0.0,7.503,#E2EAD5|#F3E3E4|#B8D78F|#F3C2C1|#DAE2CD|#656550|#8EA470|#6C6655,0.5,0.25,0.625,ArialMT|CMEX10|CMMI10|CMMI7|CMMI9|CMR10|CMR7|CMSY10|CMSY6|CMSY7|CMSY9|DejaVuSans|DejaVuSans-Bold|DejaVuSans-Oblique|EUFM10|MSAM10|NimbusMonL-Regu|NimbusRomNo9L-Medi|NimbusRomNo9L-Regu|NimbusRomNo9L-ReguItal
iclr-2026-247f0a285827,ICLR,oral,foundation_200,9,10,19,19,1.0,30.947,22.0,0.0,0.263158,0.0,0.263158,0.0,8.072,#D3E9E8|#0CD79F|#FF7F0E|#2CA02C|#63C0DF|#BBE3F1|#91D2E9|#DFA583,0.736842,0.263158,0.421053,"Aptos|Aptos,Bold|Arial-BoldItalicMT|Arial-BoldMT|ArialMT|CMEX10|CMMI10|CMMI5|CMMI7|CMMI8|CMR10|CMR5|CMR7|CMSY10|CMSY6|CMSY7|CMSY8|CMSY9|CambriaMath|DejaVuSans|F149|MSAM10|MSBM10|NimbusMonL-Bold|NimbusMonL-Regu|NimbusRomNo9L-Medi|NimbusRomNo9L-Regu|NimbusRomNo9L-ReguItal"
iclr-2026-24987e898413,ICLR,oral,foundation_200,13,11,24,24,1.0,29.542,21.0,0.0,0.708333,0.041667,0.166667,0.0,7.691,#90919C|#6E6E81|#BFD5C1|#CEE6D7|#D0BABF|#9AB5AA|#F3E8DC|#CEF2E0,0.583333,0.458333,0.541667,"Aptos|Aptos,Bold|ArialMT|CMBX10|CMEX10|CMMI10|CMMI7|CMMI9|CMR10|CMR6|CMR7|CMR9|CMSY10|CMSY6|CMSY7|CMSY9|Courier|FontAwesome5Brands-Regular|HelveticaNeue-Bold|MyriadPro-Bold|MyriadPro-BoldIt|MyriadPro-It|MyriadPro-Regular|MyriadPro-Semibold|NimbusMonL-Regu|NimbusRomNo9L-Medi|NimbusRomNo9L-MediItal|NimbusRomNo9L-Regu|NimbusRomNo9L-ReguItal|Nunito-ExtraLight|Nunito-ExtraLightItalic|SFRB1000|SFTT0900"
iclr-2026-255bea54f97f,ICLR,oral,foundation_200,9,5,14,14,1.0,9.857,6.0,0.0,0.071429,0.285714,0.0,0.0,6.088,#E2F0D9|#1A1BFC|#FFEDD4|#FA1819|#227D45|#FFA706|#FFB759|#92BAA6,0.642857,0.571429,0.428571,CMBSY10|CMBSY6|CMBSY7|CMBX5|CMBX6|CMBX7|CMEX10|CMEX7|CMMI10|CMMI5|CMMI6|CMMI7|CMMI9|CMMIB10|CMMIB5|CMMIB6|CMMIB7|CMMIB9|CMR10|CMR5|CMR6|CMR7|CMR9|CMSY10|CMSY5|CMSY6|CMSY7|CMSY9|CambriaMath|DejaVuSans|MSBM10|MSBM7|NimbusMonL-Regu|NimbusRomNo9L-Medi|NimbusRomNo9L-MediItal|NimbusRomNo9L-Regu|NimbusRomNo9L-ReguItal|TwCenMT-Bold
iclr-2026-2a0b369c60a9,ICLR,oral,foundation_200,9,6,15,15,1.0,23.267,17.0,0.6,0.2,0.0,0.133333,0.133333,7.304,#FDF5EB|#7F3B44|#E7E4E9|#8899A9|#B8CCC0|#EFEEEF|#FA7A5B|#E84131,0.666667,0.2,0.8,CMBX7|CMEX10|CMEX9|CMMI10|CMMI5|CMMI6|CMMI7|CMMI9|CMMIB10|CMMIB5|CMMIB7|CMR10|CMR5|CMR6|CMR7|CMR9|CMSY10|CMSY5|CMSY6|CMSY7|CMSY9|Calibri-Bold|CambriaMath|DejaVuSans|DejaVuSans-Oblique|LiberationSans|MSAM10|MSBM10|NimbusMonL-Regu|NimbusRomNo9L-Medi|NimbusRomNo9L-Regu|NimbusRomNo9L-ReguItal|TimesNewRomanPS-BoldMT|TimesNewRomanPSMT|dsrom10
iclr-2026-2a842dd4a787,ICLR,oral,foundation_200,16,22,38,38,1.0,52.868,46.0,0.0,0.473684,0.210526,0.657895,0.0,7.804,#FFEDED|#A40004|#DCE6F7|#CF957D|#43322E|#D1B09F|#7B3A2C|#756257,0.842105,0.236842,0.736842,CMBX10|CMBX7|CMEX10|CMMI10|CMMI5|CMMI7|CMMI9|CMMIB10|CMMIB7|CMR10|CMR5|CMR7|CMR9|CMSY10|CMSY5|CMSY6|CMSY7|CMSY9|CambriaMath|DengXian-Regular|GillSansMT|GillSansMT-Bold|MSAM10|MSAM7|MSBM10|MSBM7|MarVoSym|NimbusMonL-Regu|NimbusRomNo9L-Medi|NimbusRomNo9L-Regu|NimbusRomNo9L-ReguItal|StandardSymL_Slant_167|TimesNewRomanPSMT
iclr-2026-2f4f189e96a1,ICLR,oral,foundation_200,7,9,16,16,1.0,51.25,30.5,0.875,0.875,0.1875,0.1875,0.0,6.385,#FBE5D6|#DEE0E5|#898685|#49444D|#955447|#AFCCCA|#BFA08C|#FAD58F,0.4375,0.3125,0.6875,CMEX10|CMMI10|CMMI7|CMR10|CMR12|CMR6|CMR7|CMSY10|CMSY6|CMSY7|CMSY9|Calibri|Calibri-Bold|Calibri-Italic|CambriaMath|DejaVuSans-Bold|Helvetica-Bold|MSBM10|NimbusMonL-Regu|NimbusRomNo9L-Medi|NimbusRomNo9L-MediItal|NimbusRomNo9L-Regu|NimbusRomNo9L-ReguItal|SegoePrint-Bold|SegoeUISymbol|TimesNewRomanPS-BoldMT
iclr-2026-31327f1d20e6,ICLR,oral,foundation_200,6,14,20,20,1.0,18.45,13.0,0.0,0.25,0.1,0.15,0.35,8.966,#E2F0D9|#DEEBF7|#B39CD0|#A75D25|#E8CC8B|#C6D1CA|#FAFDED|#969D7A,0.3,0.55,0.45,Arial-BoldMT|ArialMT|CMEX9|CMMI10|CMMI5|CMMI6|CMMI7|CMMI9|CMR6|CMR9|CMSY10|CMSY6|CMSY7|CMSY9|CourierNewPSMT|DejaVuSans|DejaVuSerif|Freesentation-4Regular|Freesentation-5Medium|Freesentation-6SemiBold|Freesentation-7Bold|NimbusMonL-Bold|NimbusMonL-Regu|NimbusRomNo9L-Medi|NimbusRomNo9L-Regu|NimbusRomNo9L-ReguItal
iclr-2026-322bd0a9b17a,ICLR,oral,foundation_200,19,19,38,38,1.0,17.947,9.0,0.0,0.263158,0.105263,0.157895,0.0,9.963,#02679A|#E4EBEE|#0E6E9E|#FDECDB|#FDDDC1|#E2C5AB|#FEFAEB|#C4987E,0.447368,0.631579,0.368421,"Aptos|Aptos,Bold|Aptos,BoldItalic|Aptos-Bold|CMBX10|CMEX10|CMMI10|CMMI7|CMMI9|CMR10|CMR7|CMR9|CMSY10|CMSY7|CMSY9|Calibri|Calibri-Bold|Cascadia-Code-Italic|CascadiaCodeRoman|CascadiaCodeRoman-Bold|DejaVuSans|DejaVuSans-Bold|DengXian-Bold|FiraCode-Bold|FiraCode-Regular|MSBM10|NimbusMonL-Bold|NimbusMonL-Regu|NimbusRomNo9L-Medi|NimbusRomNo9L-Regu|NimbusRomNo9L-ReguItal|SegoeUISymbol|SimHei|[none]"
iclr-2026-32bffb4a35b9,ICLR,oral,replication_200,31,2,33,33,1.0,30.455,26.0,0.0,0.666667,0.181818,0.393939,0.0,9.564,#EB6F63|#5CACE2|#D95F0E|#1F78B4|#FCEDD5|#FFE5E1|#DC6F26|#21579E,0.69697,0.242424,0.757576,AppleColorEmoji|Arial-BoldMT|ArialMT|CMMI10|CMMI7|CMMI9|CMR10|CMR7|CMR9|CMSY10|CMSY6|CMSY7|CMSY9|DejaVuSans|DejaVuSans-Bold|Helvetica|Helvetica-Bold|HelveticaNeue|HelveticaNeue-Bold|MSBM10|Menlo-Bold|Menlo-Regular|NimbusMonL-Regu|NimbusRomNo9L-Medi|NimbusRomNo9L-Regu|NimbusRomNo9L-ReguItal|PingFangSC-Regular|PingFangSC-Semibold|STIXTwoMath-Regular|font000000002e844fff
iclr-2026-3b8d372687ad,ICLR,oral,foundation_200,40,19,59,59,1.0,41.186,18.0,0.050847,0.525424,0.0,0.169492,0.0,6.436,#C55A11|#FFEFDA|#E2F0D9|#C00000|#FC1F1F|#F67575|#F39898|#FE0808,0.542373,0.322034,0.559322,CMBX7|CMBX9|CMEX10|CMMI10|CMMI5|CMMI7|CMMI9|CMMIB10|CMMIB7|CMR10|CMR5|CMR6|CMR7|CMR9|CMSY10|CMSY5|CMSY6|CMSY7|CMSY9|Calibri|Calibri-Bold|CambriaMath|ComicSansMS|FontAwesome5Brands-Regular|MSAM7|MSBM10|MSBM7|NimbusMonL-Regu|NimbusRomNo9L-Medi|NimbusRomNo9L-MediItal|NimbusRomNo9L-Regu|NimbusRomNo9L-ReguItal|Wingdings-Regular
iclr-2026-3c3e3a191645,ICLR,oral,foundation_200,7,6,13,13,1.0,58.154,47.0,0.0,0.384615,0.0,0.153846,0.0,9.963,#FFDDC1|#FFF5EE|#6FD19F|#80A044|#D2C1B8|#B5A57E|#ADB888|#DCCEB1,0.769231,0.307692,0.538462,AppleColorEmoji|CMBX10|CMBX5|CMBX7|CMBX8|CMEX10|CMMI10|CMMI5|CMMI7|CMMIB5|CMMIB7|CMR10|CMR5|CMR6|CMR7|CMSY10|CMSY6|CMSY7|CMSY8|Cambria|ComicSansMS|ComicSansMS-Bold|Courier|HelveticaNeue|HelveticaNeue-Italic|MSAM7|MSBM10|NimbusMonL-Regu|NimbusRomNo9L-Medi|NimbusRomNo9L-MediItal|NimbusRomNo9L-Regu|NimbusRomNo9L-ReguItal|PingFangSC-Semibold|SFRM0800|bbding
iclr-2026-3c7fde53bdb5,ICLR,oral,foundation_200,6,6,12,12,1.0,46.5,31.0,0.0,0.5,0.083333,0.333333,0.0,9.963,#1F293E|#7D3925|#75B153|#AC8F70|#51291A|#6588D5|#B97147|#765F69,0.666667,0.083333,0.916667,CMBX10|CMBX5|CMBX6|CMBX7|CMBX9|CMEX10|CMMI10|CMMI5|CMMI6|CMMI7|CMMI9|CMR10|CMR5|CMR6|CMR7|CMR9|CMSY10|CMSY5|CMSY6|CMSY7|CMSY9|MSAM10|MSBM10|MSBM7|NimbusMonL-Regu|NimbusRomNo9L-Medi|NimbusRomNo9L-Regu|NimbusRomNo9L-ReguItal
iclr-2026-3dfd982128a2,ICLR,oral,replication_200,8,1,9,9,1.0,84.111,76.0,0.111111,0.555556,0.333333,0.444444,0.0,7.476,#BFFFBF|#FFFBCC|#5194C3|#FF0000|#95D1EB|#307EB3|#6DA0C5|#B2236F,1.0,0.0,0.888889,Aptos|Aptos-Bold|Aptos-Italic|ArialMT|CMBX10|CMBX7|CMBX9|CMEX10|CMMI10|CMMI5|CMMI7|CMMI9|CMR10|CMR7|CMR9|CMSY10|CMSY7|CMSY9|DejaVuSans|Dingbats|MSBM10|NimbusMonL-Regu|NimbusSanL-Regu|SFRM0900|SFRM1000|TeXGyreTermes-Regular|TeXGyreTermesX-Bold|TeXGyreTermesX-BoldItalic|TeXGyreTermesX-Italic|TeXGyreTermesX-Regular
iclr-2026-3f0f7132b565,ICLR,oral,foundation_200,6,13,19,19,1.0,30.316,24.0,0.052632,0.684211,0.0,0.263158,0.052632,9.963,#4EA08C|#EA6B48|#90C3B4|#F9C4A4|#F7E8DC|#D6EBD9|#FE9F4F|#C3D9DB,0.368421,0.210526,0.526316,Arial-BoldMT|Arial-ItalicMT|ArialMT|CMBX10|CMEX10|CMMI10|CMMI5|CMMI7|CMR10|CMR5|CMR7|CMSY10|CMSY5|CMSY7|CMSY9|DejaVuSans|MSBM10|NimbusMonL-Regu|NimbusRomNo9L-Medi|NimbusRomNo9L-Regu|NimbusRomNo9L-ReguItal|SFRM1000
iclr-2026-4019795d726c,ICLR,oral,foundation_200,5,12,17,17,1.0,120.706,95.0,0.176471,0.411765,0.0,0.529412,0.117647,9.963,#BF8080|#810202|#800101|#CD9B9B|#A24646|#DEBDBD|#8F2020|#AD5B5B,0.647059,0.0,1.0,CMBX10|CMEX10|CMMI10|CMMI5|CMMI7|CMMIB10|CMR10|CMR7|CMSY10|CMSY6|CMSY7|MSBM10|NimbusMonL-Regu|NimbusRomNo9L-Medi|NimbusRomNo9L-MediItal|NimbusRomNo9L-Regu|NimbusRomNo9L-ReguItal
iclr-2026-421310926c11,ICLR,oral,foundation_200,10,18,28,28,1.0,36.964,34.0,0.0,0.321429,0.178571,0.142857,0.214286,9.963,#CFC7D5|#CB676C|#629A9C|#C496A0|#575757|#AAC3B3|#6FBA8E|#EAAF8F,0.428571,0.357143,0.642857,CMBX10|CMBX9|CMEX10|CMEX9|CMMI10|CMMI5|CMMI6|CMMI7|CMMI9|CMR10|CMR6|CMR7|CMR9|CMSY10|CMSY5|CMSY6|CMSY7|CMSY9|Inconsolatazi4-Regular|MSBM10|NimbusRomNo9L-Medi|NimbusRomNo9L-Regu|NimbusRomNo9L-ReguItal
iclr-2026-4826a74c05ee,ICLR,oral,replication_200,15,8,23,23,1.0,46.522,30.0,0.0,0.956522,0.347826,0.391304,0.173913,6.801,#0173B2|#DE8F05|#98D6BA|#8DB0C3|#D3EEB3|#97CAC1|#C8A9AB|#A7A79C,0.695652,0.043478,0.869565,ArialMT|CMMI10|CMR10|CMR7|CMSY10|DejaVuSans|DejaVuSans-Oblique|LiberationSans|NimbusMonL-Regu|NimbusMonL-ReguObli|NimbusRomNo9L-Medi|NimbusRomNo9L-Regu|NimbusRomNo9L-ReguItal
iclr-2026-49937f5dcda4,ICLR,oral,foundation_200,13,6,19,19,1.0,53.632,37.0,0.0,0.315789,0.421053,0.263158,0.0,8.842,#3A8C52|#0072B2|#407595|#5B4E83|#E29F08|#B8C8B8|#509379|#201F8E,0.684211,0.052632,0.894737,CMBX10|CMEX10|CMEX9|CMMI10|CMMI5|CMMI6|CMMI7|CMMI9|CMMIB10|CMMIB6|CMMIB7|CMMIB9|CMR10|CMR5|CMR6|CMR7|CMR9|CMSY10|CMSY5|CMSY6|CMSY7|CMSY9|MSAM10|MSBM10|NimbusMonL-Bold|NimbusMonL-Regu|NimbusMonL-ReguObli|NimbusRomNo9L-Medi|NimbusRomNo9L-Regu|NimbusRomNo9L-ReguItal|SFCC1000|SFRM0500|SFRM1000|TimesNewRomanPSMT
iclr-2026-4d1471a91635,ICLR,oral,foundation_200,18,11,29,29,1.0,34.172,26.0,0.0,0.482759,0.068966,0.241379,0.0,9.963,#FDE9F1|#E1EAF2|#ABC0D1|#DFF0D8|#E0F7FA|#FFF2CC|#ACA28B|#706959,0.827586,0.413793,0.551724,Arial-BoldItalicMT|Arial-BoldMT|Arial-ItalicMT|ArialMT|CMBX10|CMBX9|CMEX10|CMMI10|CMMI5|CMMI6|CMMI7|CMMI9|CMMIB7|CMR10|CMR6|CMR7|CMR9|CMSY10|CMSY6|CMSY7|CMSY9|Calibri|Calibri-Bold|Calibri-BoldItalic|DejaVuSans|DejaVuSans-Bold|Dingbats|MSBM10|NimbusMonL-Bold|NimbusMonL-Regu|NimbusRomNo9L-Medi|NimbusRomNo9L-Regu|NimbusRomNo9L-ReguItal|URWPalladioL-Bold|URWPalladioL-Roma
iclr-2026-4d615382a559,ICLR,oral,foundation_200,21,9,30,30,1.0,17.933,13.0,0.266667,0.633333,0.066667,0.3,0.1,7.649,#8A2BE2|#FFA07A|#FFF6E8|#E3F1DA|#2BAA85|#74D15B|#338A8B|#5F2D90,0.666667,0.533333,0.466667,ArialMT|CMBX10|CMEX10|CMEX9|CMMI10|CMMI6|CMMI7|CMMI9|CMMIB10|CMMIB9|CMR10|CMR5|CMR6|CMR7|CMR9|CMSY10|CMSY6|CMSY7|CMSY9|CambriaMath|DejaVuSans|DejaVuSans-Oblique|Dubai-Bold|Dubai-Regular|NimbusMonL-Regu|NimbusRomNo9L-Medi|NimbusRomNo9L-MediItal|NimbusRomNo9L-Regu|NimbusRomNo9L-ReguItal
iclr-2026-4ddcea898ef4,ICLR,oral,replication_200,13,12,25,25,1.0,41.16,40.0,0.04,0.36,0.24,0.4,0.0,9.963,#FDE724|#440154|#DCEAF7|#A02F56|#F2CFEE|#C27E6E|#D9F2D0|#D6DDE4,0.44,0.36,0.64,CMBX10|CMBX9|CMEX10|CMEX9|CMMI10|CMMI5|CMMI6|CMMI7|CMMI9|CMMIB10|CMMIB6|CMMIB7|CMMIB9|CMR10|CMR6|CMR7|CMR9|CMSY10|CMSY5|CMSY7|CMSY9|Calibri-Bold|DejaVuSans|DejaVuSans-Bold|MSBM10|NimbusMonL-Regu|NimbusRomNo9L-Medi|NimbusRomNo9L-Regu|NimbusRomNo9L-ReguItal
iclr-2026-4e1d7790186d,ICLR,oral,replication_200,10,7,17,17,1.0,58.059,18.0,0.0,0.352941,0.117647,0.117647,0.0,5.232,#9AD4E9|#E7B4A5|#F4D5B7|#E08F7D|#7E4E4E|#D5DEDE|#F0F1EA|#FCECBD,0.529412,0.705882,0.294118,CMBX10|CMEX10|CMMI10|CMMI5|CMMI7|CMR10|CMR7|CMSY10|CMSY7|CMSY9|DejaVuSans|NimbusMonL-Bold|NimbusMonL-Regu|NimbusRomNo9L-Medi|NimbusRomNo9L-MediItal|NimbusRomNo9L-Regu|NimbusRomNo9L-ReguItal|TeXGyrePagella-Bold
iclr-2026-4f0f02a727a0,ICLR,oral,foundation_200,15,8,23,22,0.956522,18.227,7.5,0.0,0.136364,0.0,0.090909,0.0,6.651,#0070C0|#F6EFDD|#A47170|#D1ECFD|#EFFCF6|#C7FAE3|#F3DEC3|#CABBA8,0.608696,0.565217,0.391304,CMEX10|CMMI10|CMMI5|CMMI7|CMMI9|CMR10|CMR7|CMR9|CMSY10|CMSY6|CMSY7|CambriaMath|ComicSansMS-BoldItalic|NimbusMonL-Regu|NimbusRomNo9L-Medi|NimbusRomNo9L-Regu|NimbusRomNo9L-ReguItal
iclr-2026-51378f92df54,ICLR,oral,replication_200,6,5,11,11,1.0,30.455,27.0,0.181818,0.363636,0.181818,0.454545,0.0,9.963,#566598|#B2A7CC|#F1CE9F|#576598|#9DC2C8|#7E6443|#FDF0D0|#564A38,0.636364,0.454545,0.545455,CMEX10|CMMI10|CMMI5|CMMI6|CMMI7|CMMI9|CMR10|CMR5|CMR7|CMR9|CMSY10|CMSY7|CMSY9|CMTI10|DejaVuSans|DejaVuSans-Bold|MSBM10|NimbusMonL-Regu|NimbusRomNo9L-Medi|NimbusRomNo9L-Regu|NimbusRomNo9L-ReguItal|SFRM1000|gbsnu30|gbsnu4e|gbsnu4f|gbsnu50|gbsnu51|gbsnu52|gbsnu53|gbsnu54|gbsnu55|gbsnu56|gbsnu57|gbsnu58|gbsnu59|gbsnu5a|gbsnu5b|gbsnu5c|gbsnu5d|gbsnu5e|gbsnu5f|gbsnu60|gbsnu61|gbsnu62|gbsnu63|gbsnu64|gbsnu65|gbsnu66|gbsnu67|gbsnu68|gbsnu69|gbsnu6a|gbsnu6b|gbsnu6c|gbsnu6d|gbsnu6e|gbsnu6f|gbsnu70|gbsnu71|gbsnu72|gbsnu73|gbsnu74|gbsnu75|gbsnu76|gbsnu77|gbsnu78|gbsnu79|gbsnu7a|gbsnu7b|gbsnu7c|gbsnu7d|gbsnu7e|gbsnu7f|gbsnu80|gbsnu81|gbsnu82|gbsnu83|gbsnu84|gbsnu85|gbsnu86|gbsnu87|gbsnu88|gbsnu89|gbsnu8b|gbsnu8c|gbsnu8d|gbsnu8e|gbsnu8f|gbsnu90|gbsnu91|gbsnu94|gbsnu95|gbsnu96|gbsnu97|gbsnu98|gbsnu99|gbsnu9a|gbsnu9c|gbsnu9e|gbsnuff
iclr-2026-51419d6897b2,ICLR,oral,replication_200,17,5,22,22,1.0,50.318,45.5,0.0,0.727273,0.363636,0.5,0.409091,7.214,#DBE8F1|#BFD2DF|#FAE6E1|#F3D4B4|#FFF8E5|#E9EDF0|#C3B59C|#FEF3E4,0.5,0.090909,0.863636,CMEX10|CMMI10|CMMI7|CMR10|CMR7|CMSY10|CMSY7|DejaVuSans|DejaVuSans-Bold|DejaVuSans-Oblique|Inconsolatazi4-Regular|NimbusRomNo9L-Medi|NimbusRomNo9L-Regu|NimbusRomNo9L-ReguItal|NimbusSanL-Regu
iclr-2026-557a29cfb5fa,ICLR,oral,replication_200,7,5,12,12,1.0,68.833,70.0,0.916667,0.583333,0.333333,0.5,0.0,9.334,#DEF1F9|#AEDDF1|#546B7B|#96D3E7|#C1DEEB|#79BAC0|#98F3DD|#E5F4FA,0.583333,0.0,1.0,Aptos|Aptos-Bold|Aptos-Italic|Arial-BoldMT|ArialMT|CMEX10|CMMI10|CMR10|CMSY10|Calibri-Italic|CambriaMath|EUSM10|MSBM10|NimbusMonL-Regu|NimbusRomNo9L-Medi|NimbusRomNo9L-Regu|NimbusRomNo9L-ReguItal|StandardSymL|StandardSymL-Slant_167
iclr-2026-5d471305c6f6,ICLR,oral,replication_200,6,12,18,18,1.0,56.167,63.5,0.0,0.5,0.055556,0.222222,0.111111,9.963,#FFEBEB|#ECF4FC|#ECD7E2|#D6E6EE|#C7C5D6|#AC788B|#E9D0D0|#C7B095,0.333333,0.111111,0.722222,CMBX10|CMEX10|CMMI10|CMMI5|CMMI7|CMMIB10|CMR10|CMR5|CMR7|CMSS8|CMSSBX10|CMSY10|CMSY5|CMSY7|CMTT8|DejaVuSerif|DejaVuSerif-Bold|MSBM10|NimbusMonL-Regu|NimbusRomNo9L-Medi|NimbusRomNo9L-Regu|NimbusRomNo9L-ReguItal|NimbusSanL-Bold|NimbusSanL-Regu
iclr-2026-629630d76e2f,ICLR,oral,replication_200,12,7,19,19,1.0,46.789,42.0,0.0,0.473684,0.263158,0.578947,0.315789,8.966,#FCFDBF|#0173B2|#F5E3C2|#C7DFED|#DE8F05|#EBBD6C|#DF9411|#0A78B4,0.315789,0.052632,0.894737,CMBX10|CMEX10|CMMI10|CMMI5|CMMI6|CMMI7|CMMI9|CMMIB10|CMMIB7|CMR10|CMR5|CMR6|CMR7|CMR9|CMSY10|CMSY7|Cmmi10|Cmr10|MSBM10|MSBM7|NimbusMonL-Regu|NimbusRomNo9L-Medi|NimbusRomNo9L-Regu|NimbusRomNo9L-ReguItal|STIXGeneral-BoldItalic|TimesNewRomanPSMT
iclr-2026-62e38d16d6a3,ICLR,oral,foundation_200,12,4,16,16,1.0,37.062,33.0,0.4375,0.3125,0.125,0.5,0.0,8.628,#DAE8FC|#D6E8D5|#FB565E|#3EBD87|#876FA8|#4285F4|#AEC7E8|#866A98,0.875,0.3125,0.6875,Aptos|Aptos-Bold|CMEX10|CMEX7|CMEX9|CMMI10|CMMI5|CMMI6|CMMI7|CMMI9|CMR10|CMR5|CMR6|CMR7|CMR9|CMSY10|CMSY5|CMSY6|CMSY7|CMSY8|CMSY9|Calibri|Calibri-Bold|Calibri-BoldItalic|Calibri-Italic|CambriaMath|ChalkboardSE-Light|ChalkboardSE-Regular|ComicSansMS|ComicSansMS-Bold|DejaVuSans|DejaVuSans-Bold|MSBM10|NimbusMonL-Bold|NimbusMonL-Regu|NimbusRomNo9L-Medi|NimbusRomNo9L-Regu|NimbusRomNo9L-ReguItal|TimesNewRomanPS-BoldMT|TimesNewRomanPS-ItalicMT|TimesNewRomanPSMT
iclr-2026-649b366699a1,ICLR,oral,replication_200,4,6,10,10,1.0,57.8,58.0,0.0,0.6,0.2,0.8,0.1,9.464,#CBE5C2|#7FD0FF|#80D0FF|#385D51|#C57140|#F3D349|#67AB8F|#DFA575,0.6,0.1,0.7,Arial-BoldMT|Avenir-Book|Avenir-Heavy|CMBX10|CMBX7|CMEX10|CMMI10|CMMI5|CMMI7|CMMI9|CMMIB10|CMMIB7|CMR10|CMR5|CMR7|CMR9|CMSY10|CMSY7|HelveticaNeue|HelveticaNeue-Bold|HelveticaNeue-Medium|MSBM10|NimbusMonL-Regu|NimbusRomNo9L-Medi|NimbusRomNo9L-Regu|NimbusRomNo9L-ReguItal|STIXGeneral-Italic|STIXGeneral-Regular|STIXSizeOneSym-Regular
iclr-2026-64b7228ce25e,ICLR,oral,foundation_200,22,12,34,34,1.0,51.559,52.0,0.0,0.588235,0.235294,0.529412,0.264706,9.963,#DDEBF7|#C6EFCE|#0C3D73|#FFE6E6|#E6F0FF|#0CB2EF|#6ACFF5|#BDE9FA,0.735294,0.029412,0.852941,Arial-BoldItalicMT|Arial-BoldMT|ArialMT|CMEX10|CMEX7|CMEX9|CMMI10|CMMI5|CMMI6|CMMI7|CMMI9|CMR10|CMR5|CMR6|CMR7|CMR9|CMSY10|CMSY5|CMSY6|CMSY7|CMSY9|CambriaMath|DejaVuSans|DejaVuSans-Bold|DejaVuSans-Oblique|DengXian-Bold|LINE10|MSAM10|MSBM10|NimbusMonL-Regu|NimbusRomNo9L-Medi|NimbusRomNo9L-MediItal|NimbusRomNo9L-Regu|NimbusRomNo9L-ReguItal|TimesNewRomanPS-BoldItalicMT|TimesNewRomanPS-BoldMT|TimesNewRomanPSMT
iclr-2026-6962fe3d904f,ICLR,oral,foundation_200,6,16,22,21,0.954545,23.238,15.0,0.047619,0.285714,0.190476,0.238095,0.047619,9.963,#F3CBD1|#E5BBBE|#F3C8CA|#F6DCD9|#F7D1D2|#F7E3D9|#CE8588|#F8ECD8,0.181818,0.363636,0.545455,"CMEX10|CMMI10|CMMI7|CMMI9|CMR10|CMR7|CMSY10|CMSY5|CMSY6|CMSY7|CMSY9|Calibri|Calibri-Italic|CambriaMath|DejaVuSans|DejaVuSans-Bold|DengXian|Helvetica|MSBM10|NimbusMonL-Regu|NimbusRomNo9L-Medi|NimbusRomNo9L-Regu|NimbusRomNo9L-ReguItal|SFRM1000|SegoeUISymbol|Times-Bold|Times-Roman|TimesNewRoman,Bold|TimesNewRomanPS-BoldItalicMT|TimesNewRomanPS-BoldMT|TimesNewRomanPSMT"
iclr-2026-6a94cca2daa0,ICLR,oral,replication_200,4,8,12,12,1.0,30.5,25.5,0.0,0.583333,0.083333,0.416667,0.0,9.963,#9FB5F2|#B6C5E6|#7A7FD6|#778495|#BD374A|#6A868F|#732832|#D9D7B6,0.583333,0.333333,0.5,Arial-BoldMT|ArialMT|CMBX10|CMBX7|CMEX10|CMMI10|CMMI5|CMMI7|CMMI9|CMMIB10|CMR10|CMR5|CMR7|CMSY10|CMSY5|CMSY6|CMSY7|CambriaMath|MSAM10|MSBM10|NimbusMonL-Regu|NimbusRomNo9L-Medi|NimbusRomNo9L-MediItal|NimbusRomNo9L-Regu|NimbusRomNo9L-ReguItal|TimesNewRomanPSMT
iclr-2026-6e52571c3da4,ICLR,oral,foundation_200,2,9,11,11,1.0,35.455,11.0,0.0,0.363636,0.0,0.090909,0.0,8.966,#C67D7D|#E1C6C7|#B16E69|#C1D3BD|#E9CECF|#E9D8DB|#B69694|#D2B6B7,0.090909,0.363636,0.636364,CMBX10|CMEX10|CMEX7|CMMI10|CMMI7|CMMI9|CMR10|CMR5|CMR7|CMR9|CMSY10|CMSY7|CMSY9|Dingbats|MSBM10|NimbusMonL-Bold|NimbusMonL-Regu|NimbusRomNo9L-Medi|NimbusRomNo9L-Regu|NimbusRomNo9L-ReguItal
iclr-2026-6f113e6f8081,ICLR,oral,foundation_200,7,19,26,24,0.923077,36.167,30.0,0.208333,0.666667,0.291667,0.625,0.0,6.974,#1F77B4|#E1D5E6|#F7CFC9|#D8E7FB|#FFF2CC|#A4838B|#DEB9A8|#A25D5C,0.115385,0.115385,0.769231,Arial-BoldItalicMT|Arial-BoldMT|Arial-ItalicMT|ArialMT|CMBX10|CMEX10|CMMI10|CMMI5|CMMI6|CMMI7|CMR10|CMR5|CMR6|CMR7|CMR9|CMSY10|CMSY5|CMSY6|CMSY7|DejaVuSans|DejaVuSans-Bold|FontAwesome5Brands-Regular|Georgia|Georgia-Bold|Georgia-BoldItalic|Helvetica-Oblique|MSBM10|NimbusMonL-Bold|NimbusMonL-Regu|NimbusRomNo9L-Medi|NimbusRomNo9L-MediItal|NimbusRomNo9L-Regu|NimbusRomNo9L-ReguItal|TimesNewRomanPS-BoldMT|TimesNewRomanPS-ItalicMT|TimesNewRomanPSMT
iclr-2026-707ee355091a,ICLR,oral,replication_200,3,8,11,11,1.0,30.545,20.0,0.0,0.727273,0.090909,0.090909,0.090909,9.963,#2256A6|#859FC8|#A9BBD8|#CED9EA|#2C5DA9|#6387BD|#4A74B5|#3B69AF,0.363636,0.181818,0.818182,AppleSymbols|ArialMT|CMBX10|CMEX10|CMMI10|CMMI5|CMMI7|CMMI9|CMMIB10|CMR10|CMR5|CMR6|CMR7|CMR9|CMSY10|CMSY5|CMSY7|HaranoAjiMincho-Regular-Identity-H|MSAM10|MSBM10|MSBM7|NimbusMonL-Regu|NimbusRomNo9L-Medi|NimbusRomNo9L-Regu|NimbusRomNo9L-ReguItal|Times-Italic|stmary10|stmary7
iclr-2026-72f24b2e940f,ICLR,oral,foundation_200,8,0,8,8,1.0,71.875,68.0,0.0,0.75,0.25,0.5,0.0,9.464,#FFEC97|#D3EBA9|#8ECDF1|#B2D3E1|#C6CFE5|#A8EAD2|#817F72|#8FCDF1,0.875,0.0,1.0,CMBX10|CMEX10|CMEX7|CMEX9|CMMI10|CMMI12|CMMI5|CMMI6|CMMI7|CMMI8|CMMI9|CMMIB10|CMMIB7|CMMIB9|CMR10|CMR12|CMR5|CMR6|CMR7|CMR8|CMR9|CMSS10|CMSS8|CMSS9|CMSY10|CMSY5|CMSY6|CMSY7|CMSY8|CMSY9|MSBM10|MSBM7|NimbusMonL-Regu|NimbusRomNo9L-Medi|NimbusRomNo9L-Regu|NimbusRomNo9L-ReguItal
iclr-2026-747836133659,ICLR,oral,foundation_200,11,14,25,25,1.0,30.52,25.0,0.0,0.68,0.08,0.28,0.04,8.36,#F9CFCC|#CBDDAF|#203555|#89A8B2|#DCCFC0|#67788D|#75BDEC|#D1DFED,0.48,0.12,0.68,Aptos|Arial-BoldMT|ArialMT|CMBSY9|CMMI10|CMMI7|CMR10|CMR7|CMR9|CMSY10|CMSY6|CMSY7|CMSY9|Calibri|Calibri-Bold|Calibri-BoldItalic|Calibri-Italic|ComicSansMS|ComicSansMS-Bold|ComicSansMS-BoldItalic|ComicSansMS-Italic|DejaVuSans|DejaVuSans-Bold|DejaVuSerif|DejaVuSerif-Bold|FontAwesome5Free-Regular|Inconsolatazi4-Regular|LucidaCalligraphy-Italic|NimbusRomNo9L-Medi|NimbusRomNo9L-MediItal|NimbusRomNo9L-Regu|NimbusRomNo9L-ReguItal|SFTT0900|TimesNewRomanPS-BoldMT|TimesNewRomanPSMT
iclr-2026-77178098d85f,ICLR,oral,foundation_200,23,3,26,26,1.0,32.462,32.0,0.0,0.346154,0.538462,0.307692,0.0,5.425,#8DB0FE|#F4987A|#DD5F4B|#F5C4AC|#20293A|#FAE2D9|#6ACC64|#F4C3AC,0.884615,0.076923,0.923077,Arial-BoldMT|ArialMT|Audiowide-Regular|CMMI10|CMMI7|CMR10|CMR7|CMSY10|CMSY6|CMSY7|LibertinusSerif-Bold|LibertinusSerif-Italic|LibertinusSerif-Regular|LinLibertineO|NimbusMonL-Regu|NimbusMonL-ReguObli|NimbusRomNo9L-Medi|NimbusRomNo9L-Regu|NimbusRomNo9L-ReguItal|TimesNewRomanPSMT
iclr-2026-776ac69ed891,ICLR,oral,replication_200,0,4,4,4,1.0,36.75,39.0,0.0,0.25,0.25,0.25,0.0,9.963,,0.0,0.0,0.5,CMEX10|CMMI10|CMMI7|CMR10|CMSY10|CMSY9|Inconsolatazi4-Bold|Inconsolatazi4-Regular|NimbusRomNo9L-Medi|NimbusRomNo9L-Regu|NimbusRomNo9L-ReguItal
iclr-2026-7833e39d5371,ICLR,oral,foundation_200,3,4,7,7,1.0,43.857,51.0,0.714286,0.857143,0.142857,0.571429,0.0,9.963,#CCE6E6|#83CBEB|#FBE3D6|#C1E5F5|#67787F|#659BB3|#3D4E55|#5293C6,0.714286,0.428571,0.571429,CMEX10|CMMI10|CMMI5|CMMI7|CMMI9|CMR10|CMR5|CMR6|CMR7|CMR9|CMSY10|CMSY5|CMSY6|CMSY7|CambriaMath|ComicSansMS|ComicSansMS-Bold|MSAM10|MSBM10|MSBM7|NimbusMonL-Regu|NimbusRomNo9L-Medi|NimbusRomNo9L-MediItal|NimbusRomNo9L-Regu|NimbusRomNo9L-ReguItal
iclr-2026-7c24d2356ca5,ICLR,oral,foundation_200,9,32,41,40,0.97561,25.725,11.0,0.25,0.275,0.1,0.35,0.05,9.296,#029E73|#CA9161|#0173B2|#83A8D4|#D6A665|#D0E2F4|#C9DAF6|#2B5892,0.219512,0.560976,0.414634,Arial-BoldMT|ArialMT|CMBX10|CMEX10|CMMI10|CMMI5|CMMI7|CMMI9|CMMIB10|CMMIB7|CMR10|CMR5|CMR6|CMR7|CMR9|CMSY10|CMSY5|CMSY6|CMSY7|CMSY9|Cmb10|Cmmi10|Cmr10|Cmsy10|DejaVuSerif|MSBM10|MSBM7|NimbusMonL-Regu|NimbusRomNo9L-Medi|NimbusRomNo9L-Regu|NimbusRomNo9L-ReguItal|SFRM1000
iclr-2026-7d504a5c8916,ICLR,oral,foundation_200,16,7,23,23,1.0,44.783,42.0,1.0,0.521739,0.173913,0.652174,0.0,6.546,#AC7D4C|#7A4727|#1D3657|#D5AF7D|#4F7B9D|#B0C0AA|#8D9DA6|#E7E5BD,0.695652,0.086957,0.913043,CMBX10|CMBX7|CMEX10|CMMI10|CMMI5|CMMI6|CMMI7|CMMI9|CMMIB10|CMR10|CMR5|CMR6|CMR7|CMR9|CMSY10|CMSY5|CMSY7|CMSY9|CambriaMath|DejaVuSans|DejaVuSans-Bold|DejaVuSans-Oblique|MSBM10|NimbusMonL-Regu|NimbusRomNo9L-Medi|NimbusRomNo9L-MediItal|NimbusRomNo9L-Regu|NimbusRomNo9L-ReguItal|STIXTwoMath-Regular|TimesNewRomanPS-BoldItalicMT|TimesNewRomanPS-BoldMT|TimesNewRomanPS-ItalicMT|TimesNewRomanPSMT|Verdana
iclr-2026-7f071490c87d,ICLR,oral,foundation_200,5,15,20,20,1.0,18.55,14.0,0.0,0.35,0.1,0.1,0.0,9.963,#C9B3DE|#FFBF86|#99767F|#FDECEA|#ED4D3D|#F18E85|#6A96C1|#5E6994,0.25,0.65,0.35,CMBX10|CMEX10|CMEX7|CMMI10|CMMI12|CMMI5|CMMI6|CMMI7|CMMI9|CMR10|CMR17|CMR5|CMR6|CMR7|CMR9|CMSY10|CMSY5|CMSY7|CMSY9|DejaVuSans|DejaVuSans-Oblique|MSBM10|NimbusMonL-Regu|NimbusRomNo9L-Medi|NimbusRomNo9L-Regu|NimbusRomNo9L-ReguItal|STIXNonUnicode-Italic
iclr-2026-7f4352669d70,ICLR,oral,foundation_200,5,6,11,11,1.0,68.273,95.0,0.0,0.727273,0.181818,0.363636,0.181818,9.963,#B0B6D3|#FF7043|#CEA254|#A5A68E|#818167|#457345|#919D7C|#518C52,0.727273,0.272727,0.727273,CMBX10|CMBX5|CMBX6|CMBX7|CMBX9|CMEX10|CMEX9|CMMI10|CMMI5|CMMI6|CMMI7|CMMI9|CMR10|CMR5|CMR6|CMR7|CMR9|CMSY10|CMSY5|CMSY6|CMSY7|CMSY9|Dingbats|EUFM10|EURB10|EURB7|MSAM10|MSAM7|MSBM10|MSBM5|MSBM7|NimbusMonL-Regu|NimbusRomNo9L-Medi|NimbusRomNo9L-MediItal|NimbusRomNo9L-Regu|NimbusRomNo9L-ReguItal|rsfs10
iclr-2026-8015e8f6dc9a,ICLR,oral,foundation_200,1,3,4,4,1.0,67.25,45.5,0.0,0.25,0.0,0.0,0.0,9.963,,0.0,0.0,1.0,CMBX10|CMMI10|CMMI5|CMMI6|CMMI7|CMMI9|CMMIB10|CMR10|CMR5|CMR6|CMR7|CMR9|CMSS10|CMSY10|CMSY7|CMTT10|EUFM10|EUFM7|MSBM10|NimbusMonL-Regu|NimbusRomNo9L-Medi|NimbusRomNo9L-Regu|NimbusRomNo9L-ReguItal|TeX-matha10|TeX-matha5|TeX-matha6|TeX-matha7|TeX-matha9|TeX-mathb10|TeX-mathb7|TeX-mathx10
iclr-2026-8148e4ce6cb5,ICLR,oral,foundation_200,6,15,21,21,1.0,18.524,10.0,0.0,0.428571,0.190476,0.190476,0.047619,9.963,#E0F0D9|#E9663B|#88BFD0|#4E9BA3|#F7C398|#8E658A|#C0CCDD|#F8E0D2,0.52381,0.571429,0.380952,CMEX10|CMEX9|CMMI10|CMMI5|CMMI6|CMMI7|CMMI9|CMR10|CMR5|CMR6|CMR7|CMR9|CMSY10|CMSY5|CMSY6|CMSY7|CMSY9|DejaVuSans|MSAM10|MSBM10|NimbusMonL-Regu|NimbusRomNo9L-Medi|NimbusRomNo9L-MediItal|NimbusRomNo9L-Regu|NimbusRomNo9L-ReguItal|TimesNewRomanPS-BoldMT|TimesNewRomanPS-ItalicMT|TimesNewRomanPSMT
iclr-2026-82716d8e922b,ICLR,oral,foundation_200,15,8,23,23,1.0,38.391,30.0,0.0,0.521739,0.086957,0.347826,0.0,6.974,#FF826B|#6787E7|#E5A166|#F7E3D2|#EBB587|#EFC7A3|#F4D7BE|#E08F48,0.521739,0.391304,0.521739,CMBX10|CMBX6|CMBX7|CMBX9|CMEX10|CMMI10|CMMI5|CMMI7|CMR10|CMR5|CMR7|CMSY10|CMSY5|CMSY7|ComicSansMS|DejaVuSans|DejaVuSans-Oblique|DengXian-Regular|MSBM10|NimbusMonL-Regu|NimbusRomNo9L-Medi|NimbusRomNo9L-MediItal|NimbusRomNo9L-Regu|NimbusRomNo9L-ReguItal|TimesNewRomanPSMT
iclr-2026-82ba4792ed68,ICLR,oral,replication_200,4,12,16,16,1.0,60.312,51.5,0.0,0.875,0.0,0.375,0.0625,9.963,#F7CFCC|#D5E8D4|#D9E8FB|#4F535E|#BAB8B4|#D4E7D3|#D8E8FA|#D9E7FA,0.1875,0.125,0.875,CMEX10|CMMI10|CMMI7|CMMIB10|CMR10|CMR7|CMSY10|CMSY6|CMSY7|MSBM10|NimbusMonL-Regu|NimbusRomNo9L-Medi|NimbusRomNo9L-Regu|NimbusRomNo9L-ReguItal
iclr-2026-8374ca36d622,ICLR,oral,replication_200,12,10,22,22,1.0,42.091,35.5,0.045455,0.363636,0.5,0.090909,0.0,6.301,#E5ECF6|#C7731C|#439A5A|#4285F4|#EA4335|#E8F2FF|#FFF8EC|#B18AB6,0.590909,0.181818,0.818182,ArialMT|CMBX10|CMEX10|CMMI10|CMMI5|CMMI7|CMMI9|CMR10|CMR7|CMSY10|CMSY5|CMSY6|CMSY7|CMSY9|CourierNewPSMT|EmojiOneColor|Inter-Bold|Inter-Medium|Inter-Regular|Inter-SemiBold|MSBM10|NanumMyeongjo|NimbusMonL-Regu|NimbusRomNo9L-Medi|NimbusRomNo9L-Regu|NimbusRomNo9L-ReguItal|NotoColorEmoji|SpaceMono-Bold|SpaceMono-Regular|[none]
iclr-2026-842e6221ed35,ICLR,oral,replication_200,10,13,23,23,1.0,49.087,48.0,0.478261,0.782609,0.173913,0.391304,0.217391,9.963,#FFB14E|#F1CC9A|#94B9DA|#CBEBFE|#E4D6A9|#B8DBE8|#6CC2AE|#8F5582,0.391304,0.086957,0.913043,Arial-BoldMT|ArialMT|CMEX10|CMMI10|CMMI5|CMMI7|CMR10|CMR5|CMR7|CMSY10|CMSY6|CMSY7|Graphik-Light|Graphik-Regular|NimbusMonL-Bold|NimbusMonL-Regu|NimbusRomNo9L-Medi|NimbusRomNo9L-Regu|NimbusRomNo9L-ReguItal|Produkt-Light|TimesNewRomanPSMT|Verdana|font000000002e832ff3
iclr-2026-86ded246ec76,ICLR,oral,replication_200,9,1,10,9,0.9,92.778,71.0,0.333333,0.777778,0.777778,0.666667,0.0,6.646,#98DAA7|#C0EBE9|#F3ABA8|#D3C4F7|#FAC9EC|#FEE7D5|#FFA5A5|#FD9383,0.9,0.0,0.9,.SFNS-Regular_wdth_opsz110000_GRAD_wght|.SFNS-Regular_wdth_opsz120000_GRAD_wght|CMBX10|CMBX5|CMBX7|CMEX10|CMMI10|CMMI5|CMMI7|CMR10|CMR5|CMR7|CMSY10|CMSY5|CMSY7|DejaVuSans|Inter18pt-Bold|Inter18pt-Italic|Inter18pt-Regular|MSBM10|NimbusMonL-Regu|NimbusRomNo9L-Medi|NimbusRomNo9L-Regu|NimbusRomNo9L-ReguItal
iclr-2026-87e3cec2f574,ICLR,oral,foundation_200,19,15,34,34,1.0,26.676,22.5,0.0,0.470588,0.0,0.176471,0.0,9.963,#4B626D|#25414E|#8F9EA4|#112F3D|#A1ADB2|#75868E|#586D77|#39525D,0.441176,0.147059,0.823529,Aptos|BBOLD10|CMBX10|CMEX10|CMMI10|CMMI5|CMMI6|CMMI7|CMMI9|CMR10|CMR5|CMR6|CMR7|CMR9|CMSY10|CMSY5|CMSY7|CMSY9|CambriaMath|MSAM10|NimbusMonL-Regu|NimbusRomNo9L-Medi|NimbusRomNo9L-Regu|NimbusRomNo9L-ReguItal
iclr-2026-883c05e1e1dc,ICLR,oral,foundation_200,20,2,22,22,1.0,35.364,31.5,0.0,0.454545,0.090909,0.318182,0.045455,5.674,#F9EBD3|#E8EFD6|#F6CFB3|#FDD3DD|#564E82|#A0B8F4|#CCB7C9|#D2DBF4,0.954545,0.090909,0.909091,CMEX10|CMMI10|CMMI5|CMMI6|CMMI7|CMMI9|CMR10|CMR5|CMR6|CMR7|CMR9|CMSY10|CMSY5|CMSY6|CMSY7|CMSY9|DejaVuSans|DejaVuSans-Oblique|DejaVuSansMono|Lato-Bold|Lato-Light|MSAM10|MSBM10|NimbusMonL-Regu|NimbusRomNo9L-Medi|NimbusRomNo9L-Regu|NimbusRomNo9L-ReguItal
iclr-2026-890e5fac4757,ICLR,oral,replication_200,9,14,23,23,1.0,35.609,26.0,0.869565,0.565217,0.130435,0.521739,0.0,9.963,#367DBD|#FFFAD4|#C2DEEB|#DDF1D4|#5893C8|#C8DBEC|#908A8B|#B4AEA8,0.695652,0.086957,0.826087,AdobeSongStd-Light|Aptos|CMBX10|CMBX7|CMEX10|CMMI10|CMMI5|CMMI7|CMR10|CMR5|CMR7|CMSY10|CMSY7|CMSY9|MSBM10|MyriadPro-BoldIt|MyriadPro-Regular|MyriadPro-Semibold|MyriadPro-SemiboldIt|NimbusMonL-Regu|NimbusRomNo9L-Medi|NimbusRomNo9L-MediItal|NimbusRomNo9L-Regu|NimbusRomNo9L-ReguItal|SFRM1000|TimesNewRomanPS-BoldMT|TimesNewRomanPSMT|URWPalladioL-Bold
iclr-2026-8da8f79c49d5,ICLR,oral,foundation_200,21,17,38,38,1.0,50.289,45.0,0.868421,0.710526,0.052632,0.473684,0.0,9.851,#4893D4|#42566C|#808C9F|#253A50|#609ED6|#758196|#6DA8DC|#8991A1,0.578947,0.236842,0.763158,CMMI10|CMMI7|CMR10|CMSY10|CMSY7|CMSY9|Chalkboard|Chalkboard-Bold|NimbusMonL-Bold|NimbusMonL-Regu|NimbusRomNo9L-Medi|NimbusRomNo9L-Regu|NimbusRomNo9L-ReguItal|SFRM1000|TimesNewRomanPS-ItalicMT|TimesNewRomanPSMT|ZapfDingbatsITC|comfortaa-bold-700
iclr-2026-927309b0632d,ICLR,oral,foundation_200,17,6,23,23,1.0,24.87,18.0,0.0,0.217391,0.217391,0.217391,0.043478,5.478,#D7D4E8|#A888BD|#A582B7|#BFA6CF|#B97BA3|#D5D2E6|#CDCBDE|#360F59,0.826087,0.086957,0.869565,CMBX10|CMEX10|CMMI10|CMMI5|CMMI7|CMR10|CMR5|CMR6|CMR7|CMR9|CMSY10|CMSY5|CMSY6|CMSY7|CMSY9|Cmmi10|Cmr10|Cmsy10|Courier|DejaVuSans|DejaVuSans-Oblique|Dingbats|Helvetica|Inconsolatazi4-Regular|MSAM10|MSBM10|MSBM7|NimbusRomNo9L-Medi|NimbusRomNo9L-Regu|NimbusRomNo9L-ReguItal|STIXNonUnicode-Italic
iclr-2026-963229d0140f,ICLR,oral,foundation_200,9,9,18,18,1.0,23.5,16.5,0.0,0.055556,0.111111,0.111111,0.055556,6.485,#D2E1FF|#BCC9E2|#6A82BA|#9E7088|#404E6D|#DAE0E9|#9FA3B6|#BCC3D6,0.888889,0.277778,0.611111,AndaleMono|CMEX10|CMMI10|CMMI6|CMMI7|CMR10|CMR5|CMR7|CMSY10|CMSY5|CMSY6|CMSY7|CMSY9|Calibri|Calibri-Bold|CambriaMath|MSBM10|NimbusMonL-Bold|NimbusMonL-Regu|NimbusMonL-ReguObli|NimbusRomNo9L-Medi|NimbusRomNo9L-MediItal|NimbusRomNo9L-Regu|PalladioBold|TimesNewRomanPS-BoldMT|TimesNewRomanPS-ItalicMT|TimesNewRomanPSMT
iclr-2026-9731e2f39bcc,ICLR,oral,foundation_200,12,16,28,28,1.0,37.857,26.0,0.0,0.357143,0.142857,0.392857,0.035714,8.998,#F5D2D2|#F5D0D0|#F5CFCF|#F7D9D9|#F7DEDD|#B1D7B0|#0101FB|#007F01,0.464286,0.285714,0.642857,Aptos|Aptos-Bold|Arial-BoldItalicMT|Arial-BoldMT|Arial-ItalicMT|ArialMT|CMBX10|CMBX7|CMEX10|CMMI10|CMMI5|CMMI7|CMMIB10|CMR10|CMR5|CMR7|CMSY10|CMSY5|CMSY6|CMSY7|CambriaMath|F328|MSBM10|NimbusMonL-Regu|NimbusRomNo9L-Medi|NimbusRomNo9L-MediItal|NimbusRomNo9L-Regu|NimbusRomNo9L-ReguItal
iclr-2026-9800a26d2608,ICLR,oral,foundation_200,2,13,15,15,1.0,34.467,28.0,0.0,0.866667,0.066667,0.733333,0.066667,8.043,#929FAD|#339999|#CEE0E8|#D2EFEA|#B5CBD7|#5D8AAC|#69C5BA|#504979,0.2,0.0,0.933333,ArialMT|CMBX10|CMEX10|CMEX7|CMEX9|CMMI10|CMMI5|CMMI6|CMMI7|CMMI9|CMR10|CMR5|CMR6|CMR7|CMR9|CMSY10|CMSY5|CMSY6|CMSY7|CMSY9|DejaVuSans|DejaVuSans-Oblique|MSBM10|NimbusMonL-Regu|NimbusRomNo9L-Medi|NimbusRomNo9L-Regu|NimbusRomNo9L-ReguItal|TimesNewRomanPSMT
iclr-2026-98752ebdf7d6,ICLR,oral,foundation_200,11,1,12,12,1.0,42.0,41.5,0.0,0.916667,0.25,0.166667,0.0,6.569,#A69789|#2F528F|#D1D5DF|#415F8E|#98B1CA|#728CA7|#8BA1C0|#666D81,0.916667,0.0,1.0,ArevSans-Roman|CMBX10|CMBX7|CMEX10|CMEX7|CMEX9|CMMI10|CMMI12|CMMI5|CMMI6|CMMI7|CMMI9|CMMIB10|CMMIB5|CMMIB6|CMMIB7|CMMIB9|CMR10|CMR12|CMR5|CMR6|CMR7|CMR9|CMSY10|CMSY5|CMSY6|CMSY7|CMSY9|CambriaMath|MSAM10|MSBM10|NimbusMonL-Regu|NimbusMonL-ReguObli|NimbusRomNo9L-Medi|NimbusRomNo9L-Regu|NimbusRomNo9L-ReguItal|TimesNewRomanPS-BoldMT|TimesNewRomanPSMT|dsrom10|dsrom8
iclr-2026-987dd9468fc4,ICLR,oral,foundation_200,14,13,27,27,1.0,55.556,46.0,0.0,0.518519,0.37037,0.148148,0.185185,9.618,#FBE3D6|#F7C0A7|#C5AC92|#7F755C|#BEECE1|#B4C4C0|#ECEED8|#F7D4CF,0.555556,0.185185,0.814815,Aptos|Aptos-Italic|Arial-BoldMT|ArialMT|CMBSY7|CMBX10|CMBX7|CMEX10|CMEX7|CMMI10|CMMI5|CMMI6|CMMI7|CMMI9|CMMIB10|CMMIB5|CMMIB7|CMR10|CMR5|CMR7|CMR9|CMSY10|CMSY5|CMSY6|CMSY7|CMSY9|Calibri|CambriaMath|DejaVuSans-Oblique|Dingbats|MSBM10|NimbusMonL-Regu|NimbusRomNo9L-Medi|NimbusRomNo9L-MediItal|NimbusRomNo9L-Regu|NimbusRomNo9L-ReguItal
iclr-2026-99e6f2b9fab2,ICLR,oral,foundation_200,9,8,17,17,1.0,56.059,28.0,0.0,0.705882,0.058824,0.294118,0.0,8.541,#CBD7E2|#5C6061|#858F94|#213D54|#C5CBCB|#EDCE84|#B6CACA|#E2DCAB,0.294118,0.411765,0.470588,Aptos|Aptos-Bold|ArialMT|CMEX10|CMMI10|CMMI6|CMMI7|CMMI9|CMR10|CMR7|CMSY10|CMSY6|CMSY7|CMSY9|CambriaMath|ChalkboardSE-Bold|ChalkboardSE-Regular|Dingbats|NimbusMonL-Regu|NimbusRomNo9L-Medi|NimbusRomNo9L-MediItal|NimbusRomNo9L-Regu|NimbusRomNo9L-ReguItal|SFRM1000
iclr-2026-9a1a4fec2317,ICLR,oral,foundation_200,21,5,26,25,0.961538,31.24,26.0,0.08,0.28,0.12,0.32,0.0,9.963,#B17A96|#4E7A8B|#579177|#CADEC1|#5EA675|#BB9782|#4B5682|#A65786,0.923077,0.192308,0.769231,Aptos|BrushScriptMT|CMBX10|CMBX7|CMEX10|CMMI10|CMMI7|CMMIB10|CMMIB7|CMR10|CMR5|CMR7|CMSY10|CMSY5|CMSY6|CMSY7|Cambria|CambriaMath|Dingbats|MSBM10|NimbusMonL-Regu|NimbusRomNo9L-Medi|NimbusRomNo9L-Regu|NimbusRomNo9L-ReguItal|SFRM1000|SegoePrint|TimesNewRomanPS-BoldMT|TimesNewRomanPSMT
iclr-2026-9b8d9a086a72,ICLR,oral,replication_200,4,6,10,10,1.0,32.8,35.0,0.0,0.1,0.2,0.5,0.2,9.963,#FF9300|#B51700|#372E59|#3D4F6B|#F6C896|#726F83|#FF9301|#7E93A3,0.4,0.1,0.9,CMMI10|CMMI5|CMMI7|CMMI9|CMR10|CMR5|CMR7|CMSY10|CMSY5|CMSY6|CMSY7|HelveticaNeue|HelveticaNeue-Bold|HelveticaNeue-Medium|MSBM10|NimbusMonL-Regu|NimbusRomNo9L-Medi|NimbusRomNo9L-Regu|NimbusRomNo9L-ReguItal|STIXGeneral-Italic|STIXGeneral-Regular
iclr-2026-9ba8184b9ae8,ICLR,oral,foundation_200,9,3,12,12,1.0,41.583,43.5,0.25,0.5,0.333333,0.5,0.083333,9.963,#E2F2EB|#CB6D4F|#004D80|#036E11|#7EB096|#C1D8CC|#DBEBE5|#4B8E73,0.833333,0.25,0.75,Arial-BoldMT|DejaVuSans|DejaVuSans-Bold|HelveticaNeue|HelveticaNeue-Medium|NimbusRomNo9L-Medi|NimbusRomNo9L-Regu|NimbusRomNo9L-ReguItal|STIXGeneral-Italic|STIXGeneral-Regular|rtcxr|rtxb|rtxi|rtxmi|rtxr|rtxsc|txex|txsy|txsya|txsyb|txsyc|txtt
iclr-2026-9bfcc62a75a1,ICLR,oral,foundation_200,10,4,14,14,1.0,47.571,45.0,0.0,0.5,0.357143,0.285714,0.0,9.464,#E9FAED|#43B3C8|#F22B75|#E4FD56|#3B38E4|#02FE83|#2FFE6A|#65FE63,0.714286,0.0,1.0,CMBX10|CMBX7|CMEX10|CMEX9|CMMI10|CMMI5|CMMI6|CMMI7|CMMI9|CMMIB10|CMMIB7|CMMIB9|CMR10|CMR5|CMR6|CMR7|CMR9|CMSY10|CMSY7|CMSY9|MSBM10|MSBM7|NimbusMonL-Regu|NimbusRomNo9L-Medi|NimbusRomNo9L-Regu|NimbusRomNo9L-ReguItal
iclr-2026-9d74a65ca00d,ICLR,oral,foundation_200,19,2,21,21,1.0,65.048,60.0,0.142857,0.619048,0.47619,0.428571,0.047619,9.963,#A9C6C2|#59A398|#E5F2E0|#6FC889|#6A7F8C|#514078|#BDA6A5|#F7F086,0.857143,0.0,1.0,"Aptos|Aptos,Bold|Aptos-Bold|ArialMT|CMBX10|CMBX7|CMEX10|CMMI10|CMMI12|CMMI5|CMMI7|CMMI8|CMMI9|CMR10|CMR5|CMR6|CMR7|CMR9|CMSY10|CMSY5|CMSY6|CMSY7|CMSY9|CambriaMath|DejaVuSans|HelveticaNeue|MSBM10|MSBM7|NimbusMonL-Regu|NimbusRomNo9L-Medi|NimbusRomNo9L-MediItal|NimbusRomNo9L-Regu|NimbusRomNo9L-ReguItal|NimbusSans-Regular|Roboto-Regular|STIXTwoMath-Regular|font000000002d4bb8b2"
iclr-2026-9dbde6327464,ICLR,oral,foundation_200,7,9,16,16,1.0,64.062,44.5,0.0,0.8125,0.4375,0.6875,0.0625,9.914,#DCEAF7|#FBE3D6|#883E2C|#FBBE7D|#CAECF9|#9EAAB5|#B57E6F|#FEEDB6,0.5625,0.1875,0.75,CMBX10|CMBX7|CMEX10|CMMI10|CMMI5|CMMI7|CMMIB10|CMMIB7|CMR10|CMR5|CMR7|CMR9|CMSY10|CMSY5|CMSY6|CMSY7|CMSY9|CambriaMath|DejaVuSans|DejaVuSans-Bold|DejaVuSans-Oblique|Georgia|Georgia-Bold|Georgia-BoldItalic|Georgia-Italic|MSBM10|NimbusMonL-Regu|NimbusRomNo9L-Medi|NimbusRomNo9L-Regu|NimbusRomNo9L-ReguItal|TimesNewRomanPS-BoldMT|TimesNewRomanPSMT
iclr-2026-9f44d179b34e,ICLR,oral,foundation_200,4,29,33,33,1.0,23.121,15.0,0.272727,0.69697,0.121212,0.212121,0.030303,9.963,#FC8D62|#FBE5D6|#E2F0D9|#BB9691|#D4BDB1|#B3585C|#DCD8C8|#DEDFC0,0.121212,0.181818,0.818182,CMBX10|CMEX10|CMEX7|CMMI10|CMMI5|CMMI7|CMMI9|CMR10|CMR7|CMSY10|CMSY5|CMSY7|Dingbats|MSAM10|MSBM10|NimbusMonL-Regu|NimbusRomNo9L-Medi|NimbusRomNo9L-Regu|NimbusRomNo9L-ReguItal
iclr-2026-a15993a7b6c3,ICLR,oral,replication_200,6,11,17,17,1.0,38.941,46.0,0.0,0.588235,0.058824,0.470588,0.058824,9.963,#DCEAFF|#D2E1F4|#224353|#9AABB2|#6D949F|#6F7377|#CEAF9E|#F39779,0.294118,0.176471,0.823529,"Aptos|Aptos,Italic|CMEX10|CMMI10|CMMI5|CMMI6|CMMI7|CMMI9|CMMIB10|CMMIB7|CMR10|CMR6|CMR7|CMR9|CMSY10|CMSY6|CMSY7|CMSY9|CambriaMath|DejaVuSans|DejaVuSans-Bold|MSBM10|NimbusMonL-Regu|NimbusRomNo9L-Medi|NimbusRomNo9L-Regu|NimbusRomNo9L-ReguItal"
iclr-2026-a2b879220593,ICLR,oral,foundation_200,3,10,13,13,1.0,17.615,18.0,0.0,0.769231,0.0,0.230769,0.0,9.963,#71A9CF|#D7E6F1|#FFAE67|#A9CBE2|#F6CFAC|#FB8924|#92B9D5|#458DC0,0.307692,0.230769,0.769231,CMBX10|CMBX9|CMEX10|CMMI10|CMMI5|CMMI7|CMMI9|CMR10|CMR6|CMR7|CMR9|CMSY10|CMSY5|CMSY6|CMSY7|CMSY9|MSBM10|NimbusMonL-Regu|NimbusRomNo9L-Medi|NimbusRomNo9L-Regu|NimbusRomNo9L-ReguItal
iclr-2026-a360ac840b2a,ICLR,oral,foundation_200,6,7,13,13,1.0,55.846,45.0,0.153846,0.538462,0.153846,0.538462,0.230769,9.963,#E1C9DF|#E2CAE0|#E1C9E0|#761473|#B294B1|#944492|#E1CAE0|#C8B1C6,0.461538,0.230769,0.769231,CMBX10|CMBX5|CMBX6|CMBX7|CMBX9|CMEX10|CMEX9|CMMI10|CMMI5|CMMI6|CMMI7|CMMI9|CMMIB10|CMR10|CMR5|CMR6|CMR7|CMR9|CMSY10|CMSY5|CMSY6|CMSY7|CMSY9|F397|HelveticaNeue|HelveticaNeue-Medium|MSBM10|MSBM7|NimbusMonL-Bold|NimbusMonL-Regu|NimbusMonL-ReguObli|NimbusRomNo9L-Medi|NimbusRomNo9L-Regu|NimbusRomNo9L-ReguItal|SFRM0700
iclr-2026-a3ff676bae31,ICLR,oral,replication_200,9,11,20,20,1.0,80.15,80.5,0.5,0.5,0.05,0.3,0.0,8.715,#FFF2CC|#FF0000|#FF605F|#DEEBF7|#CFB2FA|#A46DC9|#B4CEC7|#45AB6A,0.6,0.15,0.85,CMBX10|CMMI10|CMMI5|CMMI7|CMMIB10|CMR10|CMR7|CMSY10|CMSY7|Calibri|Calibri-Light|CambriaMath|ComicSansMS|ComicSansMS-Bold|DFWaWaSC-W5|FdSymbolA-Book|FdSymbolB-Book|FdSymbolC-Book|FdSymbolE-Book|FdSymbolF-Book|MSBM10|NimbusMonL-Regu|NimbusRomNo9L-Medi|NimbusRomNo9L-MediItal|NimbusRomNo9L-Regu|NimbusRomNo9L-ReguItal|TimesNewRomanPS-BoldMT|TimesNewRomanPSMT
iclr-2026-a52a988a4775,ICLR,oral,foundation_200,12,5,17,17,1.0,20.294,19.0,0.0,0.588235,0.0,0.058824,0.0,4.554,#808000|#BA2363|#337C3E|#3919BF|#6BAB63|#F0BFC9|#BBD0B5|#B0AB8E,0.705882,0.058824,0.941176,CMBX10|CMBX6|CMBX7|CMBX9|CMEX10|CMEX7|CMEX9|CMMI10|CMMI5|CMMI6|CMMI7|CMMI9|CMR10|CMR5|CMR6|CMR7|CMR9|CMSY10|CMSY5|CMSY6|CMSY7|CMSY9|DejaVuSans|DejaVuSans-Bold|DejaVuSans-Oblique|LMRoman9-Regular|MSAM10|MSBM10|MSBM7|NimbusMonL-Regu|NimbusRomNo9L-Medi|NimbusRomNo9L-Regu|NimbusRomNo9L-ReguItal|TimesNewRomanPS-BoldMT
iclr-2026-a58db1cc65db,ICLR,oral,replication_200,13,13,26,26,1.0,37.308,27.5,0.115385,0.576923,0.153846,0.346154,0.0,9.963,#471D6F|#462978|#384E83|#36867E|#471769|#471264|#3D3779|#460D60,0.5,0.269231,0.730769,CMBX10|CMEX10|CMMI10|CMMI5|CMMI7|CMMI9|CMR10|CMR5|CMR7|CMR9|CMSY10|CMSY5|CMSY7|CMSY9|Calibri|DejaVuSans|MSBM10|MSBM7|NimbusMonL-Regu|NimbusMonL-ReguObli|NimbusRomNo9L-Medi|NimbusRomNo9L-Regu|NimbusRomNo9L-ReguItal|Ubuntu
iclr-2026-a60437a1dcad,ICLR,oral,foundation_200,14,12,26,26,1.0,48.192,39.0,0.0,0.692308,0.153846,0.346154,0.0,8.883,#377EB8|#DBF0FF|#F7DBFF|#C3D8E9|#08306B|#F7EBFF|#CFDEEC|#3E82BA,0.538462,0.038462,0.846154,ArialMT|Avenir-Book|Avenir-Light|Avenir-Medium|Barlow-Regular|CMBX10|CMEX10|CMMI10|CMMI5|CMMI6|CMMI7|CMMI9|CMMIB10|CMMIB7|CMR10|CMR5|CMR6|CMR7|CMSY10|CMSY5|CMSY6|CMSY7|CMSY9|DejaVuSans|MSBM10|NimbusMonL-Regu|NimbusRomNo9L-Medi|NimbusRomNo9L-Regu|NimbusRomNo9L-ReguItal|TimesNewRomanPS-ItalicMT|TimesNewRomanPSMT
iclr-2026-a6ddc629568b,ICLR,outstanding,foundation_200,10,10,20,20,1.0,45.05,37.0,0.0,0.45,0.25,0.15,0.0,9.963,#FFF2CC|#FFD966|#C9DAF8|#0101FF|#8787FF|#FFEDBA|#E7EEFB|#FEF5DC,0.6,0.0,0.95,CMBX10|CMEX10|CMMI10|CMMI7|CMMI9|CMR10|CMR7|CMSY10|CMSY5|CMSY6|CMSY7|DejaVuSans|DejaVuSans-Bold|FiraMono-Regular|NimbusRomNo9L-Medi|NimbusRomNo9L-Regu|NimbusRomNo9L-ReguItal|SFTT0900|font000000002dbc700f|font000000002dcc894b|font000000002dcc948c|font000000002ddb17f6|font000000002e820eef|font000000002e821233|font000000002e8353a2|font000000002f4fae04
iclr-2026-a8e7c788acec,ICLR,oral,replication_200,7,9,16,16,1.0,32.562,17.5,0.0,0.4375,0.0625,0.125,0.125,9.963,#57B1A9|#6387BB|#A3C7D2|#D1E8E8|#BDD3E0|#FFF2CC|#E9F5DC|#F6C6AD,0.4375,0.3125,0.5625,AppleColorEmoji|Arial-BoldMT|CMEX10|CMMI10|CMMI5|CMMI7|CMMIB10|CMR10|CMR5|CMR7|CMSY10|CMSY5|CMSY6|CMSY7|DejaVuSans|MSBM10|NimbusMonL-Regu|NimbusRomNo9L-Medi|NimbusRomNo9L-MediItal|NimbusRomNo9L-Regu|NimbusRomNo9L-ReguItal|SFRB1000|TimesNewRomanPS-BoldMT|TimesNewRomanPSMT
iclr-2026-a9967117d305,ICLR,oral,replication_200,5,17,22,22,1.0,39.818,42.0,0.0,0.636364,0.363636,0.5,0.0,6.918,#D9FFD9|#BEE0BE|#9EBA9E|#CBEFCB|#718571|#B0CFB0|#C0E2C0|#5E6F5E,0.681818,0.181818,0.818182,CMEX10|CMMI10|CMMI5|CMMI6|CMMI7|CMMI9|CMR10|CMR6|CMR7|CMR9|CMSY10|CMSY6|CMSY7|CMSY9|DejaVuSans|DejaVuSans-Oblique|LiberationSans|MSBM10|NimbusMonL-Regu|NimbusRomNo9L-Medi|NimbusRomNo9L-MediItal|NimbusRomNo9L-Regu|NimbusRomNo9L-ReguItal|STIXNonUnicode-Italic
iclr-2026-aa041113be40,ICLR,oral,replication_200,9,9,18,18,1.0,36.5,18.5,0.0,0.722222,0.166667,0.111111,0.0,9.963,#F8E5E8|#E6ECF7|#72D88A|#E97C79|#A2D1FD|#72D98B|#F2AC7F|#F4D2D8,0.444444,0.277778,0.722222,CMSY10|CMSY6|CMSY7|FontAwesome5Free-Solid|NimbusMonL-Regu|NimbusRomNo9L-Medi|NimbusRomNo9L-MediItal|NimbusRomNo9L-Regu|NimbusRomNo9L-ReguItal
iclr-2026-ab553a040c74,ICLR,oral,replication_200,11,2,13,13,1.0,51.769,53.0,0.0,0.538462,0.153846,0.307692,0.076923,8.966,#E6E6FF|#FFCCCC|#CCCCFF|#594E59|#847584|#DDD1F3|#E6B8B8|#BAB7E3,0.615385,0.076923,0.923077,NewPXMI|NewTXBMI|NewTXBMI7|NewTXMI|NewTXMI5|NewTXMI7|NimbusSanL-Bold|TeXGyrePagellaX-Regular|TeXGyreTermesX-Bold|TeXGyreTermesX-Italic|TeXGyreTermesX-Regular|pxsys|t1xtt|txbmiaX|txexs|txmiaX|txsym|txsys
iclr-2026-ac7703f2b4ec,ICLR,oral,foundation_200,9,66,75,73,0.973333,50.918,53.0,0.726027,0.616438,0.09589,0.69863,0.013699,7.21,#7F46AA|#60AFAF|#7E45A9|#7E44A9|#7D43A9|#5EAEAE|#63B1B1|#61B0B0,0.52,0.493333,0.386667,Aptos-Bold|Arial-BoldMT|CMBX10|CMEX10|CMMI10|CMMI5|CMMI7|CMMIB10|CMR10|CMR7|CMSY10|CMSY7|Calibri|Calibri-Bold|Calibri-BoldItalic|Calibri-Italic|CambriaMath|F233|LatinModernMath-Regular|MSBM10|NimbusMonL-Regu|NimbusRomNo9L-Med|NimbusRomNo9L-Medi|NimbusRomNo9L-MediItal|NimbusRomNo9L-Reg|NimbusRomNo9L-RegIta|NimbusRomNo9L-Regu|NimbusRomNo9L-ReguItal|SegoeUISymbol|StandardSymL_Slant_167|bbding
iclr-2026-af6a7ff26bd9,ICLR,oral,replication_200,15,15,30,30,1.0,21.733,12.0,0.0,0.466667,0.066667,0.266667,0.133333,8.966,#3171A6|#709BBF|#E2EBF2|#729DBF|#E8F1F9|#6B97BC|#C8DFD9|#7E7785,0.4,0.4,0.533333,CMBX10|CMBX6|CMBX7|CMBX9|CMEX10|CMEX9|CMMI10|CMMI5|CMMI6|CMMI7|CMMI9|CMR10|CMR5|CMR6|CMR7|CMR9|CMSY10|CMSY6|CMSY7|CMSY9|Calibri|Calibri-Bold|CambriaMath|DengXian-Bold|DengXian-Regular|MSBM10|MicrosoftYaHei|NimbusMonL-Regu|NimbusRomNo9L-Medi|NimbusRomNo9L-Regu|NimbusRomNo9L-ReguItal|SFRM1000|SegoePrint-Bold|TimesNewRomanPS-BoldMT|TimesNewRomanPSMT
iclr-2026-b001d2f886cf,ICLR,oral,replication_200,21,18,39,39,1.0,21.231,10.0,0.0,0.435897,0.051282,0.128205,0.0,9.963,#E5ECF6|#081D58|#FBFDD0|#FFFFD9|#4491CD|#8DB9E2|#FA9C70|#F7BB9F,0.564103,0.589744,0.410256,"Aptos|Aptos,Bold|ArialMT|CMBX10|CMEX10|CMEX7|CMEX9|CMMI10|CMMI5|CMMI6|CMMI7|CMMI9|CMMIB10|CMMIB5|CMMIB6|CMMIB7|CMMIB9|CMR10|CMR5|CMR7|CMR9|CMSY10|CMSY5|CMSY6|CMSY7|CMSY9|CambriaMath|Chalkboard|Chalkboard-Bold|DejaVuSans|DejaVuSans-Bold|MSAM10|MSBM10|MSBM7|NimbusMonL-Regu|NimbusRomNo9L-Medi|NimbusRomNo9L-MediItal|NimbusRomNo9L-Regu|NimbusRomNo9L-ReguItal|Open|SFRM0900|SegoeUI|SegoeUI-Bold|TimesNewRomanPS-BoldItalicMT|TimesNewRomanPS-BoldMT|TimesNewRomanPSMT"
iclr-2026-b22813abf7f0,ICLR,oral,foundation_200,10,11,21,21,1.0,30.571,23.0,0.0,0.380952,0.190476,0.238095,0.0,8.966,#59885F|#EECFE4|#0101CC|#6464E0|#5B8961|#5A8860|#EBDDF6|#B27665,0.666667,0.380952,0.619048,Arial-BoldMT|ArialMT|CMBX10|CMBX7|CMEX10|CMMI10|CMMI5|CMMI7|CMR10|CMR5|CMR6|CMR7|CMSY10|CMSY5|CMSY6|CMSY7|CMSY9|Calibri|CanelaDeck-Bold|CanelaDeck-Regular|DejaVuSans|HelveticaNeue|HelveticaNeue-Bold|HelveticaNeue-Medium|MSBM10|NimbusMonL-Bold|NimbusMonL-Regu|NimbusRomNo9L-Medi|NimbusRomNo9L-Regu|NimbusRomNo9L-ReguItal|STIXGeneral-Bold|STIXGeneral-Italic|STIXGeneral-Regular
iclr-2026-b7a66e10bf69,ICLR,oral,replication_200,6,6,12,12,1.0,54.167,48.0,0.25,0.75,0.166667,0.833333,0.166667,8.348,#D3F8D3|#CFEBFD|#5E6C6C|#81B1EC|#6A94EF|#B750D9|#9895EF|#B1D6AA,1.0,0.25,0.75,ArialMT|CMBX10|CMBX7|CMMI10|CMMI7|CMMI9|CMR10|CMR5|CMR7|CMR9|CMSY10|CMSY6|CMSY7|CMSY9|MSAM10|MSBM10|NimbusMonL-Regu|NimbusRomNo9L-Medi|NimbusRomNo9L-Regu|NimbusRomNo9L-ReguItal|Times-Roman
iclr-2026-b879ca6dd1a4,ICLR,oral,foundation_200,11,2,13,13,1.0,49.769,43.0,1.0,0.384615,0.384615,0.769231,0.0,9.963,#9B5C64|#9B5C62|#B98C8C|#394346|#9FBFC8|#5B7528|#987041|#C9A67D,0.846154,0.0,1.0,CMBX10|CMEX10|CMMI10|CMMI5|CMMI7|CMR10|CMR5|CMR7|CMSS8|CMSY10|CMSY5|CMSY6|CMSY7|CambriaMath|KristenITC-Regular|MSAM10|MSBM10|MSBM7|NimbusMonL-Regu|NimbusRomNo9L-Medi|NimbusRomNo9L-Regu|NimbusRomNo9L-ReguItal
iclr-2026-b93abeea95e9,ICLR,oral,replication_200,19,7,26,26,1.0,43.654,37.5,0.0,0.461538,0.230769,0.192308,0.115385,9.963,#A5D8FF|#228BE6|#71C7AB|#E7F5FF|#CCCCFF|#E7A274|#EA4335|#B8E3D5,0.730769,0.115385,0.846154,CMEX10|CMMI10|CMMI7|CMR10|CMR7|CMSY10|CMSY7|DejaVuSans|F68|Menlo-Bold|NimbusMonL-Regu|NimbusRomNo9L-Medi|NimbusRomNo9L-Regu|NimbusRomNo9L-ReguItal|Optimistic-Bold|Optimistic-Regular|Optimistic-RegularIt|OptimisticText-Bold|OptimisticText-Light
iclr-2026-bdf44f310e82,ICLR,oral,replication_200,13,6,19,19,1.0,32.895,22.0,0.0,0.526316,0.157895,0.105263,0.105263,9.963,#CCCCFF|#A5D7EA|#618BBC|#99C6E1|#AED0E5|#C8DEED|#6DA3CE|#80B4D7,0.631579,0.263158,0.736842,CMBX10|CMEX10|CMEX7|CMMI10|CMMI5|CMMI6|CMMI7|CMMI9|CMR10|CMR5|CMR6|CMR7|CMR9|CMSY10|CMSY6|CMSY7|CMSY9|Dingbats|MSBM10|MSBM7|NimbusMonL-Bold|NimbusMonL-Regu|NimbusMonL-ReguObli|NimbusRomNo9L-Medi|NimbusRomNo9L-Regu|NimbusRomNo9L-ReguItal
iclr-2026-be5b1d259689,ICLR,oral,replication_200,10,14,24,23,0.958333,45.087,28.0,0.043478,0.652174,0.26087,0.26087,0.130435,8.568,#B3D1E0|#FBE9E7|#FEF4EA|#C66E6A|#F7E9DB|#F6CFB2|#FCE5BD|#BFA39A,0.541667,0.125,0.75,Arial-BoldMT|Arial-ItalicMT|ArialMT|CMBSY10|CMEX10|CMMI10|CMMI12|CMMI7|CMMI9|CMR10|CMR7|CMR9|CMSY10|CMSY5|CMSY7|CMSY9|Calibri|Calibri-Bold|Cavolini|Cavolini-Bold|DejaVuSans|DejaVuSans-Bold|DengXian-Bold|DengXian-Regular|Dingbats|HelveticaNeue-Bold|NimbusMonL-Bold|NimbusMonL-Regu|NimbusRomNo9L-Medi|NimbusRomNo9L-Regu|NimbusRomNo9L-ReguItal|font000000002e8449dc|wasy10
iclr-2026-c4f15a7f203b,ICLR,oral,foundation_200,11,10,21,21,1.0,32.571,14.0,0.0,0.380952,0.0,0.238095,0.047619,9.523,#391D2D|#919F9F|#3F3D43|#6E705B|#B67356|#792F31|#745041|#A45237,0.428571,0.47619,0.428571,CMBX10|CMEX10|CMMI10|CMMI12|CMMI5|CMMI7|CMMIB10|CMMIB7|CMR10|CMR5|CMR7|CMSY10|CMSY5|CMSY7|CMSY9|CambriaMath|MSAM10|MSBM10|MSBM7|NimbusMonL-Regu|NimbusRomNo9L-Medi|NimbusRomNo9L-Regu|NimbusRomNo9L-ReguItal|TimesNewRomanPS-BoldMT|TimesNewRomanPSMT
iclr-2026-c5caee9922e5,ICLR,oral,foundation_200,6,10,16,16,1.0,24.438,12.0,0.0,0.5,0.0625,0.1875,0.125,9.963,#FADBDF|#D4D7AD|#D4F4F2|#809BB7|#979DBA|#6E78AA|#8CB9C4|#C1B4C7,0.375,0.5625,0.375,CMEX10|CMEX7|CMMI10|CMMI5|CMMI7|CMR10|CMR5|CMR7|CMSY10|CMSY5|CMSY6|CMSY7|MSAM10|MSBM10|NimbusMonL-Regu|NimbusRomNo9L-Medi|NimbusRomNo9L-Regu|NimbusRomNo9L-ReguItal|rsfs10|rsfs7
iclr-2026-c6856f20a2f5,ICLR,oral,foundation_200,12,9,21,18,0.857143,72.722,64.0,0.277778,1.0,0.333333,0.555556,0.0,9.963,#BFFFBF|#FFBFBF|#574C45|#636455|#9B7373|#FF6363|#6F685C|#4A433C,0.47619,0.190476,0.52381,ArialMT|BeraSansMono-Bold|BeraSansMono-Roman|CMBX10|CMEX10|CMMI10|CMMI5|CMMI7|CMR10|CMR5|CMR7|CMSY10|CMSY5|CMSY7|DejaVuSans|DejaVuSans-Oblique|IMFCTT1-u04|IMFCTT1-u30|IMFCTT1-u4e|IMFCTT1-u51|IMFCTT1-u54|IMFCTT1-u55|IMFCTT1-u57|IMFCTT1-u59|IMFCTT1-u5b|IMFCTT1-u5c|IMFCTT1-u5d|IMFCTT1-u5e|IMFCTT1-u62|IMFCTT1-u65|IMFCTT1-u66|IMFCTT1-u67|IMFCTT1-u6b|IMFCTT1-u72|IMFCTT1-u73|IMFCTT1-u75|IMFCTT1-u76|IMFCTT1-u7f|IMFCTT1-u80|IMFCTT1-u82|IMFCTT1-u84|IMFCTT1-u88|IMFCTT1-u96|MSBM10|NimbusRomNo9L-Medi|NimbusRomNo9L-Regu|NimbusRomNo9L-ReguItal
iclr-2026-c9604bfa6042,ICLR,oral,foundation_200,1,4,5,5,1.0,38.8,38.0,0.6,0.6,0.2,0.8,0.0,8.911,#FFFBDF|#1F77B4|#2CA02C|#FF7F0E|#C8D09C|#164E5F|#A54921|#FF9157,0.8,0.4,0.4,CMEX10|CMMI10|CMMI5|CMMI7|CMMI9|CMR10|CMR12|CMR7|CMSY10|CMSY5|CMSY6|CMSY7|CMSY9|DejaVuSans|DejaVuSans-Bold|DejaVuSans-Oblique|MSBM10|NimbusMonL-Regu|NimbusRomNo9L-Medi|NimbusRomNo9L-Regu|NimbusRomNo9L-ReguItal
iclr-2026-cdc551019493,ICLR,oral,foundation_200,16,24,40,40,1.0,25.1,15.0,0.175,0.375,0.025,0.25,0.075,5.089,#FFCCCC|#CCE6FF|#A7BCFF|#FEF4ED|#D45D00|#E59F01|#A3B8FF|#2E34FF,0.9,0.35,0.375,CMBSY10|CMBX10|CMBX9|CMEX10|CMEX7|CMEX9|CMMI10|CMMI5|CMMI6|CMMI7|CMMI9|CMMIB10|CMR10|CMR5|CMR6|CMR7|CMR9|CMSY10|CMSY5|CMSY6|CMSY7|CMSY9|CambriaMath|ComicSansMS|ComicSansMS-Bold|ComicSansMS-BoldItalic|DejaVuSans|DejaVuSans-Bold|Dingbats|MSBM10|NimbusMonL-Regu|NimbusRomNo9L-Medi|NimbusRomNo9L-MediItal|NimbusRomNo9L-Regu|NimbusRomNo9L-ReguItal|SFRB1000|TimesNewRomanPS-BoldItalicMT|TimesNewRomanPS-BoldMT|TimesNewRomanPSMT
iclr-2026-ced84acacce8,ICLR,oral,replication_200,13,0,13,13,1.0,33.0,20.0,0.0,0.307692,0.076923,0.230769,0.153846,3.285,#DCEAF7|#215F9A|#95BEE0|#76A7CE|#C0C6D5|#196089|#68828D|#D5E3ED,0.769231,0.384615,0.615385,AppleColorEmoji|Arial-BoldMT|ArialMT|CMBX10|CMBX7|CMBX9|CMEX10|CMMI10|CMMI5|CMMI6|CMMI7|CMMI9|CMMIB10|CMMIB9|CMR10|CMR5|CMR7|CMR9|CMSY10|CMSY5|CMSY6|CMSY7|CMSY9|CMTT10|Calibri-BoldItalic|CambriaMath|DejaVuSans|DejaVuSans-Bold|DejaVuSans-BoldOblique|DejaVuSans-Oblique|MSBM10|NimbusMonL-Regu|NimbusRomNo9L-Medi|NimbusRomNo9L-Regu|NimbusRomNo9L-ReguItal|TimesNewRomanPSMT
iclr-2026-d2112f671397,ICLR,oral,replication_200,16,0,16,16,1.0,64.875,63.5,0.75,0.5,0.6875,0.5,0.0,9.207,#009848|#32A7AA|#4C4F3F|#DBFAF7|#D8456A|#BCE7D8|#E7E4D3|#A0C965,1.0,0.0625,0.9375,CMEX10|CMMI10|CMMI5|CMMI7|CMR10|CMR7|CMSY10|CMSY7|MSBM10|NimbusMonL-Regu|NimbusRomNo9L-Medi|NimbusRomNo9L-MediItal|NimbusRomNo9L-Regu|NimbusRomNo9L-ReguItal|[none]
iclr-2026-d548949c4ba4,ICLR,oral,foundation_200,8,20,28,28,1.0,21.929,12.0,0.035714,0.285714,0.071429,0.0,0.0,9.963,#BF3D3D|#CFE1F2|#9372B1|#5F4448|#D683BC|#DC7E31|#7B6481|#F3BFC0,0.321429,0.321429,0.5,CMBX10|CMEX10|CMMI10|CMMI5|CMMI7|CMMI9|CMR10|CMR7|CMR9|CMSY10|CMSY6|CMSY7|MSBM10|NimbusMonL-Bold|NimbusMonL-Regu|NimbusRomNo9L-Medi|NimbusRomNo9L-MediItal|NimbusRomNo9L-Regu|NimbusRomNo9L-ReguItal|SFRM1000|[none]
iclr-2026-d8ed6882cb29,ICLR,oral,replication_200,7,18,25,25,1.0,49.72,45.0,0.0,0.56,0.12,0.24,0.12,8.966,#FFD1D1|#C8E6C9|#735E5E|#E5BBBB|#7C8677|#F9EDD1|#FBD392|#D9EAF3,0.68,0.04,0.64,AppleColorEmoji|ArialMT|CMBX10|CMEX10|CMMI10|CMMI5|CMMI6|CMMI7|CMMI9|CMMIB10|CMR10|CMR6|CMR7|CMR9|CMSY10|CMSY6|CMSY7|CMSY9|DejaVuSans|DejaVuSans-Oblique|FontAwesome|Inconsolatazi4-Bold|Inconsolatazi4-Regular|Menlo-Regular|Monaco|NimbusRomNo9L-Medi|NimbusRomNo9L-MediItal|NimbusRomNo9L-Regu|NimbusRomNo9L-ReguItal|Optima-Bold|Optima-Regular|STIXGeneral-Italic|STIXGeneral-Regular
iclr-2026-d930d9c23cc7,ICLR,oral,foundation_200,23,75,98,98,1.0,20.898,20.0,0.0,0.571429,0.061224,0.142857,0.0,7.982,#D8383A|#96C37D|#2F7FC1|#C4D7B5|#D53E40|#5592BA|#DF5F61|#CBAC94,0.387755,0.163265,0.408163,CMEX10|CMMI10|CMMI5|CMMI7|CMR10|CMR5|CMR7|CMSY10|CMSY6|CMSY7|CMSY9|Dingbats|MSAM10|MSBM10|NimbusMonL-Regu|NimbusRomNo9L-Medi|NimbusRomNo9L-Regu
iclr-2026-d99017a21fe7,ICLR,oral,foundation_200,5,7,12,12,1.0,50.667,42.5,0.5,0.583333,0.333333,0.416667,0.25,9.963,#5B9BCB|#B1D3E7|#8CBEDD|#E7A36E|#405F7C|#F8EDDF|#8AA0B1|#F9D8B7,0.583333,0.333333,0.583333,AppleColorEmoji|CMBX10|CMEX10|CMMI10|CMMI7|CMR10|CMR7|CMSY10|CMSY5|CMSY6|CMSY7|Helvetica|Helvetica-Bold|Helvetica-BoldOblique|MSBM10|Menlo-Bold|Menlo-Regular|NimbusMonL-Regu|NimbusRomNo9L-Medi|NimbusRomNo9L-Regu|NimbusRomNo9L-ReguItal|NimbusSanL-Bold|NimbusSanL-Regu|PingFangSC-Semibold|Tahoma-Bold|TimesNewRomanPS-BoldMT|TimesNewRomanPSMT
iclr-2026-db71b40c7495,ICLR,oral,replication_200,14,6,20,20,1.0,28.15,21.5,0.6,0.25,0.05,0.4,0.0,9.963,#FDEFEB|#FEEFEB|#FEF1ED|#FEF2EE|#E3F2D9|#683539|#EAADAE|#50AE7D,0.75,0.35,0.65,Arial-Black|CMBX10|CMBX9|CMEX10|CMEX9|CMMI10|CMMI5|CMMI6|CMMI7|CMMI9|CMMIB10|CMR10|CMR6|CMR7|CMR9|CMSY10|CMSY6|CMSY7|CMSY9|Calibri|Calibri-Bold|Calibri-BoldItalic|Calibri-Italic|MSBM10|NimbusMonL-Regu|NimbusRomNo9L-Medi|NimbusRomNo9L-MediItal|NimbusRomNo9L-Regu|NimbusRomNo9L-ReguItal|SFRM0700|SFRM1000|TimesNewRomanPS-BoldItalicMT|TimesNewRomanPS-BoldMT|TimesNewRomanPSMT
iclr-2026-dba10825e0af,ICLR,oral,foundation_200,8,5,13,13,1.0,44.077,36.0,0.0,0.692308,0.076923,0.461538,0.0,9.963,#15D69B|#0CD79F|#5E87C5|#5E87C4|#3C79A6|#CDE3F8|#EFF1DB|#EFE0E2,0.615385,0.076923,0.846154,AppleColorEmoji|Arial-BoldMT|CMBSY5|CMBSY7|CMBX10|CMBX7|CMEX10|CMMI10|CMMI5|CMMI7|CMMIB10|CMMIB7|CMR10|CMR5|CMR7|CMSY10|CMSY5|CMSY6|CMSY7|MSBM10|MSBM7|NimbusMonL-Regu|NimbusRomNo9L-Medi|NimbusRomNo9L-MediItal|NimbusRomNo9L-Regu|NimbusRomNo9L-ReguItal|TimesNewRomanPS-BoldMT|TimesNewRomanPS-ItalicMT|TimesNewRomanPSMT
iclr-2026-dc06dcfe9933,ICLR,oral,foundation_200,5,5,10,10,1.0,51.4,46.0,0.0,0.4,0.4,0.4,0.0,9.963,#063263|#BAD3CD|#539C95|#FF9A42|#C36C4D|#76BB8C|#F6C29D|#EEEEE4,0.9,0.0,1.0,CMBSY7|CMBX10|CMEX10|CMMI10|CMMI12|CMMI5|CMMI6|CMMI7|CMMI9|CMMIB10|CMMIB7|CMR10|CMR12|CMR5|CMR6|CMR7|CMR9|CMSY10|CMSY5|CMSY6|CMSY7|CMSY8|CMSY9|MSBM10|NimbusMonL-Regu|NimbusRomNo9L-Medi|NimbusRomNo9L-MediItal|NimbusRomNo9L-Regu|NimbusRomNo9L-ReguItal
iclr-2026-dc7ecb0275a2,ICLR,oral,replication_200,23,5,28,28,1.0,27.464,24.0,0.0,0.214286,0.142857,0.285714,0.071429,6.974,#FFE5CE|#FFF6E8|#B9D6C7|#E6F2F7|#FBDADA|#FFF7E9|#DDFADD|#B39A9D,0.571429,0.214286,0.785714,CMEX10|CMMI10|CMMI5|CMMI6|CMMI7|CMMI9|CMR10|CMR5|CMR7|CMR9|CMSY10|CMSY5|CMSY6|CMSY7|CMSY9|CanvaSans-Bold|CanvaSans-BoldItalic|CanvaSans-Regular|CanvaSans-RegularItalic|DejaVuSans|DejaVuSans-Bold|DejaVuSans-Oblique|DejaVuSerif|DejaVuSerif-Bold|Dingbats|FontAwesome5Brands-Regular|LiberationSans|LiberationSans-Bold|MSBM10|NimbusMonL-Bold|NimbusMonL-Regu|NimbusRomNo9L-Medi|NimbusRomNo9L-Regu|NimbusRomNo9L-ReguItal|SourceHanSerifSC|SourceHanSerifSC-Bold|SourceHanSerifSC-Regular|TimesNRMTPro|TimesNRMTPro-Bold
iclr-2026-ddc69d973093,ICLR,oral,foundation_200,14,1,15,15,1.0,40.4,37.0,0.0,0.866667,0.2,0.066667,0.533333,9.963,#F8776E|#03BFC4|#F8766D|#04C0C5|#8BE0E2|#F3D7D4|#44CFD3|#D6EFF0,0.866667,0.0,1.0,CMBX10|CMBX5|CMBX6|CMBX9|CMEX10|CMEX9|CMMI10|CMMI5|CMMI6|CMMI7|CMMI9|CMMIB10|CMMIB5|CMMIB7|CMMIB9|CMR10|CMR5|CMR6|CMR7|CMR9|CMSY10|CMSY5|CMSY6|CMSY7|CMSY9|Helvetica|MSBM10|MSBM7|NimbusMonL-Regu|NimbusRomNo9L-Medi|NimbusRomNo9L-Regu|NimbusRomNo9L-ReguItal|Symbol
iclr-2026-de09352af556,ICLR,oral,foundation_200,13,13,26,26,1.0,44.615,33.0,0.076923,0.346154,0.0,0.192308,0.0,9.963,#CFEBF7|#D0D7F0|#DCEAF6|#D0D7EF|#89CDE9|#C1E3EB|#74A4BB|#9F4CA0,0.615385,0.192308,0.615385,CMBX10|CMBX9|CMEX10|CMMI10|CMMI5|CMMI6|CMMI7|CMMI9|CMR10|CMR5|CMR6|CMR7|CMR9|CMSY10|CMSY5|CMSY6|CMSY7|CMSY9|F110|MSAM10|MSAM7|MSBM10|NimbusMonL-Regu|NimbusRomNo9L-Medi|NimbusRomNo9L-MediItal|NimbusRomNo9L-Regu|NimbusRomNo9L-ReguItal|TimesNewRomanPS-BoldMT|TimesNewRomanPSMT
iclr-2026-dedfde9d7c99,ICLR,oral,replication_200,16,13,29,29,1.0,40.276,32.0,0.0,0.724138,0.206897,0.413793,0.034483,8.966,#B4D5CA|#B1D3C8|#E8F4FA|#61C2DE|#2F5277|#AD94AD|#FCE2BD|#87477B,0.517241,0.068966,0.862069,ArialMT|CIDFont+F1|CIDFont+F2|CIDFont+F3|CMEX10|CMMI10|CMMI5|CMMI7|CMR10|CMR5|CMR7|CMSY10|CMSY5|CMSY6|CMSY7|DejaVuSans|FontAwesome|Google-Sans-18pt|GoogleSans18pt-Regular|MSBM10|MicrosoftYaHei|MicrosoftYaHei-Bold|NimbusMonL-Regu|NimbusRomNo9L-Medi|NimbusRomNo9L-Regu|NimbusRomNo9L-ReguItal
iclr-2026-df25bb895158,ICLR,oral,replication_200,14,7,21,21,1.0,36.19,27.0,0.761905,0.428571,0.095238,0.238095,0.0,6.974,#E0F2F5|#E7F5F8|#487BB3|#5792C8|#A73145|#7AAAD0|#A0C2DF|#CBCEDD,0.761905,0.380952,0.619048,CMEX10|CMMI10|CMMI5|CMMI7|CMMI9|CMR10|CMR5|CMR6|CMR7|CMR9|CMSY10|CMSY6|CMSY7|CMSY9|HelveticaNeue|HelveticaNeue-Bold|HelveticaNeue-BoldItalic|HelveticaNeue-Italic|HelveticaNeue-Medium|MSAM10|MSBM10|NimbusMonL-Bold|NimbusMonL-Regu|NimbusMonL-ReguObli|NimbusRomNo9L-Medi|NimbusRomNo9L-MediItal|NimbusRomNo9L-Regu|NimbusRomNo9L-ReguItal|SFRB0700
iclr-2026-df99a0fdd618,ICLR,oral,foundation_200,10,11,21,21,1.0,31.571,26.0,0.809524,0.380952,0.047619,0.428571,0.0,9.963,#4F4E3E|#43392E|#A9B6BD|#7C6451|#A38C79|#6A5F4B|#BCC9CD|#7C7A77,0.52381,0.190476,0.714286,Aptos|Arial-BoldMT|Arial-ItalicMT|ArialMT|CMBX10|CMBX7|CMMI10|CMMI5|CMMI7|CMR10|CMR5|CMR7|CMSY10|CMSY6|CMSY7|CMTT10|Dingbats|MSBM10|NimbusMonL-Regu|NimbusRomNo9L-Medi|NimbusRomNo9L-Regu|NimbusRomNo9L-ReguItal|TimesNewRomanPS-BoldMT|TimesNewRomanPSMT
iclr-2026-dff0527cb8cf,ICLR,oral,foundation_200,6,8,14,14,1.0,37.714,27.5,0.0,0.357143,0.142857,0.428571,0.0,9.963,#D4E8FF|#C7E8AC|#FCFCCA|#E7F7E2|#8E8085|#8BBED9|#EFD4C9|#CEECCB,0.428571,0.142857,0.785714,CMBX10|CMEX10|CMMI10|CMMI5|CMMI6|CMMI7|CMMI9|CMR10|CMR5|CMR6|CMR7|CMR9|CMSY10|CMSY5|CMSY6|CMSY7|CMSY9|CMTI10|CMTI7|DejaVuSans|Helvetica|Helvetica-Bold|Helvetica-BoldOblique|Helvetica-Oblique|MSAM10|MSAM7|MSBM10|MSBM7|NimbusMonL-Regu|NimbusRomNo9L-Medi|NimbusRomNo9L-Regu|NimbusRomNo9L-ReguItal|SFRM1000
iclr-2026-e17153a60ea0,ICLR,oral,foundation_200,7,10,17,17,1.0,41.647,25.0,0.0,0.470588,0.176471,0.176471,0.176471,7.255,#FFD9D9|#FFFBCC|#D9D9FF|#E2DEDA|#ECC2B9|#C46B74|#EFB09A|#FEFCD8,0.705882,0.352941,0.352941,CMBX10|CMBX7|CMEX10|CMMI10|CMMI12|CMMI5|CMMI7|CMMIB10|CMMIB7|CMR10|CMR5|CMR7|CMSY10|CMSY5|CMSY6|CMSY7|CMTT10|CambriaMath|DejaVuSans|DengXian-Regular|MSAM10|MSBM10|MSBM7|NimbusRomNo9L-Medi|NimbusRomNo9L-MediItal|NimbusRomNo9L-Regu|NimbusRomNo9L-ReguItal|TimesNewRomanPS-BoldMT|TimesNewRomanPSMT
iclr-2026-e6952544908b,ICLR,oral,foundation_200,4,0,4,4,1.0,68.0,64.5,0.0,0.25,1.0,0.75,0.0,6.994,#A4AAC0|#49AB91|#ECF6DD|#6A789F|#E6E486|#5B347A|#B7D3B5|#87D091,1.0,0.0,1.0,CMBX10|CMEX10|CMEX7|CMMI10|CMMI5|CMMI6|CMMI7|CMMI9|CMMIB10|CMR10|CMR5|CMR7|CMR9|CMSY10|CMSY5|CMSY6|CMSY7|CMSY9|DejaVuSans|DejaVuSans-Oblique|MSAM10|MSBM10|MSBM7|NimbusMonL-Regu|NimbusRomNo9L-Medi|NimbusRomNo9L-Regu|NimbusRomNo9L-ReguItal
iclr-2026-e7be893c9452,ICLR,oral,foundation_200,9,4,13,13,1.0,51.0,54.0,0.692308,0.615385,0.307692,0.384615,0.0,5.322,#6B6BFF|#DEEBF7|#FEF2CE|#A6A6FF|#D1D1FF|#2727FF|#E5E5FF|#A13D9C,0.923077,0.153846,0.769231,AppleColorEmoji|CMEX10|CMMI10|CMMI6|CMMI7|CMMI9|CMR10|CMR7|CMR9|CMSY10|CMSY6|CMSY7|Calibri|Calibri-Bold|CambriaMath|ComicSansMS|DejaVuSans|DejaVuSans-Bold|DengXian-Regular|Dingbats|Helvetica|HelveticaNeue-Medium|NimbusMonL-Regu|NimbusRomNo9L-Medi|NimbusRomNo9L-Regu|NimbusRomNo9L-ReguItal|TimesNewRomanPS-ItalicMT
iclr-2026-e7ef44128dd8,ICLR,oral,foundation_200,3,9,12,12,1.0,50.417,46.5,0.833333,0.5,0.0,0.333333,0.083333,9.963,#EBFFEB|#F5EBFF|#EBF5FF|#FFF5E6|#69A3B6|#304343|#E9EDE6|#7A8661,0.416667,0.0,0.916667,CMEX10|CMMI10|CMMI5|CMMI7|CMR10|CMR6|CMR7|CMSY10|CMSY6|CMSY7|NimbusMonL-Regu|NimbusRomNo9L-Medi|NimbusRomNo9L-Regu|NimbusRomNo9L-ReguItal|SFRM0600|SFRM0700|[none]
iclr-2026-e87e18e18569,ICLR,oral,foundation_200,7,6,13,13,1.0,51.385,30.0,0.0,0.615385,0.307692,0.461538,0.0,8.966,#EDEDFF|#FFDEEF|#E2F0D9|#5B8DB8|#497194|#FFF2CC|#99766A|#C8CB8F,0.769231,0.230769,0.538462,CMBX10|CMEX10|CMMI10|CMMI7|CMR10|CMR7|CMSY10|CMSY6|CMSY7|DejaVuSans|DejaVuSerif|FontAwesome5Brands-Regular|FontAwesome5Free-Solid|NimbusMonL-Bold|NimbusMonL-Regu|NimbusRomNo9L-Medi|NimbusRomNo9L-Regu|NimbusRomNo9L-ReguItal|TimesNewRomanPS-BoldMT
iclr-2026-e943a2f002d1,ICLR,oral,replication_200,7,8,15,15,1.0,34.067,13.0,0.0,0.266667,0.066667,0.2,0.0,8.966,#E6CBB2|#F2E5D9|#BF8040|#A7A094|#F1D19A|#D0E3EA|#B58C64|#D4B48F,0.733333,0.266667,0.733333,AbadiMT-CondensedLight|CMEX10|CMMI10|CMMI5|CMMI7|CMR10|CMR6|CMR7|CMSY10|CMSY6|CMSY7|CMSY9|Calibri|Calibri-Bold|CambriaMath|Hubballi-Regular|LMRoman10-Regular|LMRomanDemi10-Regular|MSBM10|NimbusMonL-Regu|NimbusRomNo9L-Medi|NimbusRomNo9L-Regu|NimbusRomNo9L-ReguItal|TimesNewRomanPS-BoldMT|TimesNewRomanPS-ItalicMT|TimesNewRomanPSMT|TrebuchetMS
iclr-2026-eb4983c11917,ICLR,oral,foundation_200,14,6,20,20,1.0,49.6,50.5,0.95,0.5,0.3,0.6,0.0,7.607,#F7FCE3|#2259A6|#7CCCBB|#75C9BD|#F0F7D0|#D0EEE2|#C6E5EC|#77CAF2,0.8,0.2,0.75,Aptos|ArialMT|CMMI10|CMMI7|CMR10|CMR7|CMSY10|CMSY6|CMSY7|CMSY9|Calibri|Calibri-Italic|DejaVuSans|NimbusMonL-Regu|NimbusRomNo9L-Medi|NimbusRomNo9L-MediItal|NimbusRomNo9L-Regu|NimbusRomNo9L-ReguItal|SFRM0900|SFRM1000|SegoeUISymbol
iclr-2026-ee69851b0726,ICLR,oral,foundation_200,8,10,18,18,1.0,19.778,9.0,0.444444,0.388889,0.222222,0.166667,0.0,9.963,#FFF3EC|#FFFCEF|#FFF6E5|#FBF4E4|#DECAC7|#ADB6AC|#E7B69C|#E2B8D7,0.5,0.611111,0.388889,CMEX10|CMEX7|CMMI10|CMMI5|CMMI7|CMR10|CMR5|CMR7|CMSY10|CMSY5|CMSY7|MSAM10|MSBM10|MSBM7|NimbusMonL-Regu|NimbusRomNo9L-Medi|NimbusRomNo9L-Regu|NimbusRomNo9L-ReguItal|[none]
iclr-2026-f34826d49cba,ICLR,oral,foundation_200,13,1,14,14,1.0,18.357,14.5,0.0,0.214286,0.214286,0.142857,0.0,9.963,#1F77B4|#FFCDA2|#A8CAE0|#ABD8AB|#FDBEBF|#4D83B3|#90B7D5|#FAE2E3,0.928571,0.642857,0.357143,CMBX10|CMEX10|CMEX7|CMMI10|CMMI5|CMMI7|CMMI9|CMR10|CMR5|CMR6|CMR7|CMSY10|CMSY5|CMSY6|CMSY7|F97|MSAM10|MSBM10|NimbusMonL-Regu|NimbusRomNo9L-Medi|NimbusRomNo9L-Regu|NimbusRomNo9L-ReguItal
iclr-2026-f37e773ebaa6,ICLR,oral,foundation_200,15,5,20,20,1.0,43.9,39.0,0.55,0.6,0.3,0.6,0.1,7.358,#C8EBF9|#1F77B4|#B8E0F2|#DEF0F8|#C5E9F7|#267CB8|#2177B3|#8FC1DB,0.75,0.1,0.9,CMBX10|CMEX10|CMMI10|CMMI5|CMMI7|CMMI9|CMR10|CMR5|CMR7|CMR9|CMSY10|CMSY5|CMSY7|CMSY9|Calibri-BoldItalic|Calibri-LightItalic|Cambria-Bold|CambriaMath|ComicSansMS|ComicSansMS-Bold|ComicSansMS-BoldItalic|ComicSansMS-Italic|DengXian-Regular|Dingbats|MSBM10|NimbusMonL-Bold|NimbusMonL-Regu|NimbusRomNo9L-Medi|NimbusRomNo9L-Regu|NimbusRomNo9L-ReguItal|TimesNewRomanPS-BoldItalicMT|TimesNewRomanPS-BoldMT|TimesNewRomanPS-ItalicMT|TimesNewRomanPSMT
iclr-2026-f448909bdd66,ICLR,oral,replication_200,14,8,22,22,1.0,55.045,51.0,0.909091,0.5,0.318182,0.636364,0.0,9.963,#C7AA6E|#9EC1E1|#73523D|#49362B|#9E7663|#819C95|#5A707F|#DBDED6,0.681818,0.136364,0.863636,Aptos|Aptos-Bold|CMEX10|CMMI10|CMMI5|CMMI7|CMR10|CMR5|CMR7|CMSY10|CMSY5|CMSY7|CambriaMath|Cmmi10|Cmr10|LinLibertine|LinLibertineB|LinLibertineBI|LinLibertineI|MSBM10|Menlo-Regular|NimbusMonL-Regu|NimbusRomNo9L-Medi|NimbusRomNo9L-Regu|NimbusRomNo9L-ReguItal|TimesNewRomanPS-BoldMT|TimesNewRomanPSMT|Wingdings-Regular
iclr-2026-f63ee6bf1935,ICLR,oral,replication_200,10,6,16,15,0.9375,36.733,30.0,0.866667,0.466667,0.066667,0.466667,0.0,9.963,#FFCCCC|#CCCCFF|#FFFBD6|#EA9775|#EA9774|#878EB8|#5D4D53|#878EB7,0.875,0.375,0.5,CMMI10|CMMI5|CMMI7|CMMI9|CMR10|CMR6|CMR7|CMR9|CMSY10|CMSY5|CMSY7|CMSY9|MSBM10|NimbusMonL-Regu|NimbusMonL-ReguObli|NimbusRomNo9L-Medi|NimbusRomNo9L-Regu|NimbusRomNo9L-ReguItal
iclr-2026-f8c3d1a8ada1,ICLR,oral,replication_200,6,12,18,18,1.0,29.333,16.5,0.833333,0.166667,0.111111,0.111111,0.111111,9.963,#6A9ACE|#80AAA5|#2D3651|#E6EDD9|#EA8C42|#9FD0B2|#5E5E64|#517F7B,0.388889,0.055556,0.888889,CMBX10|CMEX10|CMMI10|CMMI5|CMMI7|CMMIB10|CMR10|CMR7|CMSY10|CMSY5|CMSY6|CMSY7|CMSY9|CambriaMath|DejaVuSerif|DejaVuSerif-Bold|MSAM10|MSBM10|NimbusMonL-Regu|NimbusRomNo9L-Medi|NimbusRomNo9L-Regu|NimbusRomNo9L-ReguItal|TimesNewRomanPS-BoldMT|TimesNewRomanPSMT
iclr-2026-f8f364a44221,ICLR,oral,foundation_200,35,48,83,83,1.0,30.566,16.0,0.963855,0.373494,0.13253,0.313253,0.012048,9.963,#E6E6FF|#CACAFF|#9999B2|#E1E1F9|#1F77B4|#138913|#0C0BFB|#E30621,0.204819,0.385542,0.614458,AppleColorEmoji|CMMI10|CMMI7|CMMI9|CMR10|CMR7|CMSY10|CMSY7|CMSY9|DejaVuSans|DejaVuSans-Bold|HelveticaNeue-Bold|NimbusMonL-Regu|NimbusRomNo9L-Medi|NimbusRomNo9L-Regu|NimbusRomNo9L-ReguItal
iclr-2026-fac989b896c5,ICLR,oral,foundation_200,4,11,15,15,1.0,55.4,67.0,0.066667,0.8,0.066667,0.333333,0.2,8.966,#FFD9D9|#FFF2CC|#EAD1DC|#CFE2F3|#AC9292|#D8D2E9|#C0BDB3|#ACABA6,0.533333,0.4,0.6,CMBX10|CMEX10|CMMI10|CMMI6|CMMI7|CMMI9|CMR10|CMR7|CMSY10|CMSY7|CMSY9|DejaVuSans|DejaVuSans-Bold|NimbusMonL-Regu|NimbusRomNo9L-Medi|NimbusRomNo9L-MediItal|NimbusRomNo9L-Regu|NimbusRomNo9L-ReguItal|font000000002e84fdd3|font000000002e851fa6
iclr-2026-fb08cee992a1,ICLR,oral,replication_200,22,8,30,30,1.0,24.967,20.5,0.0,0.533333,0.133333,0.4,0.0,7.433,#D5EEB5|#EDBFAB|#B3B3FE|#F5935F|#9E97E6|#7A9599|#CCCC87|#C07F87,0.566667,0.3,0.7,ArialMT|CMEX10|CMMI10|CMMI5|CMMI7|CMR10|CMR7|CMSY10|CMSY6|CMSY7|Consolas|Consolas-Bold|Consolas-Italic|DejaVuSans|DejaVuSans-Bold|MSBM10|NimbusMonL-Regu|NimbusMonL-ReguObli|NimbusRomNo9L-Medi|NimbusRomNo9L-Regu|NimbusRomNo9L-ReguItal|TimesNewRomanPS-BoldMT|TimesNewRomanPSMT
iclr-2026-fd78f005be2e,ICLR,oral,foundation_200,33,2,35,35,1.0,44.886,48.0,0.314286,0.771429,0.2,0.685714,0.0,9.963,#1515FF|#473425|#788784|#B88B5A|#756C57|#B5A891|#864A2B|#515E59,0.914286,0.114286,0.885714,CMEX10|CMEX7|CMEX9|CMMI10|CMMI5|CMMI6|CMMI7|CMMI9|CMR10|CMR5|CMR6|CMR7|CMR9|CMSS10|CMSS8|CMSY10|CMSY5|CMSY6|CMSY7|CMSY9|Cmmi10|DejaVuSans|DejaVuSans-Oblique|DejaVuSerif|MSAM10|MSBM10|MSBM7|NimbusMonL-Regu|NimbusRomNo9L-Medi|NimbusRomNo9L-MediItal|NimbusRomNo9L-Regu|NimbusRomNo9L-ReguItal|NimbusSanL-Regu
iclr-2026-fdf9a5fa8f55,ICLR,oral,foundation_200,5,14,19,19,1.0,21.842,18.0,0.0,0.210526,0.105263,0.210526,0.0,9.963,#2B79A8|#8A608E|#3B7FAB|#FFC61D|#E83F6F|#418BA7|#FFDA6E|#C0D0D0,0.263158,0.315789,0.684211,CMMI10|CMSY10|CMSY6|CMSY7|DejaVuSans|Dingbats|NimbusMonL-Regu|NimbusRomNo9L-Medi|NimbusRomNo9L-Regu|NimbusRomNo9L-ReguItal|Palatino-Roman
iclr-2026-fe86008e62d4,ICLR,oral,foundation_200,18,0,18,18,1.0,67.667,68.0,0.055556,0.5,0.5,0.944444,0.333333,7.481,#3274A1|#E1812C|#FF7F0E|#9E9CFC|#E23C5D|#0C0BFD|#DFCFF0|#3D3DFD,1.0,0.0,1.0,CMBX10|CMEX10|CMEX9|CMMI10|CMMI12|CMMI5|CMMI6|CMMI7|CMMI8|CMMI9|CMMIB10|CMMIB7|CMMIB9|CMR10|CMR12|CMR5|CMR6|CMR7|CMR8|CMR9|CMSS8|CMSY10|CMSY5|CMSY6|CMSY7|CMSY8|CMSY9|CMTT9|MSBM10|MSBM7|NimbusMonL-Bold|NimbusMonL-Regu|NimbusRomNo9L-Medi|NimbusRomNo9L-Regu|NimbusRomNo9L-ReguItal
iclr-2026-ff40de6c7ac1,ICLR,oral,replication_200,19,15,34,34,1.0,26.588,26.0,0.0,0.352941,0.088235,0.411765,0.0,9.963,#F6E1E0|#CAC5D0|#B391A5|#8F6682|#E890C5|#D0626D|#87C19E|#F5BAB0,0.558824,0.382353,0.529412,CMEX10|CMEX9|CMMI10|CMMI12|CMMI5|CMMI6|CMMI7|CMMI9|CMMIB8|CMR10|CMR5|CMR6|CMR7|CMR9|CMSS10|CMSS12|CMSSBX10|CMSY10|CMSY5|CMSY6|CMSY7|CMSY9|FontAwesome5Brands-Regular|MSAM10|NimbusMonL-Regu|NimbusRomNo9L-Medi|NimbusRomNo9L-MediItal|NimbusRomNo9L-Regu|NimbusRomNo9L-ReguItal
icml-2026-01423817c82b,ICML,oral,foundation_200,8,7,15,13,0.866667,59.077,42.0,0.384615,0.384615,0.153846,0.461538,0.076923,8.966,#CC8963|#5975A4|#D9F2D0|#5B7D91|#75A0B2|#335162|#98CFE1|#BEAEAF,0.733333,0.4,0.4,Aptos|Aptos-Bold|Aptos-Italic|Arial-BoldMT|ArialMT|CMBX10|CMBX9|CMEX10|CMMI10|CMMI5|CMMI6|CMMI7|CMMI9|CMMIB10|CMR10|CMR5|CMR6|CMR7|CMR9|CMSY10|CMSY6|CMSY7|CMSY9|CMTI9|Calibri|Calibri-Bold|Calibri-BoldItalic|Calibri-Italic|Calibri-LightItalic|CambriaMath|Courier|Courier-Bold|Courier-BoldOblique|Courier-Oblique|Helvetica|Helvetica-Bold|Helvetica-BoldOblique|Helvetica-Oblique|MSBM10|NimbusMonL-Regu|NimbusRomNo9L-Medi|NimbusRomNo9L-MediItal|NimbusRomNo9L-Regu|NimbusRomNo9L-ReguItal|NimbusSanL-Regu|Times-Bold|Times-BoldItalic|Times-Italic|Times-Roman
icml-2026-07e2bc33888c,ICML,spotlight,foundation_200,36,2,38,38,1.0,45.921,38.0,0.0,0.394737,0.157895,0.421053,0.026316,8.966,#FFF4EE|#FFB366|#FF6666|#FF4D4D|#E8E4F6|#FFFFCC|#FF6F6F|#FFF2CC,0.605263,0.236842,0.763158,CMEX10|CMMI10|CMMI6|CMMI7|CMMI9|CMR10|CMR6|CMR7|CMR9|CMSY10|CMSY7|CMSY9|CMTI9|LMMono10-Regular|LMMono9-Regular|LMMonoLt10-Bold|MSBM10|NimbusRomNo9L-Medi|NimbusRomNo9L-Regu|NimbusRomNo9L-ReguItal|Times-Roman
icml-2026-114dd793a5be,ICML,spotlight,foundation_200,15,9,24,24,1.0,38.667,32.5,0.0,0.791667,0.166667,0.333333,0.0,8.966,#314150|#858D9B|#243745|#A05F9E|#C94943|#ACB2C5|#526777|#1D303F,0.625,0.041667,0.958333,CMBX10|CMEX10|CMMI10|CMMI12|CMMI5|CMMI6|CMMI7|CMMI8|CMMI9|CMMIB10|CMR10|CMR5|CMR6|CMR7|CMR9|CMSY10|CMSY5|CMSY6|CMSY7|CMSY9|MSAM10|NimbusMonL-Regu|NimbusRomNo9L-Medi|NimbusRomNo9L-Regu|NimbusRomNo9L-ReguItal|Times-Roman
icml-2026-121abf6fcacd,ICML,oral,foundation_200,11,3,14,14,1.0,51.143,52.0,0.0,0.428571,0.285714,0.357143,0.0,8.966,#4B92C3|#FD9841|#BB6C7D|#E593A9|#8FBF86|#7CAAD0|#E0AEAD|#A6C8E1,0.785714,0.142857,0.785714,ArialMT|CMBX10|CMBX5|CMBX7|CMEX10|CMEX7|CMMI10|CMMI5|CMMI6|CMMI7|CMMI9|CMR10|CMR5|CMR6|CMR7|CMR9|CMSY10|CMSY5|CMSY6|CMSY7|CMSY9|CMTI9|Courier|Courier-Bold|Courier-BoldOblique|Courier-Oblique|DejaVuSans|DejaVuSans-Oblique|Helvetica|Helvetica-Bold|Helvetica-BoldOblique|Helvetica-Oblique|MSAM10|MSBM10|MSBM7|MyriadPro-Regular|NimbusMonL-Regu|NimbusRomNo9L-Medi|NimbusRomNo9L-Regu|NimbusRomNo9L-ReguItal|SegoeUIVariable|Times-Bold|Times-BoldItalic|Times-Italic|Times-Roman
icml-2026-124a926154b3,ICML,oral,foundation_200,42,15,57,57,1.0,32.421,29.0,0.052632,0.473684,0.385965,0.368421,0.035088,8.966,#1F78B4|#206DB1|#1E78B4|#08306B|#1E6DB1|#206DB0|#DCEAF7|#1F77B3,0.754386,0.263158,0.736842,ArialMT|CMBX10|CMEX10|CMEX7|CMMI10|CMMI5|CMMI6|CMMI7|CMMI9|CMR10|CMR5|CMR6|CMR7|CMR9|CMSY10|CMSY5|CMSY6|CMSY7|CMSY9|CMTI9|MSBM10|NimbusMonL-Bold|NimbusMonL-Regu|NimbusRomNo9L-Medi|NimbusRomNo9L-Regu|NimbusRomNo9L-ReguItal|Pretendard-Bold|Pretendard-Regular|Stencil|Times-Roman
icml-2026-12ceaf196f4d,ICML,spotlight,foundation_200,9,8,17,17,1.0,38.294,31.0,0.0,0.294118,0.0,0.117647,0.176471,8.966,#FD8C3C|#94C4DF|#CCDFD8|#297180|#E5CBC4|#579291|#88ADB4|#EA7354,0.705882,0.470588,0.529412,CMEX10|CMMI10|CMMI5|CMMI6|CMMI7|CMMI8|CMMI9|CMR10|CMR5|CMR6|CMR7|CMR8|CMR9|CMSY10|CMSY5|CMSY6|CMSY7|CMSY8|CMSY9|CMTI9|Courier|Courier-Bold|Courier-BoldOblique|Courier-Oblique|Dingbats|EUFM10|Helvetica|Helvetica-Bold|Helvetica-BoldOblique|Helvetica-Oblique|MSAM7|MSBM10|NimbusMonL-Regu|NimbusRomNo9L-Medi|NimbusRomNo9L-Regu|NimbusRomNo9L-ReguItal|StandardSymL_Slant_167|Times-Bold|Times-BoldItalic|Times-Italic|Times-Roman|TimesNewRomanPSMT
icml-2026-13200752b19d,ICML,oral,foundation_200,19,8,27,27,1.0,33.185,25.0,0.333333,0.259259,0.185185,0.37037,0.0,9.464,#55A868|#4C72B0|#C9EDFD|#E3F2F3|#2E3A58|#E3D6DD|#5E3D62|#7E90A6,0.888889,0.111111,0.814815,Arial-BoldMT|ArialMT|CIDFont+F1|CIDFont+F2|CIDFont+F3|CMBX10|CMEX10|CMMI10|CMMI7|CMMI9|CMR10|CMSY10|CMSY7|CMTT10|CMTT12|CMTT9|CascadiaCode-Roman|ComicSansMS|Impact|MSAM10|NimbusMonL-Regu|NimbusRomNo9L-Medi|NimbusRomNo9L-Regu|NimbusRomNo9L-ReguItal|SFRM1000|Times-Roman
icml-2026-159ec0c7baad,ICML,spotlight,foundation_200,7,5,12,12,1.0,17.083,12.5,0.0,0.083333,0.0,0.0,0.0,8.966,#B9ADD1|#FCDFA4|#F5C06A|#FDD584|#D6D4E1|#B6B6D7|#C1C1DE|#FEEABE,0.666667,0.666667,0.25,CMBX10|CMBX7|CMBX9|CMEX10|CMEX9|CMMI10|CMMI5|CMMI6|CMMI7|CMMI9|CMR10|CMR5|CMR6|CMR7|CMR9|CMSY10|CMSY6|CMSY7|CMSY9|DejaVuMathTeXGyre-Regular|HYQiHei-EES|MSBM10|MSBM7|NimbusMonL-Regu|NimbusRomNo9L-Medi|NimbusRomNo9L-Regu|NimbusRomNo9L-ReguItal|Times-Roman|TimesNewRomanPS-BoldItalicMT|TimesNewRomanPS-BoldMT|TimesNewRomanPSMT
icml-2026-184e90336c6b,ICML,spotlight,foundation_200,21,8,29,29,1.0,38.172,26.0,0.0,0.482759,0.275862,0.448276,0.241379,8.062,#C05046|#9FB47D|#BA9E63|#D9E5CF|#BDCFAE|#D7D3AD|#996667|#F4F2DD,0.793103,0.344828,0.62069,CMBX10|CMBX7|CMEX10|CMMI10|CMMI5|CMMI6|CMMI7|CMMI9|CMR10|CMR6|CMR7|CMR9|CMSY10|CMSY6|CMSY7|CMSY9|ComicSansMS|ComicSansMS-Bold|DejaVuSans|MSAM10|MSAM7|MSBM10|NimbusRomNo9L-Medi|NimbusRomNo9L-MediItal|NimbusRomNo9L-Regu|NimbusRomNo9L-ReguItal|SimSun|Times-Roman
icml-2026-19ec66cff1c1,ICML,spotlight,foundation_200,80,9,89,89,1.0,18.382,13.0,0.0,0.11236,0.044944,0.05618,0.11236,6.087,#EA4335|#4285F4|#A42F25|#EB5144|#4285F3|#01BCD4|#00BCD4|#01BBD3,0.898876,0.876404,0.11236,ArialMT|CMBX10|CMBX12|CMBX9|CMEX10|CMMI10|CMMI12|CMMI5|CMMI6|CMMI7|CMMI8|CMMI9|CMMIB10|CMR10|CMR12|CMR17|CMR5|CMR6|CMR7|CMR8|CMR9|CMSY10|CMSY7|CMSY8|CMSY9|CMTI10|CMTI9|CMTT10|CMTT8|DejaVuSans|DejaVuSans-Oblique|MSBM10|MSBM7|SFRM0600|SFRM0800|SFRM1000|Times-Roman
icml-2026-1c5182bdf0c8,ICML,spotlight,foundation_200,5,14,19,19,1.0,47.842,22.0,0.157895,0.473684,0.631579,0.157895,0.0,8.966,#CDBCF3|#8FDAB3|#E6AECA|#E8D8B0|#6B4D61|#D5C6F7|#AE91AF|#C0B5E3,0.315789,0.052632,0.947368,CMBX9|CMEX10|CMEX7|CMEX9|CMMI10|CMMI6|CMMI7|CMMI9|CMR10|CMR5|CMR6|CMR7|CMR9|CMSY10|CMSY6|CMSY7|CMSY9|CMTI9|Courier|Courier-Bold|Courier-BoldOblique|Courier-Oblique|DejaVuSans|DejaVuSans-Bold|Helvetica|Helvetica-Bold|Helvetica-BoldOblique|Helvetica-Oblique|MSBM10|NimbusMonL-Regu|NimbusRomNo9L-Medi|NimbusRomNo9L-Regu|NimbusRomNo9L-ReguItal|Times-Bold|Times-BoldItalic|Times-Italic|Times-Roman|[none]
icml-2026-1d55d472edbc,ICML,spotlight,foundation_200,6,4,10,9,0.9,44.778,13.0,0.0,0.444444,0.333333,0.111111,0.222222,8.495,#FDF3ED|#D6EAE8|#F9E5E0|#EFD4D4|#A0BC87|#A1289E|#FCF3EC|#ACD9B9,0.6,0.6,0.3,CMBSY10|CMBX10|CMEX10|CMEX7|CMEX9|CMMI10|CMMI5|CMMI6|CMMI7|CMMI9|CMMIB10|CMMIB5|CMMIB7|CMR10|CMR5|CMR6|CMR7|CMR9|CMSS10|CMSS12|CMSY10|CMSY5|CMSY7|CMSY9|CMTI9|CMTT10|DejaVuSans|DejaVuSans-Oblique|F226|MSAM10|MSBM10|MSBM7|NimbusRomNo9L-Medi|NimbusRomNo9L-Regu|NimbusRomNo9L-ReguItal|SourceCodePro-Regular|Times-Roman|dsrom10
icml-2026-1dfcf4c8869d,ICML,spotlight,foundation_200,10,2,12,12,1.0,51.75,46.5,0.083333,0.583333,0.166667,0.416667,0.0,6.691,#7A5E6B|#C9977A|#AFC1DB|#4C5C85|#627393|#899098|#837485|#997B96,0.916667,0.333333,0.666667,Arial-BoldMT|ArialMT|CMBX10|CMBX6|CMBX7|CMBX9|CMEX10|CMEX9|CMMI10|CMMI12|CMMI5|CMMI6|CMMI7|CMMI9|CMMIB10|CMR10|CMR12|CMR17|CMR5|CMR6|CMR7|CMR8|CMR9|CMSY10|CMSY5|CMSY6|CMSY7|CMSY9|CMTI9|DejaVuSans|DejaVuSans-Bold|DejaVuSans-Oblique|Dingbats|LibreBaskerville-Regular|MS-PGothic|MSBM10|MSBM7|NimbusMonL-Regu|NimbusRomNo9L-Medi|NimbusRomNo9L-MediItal|NimbusRomNo9L-Regu|NimbusRomNo9L-ReguItal|Times-Roman
icml-2026-1e762aa63b55,ICML,oral,foundation_200,13,8,21,21,1.0,24.429,13.0,0.0,0.333333,0.047619,0.238095,0.0,7.47,#8AC0D0|#FDFED7|#96C9CD|#B2DCCA|#E0EBC2|#BCC7AF|#BD8A8B|#99B6B8,0.714286,0.666667,0.333333,CMEX10|CMMI10|CMMI7|CMMI9|CMR10|CMR6|CMR7|CMR9|CMSY10|CMSY6|CMSY7|CMSY9|DejaVuSans|DejaVuSans-Bold|NimbusMonL-Regu|NimbusRomNo9L-Medi|NimbusRomNo9L-Regu|NimbusRomNo9L-ReguItal|Times-Roman
icml-2026-21bf37d1d47a,ICML,oral,foundation_200,11,10,21,21,1.0,45.476,50.0,0.0,0.52381,0.285714,0.571429,0.142857,8.966,#98A8B6|#CFDBE5|#FBE5C6|#BBC7D3|#4B647D|#DA9E8D|#AA848E|#CAA8B8,0.52381,0.142857,0.857143,CMBX10|CMBX7|CMEX10|CMEX9|CMMI10|CMMI5|CMMI6|CMMI7|CMMI9|CMMIB10|CMMIB7|CMMIB9|CMR10|CMR5|CMR6|CMR7|CMR9|CMSY10|CMSY5|CMSY6|CMSY7|CMSY9|CMTI9|MSBM10|NimbusMonL-Regu|NimbusRomNo9L-Medi|NimbusRomNo9L-Regu|NimbusRomNo9L-ReguItal|Times-Roman
icml-2026-26bfc642d651,ICML,oral,foundation_200,20,8,28,28,1.0,23.286,12.0,0.071429,0.321429,0.107143,0.214286,0.0,7.0,#FF7F0E|#1F77B4|#D7E7F1|#FF7F0F|#FFE9D6|#9AC2DD|#FF9F4B|#FF8214,0.785714,0.785714,0.214286,CMBX10|CMBX9|CMEX10|CMEX9|CMMI10|CMMI5|CMMI6|CMMI7|CMMI9|CMMIB10|CMMIB9|CMR10|CMR5|CMR6|CMR7|CMR9|CMSS10|CMSS9|CMSY10|CMSY5|CMSY6|CMSY7|CMSY9|CMTI9|DejaVuSans|DejaVuSans-Oblique|DejaVuSansDisplay|Dingbats|MSAM10|MSBM10|MSBM7|NimbusMonL-Regu|NimbusRomNo9L-Medi|NimbusRomNo9L-Regu|NimbusRomNo9L-ReguItal|STIXSizeOneSym-Regular|Times-Roman
icml-2026-2801956159d6,ICML,spotlight,foundation_200,14,10,24,24,1.0,52.792,51.5,0.0,0.416667,0.125,0.458333,0.083333,9.963,#384791|#A1A8CB|#19297F|#BCC1DA|#858EBB|#525FA0|#6570AA|#CCD0E3,0.75,0.125,0.75,"Aptos,Bold|ArialMT|CMBX10|CMBX6|CMBX7|CMBX9|CMEX10|CMEX9|CMMI10|CMMI5|CMMI6|CMMI7|CMMI9|CMMIB5|CMMIB6|CMMIB7|CMR10|CMR5|CMR6|CMR7|CMR9|CMSY10|CMSY5|CMSY6|CMSY7|CMSY9|CMTI9|CambriaMath|Dingbats|MSBM10|NimbusMonL-Regu|NimbusRomNo9L-Medi|NimbusRomNo9L-Regu|NimbusRomNo9L-ReguItal|Times-Roman"
icml-2026-2b0091abd25f,ICML,oral,foundation_200,7,4,11,11,1.0,30.0,33.0,0.090909,0.545455,0.181818,0.363636,0.0,8.966,#FFF0D6|#F6EDFF|#FFDAC2|#C7656D|#B6ACB9|#E3E3ED|#FFF0D5|#FFF5DC,0.363636,0.272727,0.727273,CMBSY9|CMMI10|CMMI7|CMMI9|CMR10|CMR6|CMR7|CMR9|CMSY10|CMSY7|CMSY9|Consolas|Consolas-Bold|Consolas-Italic|DejaVuSans|DejaVuSans-Oblique|DejaVuSerif|FontAwesome5Brands-Regular|FontAwesome5Free-Solid|FontAwesome6Brands-Regular|FontAwesome6Free-Regular|FontAwesome6Free-Solid|NimbusMonL-Regu|NimbusRomNo9L-Medi|NimbusRomNo9L-MediItal|NimbusRomNo9L-Regu|NimbusRomNo9L-ReguItal|SegoeUI|SegoeUI-Bold|SegoeUI-Semibold|SegoeUIBlack|Times-Roman|[none]
icml-2026-2b91f2863fcf,ICML,spotlight,foundation_200,7,11,18,18,1.0,36.889,27.5,0.055556,0.555556,0.222222,0.5,0.111111,9.963,#E87560|#EA8D7B|#91B9D0|#8597A1|#FDEBDF|#FCBC8C|#FBD8C6|#DEC9CC,0.444444,0.388889,0.611111,CMBX10|CMBX5|CMBX7|CMBX9|CMEX10|CMMI10|CMMI5|CMMI7|CMMI9|CMR10|CMR5|CMR7|CMR9|CMSY10|CMSY5|CMSY7|CMSY9|MSAM10|MSBM10|MSBM7|NimbusMonL-Regu|NimbusRomNo9L-Medi|NimbusRomNo9L-MediItal|NimbusRomNo9L-Regu|NimbusRomNo9L-ReguItal|Times-Roman
icml-2026-2d22f08859e8,ICML,spotlight,foundation_200,29,12,41,25,0.609756,29.52,11.0,0.0,0.48,0.04,0.04,0.08,9.963,#D1E9EF|#B30000|#ECBEBE|#D0E8EE|#CCE3E9|#D4ECF2|#717E82|#A2B5BA,0.487805,0.365854,0.243902,Aptos-Bold|Aptos-Italic|CMEX10|CMEX9|CMMI10|CMMI5|CMMI6|CMMI7|CMMI9|CMR10|CMR6|CMR7|CMR9|CMSY10|CMSY7|CMSY9|CMTI9|DengXian|MSBM10|NimbusMonL-Regu|NimbusRomNo9L-Medi|NimbusRomNo9L-MediItal|NimbusRomNo9L-Regu|NimbusRomNo9L-ReguItal|Times-Roman|TimesNewRomanPS-BoldItalicMT|TimesNewRomanPS-BoldMT|TimesNewRomanPS-ItalicMT|TimesNewRomanPSMT
icml-2026-315bbaf35118,ICML,spotlight,foundation_200,14,5,19,19,1.0,64.053,55.0,0.263158,0.894737,0.368421,0.578947,0.210526,9.963,#B0A191|#A88595|#C0A7A4|#918491|#4F506D|#956B80|#CBDDEE|#C2C5D1,0.736842,0.0,1.0,Arial-BoldMT|ByteSans-Bold|ByteSans-Medium|CMBX10|CMBX7|CMEX10|CMMI10|CMMI5|CMMI6|CMMI7|CMMI9|CMR10|CMR6|CMR7|CMR8|CMR9|CMSY10|CMSY7|CMSY9|MSBM10|SFBX2074|SFCC0900|SFRM0600|SFRM0700|SFRM0900|SFRM1000|SFRM1200|SFTI0900|SFTI1000|SFTT0900|SFTT1000|Times-Roman
icml-2026-32a8402c370d,ICML,oral,foundation_200,9,4,13,13,1.0,30.923,33.0,0.0,0.384615,0.230769,0.076923,0.076923,7.367,#FF7F0E|#FFDBDA|#FFDDDC|#2776AD|#C84032|#FBE1D7|#E15B54|#FBC5A3,1.0,0.076923,0.692308,CMBX10|CMBX5|CMBX7|CMEX10|CMEX9|CMMI10|CMMI12|CMMI5|CMMI6|CMMI7|CMMI9|CMR10|CMR5|CMR6|CMR7|CMR9|CMSY10|CMSY5|CMSY6|CMSY7|CMSY9|CMTI9|CambriaMath|Cmr10|DejaVuSans|DejaVuSans-Oblique|MSBM10|NimbusMonL-Regu|NimbusRomNo9L-Medi|NimbusRomNo9L-Regu|NimbusRomNo9L-ReguItal|Times-Roman|TimesNewRomanPSMT
icml-2026-35879ec17414,ICML,spotlight,foundation_200,3,8,11,11,1.0,49.727,41.0,0.0,0.454545,0.909091,0.454545,0.0,9.963,#5562A1|#DF5657|#5AB55A|#364590|#6A75AD|#858EBC|#505D9E|#192980,0.545455,0.0,1.0,CMBX10|CMEX10|CMMI10|CMMI12|CMMI5|CMMI6|CMMI7|CMMI9|CMR10|CMR5|CMR6|CMR7|CMR9|CMSY10|CMSY5|CMSY6|CMSY7|CMSY9|CMTI9|F203|MSBM10|MSBM7|NimbusMonL-Bold|NimbusMonL-Regu|NimbusRomNo9L-Medi|NimbusRomNo9L-MediItal|NimbusRomNo9L-Regu|NimbusRomNo9L-ReguItal|Times-Roman
icml-2026-388e7825c92c,ICML,spotlight,foundation_200,17,7,24,24,1.0,32.583,26.5,0.25,0.291667,0.083333,0.25,0.0,7.97,#FBE5D5|#FEECDB|#A6CAEC|#46B1E1|#4E95D9|#C7DFF3|#3EA9DF|#4A81BA,0.75,0.208333,0.75,3|Arial-BoldItalicMT|Arial-BoldMT|Arial-ItalicMT|ArialMT|ByteSans-Bold|CMEX10|CMMI10|CMMI5|CMMI6|CMMI7|CMMI8|CMMI9|CMR10|CMR6|CMR7|CMR8|CMR9|CMSY10|CMSY6|CMSY7|CMSY8|CMSY9|Calibri|Calibri-Bold|Calibri-Light|Calibri-LightItalic|CambriaMath|ComicSansMS|Consolas-Bold|Dingbats|MSBM10|PingFangSC-Regular|PingFangSC-Semibold|SFRM0700|SFRM0800|SFRM0900|SFRM1000|SFRM1095|SFTI0800|SFTI0900|SFTI1000|SFTT0800|SFTT0900|SFTT1000|Times-Roman|TimesNewRomanPS-BoldItalicMT|TimesNewRomanPS-BoldMT|TimesNewRomanPS-ItalicMT|TimesNewRomanPSMT
icml-2026-422971fda9c0,ICML,oral,foundation_200,23,14,37,37,1.0,42.378,39.0,0.135135,0.567568,0.243243,0.702703,0.243243,8.966,#6FD6B6|#8FA4D2|#FFB085|#67D3B2|#F5A9A9|#18297F|#6FD8B7|#575F73,0.675676,0.135135,0.810811,ArialNarrow|CMBX7|CMEX10|CMMI10|CMMI5|CMMI6|CMMI7|CMMI9|CMR10|CMR5|CMR6|CMR7|CMR9|CMSY10|CMSY5|CMSY6|CMSY7|CMSY9|CMTI9|DINAlternate-Bold|DejaVuSerif-Italic|NimbusMonL-Bold|NimbusMonL-Regu|NimbusRomNo9L-Medi|NimbusRomNo9L-Regu|NimbusRomNo9L-ReguItal|NimbusSanL-Regu|StandardSymL_Slant_167|Times-Roman|TimesNewRomanPSMT
icml-2026-42cbf99e9181,ICML,spotlight,foundation_200,12,5,17,17,1.0,49.235,46.0,0.352941,0.647059,0.235294,0.647059,0.411765,6.974,#FFDFC3|#FFDEC1|#7ACAAF|#8EBCDB|#BFACD3|#47575D|#5E9A8A|#78C7AD,0.764706,0.058824,0.941176,ArialMT|CMEX10|CMMI10|CMMI5|CMMI6|CMMI7|CMMI9|CMR10|CMR5|CMR6|CMR7|CMR9|CMSY10|CMSY5|CMSY6|CMSY7|CMSY9|CMTI9|Cmr10|DejaVuSans|DejaVuSans-Oblique|MSBM10|NimbusMonL-Regu|NimbusRomNo9L-Medi|NimbusRomNo9L-MediItal|NimbusRomNo9L-Regu|NimbusRomNo9L-ReguItal|STIXNonUnicode-Italic|SimHei|Times-Roman|TimesNewRomanPS-BoldItalicMT|TimesNewRomanPS-BoldMT|TimesNewRomanPS-ItalicMT|TimesNewRomanPSMT
icml-2026-447e2cef4c1c,ICML,spotlight,foundation_200,1,6,7,7,1.0,47.857,39.0,0.142857,0.428571,0.0,0.714286,0.0,10.909,#8AB4F8|#FABC5D|#76C789|#744644|#E6E5B8|#FBD670|#877267|#6DA3BA,0.285714,0.428571,0.571429,LMMono10-Regular|Times-Roman|XCharter-Bold|XCharter-BoldItalic|XCharter-Italic|XCharter-Roman|XCharterMathMI|XCharterMathRM|txexs|txmiaSTbb|txmiaX|txsys
icml-2026-44d93fac8702,ICML,spotlight,foundation_200,3,9,12,12,1.0,63.583,70.5,0.0,0.75,0.333333,0.583333,0.0,8.966,#FFFAEA|#F4D5B8|#B9D6D6|#F2F6F0|#A5ADA0|#776768|#D5EDE3|#FEF3E1,0.333333,0.0,1.0,CMBX12|CMBX6|CMBX9|CMEX10|CMMI10|CMMI6|CMMI7|CMMI9|CMMIB10|CMR10|CMR7|CMR9|CMSY10|CMSY6|CMSY7|CMSY9|CMTI9|DejaVuSans|MSBM10|NimbusMonL-Regu|NimbusRomNo9L-Medi|NimbusRomNo9L-Regu|NimbusRomNo9L-ReguItal|Sen-Regular|Times-Roman
icml-2026-44fb3b3b59c9,ICML,oral,foundation_200,3,2,5,5,1.0,117.2,125.0,0.0,0.6,0.6,0.6,0.2,9.963,#394892|#192A80|#9EA6CA|#5562A1|#868FBC|#BABFD9|#CACEE2|#747EB2,0.8,0.0,1.0,CMBX10|CMBX12|CMBX7|CMBX9|CMEX10|CMEX7|CMEX9|CMMI10|CMMI12|CMMI5|CMMI6|CMMI7|CMMI9|CMMIB10|CMMIB7|CMR10|CMR12|CMR5|CMR6|CMR7|CMR9|CMSS8|CMSY10|CMSY5|CMSY6|CMSY7|CMSY9|CMTI7|CMTI9|CMTT10|CMTT12|CMTT8|MSAM10|MSBM10|MSBM7|NimbusRomNo9L-Medi|NimbusRomNo9L-Regu|NimbusRomNo9L-ReguItal|Times-Roman|dsrom10|txtt|txtt-Slant_167
icml-2026-4d6c3bd9ff61,ICML,spotlight,foundation_200,14,17,31,31,1.0,74.065,11.0,0.580645,0.354839,0.032258,0.258065,0.032258,7.97,#E9F1FF|#C8DCFF|#F3EEFF|#E4F2FF|#DEEBF7|#F2ECFF|#E1E9F7|#FCE6D5,0.709677,0.387097,0.387097,Arial-BoldItalicMT|ArialMT|ArialRoundedMTBold|CMEX10|CMMI10|CMMI5|CMMI7|CMMI8|CMMI9|CMR10|CMR6|CMR7|CMR8|CMR9|CMSY10|CMSY6|CMSY7|CMSY8|CMSY9|Calibri-BoldItalic|Georgia|Georgia-Bold|Georgia-BoldItalic|Georgia-Italic|HYShuSongErKW|Helvetica|Helvetica-Bold|LCIRCLE10|MSAM10|MSBM10|NimbusMonL-Regu|NimbusRomNo9L-Medi|NimbusRomNo9L-MediItal|NimbusRomNo9L-Regu|NimbusRomNo9L-ReguItal|SFRM1000|Times-Roman|TimesNewRomanPS-BoldMT
icml-2026-4e1dcbf5b839,ICML,spotlight,foundation_200,11,13,24,24,1.0,53.083,53.5,0.0,0.666667,0.166667,0.5,0.083333,8.966,#FFEDED|#FFFBED|#EFE6DF|#FFFBEA|#FFF3E5|#D8DFED|#BBBECA|#FFF3CF,0.75,0.125,0.833333,CMBX10|CMBX7|CMEX10|CMEX9|CMMI10|CMMI5|CMMI6|CMMI7|CMMI9|CMMIB10|CMMIB7|CMMIB9|CMR10|CMR6|CMR7|CMR9|CMSY10|CMSY5|CMSY7|CMSY9|Calibri|ComicSansMS|Dingbats|MSBM10|NimbusMonL-Regu|NimbusRomNo9L-Medi|NimbusRomNo9L-MediItal|NimbusRomNo9L-Regu|NimbusRomNo9L-ReguItal|SFRM0900|SFRM1000|Times-Roman|TimesNewRomanPS-BoldItalicMT|TimesNewRomanPS-BoldMT|TimesNewRomanPS-ItalicMT|TimesNewRomanPSMT
icml-2026-4e7a98266982,ICML,spotlight,foundation_200,9,7,16,16,1.0,54.375,41.0,0.0,0.5625,0.125,0.3125,0.0,9.777,#5E6AA6|#FE7F0E|#FF7D08|#D2E3F0|#5C9BE4|#5391DA|#6EA2E0|#BAD5F3,0.8125,0.1875,0.8125,CMBX9|CMEX10|CMEX9|CMMI10|CMMI12|CMMI5|CMMI6|CMMI7|CMMI9|CMR10|CMR17|CMR5|CMR6|CMR7|CMR9|CMSY10|CMSY5|CMSY6|CMSY7|CMSY9|CMTI9|DejaVuSans|DejaVuSans-Bold|DejaVuSans-Oblique|DejaVuSansDisplay|MSBM10|MSBM7|NimbusMonL-Regu|NimbusRomNo9L-Medi|NimbusRomNo9L-MediItal|NimbusRomNo9L-Regu|NimbusRomNo9L-ReguItal|STIXNonUnicode-Italic|Times-Roman
icml-2026-4f5bde46fdf3,ICML,oral,foundation_200,33,5,38,38,1.0,44.579,40.0,0.0,0.315789,0.210526,0.368421,0.078947,8.966,#6270CD|#1F77B4|#FA965A|#DCD6AC|#FA9558|#74818C|#5597C1|#FA975C,0.868421,0.131579,0.868421,Arimo|Arimo-Bold|Arimo-Italic|CMBX10|CMBX8|CMEX10|CMEX8|CMMI10|CMMI12|CMMI5|CMMI6|CMMI7|CMMI8|CMMI9|CMMIB10|CMMIB7|CMMIB8|CMMIB9|CMR10|CMR5|CMR6|CMR7|CMR8|CMR9|CMSY10|CMSY5|CMSY6|CMSY7|CMSY8|CMSY9|Cmmi10|Cmr10|DejaVuSans|DejaVuSerif|MSBM10|Palatino-Roman|PazoMath|PazoMath-Italic|SFBX0800|SFBX0900|SFBX1000|SFPro-Regular|SFPro-RegularItalic|SFProDisplay-Bold|SFRM0500|SFRM0600|SFRM0700|SFRM0800|SFRM0900|SFRM1000|SFTI0900|SFTI1000|Times-Roman|URWPalladioL-BoldItal|URWPalladioL-Ital|URWPalladioL-Roma
icml-2026-500e61245eb4,ICML,oral,foundation_200,10,0,10,4,0.4,9.5,9.5,0.0,0.0,0.0,0.0,0.0,9.963,#E59481|#F4F2F1|#AAC8B8|#669D7D|#D4D9C8|#F2F1CE|#89398C|#B9717F,0.4,0.4,0.0,CMBX10|CMBX12|CMBX9|CMEX10|CMEX7|CMMI10|CMMI5|CMMI6|CMMI7|CMMI8|CMMI9|CMR10|CMR12|CMR17|CMR5|CMR6|CMR7|CMR8|CMR9|CMSY10|CMSY5|CMSY6|CMSY7|CMSY8|CMSY9|CMTI10|CMTI9|MSBM10|MSBM7|SFRM1000|Times-Roman
icml-2026-536d8d3e0efc,ICML,spotlight,foundation_200,11,5,16,15,0.9375,23.733,12.0,0.0,0.066667,0.0,0.066667,0.0,9.963,#C3D2B8|#6B7A9C|#E7F1D0|#BBC9B5|#C3D2B7|#CCD7BF|#F0A393|#FFEBDC,0.5,0.75,0.1875,CMBX10|CMBX7|CMEX10|CMEX7|CMMI10|CMMI5|CMMI6|CMMI7|CMMI9|CMMIB10|CMR10|CMR5|CMR6|CMR7|CMR9|CMSY10|CMSY5|CMSY7|CMSY9|Calibri|CambriaMath|DejaVuSans|DejaVuSans-Bold|DejaVuSans-Oblique|MSBM10|MSBM7|NimbusMonL-Regu|NimbusRomNo9L-Medi|NimbusRomNo9L-Regu|NimbusRomNo9L-ReguItal|Times-Roman
icml-2026-57d6cc1a187d,ICML,oral,foundation_200,9,7,16,16,1.0,46.625,40.5,0.8125,0.625,0.25,0.5,0.0,8.667,#72B828|#BBDF8C|#E8F0C2|#FAD9CA|#71B827|#779B40|#72B829|#86C243,0.625,0.25,0.6875,CMBX10|CMBX5|CMBX7|CMBX9|CMEX10|CMMI10|CMMI5|CMMI6|CMMI7|CMMI8|CMMI9|CMMIB10|CMMIB6|CMMIB7|CMMIB9|CMR10|CMR6|CMR7|CMR9|CMSY10|CMSY5|CMSY6|CMSY7|CMSY9|DejaVuSans|DejaVuSans-Bold|LiberationSans|MSBM10|SFSS0800|SFSX0900|SFTT0900|SFTT1000|Times-Roman|XCharter-Bold|XCharter-Italic|XCharter-Roman|[none]
icml-2026-57e09ec1b6ac,ICML,spotlight,foundation_200,7,16,23,23,1.0,38.565,29.0,0.0,0.695652,0.434783,0.782609,0.043478,9.963,#D1C4E9|#B2DFDB|#E47373|#6EA7CE|#64759D|#E27171|#85656C|#D76E6E,0.347826,0.304348,0.695652,Arial-BoldMT|ArialMT|CMEX10|CMMI10|CMMI5|CMMI6|CMMI7|CMMI9|CMMIB10|CMMIB7|CMR10|CMR5|CMR7|CMR9|CMSY10|CMSY5|CMSY7|CMSY9|CMTI9|DejaVuSans|DejaVuSans-Bold|DejaVuSerif|DejaVuSerif-Bold|MSBM10|NimbusMonL-Regu|NimbusRomNo9L-Medi|NimbusRomNo9L-Regu|NimbusRomNo9L-ReguItal|Times-Roman
icml-2026-5cb9c5807bca,ICML,spotlight,foundation_200,12,9,21,21,1.0,55.619,52.0,0.238095,0.380952,0.285714,0.142857,0.047619,6.822,#FCCB5B|#CCA449|#A04740|#F5E8BF|#FEAD2C|#CDB48A|#FDCB5A|#FCCB60,0.666667,0.238095,0.714286,Arial-BoldMT|ArialBlack|ArialMT|CMBX10|CMBX9|CMEX10|CMMI10|CMMI5|CMMI6|CMMI7|CMMI9|CMR10|CMR6|CMR7|CMR9|CMSY10|CMSY6|CMSY7|CMSY9|DejaVuSans|DejaVuSans-Bold|DejaVuSans-Oblique|DejaVuSansDisplay|DejaVuSerif|DejaVuSerif-Bold|DejaVuSerif-Italic|MS-PMincho|MSBM10|NimbusMonL-Bold|NimbusMonL-Regu|NimbusRomNo9L-Medi|NimbusRomNo9L-Regu|NimbusRomNo9L-ReguItal|RobotoMono-Bold|RobotoMono-Regular|Times-Roman|TimesNewRomanPS-BoldMT|font000000002f29c981|font000000002f2a69e1
icml-2026-5d3146110f97,ICML,spotlight,foundation_200,9,2,11,11,1.0,36.091,26.0,0.0,0.545455,0.181818,0.454545,0.0,8.234,#CCCCFF|#FFE6E6|#FAE4E8|#FDF2ED|#C6CCDC|#658CB2|#1F578E|#91A9C6,1.0,0.363636,0.636364,CMBSY10|CMBX10|CMBX12|CMEX10|CMEX7|CMEX9|CMMI10|CMMI12|CMMI5|CMMI6|CMMI7|CMMI9|CMMIB10|CMMIB5|CMMIB7|CMMIB9|CMR10|CMR12|CMR5|CMR6|CMR7|CMR8|CMR9|CMSS10|CMSS12|CMSS8|CMSSBX10|CMSY10|CMSY5|CMSY6|CMSY7|CMSY9|CMTI9|CMTT10|Courier|Courier-Bold|Courier-BoldOblique|Courier-Oblique|Helvetica|Helvetica-Bold|Helvetica-BoldOblique|Helvetica-Oblique|MSBM10|MSBM7|NimbusMonL-Regu|NimbusRomNo9L-Medi|NimbusRomNo9L-MediItal|NimbusRomNo9L-Regu|NimbusRomNo9L-ReguItal|Times-Bold|Times-BoldItalic|Times-Italic|Times-Roman
icml-2026-5e9fe0b20cf5,ICML,oral,foundation_200,12,7,19,19,1.0,42.158,16.0,0.0,0.526316,0.0,0.263158,0.157895,9.963,#4F5C9E|#E7B3B3|#BA1A1A|#C84C4C|#A80404|#F6E3E3|#C84A4A|#E09A9A,0.368421,0.473684,0.526316,CMBX10|CMBX7|CMBX9|CMEX10|CMMI10|CMMI5|CMMI6|CMMI7|CMMI9|CMR10|CMR5|CMR6|CMR7|CMR9|CMSY10|CMSY5|CMSY6|CMSY7|CMSY9|CMTI9|DejaVuSans|Dingbats|LiberationSerif|MSAM10|MSAM7|MSBM10|MSBM7|NimbusMonL-Regu|NimbusRomNo9L-Medi|NimbusRomNo9L-Regu|NimbusRomNo9L-ReguItal|Times-Roman|TimesNewRomanPS-BoldMT|TimesNewRomanPSMT
icml-2026-61bea4dcf717,ICML,spotlight,foundation_200,25,6,31,31,1.0,26.419,28.0,0.0,0.225806,0.0,0.516129,0.0,7.712,#FBE5D6|#FBE6D7|#FFF2CC|#FFF9EA|#FFF2CB|#DEEBF7|#DCE9F5|#DDEBF7,0.612903,0.451613,0.548387,Arial-BoldMT|ArialMT|CMEX10|CMMI10|CMMI7|CMMI9|CMR10|CMR7|CMSY10|CMSY7|NimbusMonL-Regu|NimbusRomNo9L-Medi|NimbusRomNo9L-Regu|NimbusRomNo9L-ReguItal|SegoeUISymbol|Times-Roman|TimesNewRomanPS-BoldMT|TimesNewRomanPS-ItalicMT|TimesNewRomanPSMT
icml-2026-64951680e1b2,ICML,oral,foundation_200,9,9,18,14,0.777778,51.857,60.5,0.071429,0.571429,0.0,0.357143,0.071429,9.963,#ACB398|#A3B5B8|#D18F79|#D77C7C|#C04B42|#D4D3D1|#BBBDBB|#C57479,0.388889,0.222222,0.5,CMBX10|CMEX10|CMMI10|CMMI6|CMMI7|CMMI9|CMR10|CMR7|CMR9|CMSY10|CMSY7|CMSY9|CMTI9|CMUSansSerif|DejaVuSans|MSBM10|NimbusMonL-Regu|NimbusRomNo9L-Medi|NimbusRomNo9L-Regu|NimbusRomNo9L-ReguItal|Times-Roman|TimesNewRomanPSMT
icml-2026-65a15e969ebf,ICML,spotlight,foundation_200,5,24,29,29,1.0,30.276,13.0,0.034483,0.37931,0.068966,0.206897,0.0,9.963,#468EC3|#3283BD|#7AAED3|#AEC0D9|#458EC3|#5698C8|#C1D8E9|#ECE1E9,0.310345,0.482759,0.448276,CMEX10|CMEX9|CMMI10|CMMI12|CMMI5|CMMI6|CMMI7|CMMI9|CMR10|CMR5|CMR7|CMR9|CMSY10|CMSY5|CMSY6|CMSY7|CMSY9|CMTI9|Calibri|CambriaMath|DejaVuSans|DejaVuSans-Oblique|MSAM10|MSBM10|NimbusMonL-Regu|NimbusRomNo9L-Medi|NimbusRomNo9L-MediItal|NimbusRomNo9L-Regu|NimbusRomNo9L-ReguItal|Times-Roman|TimesNewRomanPS-BoldMT|TimesNewRomanPSMT
icml-2026-67206cc61e49,ICML,spotlight,foundation_200,11,5,16,16,1.0,71.875,77.0,0.0,0.375,0.375,0.625,0.1875,5.739,#EB9793|#AEDAD6|#C2E2E0|#4E618B|#99A4B3|#DCE9E9|#DAD0D9|#A9D2D3,0.75,0.375,0.5625,ArialMT|CMBSY9|CMBX10|CMEX10|CMEX7|CMMI10|CMMI5|CMMI6|CMMI7|CMMI9|CMMIB10|CMR10|CMR5|CMR6|CMR7|CMR9|CMSY10|CMSY5|CMSY7|CMSY9|CMTI9|Courier|Courier-Bold|Courier-BoldOblique|Courier-Oblique|DejaVuSans|DejaVuSans-Oblique|Dingbats|F196|F221|Helvetica|Helvetica-Bold|Helvetica-BoldOblique|Helvetica-Oblique|HelveticaNeue-Bold|MSAM10|MSBM10|NimbusMonL-Regu|NimbusRomNo9L-Medi|NimbusRomNo9L-Regu|NimbusRomNo9L-ReguItal|NimbusRoman-Regular|STIXGeneral-Italic|STIXGeneral-Regular|Times-Bold|Times-BoldItalic|Times-Italic|Times-Roman|stmary10|stmary5|stmary7|stmary9
icml-2026-6b81cf37c92f,ICML,spotlight,foundation_200,10,5,15,15,1.0,57.267,61.0,0.4,0.733333,0.2,0.8,0.0,8.966,#1C219E|#CD43FF|#D1E0E3|#E9E9FE|#BDCDD0|#767599|#A6B4C0|#CFDBE3,0.733333,0.266667,0.733333,CMEX10|CMEX9|CMMI10|CMMI12|CMMI5|CMMI6|CMMI7|CMMI9|CMR10|CMR12|CMR5|CMR6|CMR7|CMR9|CMSY10|CMSY6|CMSY7|CMSY9|CMTI9|MSAM10|MSBM10|NimbusMonL-Regu|NimbusRomNo9L-Medi|NimbusRomNo9L-Regu|NimbusRomNo9L-ReguItal|Times-Roman|dsrom10|dsrom8
icml-2026-71db38223110,ICML,spotlight,foundation_200,10,1,11,11,1.0,35.455,26.0,0.0,0.272727,0.181818,0.363636,0.0,9.464,#AFC9E4|#FFBC78|#81CEE6|#D3EBD2|#9AA8AB|#787E7A|#AABFC2|#CFEBE5,1.0,0.272727,0.727273,CMBX10|CMEX10|CMMI10|CMMI5|CMMI6|CMMI7|CMMI9|CMMIB10|CMMIB7|CMMIB9|CMR10|CMR5|CMR6|CMR7|CMR9|CMSY10|CMSY7|CMSY9|CMTI9|DejaVuSans|DejaVuSans-Bold|DejaVuSans-Oblique|Helvetica|KaTeX_Main-Regular|KaTeX_Math-BoldItalic|KaTeX_Math-Italic|KaTeX_Size1-Regular|KaTeX_Size2-Regular|MSAM7|MSBM10|NimbusMonL-Regu|NimbusRomNo9L-Medi|NimbusRomNo9L-Regu|NimbusRomNo9L-ReguItal|StandardSymL|Times-Roman
icml-2026-7207f7ebdc88,ICML,oral,foundation_200,6,5,11,8,0.727273,71.125,74.5,0.0,0.625,0.0,0.25,0.0,7.825,#FF4242|#FFAAAA|#7FC8FF|#FF7575|#43AFFF|#D7EEFF|#FAD7D9|#B0DDFF,0.545455,0.0,0.454545,CMBSY10|CMBX10|CMEX10|CMMI10|CMMI12|CMMI6|CMMI7|CMMI9|CMR10|CMR12|CMR5|CMR6|CMR7|CMR9|CMSY10|CMSY6|CMSY7|CMSY9|CMTI9|CambriaMath|DejaVuSans|DejaVuSans-Oblique|NimbusMonL-Regu|NimbusRomNo9L-Medi|NimbusRomNo9L-Regu|NimbusRomNo9L-ReguItal|SimSun|Times-Roman|TimesNewRomanPSMT|bbding
icml-2026-734764c3c087,ICML,oral,foundation_200,11,3,14,14,1.0,42.5,34.5,0.142857,0.357143,0.071429,0.571429,0.0,8.705,#422E27|#876050|#6C4833|#B79586|#917E6D|#474234|#BFB3B8|#D5CEB6,0.785714,0.214286,0.785714,Arial-BoldMT|Arial-ItalicMT|ArialMT|CMBX10|CMBX5|CMBX7|CMBX9|CMEX10|CMEX7|CMEX9|CMMI10|CMMI5|CMMI6|CMMI7|CMMI9|CMMIB5|CMMIB7|CMR10|CMR5|CMR6|CMR7|CMR9|CMSY10|CMSY5|CMSY6|CMSY7|CMSY9|CMTI9|CambriaMath|Consolas|FontAwesome5Brands-Regular|MSBM10|MSBM7|NimbusMonL-Regu|NimbusRomNo9L-Medi|NimbusRomNo9L-Regu|NimbusRomNo9L-ReguItal|SFRM0900|SegoeUISymbol|SymbolMT|Times-Roman|TimesNewRomanPS-BoldItalicMT|TimesNewRomanPS-BoldMT|TimesNewRomanPS-ItalicMT|TimesNewRomanPSMT
icml-2026-73ef6e227632,ICML,spotlight,foundation_200,5,21,26,26,1.0,37.269,39.0,0.0,0.307692,0.115385,0.576923,0.0,8.966,#C6DBEF|#CBDEF0|#D3E3F3|#C2BFD0|#91B2CD|#548EC0|#E1ECF5|#4C5F5D,0.346154,0.115385,0.884615,CMBX10|CMBX7|CMEX10|CMEX7|CMEX9|CMMI10|CMMI5|CMMI6|CMMI7|CMMI9|CMR10|CMR5|CMR6|CMR7|CMR9|CMSY10|CMSY5|CMSY6|CMSY7|CMSY9|CMTI9|DejaVuSans|DejaVuSans-Bold|DejaVuSans-Oblique|Dingbats|EUFM10|HelveticaNeue|HelveticaNeue-Bold|HelveticaNeue-Medium|Inconsolatazi4-Regular|LibertineMathMI|LibertineMathMI7|LibertineMathRM|LinBiolinumT|LinBiolinumTB|LinLibertineT|MSAM10|MSBM10|NewTXMI|NimbusMonL-Regu|NimbusRomNo9L-Medi|NimbusRomNo9L-Regu|NimbusRomNo9L-ReguItal|NimbusSanL-Regu|STIXGeneral-Italic|STIXGeneral-Regular|STIXSizeOneSym-Regular|Times-Roman|txmiaX|txsym|txsys
icml-2026-7531b7c768a9,ICML,spotlight,foundation_200,16,4,20,11,0.55,26.273,19.0,0.181818,0.454545,0.0,0.090909,0.363636,8.734,#FD7F10|#87AFC9|#EEAD74|#3885BA|#E4CCB5|#FFE6D1|#F9831B|#CB8848,0.4,0.25,0.3,ByteSans-Bold|ByteSans-Medium|CMBX10|CMEX10|CMMI10|CMMI5|CMMI6|CMMI7|CMMI8|CMMI9|CMR10|CMR5|CMR6|CMR7|CMR8|CMR9|CMSY10|CMSY7|CMSY8|DejaVuSans|DejaVuSans-Oblique|DengXian-Bold|MSAM10|SFRM0600|SFRM0700|SFRM0800|SFRM0900|SFRM1000|SFRM1200|SFTI0900|SFTI1000|SFTT0800|SFTT0900|SFTT1000|Times-Roman
icml-2026-756c559690e6,ICML,oral,foundation_200,13,6,19,19,1.0,24.421,14.0,0.0,0.157895,0.105263,0.210526,0.0,9.963,#D08024|#193250|#ECAF40|#A0C7F9|#5C7481|#AED5FB|#7B3828|#F1CC74,0.736842,0.473684,0.526316,CMMI10|CMMI6|CMMI7|CMMI8|CMMI9|CMR10|CMR7|CMR8|CMSY10|CMSY6|CMSY7|ComicSansMS|ComicSansMS-Bold|ComicSansMS-Italic|Courier|Courier-Bold|Courier-BoldOblique|Courier-Oblique|DengXian-Bold|Helvetica|Helvetica-Bold|Helvetica-BoldOblique|Helvetica-Oblique|NimbusMonL-Regu|NimbusMonL-ReguObli|NimbusRomNo9L-Medi|NimbusRomNo9L-MediItal|NimbusRomNo9L-Regu|NimbusRomNo9L-ReguItal|SFRB1000|SegoeUISymbol|Times-Bold|Times-BoldItalic|Times-Italic|Times-Roman|TimesNewRomanPS-BoldMT|TimesNewRomanPSMT
icml-2026-7c993813ec1f,ICML,oral,foundation_200,8,20,28,28,1.0,26.571,14.0,0.0,0.25,0.214286,0.25,0.107143,9.963,#001473|#FFF2CD|#32428E|#CACEE2|#13257D|#FFE6CD|#CDDAEC|#6F5D52,0.5,0.5,0.5,CMMI10|CMMI6|CMMI7|CMMI9|CMR10|CMR7|CMR9|CMSY10|CMSY6|CMTI9|Courier|Courier-Bold|Courier-BoldOblique|Courier-Oblique|Helvetica|Helvetica-Bold|Helvetica-BoldOblique|Helvetica-Oblique|NimbusMonL-Regu|NimbusRomNo9L-Medi|NimbusRomNo9L-Regu|NimbusRomNo9L-ReguItal|Times-Bold|Times-BoldItalic|Times-Italic|Times-Roman
icml-2026-7f1780627873,ICML,outstanding,foundation_200,12,6,18,18,1.0,52.556,33.0,0.0,0.388889,0.166667,0.388889,0.055556,10.909,#FE8010|#FF7D0C|#1E66AC|#A0C5E9|#D2E1EF|#75A3D2|#A05F28|#FF8814,0.833333,0.277778,0.722222,CMBX10|CMEX10|CMMI10|CMMI6|CMMI8|CMMI9|CMR10|CMR6|CMR8|CMR9|CMSY10|CMSY6|CMSY8|CMSY9|Calibri|Calibri-Bold|Calibri-BoldItalic|Calibri-Italic|Cmb10|Cmmi10|Cmr10|MSAM10|MSBM10|MarVoSym|SFBI1095|SFBX0800|SFBX0900|SFBX1095|SFBX1200|SFBX1728|SFRM0600|SFRM0800|SFRM0900|SFRM1095|SFTI0900|SFTI1095|SFTT0900|SFTT1095|Times-Roman|TimesNewRomanPS-BoldMT|TimesNewRomanPSMT
icml-2026-860833b2a4ca,ICML,oral,foundation_200,11,6,17,16,0.941176,38.5,30.0,0.3125,0.625,0.0,0.125,0.0,6.608,#E99A26|#ECCBA0|#E5B16F|#F7E6CF|#C9A678|#A37638|#D3BB9B|#EEDAC0,0.588235,0.411765,0.529412,CMEX10|CMMI10|CMMI5|CMMI6|CMMI7|CMMI9|CMR10|CMR5|CMR7|CMR9|CMSY10|CMSY5|CMSY7|CMSY9|CMTI9|Courier|Courier-Bold|Courier-BoldOblique|Courier-Oblique|DejaVuSans|DejaVuSans-Oblique|Helvetica|Helvetica-Bold|Helvetica-BoldOblique|Helvetica-Oblique|LiberationSans|MSBM10|NimbusMonL-Regu|NimbusRomNo9L-Medi|NimbusRomNo9L-Regu|NimbusRomNo9L-ReguItal|NotoColorEmoji|Times-Bold|Times-BoldItalic|Times-Italic|Times-Roman|Verdana|Verdana-Bold|Verdana-Italic
icml-2026-87a216e14f5b,ICML,oral,foundation_200,6,29,35,35,1.0,45.514,31.0,0.0,0.714286,0.085714,0.6,0.0,9.963,#CFCFDD|#E8B4BE|#B1B1CE|#9BDEB6|#B56E9A|#C195B9|#F5E3E0|#F0D0CE,0.285714,0.114286,0.885714,CMBX10|CMEX10|CMEX7|CMMI10|CMMI6|CMMI7|CMMI9|CMMIB10|CMMIB7|CMMIB9|CMR10|CMR6|CMR7|CMR9|CMSY10|CMSY6|CMSY7|CMSY9|CMTI9|MSBM10|NimbusMonL-Bold|NimbusMonL-Regu|NimbusRomNo9L-Medi|NimbusRomNo9L-MediItal|NimbusRomNo9L-Regu|NimbusRomNo9L-ReguItal|Times-Roman
icml-2026-8b22afb8c5ae,ICML,spotlight,foundation_200,5,0,5,5,1.0,42.0,41.0,0.0,0.2,0.4,0.2,0.6,6.638,#90D1C7|#49A6B5|#E3995D|#E8B793|#D6E0DD|#F5DEC6|#C89552|#F1CD9E,1.0,0.2,0.8,CMBX10|CMBX5|CMBX7|CMEX10|CMEX7|CMMI10|CMMI5|CMMI6|CMMI7|CMMI9|CMMIB10|CMMIB5|CMMIB7|CMR10|CMR5|CMR6|CMR7|CMR9|CMSY10|CMSY5|CMSY6|CMSY7|CMSY9|CMTI9|DejaVuSans|DejaVuSans-Oblique|MSAM10|MSBM10|NimbusMonL-Regu|NimbusRomNo9L-Medi|NimbusRomNo9L-Regu|NimbusRomNo9L-ReguItal|Times-Roman
icml-2026-8c4a48256331,ICML,oral,foundation_200,8,24,32,32,1.0,36.875,24.5,0.0,0.09375,0.125,0.1875,0.03125,8.966,#4E95D9|#FFEBEB|#4D4048|#D7C9C0|#84838C|#4E95DA|#4E95D8|#4386C4,0.28125,0.25,0.59375,CMBX10|CMBX7|CMBX9|CMEX10|CMEX7|CMMI10|CMMI5|CMMI6|CMMI7|CMMI9|CMMIB10|CMMIB9|CMR10|CMR5|CMR6|CMR7|CMR9|CMSY10|CMSY5|CMSY6|CMSY7|CMSY9|DejaVuSans|DejaVuSans-Bold|DejaVuSans-Oblique|Dingbats|F101|F102|MSAM10|MSBM10|MSBM7|NimbusMonL-Regu|NimbusRomNo9L-Medi|NimbusRomNo9L-Regu|NimbusRomNo9L-ReguItal|STIXNonUnicode-Italic|Times-Roman
icml-2026-8d39ec884840,ICML,spotlight,foundation_200,5,28,33,33,1.0,21.909,17.0,0.0,0.69697,0.030303,0.060606,0.0,8.966,#FAE6DC|#83889D|#B0A39C|#C1D3DC|#DFB098|#FDEDE3|#9A6863|#929EAE,0.151515,0.272727,0.727273,ArialMT|CMEX10|CMEX9|CMMI10|CMMI5|CMMI6|CMMI7|CMMI9|CMR10|CMR5|CMR6|CMR7|CMR8|CMR9|CMSY10|CMSY5|CMSY7|CMSY9|Calibri|Calibri-Italic|CambriaMath|DejaVuSans|DejaVuSans-Oblique|DejaVuSerif|MSBM10|NimbusMonL-Regu|NimbusMonL-ReguObli|NimbusRomNo9L-Medi|NimbusRomNo9L-Regu|NimbusRomNo9L-ReguItal|Times-Roman|TimesNewRomanPS-BoldMT|TimesNewRomanPSMT
icml-2026-93e4d45740d5,ICML,oral,foundation_200,8,13,21,21,1.0,47.238,17.0,0.0,0.428571,0.047619,0.238095,0.0,9.963,#001473|#AFB5D3|#D0D3E4|#6A75AD|#2E3E8C|#8F97C1|#4F5C9E|#404F96,0.714286,0.47619,0.52381,CMEX10|CMMI10|CMMI5|CMMI6|CMMI7|CMMI9|CMR10|CMR5|CMR6|CMR7|CMSY10|CMSY5|CMSY7|CMTI9|Dingbats|MSAM10|MSBM10|NimbusMonL-Regu|NimbusRomNo9L-Medi|NimbusRomNo9L-Regu|NimbusRomNo9L-ReguItal|Times-Roman
icml-2026-9407bcbd715b,ICML,oral,foundation_200,3,8,11,11,1.0,51.545,9.0,0.0,0.545455,0.181818,0.363636,0.090909,9.963,#CB181D|#08519C|#09529C|#E06966|#CACCDC|#BDA7B8|#D2383C|#A9CCE2,0.545455,0.636364,0.181818,CMBX10|CMBX5|CMBX7|CMBX9|CMEX10|CMEX7|CMMI10|CMMI5|CMMI6|CMMI7|CMMI9|CMMIB10|CMR10|CMR5|CMR6|CMR7|CMR9|CMSY10|CMSY5|CMSY6|CMSY7|CMSY9|CMTI9|Cmmi10|Cmr10|MSAM10|MSBM10|NimbusMonL-Regu|NimbusRomNo9L-Medi|NimbusRomNo9L-Regu|NimbusRomNo9L-ReguItal|Times-Roman|TimesNewRomanPSMT
icml-2026-942a8496990b,ICML,spotlight,foundation_200,7,4,11,5,0.454545,44.2,48.0,0.0,0.6,0.0,0.2,0.0,9.963,#CEDAF0|#0E31DC|#D5DFF2|#617AE6|#DCE4F4|#E0E7F5|#BCC9F1|#E7ECF8,0.090909,0.090909,0.363636,CMBX10|CMEX10|CMEX7|CMMI10|CMMI5|CMMI6|CMMI7|CMMI9|CMR10|CMR5|CMR6|CMR7|CMR9|CMSY10|CMSY5|CMSY6|CMSY7|CMSY9|MSBM10|NimbusMonL-Regu|NimbusRomNo9L-Medi|NimbusRomNo9L-Regu|NimbusRomNo9L-ReguItal|Times-Roman
icml-2026-95c954ca7cb0,ICML,oral,foundation_200,5,6,11,11,1.0,24.727,8.0,0.0,0.363636,0.0,0.181818,0.090909,8.966,#E1F3DB|#D0DAE7|#F4B986|#834138|#A98C69|#EEE69F|#BBC2B3|#959DA1,0.545455,0.727273,0.272727,ArialMT|CMEX10|CMMI10|CMMI5|CMMI6|CMMI7|CMMI9|CMR10|CMR7|CMR9|CMSY10|CMSY7|CMTI9|Consolas|Consolas-Bold|DengXian-Regular|IrisUPC|IrisUPCBold|NimbusMonL-Bold|NimbusMonL-Regu|NimbusRomNo9L-Medi|NimbusRomNo9L-MediItal|NimbusRomNo9L-Regu|NimbusRomNo9L-ReguItal|SegoeUISymbol|Times-Roman
icml-2026-97ca1f9966be,ICML,oral,foundation_200,13,7,20,20,1.0,44.55,30.0,0.0,0.4,0.3,0.35,0.05,9.852,#D8ECF3|#D8B8C6|#DFD8DB|#F9E4DF|#D2C7C8|#F0C4CC|#FBD9D8|#F1CCD4,0.75,0.3,0.7,CMEX10|CMMI10|CMMI5|CMMI6|CMMI7|CMMI9|CMR10|CMR5|CMR7|CMR9|CMSS10|CMSS8|CMSY10|CMSY5|CMSY6|CMSY7|CMSY9|LINE10|MSAM5|MSAM7|MSBM10|MSBM7|NimbusMonL-Bold|NimbusMonL-Regu|NimbusRomNo9L-Medi|NimbusRomNo9L-Regu|NimbusRomNo9L-ReguItal|Times-Roman
icml-2026-9ab4cfd38016,ICML,spotlight,foundation_200,20,2,22,22,1.0,30.636,27.5,0.0,0.409091,0.0,0.681818,0.0,8.642,#FAE9E9|#EDF8FF|#FBEBE7|#FFF6EE|#7D9281|#7F5548|#B9B4D0|#D8E6ED,0.863636,0.181818,0.818182,CMBX10|CMEX10|CMMI10|CMMI5|CMMI6|CMMI7|CMMI9|CMR10|CMR5|CMR7|CMSY10|CMSY7|CMSY9|CMTI9|CambayDevanagari-Bold|CambayDevanagari-Regular|DejaVuSans|Helvetica|HelveticaNeue|MSBM10|NanumGothic|NimbusMonL-Regu|NimbusRomNo9L-Medi|NimbusRomNo9L-MediItal|NimbusRomNo9L-Regu|NimbusRomNo9L-ReguItal|PingFangSC-Semibold|Produkt-Regular|STIXGeneral-Italic|STIXGeneral-Regular|Times-Roman|TimesNewRomanPSMT
icml-2026-9cf70f22a7ed,ICML,oral,foundation_200,7,10,17,17,1.0,47.529,44.0,0.470588,0.882353,0.176471,0.411765,0.0,6.809,#FFF1CA|#CF8A65|#669575|#74986B|#53493D|#E2E3CF|#707672|#72986B,0.588235,0.117647,0.823529,ArialMT|CMEX10|CMEX9|CMMI10|CMMI5|CMMI6|CMMI7|CMMI9|CMR10|CMR5|CMR6|CMR7|CMR9|CMSY10|CMSY7|CMSY9|CMTI9|CambriaMath|MSAM10|MSBM10|NimbusMonL-Regu|NimbusRomNo9L-Medi|NimbusRomNo9L-Regu|NimbusRomNo9L-ReguItal|Times-Roman|TimesNewRomanPS-BoldMT|TimesNewRomanPS-ItalicMT|TimesNewRomanPSMT
icml-2026-a53de8003ce0,ICML,spotlight,foundation_200,8,5,13,11,0.846154,37.364,39.0,0.0,0.454545,0.272727,0.363636,0.181818,6.974,#FADADE|#D7E1F5|#FAD9DD|#908691|#D5DEF2|#C0B7C1|#DDE1F3|#ECECF9,0.769231,0.384615,0.461538,CMEX10|CMMI10|CMMI5|CMMI6|CMMI7|CMMI9|CMMIB10|CMMIB5|CMMIB7|CMR10|CMR6|CMR7|CMR9|CMSY10|CMSY6|CMSY7|CMTI9|CMTT8|DengXian|DengXian-Bold|NimbusMonL-Regu|NimbusRomNo9L-Medi|NimbusRomNo9L-Regu|NimbusRomNo9L-ReguItal|SFRM0700|SFRM1000|Times-Roman|TimesNewRomanPS-BoldItalicMT|TimesNewRomanPS-BoldMT|TimesNewRomanPSMT
icml-2026-a6577855483d,ICML,spotlight,foundation_200,15,3,18,18,1.0,36.667,32.5,0.0,0.444444,0.555556,0.611111,0.277778,9.963,#CE2D2C|#3665BF|#FBAB46|#A846B8|#D03736|#6185CA|#E0DDE9|#CCBFD2,0.666667,0.111111,0.833333,CMBX10|CMEX10|CMEX7|CMMI10|CMMI5|CMMI6|CMMI7|CMMI9|CMR10|CMR5|CMR6|CMR7|CMR9|CMSY10|CMSY5|CMSY6|CMSY7|CMSY9|MSAM10|MSBM10|MSBM7|NimbusRomNo9L-Medi|NimbusRomNo9L-Regu|NimbusRomNo9L-ReguItal|SFTT1000|StandardSymL_Slant_167|Times-Roman|dsrom10
icml-2026-b4d312dbe2a3,ICML,oral,foundation_200,10,15,25,25,1.0,26.56,27.0,0.44,0.36,0.08,0.24,0.0,9.963,#6495ED|#F08080|#BFDBF7|#FDD0F3|#69727A|#8697A1|#EAEFDA|#514752,0.52,0.2,0.64,ByteSans-Bold|ByteSans-Medium|CMBX10|CMBX7|CMBX9|CMEX10|CMMI10|CMMI5|CMMI6|CMMI7|CMMI8|CMMI9|CMMIB10|CMMIB7|CMR10|CMR6|CMR7|CMR8|CMR9|CMSY10|CMSY5|CMSY6|CMSY7|CMSY8|CMSY9|CMTT10|CMTT8|DejaVuSans|MSBM10|SFRM0500|SFRM0700|SFRM0900|SFRM1000|SFRM1200|SFTI0900|SFTI1000|SFTT0800|SFTT0900|SFTT1000|Times-Roman|TimesNewRomanPSMT
icml-2026-b8bfc5f3f2ec,ICML,oral,foundation_200,18,9,27,15,0.555556,62.0,58.0,0.133333,0.2,0.066667,0.6,0.066667,9.963,#F9DA78|#0C1E79|#4A5492|#E5BB9A|#F2D3B3|#908EA9|#F6E7C9|#D1CED3,0.222222,0.296296,0.259259,CMBSY10|CMBSY7|CMBX10|CMBX7|CMBX9|CMEX10|CMMI10|CMMI5|CMMI6|CMMI7|CMMI9|CMMIB10|CMMIB7|CMMIB9|CMR10|CMR5|CMR6|CMR7|CMR9|CMSY10|CMSY5|CMSY6|CMSY7|CMSY9|CMTI9|Calibri|MSBM10|NimbusMonL-Regu|NimbusRomNo9L-Medi|NimbusRomNo9L-Regu|NimbusRomNo9L-ReguItal|Times-Roman
icml-2026-ba706ff6b691,ICML,oral,foundation_200,4,9,13,13,1.0,38.692,15.0,0.0,0.384615,0.0,0.076923,0.230769,9.963,#2E5AA8|#B0C1DE|#859FCC|#DAE2EF|#DBBBB9|#CCDAC6|#A5887F|#D6C4CB,0.615385,0.230769,0.769231,ArialMT|ByteSans-Bold|ByteSans-Medium|CMBX10|CMBX9|CMEX10|CMMI10|CMMI12|CMMI5|CMMI6|CMMI7|CMMI8|CMMI9|CMR10|CMR5|CMR6|CMR7|CMR8|CMR9|CMSY10|CMSY5|CMSY6|CMSY7|CMSY8|CMSY9|MSBM10|SFRM0700|SFRM0900|SFRM1000|SFRM1200|SFTI0900|SFTT0900|Times-Roman
icml-2026-c53ab491ce08,ICML,oral,foundation_200,22,27,49,49,1.0,30.959,16.0,0.183673,0.469388,0.081633,0.285714,0.020408,8.966,#DEE6FD|#08306B|#ECF0FD|#828694|#AAB0C2|#457ECD|#09316C|#022865,0.510204,0.428571,0.55102,Aptos|Aptos-Bold|CMBSY7|CMBX10|CMEX10|CMMI10|CMMI5|CMMI6|CMMI7|CMMI9|CMMIB10|CMR10|CMR5|CMR6|CMR7|CMR9|CMSY10|CMSY5|CMSY6|CMSY7|CMSY9|CMTI9|CMTT10|Calibri-Bold|DejaVuSans|DejaVuSans-Bold|DejaVuSans-Oblique|DejaVuSansMono-Bold|MSBM10|NimbusMonL-Bold|NimbusMonL-Regu|NimbusRomNo9L-Medi|NimbusRomNo9L-Regu|NimbusRomNo9L-ReguItal|SFRM1000|Times-Roman
icml-2026-c61e72161d50,ICML,oral,foundation_200,134,1,135,135,1.0,37.252,17.0,0.022222,0.02963,0.037037,0.051852,0.22963,8.757,#FF7F0E|#2CA02C|#FFDFC3|#2EA12E|#CAE7CA|#FFDFC4|#2DA02D|#2FA12F,0.918519,0.985185,0.014815,CMBX10|CMEX10|CMMI10|CMMI5|CMMI6|CMMI7|CMMI9|CMR10|CMR5|CMR7|CMR9|CMSY10|CMSY5|CMSY7|CMSY9|DejaVuSans|DejaVuSans-Bold|DejaVuSans-Oblique|MSAM10|MSBM10|NimbusMonL-Regu|NimbusRomNo9L-Medi|NimbusRomNo9L-Regu|NimbusRomNo9L-ReguItal|Times-Roman
icml-2026-c65beb96fda3,ICML,oral,foundation_200,19,13,32,32,1.0,41.812,38.5,0.0,0.5625,0.0625,0.1875,0.25,8.042,#571B1C|#97959D|#4D1718|#3D1319|#CBD2DB|#5E1A1E|#811A26|#7C2A30,0.8125,0.21875,0.75,"Aptos|Aptos,Bold|Arial-BoldMT|CMBX10|CMBX9|CMEX10|CMEX9|CMMI10|CMMI5|CMMI6|CMMI7|CMMI9|CMR10|CMR6|CMR7|CMR9|CMSY10|CMSY5|CMSY6|CMSY7|CMSY9|CMTI9|CambriaMath|DejaVuSans|DejaVuSans-Oblique|F258|MSBM10|MalgunGothic|NimbusMonL-Regu|NimbusRomNo9L-Medi|NimbusRomNo9L-Regu|NimbusRomNo9L-ReguItal|Times-Roman|TimesNewRomanPS-BoldMT|TimesNewRomanPS-ItalicMT|TimesNewRomanPSMT"
icml-2026-c8e95f98721b,ICML,oral,foundation_200,7,10,17,17,1.0,48.471,48.0,0.0,0.411765,0.058824,0.588235,0.117647,8.376,#C8DAD5|#F4A5AD|#98C0A8|#F1C3C7|#B5D2C2|#EDD5D8|#D7E6E0|#FCE6E8,0.352941,0.117647,0.882353,CMBX10|CMBX7|CMEX10|CMEX7|CMMI10|CMMI5|CMMI6|CMMI7|CMMI9|CMMIB10|CMMIB5|CMMIB7|CMMIB9|CMR10|CMR5|CMR6|CMR7|CMR9|CMSS10|CMSS8|CMSY10|CMSY5|CMSY6|CMSY7|CMSY9|Courier|Courier-Bold|Courier-BoldOblique|Courier-Oblique|DejaVuSans|Helvetica|Helvetica-Bold|Helvetica-BoldOblique|Helvetica-Oblique|MSBM10|MSBM7|NimbusMonL-Regu|NimbusRomNo9L-Medi|NimbusRomNo9L-MediItal|NimbusRomNo9L-Regu|NimbusRomNo9L-ReguItal|NimbusRoman-Regular|NimbusSanL-Regu|NimbusSanL-ReguItal|Times-Bold|Times-BoldItalic|Times-Italic|Times-Roman
icml-2026-ca6b03466916,ICML,oral,foundation_200,31,10,41,41,1.0,54.878,52.0,0.0,0.902439,0.097561,0.707317,0.073171,7.97,#82A0CB|#98B1D4|#A1B8D8|#FD7566|#7FAF7F|#375452|#CED69A|#537A76,1.0,0.073171,0.853659,CMBX10|CMEX10|CMEX7|CMEX9|CMMI10|CMMI5|CMMI6|CMMI7|CMMI8|CMMI9|CMR10|CMR5|CMR6|CMR7|CMR8|CMR9|CMSY10|CMSY6|CMSY7|CMSY8|CMSY9|Courier|Courier-Bold|Courier-BoldOblique|Courier-Oblique|DejaVuSans|DejaVuSans-Bold|DejaVuSans-Oblique|DejaVuSerif|Helvetica|Helvetica-Bold|Helvetica-BoldOblique|Helvetica-Oblique|Inconsolatazi4-Regular|MSBM10|MSBM7|NimbusRoman-Regular|SFBX0800|SFBX0900|SFBX1000|SFBX1200|SFBX1728|SFBX2488|SFCC0600|SFCC0700|SFCC0800|SFCC0900|SFCC1000|SFRM0500|SFRM0600|SFRM0700|SFRM0800|SFRM0900|SFRM1000|SFRM1200|SFSC0700|SFSC1000|SFTI1000|SFXC0800|SFXC1000|SFXC1200|Times-Bold|Times-BoldItalic|Times-Italic|Times-Roman
icml-2026-cb506acd46ca,ICML,oral,foundation_200,15,6,21,21,1.0,55.476,39.0,0.0,0.47619,0.238095,0.47619,0.095238,8.966,#460A5D|#A8AFCF|#46075C|#CBD3C5|#3D3F86|#93929E|#460A5E|#622A6F,0.809524,0.238095,0.761905,CMBX10|CMBX9|CMEX10|CMEX7|CMMI10|CMMI5|CMMI6|CMMI7|CMMI9|CMR10|CMR5|CMR6|CMR7|CMR9|CMSY10|CMSY5|CMSY6|CMSY7|CMSY9|CMTI9|MSBM10|MSBM7|NimbusMonL-Bold|NimbusMonL-Regu|NimbusRomNo9L-Medi|NimbusRomNo9L-MediItal|NimbusRomNo9L-Regu|NimbusRomNo9L-ReguItal|Times-Roman
icml-2026-cbc92221e73f,ICML,oral,foundation_200,7,0,7,7,1.0,40.857,24.0,0.0,0.571429,0.428571,0.285714,0.0,8.966,#FFDED3|#887BD7|#8871CE|#FAD3DD|#5249E5|#A087C8|#DBB8D4|#D74564,0.857143,0.285714,0.714286,CMBX10|CMBX5|CMBX7|CMEX10|CMMI10|CMMI5|CMMI6|CMMI7|CMMI9|CMMIB10|CMMIB7|CMR10|CMR5|CMR6|CMR7|CMR9|CMSY10|CMSY5|CMSY6|CMSY7|CMSY9|CMTI9|Courier|Courier-Bold|Courier-BoldOblique|Courier-Oblique|F249|Helvetica|Helvetica-Bold|Helvetica-BoldOblique|Helvetica-Oblique|MSBM10|NimbusMonL-Regu|NimbusRomNo9L-Medi|NimbusRomNo9L-Regu|NimbusRomNo9L-ReguItal|Times-Bold|Times-BoldItalic|Times-Italic|Times-Roman
icml-2026-cca969cd8cab,ICML,spotlight,foundation_200,7,9,16,16,1.0,36.5,22.0,0.0,0.5625,0.25,0.125,0.125,9.963,#E6B9C8|#B3D9E6|#C8C8E6|#BDE4DA|#878482|#E9C2D6|#DAF1CC|#BAEDD4,0.5625,0.1875,0.8125,CMBX10|CMEX10|CMMI10|CMMI5|CMMI6|CMMI7|CMMI9|CMMIB10|CMMIB9|CMR10|CMR7|CMSY10|CMSY6|CMSY7|CMTI9|CMUSerif-Bold|CMUSerif-Roman|HelveticaNeue|MSBM10|NimbusMonL-Regu|NimbusRomNo9L-Medi|NimbusRomNo9L-Regu|NimbusRomNo9L-ReguItal|STIXGeneral-Italic|STIXGeneral-Regular|Times-Roman
icml-2026-cd054c2b1c0a,ICML,spotlight,foundation_200,5,5,10,10,1.0,49.6,31.5,0.0,0.5,0.1,0.2,0.2,8.966,#FFF3E3|#FFE3BD|#F9DDB9|#FEEACE|#FCD19E|#FEEED6|#FDDBAD|#FEE3BF,0.8,0.3,0.6,CMEX10|CMMI10|CMMI5|CMMI7|CMMI9|CMR10|CMR5|CMR6|CMR7|CMR9|CMSY10|CMSY5|CMSY6|CMSY7|CMSY9|MSBM10|MSBM7|NimbusMonL-Bold|NimbusMonL-Regu|NimbusRomNo9L-Medi|NimbusRomNo9L-Regu|NimbusRomNo9L-ReguItal|Times-Roman
icml-2026-cdec10979815,ICML,spotlight,foundation_200,14,23,37,37,1.0,34.541,27.0,0.0,0.540541,0.216216,0.297297,0.027027,8.966,#83C1FE|#1E90FF|#54AAFE|#CCE5FE|#69B4FD|#97CBFD|#44A2FE|#E0F0FF,0.405405,0.216216,0.648649,ArialMT|CMBX7|CMEX10|CMMI10|CMMI6|CMMI7|CMMI9|CMR10|CMR6|CMR7|CMR9|CMSY10|CMSY7|CMSY9|CMTI9|DejaVuSans|DejaVuSans-Oblique|Georgia-Bold|MSAM10|NimbusMonL-Regu|NimbusRomNo9L-Medi|NimbusRomNo9L-Regu|NimbusRomNo9L-ReguItal|Times-Roman|TimesNewRomanPS-BoldMT|TimesNewRomanPS-ItalicMT|TimesNewRomanPSMT
icml-2026-d6b2488d4518,ICML,oral,foundation_200,11,17,28,28,1.0,26.464,20.5,0.0,0.607143,0.071429,0.25,0.071429,8.234,#203A5B|#737C4D|#546E42|#A4ADA7|#3B525E|#88553D|#7F8F67|#CBC8C4,0.392857,0.464286,0.392857,Aptos|CMBX10|CMEX10|CMEX9|CMMI10|CMMI5|CMMI6|CMMI7|CMMI9|CMR10|CMR6|CMR7|CMR9|CMSY10|CMSY6|CMSY7|CMSY9|CMTI9|CambriaMath|MSAM10|MSBM10|MalgunGothic|MalgunGothicBold|Monaco|NimbusMonL-Regu|NimbusRomNo9L-Medi|NimbusRomNo9L-Regu|NimbusRomNo9L-ReguItal|SegoeUISymbol|Times-Roman|TimesNewRomanPS-BoldItalicMT|TimesNewRomanPS-BoldMT|TimesNewRomanPS-ItalicMT|TimesNewRomanPSMT
icml-2026-da310238c4b0,ICML,spotlight,foundation_200,15,14,29,29,1.0,41.931,22.0,0.37931,0.586207,0.241379,0.275862,0.034483,8.966,#9AC9DB|#FF8884|#F3CBC9|#464A45|#ACB7B3|#96958B|#865A55|#ECC0BA,0.551724,0.448276,0.517241,CMBX10|CMBX6|CMBX7|CMEX10|CMEX9|CMMI10|CMMI5|CMMI6|CMMI7|CMMI9|CMMIB10|CMMIB7|CMMIB9|CMR10|CMR5|CMR6|CMR7|CMR9|CMSY10|CMSY5|CMSY6|CMSY7|CMSY9|CMTI9|CambriaMath|DejaVuSans|DengXian-Regular|Dingbats|MSAM10|MSBM10|NimbusMonL-Regu|NimbusRomNo9L-Medi|NimbusRomNo9L-MediItal|NimbusRomNo9L-Regu|NimbusRomNo9L-ReguItal|Times-Roman|TimesNewRomanPS-BoldMT|TimesNewRomanPS-ItalicMT|TimesNewRomanPSMT
icml-2026-dadc39271844,ICML,oral,foundation_200,7,8,15,15,1.0,67.667,65.0,0.533333,0.733333,0.133333,0.533333,0.0,6.671,#FB8072|#A2BACB|#CFA07C|#DDE3D2|#ECC1B5|#FBD8D4|#FCF3E5|#FBEAE1,0.466667,0.133333,0.866667,Arial-BoldItalicMT|Arial-BoldMT|Arial-ItalicMT|ArialMT|CMEX10|CMMI10|CMR10|CMSY10|CMSY9|CalisMTBol|CambriaMath|DejaVuSans|F117|F84|Inconsolatazi4-Regular|MSAM10|PazoMath|PazoMath-Bold|PazoMath-BoldItalic|PazoMath-Italic|PazoMathBlackboardBold|Times-Roman|URWPalladioL-Bold|URWPalladioL-BoldItal|URWPalladioL-Ital|URWPalladioL-Roma
icml-2026-dba55bc31703,ICML,oral,foundation_200,14,9,23,23,1.0,34.783,35.0,0.0,0.608696,0.391304,0.608696,0.217391,9.963,#D2E9D7|#F9D8D9|#F2B0BD|#A9DBB5|#D59295|#8DD4AD|#9F5B3C|#E2F3E0,0.608696,0.086957,0.913043,Aptos|Aptos-Bold|CambriaMath|DejaVuSans|DejaVuSans-Bold|Dingbats|HelveticaNeue|LMMono10-Regular|LMMonoLt10-Bold|PazoMathBlackboardBold|Times-Roman|URWPalladioL-Bold|URWPalladioL-BoldItal|URWPalladioL-Ital|URWPalladioL-Roma|XCharterMathMI|XCharterMathRM|txexs|txmiaX|txsym|txsys
icml-2026-e0395b78826d,ICML,oral,foundation_200,12,1,13,13,1.0,87.538,99.0,0.0,0.769231,0.307692,0.846154,0.461538,7.484,#FDE4E9|#C8DAE1|#8FB7BE|#F09A77|#FAB79D|#F8E8E1|#C1BAC4|#EED8D1,0.615385,0.0,1.0,CMBX10|CMBX7|CMBX8|CMEX10|CMMI10|CMMI12|CMMI5|CMMI7|CMMI8|CMMI9|CMR10|CMR12|CMR5|CMR7|CMR8|CMR9|CMSY10|CMSY5|CMSY7|CMSY8|CMSY9|MSBM10|SFBX0900|SFBX1000|SFBX1200|SFBX1440|SFRM0600|SFRM0700|SFRM0800|SFRM0900|SFRM1000|SFRM1200|SFRM1728|SFTI0900|SFTI1000|SFTT0800|SFTT0900|SFTT1000|Times-Roman|dsrom10
icml-2026-e390f6423d6a,ICML,oral,foundation_200,18,19,37,37,1.0,23.757,11.0,0.027027,0.675676,0.054054,0.135135,0.0,7.737,#E0F4FF|#FFF2CD|#747F85|#FBE5D7|#FC7100|#F5F1E5|#DCF0FB|#8B989F,0.810811,0.459459,0.459459,CMBX10|CMMI10|CMMI5|CMMI6|CMMI7|CMMI9|CMMIB10|CMMIB7|CMR10|CMR7|CMR9|CMSY10|CMSY7|CMSY9|CMTI9|Calibri|Calibri-Bold|CambriaMath|Courier|Courier-Bold|Courier-BoldOblique|Courier-Oblique|DejaVuSans|DejaVuSans-Oblique|DengXian|F115|F84|Helvetica|Helvetica-Bold|Helvetica-BoldOblique|Helvetica-Oblique|MSAM10|MSBM10|NimbusMonL-Regu|NimbusRomNo9L-Medi|NimbusRomNo9L-Regu|NimbusRomNo9L-ReguItal|Times-Bold|Times-BoldItalic|Times-Italic|Times-Roman|TimesNewRomanPS-BoldMT|TimesNewRomanPSMT
icml-2026-e727e683b443,ICML,oral,foundation_200,13,1,14,13,0.928571,45.0,32.0,0.230769,0.461538,0.230769,0.461538,0.0,5.832,#3B923B|#C03D3E|#7A8FD3|#FB5D5D|#3338F3|#D2C9E2|#FD1A1A|#FC3838,0.785714,0.0,0.928571,CMBX10|CMBX6|CMBX7|CMBX9|CMEX10|CMMI10|CMMI5|CMMI6|CMMI7|CMMI9|CMMIB10|CMMIB7|CMMIB9|CMR10|CMR5|CMR6|CMR7|CMR9|CMSY10|CMSY5|CMSY6|CMSY7|CMSY9|CMTI9|DejaVuSans|DejaVuSans-Bold|DejaVuSans-Oblique|MSBM10|NimbusMonL-Regu|NimbusRomNo9L-Medi|NimbusRomNo9L-MediItal|NimbusRomNo9L-Regu|NimbusRomNo9L-ReguItal|Times-Roman
icml-2026-eb5aba1da40d,ICML,oral,foundation_200,16,2,18,18,1.0,40.444,44.5,0.0,0.555556,0.111111,0.444444,0.111111,8.966,#FFEBEB|#FFEBEC|#C7CEFF|#FFE7D2|#EBEBFF|#20908C|#F6F4E6|#719089,0.888889,0.055556,0.944444,CMBX10|CMBX12|CMBX7|CMBX9|CMBXTI10|CMEX10|CMMI10|CMMI5|CMMI7|CMR10|CMR12|CMR17|CMR5|CMR6|CMR7|CMR8|CMR9|CMSY10|CMSY5|CMSY7|CMSY9|CMTI10|CMTI9|CMTT10|CMTT12|DejaVuSans|F215|MSBM10|SFRM1000|Times-Roman|[none]|dsrom10
icml-2026-ec58c09ff7b3,ICML,oral,foundation_200,9,1,10,10,1.0,58.2,46.0,0.0,0.1,0.6,0.9,0.0,8.966,#7AA4C6|#D8697E|#E10832|#BAC5D7|#E2294D|#E8E4EA|#B4AEC4|#66769C,0.8,0.1,0.9,CMBX10|CMBX7|CMBX9|CMEX10|CMEX9|CMMI10|CMMI5|CMMI6|CMMI7|CMMI9|CMMIB10|CMMIB5|CMMIB7|CMMIB9|CMR10|CMR5|CMR7|CMR9|CMSY10|CMSY5|CMSY7|CMSY9|CMTI9|LINE10|MSAM10|MSBM10|NimbusMonL-Regu|NimbusRomNo9L-Medi|NimbusRomNo9L-Regu|NimbusRomNo9L-ReguItal|StandardSymL_Slant_167|Times-Roman
icml-2026-ed7dc4e0461b,ICML,spotlight,foundation_200,11,5,16,16,1.0,30.625,18.0,0.0,0.375,0.125,0.375,0.25,5.897,#BD4E4E|#DDA0A5|#EABABA|#ACC4DC|#EAB8B9|#E7979D|#CB585A|#AFC4DC,0.6875,0.4375,0.5625,BeraSansMono-Roman|CMBX7|CMEX10|CMMI10|CMMI5|CMMI7|CMR10|CMR5|CMR7|CMSY10|CMSY5|CMSY7|DejaVuSans|MSBM7|NimbusRomNo9L-Medi|NimbusRomNo9L-Regu|NimbusRomNo9L-ReguItal|Times-Roman
icml-2026-ed7f31d45d4a,ICML,spotlight,foundation_200,10,3,13,13,1.0,46.769,37.0,0.0,0.230769,0.461538,0.307692,0.307692,6.051,#D2E3F0|#D75B93|#E38CB3|#674F91|#F8E5EE|#EFBED4|#B6AFCD|#EBADC9,0.923077,0.153846,0.846154,CMBX10|CMBX12|CMBXTI10|CMCSC10|CMEX10|CMEX8|CMEX9|CMMI10|CMMI12|CMMI5|CMMI6|CMMI7|CMMI8|CMMI9|CMR10|CMR12|CMR17|CMR5|CMR6|CMR7|CMR8|CMR9|CMSY10|CMSY6|CMSY7|CMSY8|CMSY9|CMTI10|CMTT10|DejaVuSans|DejaVuSans-Oblique|MSBM10|SFRM1095|SFTI1095|Times-Roman
icml-2026-ef7b30eeedea,ICML,oral,foundation_200,11,2,13,13,1.0,57.077,56.0,0.0,0.461538,0.230769,0.384615,0.076923,9.818,#FFF2E6|#FFF6EB|#3F3FB2|#5454BB|#ADADDF|#CACAEB|#1D1DA4|#8C8CD1,0.846154,0.0,1.0,CMMI10|CMSS10|CMSS8|CMSS9|DejaVuSans|DejaVuSans-Oblique|DejaVuSerif|Dingbats|EUFM10|EUSM10|MnSymbol10|MnSymbol6|MnSymbol7|MnSymbol8|MnSymbol9|NimbusMonL-Regu|NimbusSanL-Bold|NimbusSanL-Regu|PazoMath|PazoMath-BoldItalic|PazoMath-Italic|PazoMathBlackboardBold|Times-Roman|URWPalladioL-Bold|URWPalladioL-BoldItal|URWPalladioL-Ital|URWPalladioL-Roma|stmary10
icml-2026-f1190e536fe9,ICML,spotlight,foundation_200,8,4,12,11,0.916667,67.909,76.0,0.727273,0.454545,0.181818,0.454545,0.181818,9.963,#FBD6D4|#F9EEDD|#FBD1D3|#E5E4E6|#E8D0C2|#A186B1|#C1BFCB|#DED9DC,0.666667,0.083333,0.833333,AppleSymbols|Ayuthaya|CMBSY10|CMBX10|CMEX10|CMMI10|CMR10|CMSS10|CMSY10|EUFM10|EmojiOneColor|FontAwesome|Inconsolatazi4-Bold|Inconsolatazi4-Regular|MyriadPro-Regular|PazoMath|PazoMath-BoldItalic|PazoMath-Italic|PazoMathBlackboardBold|SketchBlockBold|SketchBlockLight|Times-Roman|URWPalladioL-Bold|URWPalladioL-BoldItal|URWPalladioL-Ital|URWPalladioL-Roma|VCROSDMono|[none]
icml-2026-f2ef0d36bc74,ICML,oral,foundation_200,3,0,3,3,1.0,101.333,111.0,0.0,0.666667,0.333333,0.666667,0.0,4.861,#E7D3F1|#9CC5CD|#EDC7CE|#8C8682|#D5E0ED|#BDD9DF|#DFEBF1|#F0EBF5,1.0,0.0,1.0,CMBX10|CMBX7|CMEX10|CMEX7|CMMI10|CMMI5|CMMI6|CMMI7|CMMI9|CMR10|CMR5|CMR6|CMR7|CMR9|CMSY10|CMSY5|CMSY7|CMSY9|CMTI9|DejaVuSans|DejaVuSans-Oblique|F347|MSAM10|MSAM5|MSAM7|MSBM10|MSBM7|NimbusMonL-Regu|NimbusRomNo9L-Medi|NimbusRomNo9L-MediItal|NimbusRomNo9L-Regu|NimbusRomNo9L-ReguItal|SFRM0900|STIXGeneral-Regular|Times-Roman|TimesNewRomanPS-BoldMT|TimesNewRomanPSMT
icml-2026-f46849c406ca,ICML,spotlight,foundation_200,7,8,15,15,1.0,36.8,24.0,0.066667,0.4,0.133333,0.4,0.0,8.966,#FFDA8F|#F9D691|#C4BAB5|#BE989D|#F3DFB8|#FFDA8E|#FFD98F|#DFD0B2,0.666667,0.2,0.8,CMBX10|CMBX7|CMBX9|CMEX10|CMEX9|CMMI10|CMMI5|CMMI6|CMMI7|CMMI9|CMMIB10|CMMIB9|CMR10|CMR5|CMR6|CMR7|CMR9|CMSY10|CMSY5|CMSY6|CMSY7|CMSY9|CMTI9|CambriaMath|MSBM10|NimbusMonL-Bold|NimbusMonL-Regu|NimbusRomNo9L-Medi|NimbusRomNo9L-MediItal|NimbusRomNo9L-Regu|NimbusRomNo9L-ReguItal|Times-Roman|TimesNewRomanPS-BoldMT|TimesNewRomanPSMT
icml-2026-f746984a28d8,ICML,spotlight,foundation_200,10,9,19,19,1.0,38.316,24.0,0.0,0.526316,0.0,0.315789,0.157895,8.966,#450457|#1A1AFF|#E0E0FF|#1F77B4|#FFE6E6|#E6E6FF|#CCFFCC|#A6ABA2,0.631579,0.263158,0.736842,CMBX10|CMBX7|CMBX9|CMEX10|CMEX7|CMMI10|CMMI5|CMMI6|CMMI7|CMMI9|CMMIB10|CMR10|CMR5|CMR6|CMR7|CMR9|CMSY10|CMSY5|CMSY6|CMSY7|CMSY9|CMTI9|Cmmi10|Cmsy10|Courier|Courier-Bold|Courier-BoldOblique|Courier-Oblique|DejaVuSerif|Helvetica|Helvetica-Bold|Helvetica-BoldOblique|Helvetica-Oblique|MSBM10|NimbusMonL-Regu|NimbusRomNo9L-Medi|NimbusRomNo9L-Regu|NimbusRomNo9L-ReguItal|Times-Bold|Times-BoldItalic|Times-Italic|Times-Roman
icml-2026-f97f56589ff5,ICML,oral,foundation_200,7,10,17,17,1.0,44.588,43.0,0.0,0.470588,0.235294,0.470588,0.0,8.644,#E5FFFF|#43C6E0|#727DB2|#25377B|#94A9CE|#4E579E|#ACD7E4|#1DAFEA,0.470588,0.529412,0.411765,CMBX10|CMBX7|CMEX10|CMMI10|CMMI5|CMMI6|CMMI7|CMMI9|CMMIB10|CMR10|CMR6|CMR7|CMR9|CMSY10|CMSY7|CMSY9|CMTI9|Helvetica|LibertinusSans-Bold|LibertinusSans-Regular|MSBM10|NimbusMonL-Regu|NimbusRomNo9L-Medi|NimbusRomNo9L-Regu|NimbusRomNo9L-ReguItal|Times-Roman
icml-2026-fea2d498a956,ICML,spotlight,foundation_200,10,5,15,15,1.0,49.533,19.0,0.066667,0.8,0.066667,0.333333,0.0,9.464,#E1E9ED|#D4C1E1|#9B4540|#FCF3D5|#F0BB91|#FDEAB4|#A2B4B1|#A78B85,0.533333,0.2,0.8,Arial-BoldItalicMT|Arial-BoldMT|ArialMT|BaiJamjuree-Regular|BanglaSangamMN|BanglaSangamMN-Bold|CMBX10|CMEX10|CMEX9|CMMI10|CMMI5|CMMI6|CMMI7|CMMI9|CMR10|CMR5|CMR6|CMR7|CMR9|CMSY10|CMSY5|CMSY6|CMSY7|CMSY9|CMTI9|CourierNewPS-BoldMT|MSAM10|MSBM10|NimbusMonL-Regu|NimbusRomNo9L-Medi|NimbusRomNo9L-Regu|NimbusRomNo9L-ReguItal|Times-Roman|TimesNewRomanPSMT
