left_dimension,left_value,right_dimension,right_value,papers,papers_present,paper_prevalence,conference_equal_paper_prevalence,object_count,object_share,paper_normalized_object_share,conference_equal_paper_normalized_share
purpose,ablation,kind,figure,250,165,0.66,0.65,627,0.116111,0.100323,0.100466
purpose,ablation,kind,table,250,169,0.676,0.668333,510,0.094444,0.094454,0.092524
purpose,dataset,kind,figure,250,81,0.324,0.323333,171,0.031667,0.031911,0.031767
purpose,dataset,kind,table,250,102,0.408,0.4,271,0.050185,0.046878,0.045376
purpose,efficiency_cost,kind,figure,250,133,0.532,0.536667,486,0.09,0.073022,0.075256
purpose,efficiency_cost,kind,table,250,138,0.552,0.548333,366,0.067778,0.071403,0.070423
purpose,experimental_design,kind,figure,250,174,0.696,0.696667,454,0.084074,0.087459,0.087152
purpose,experimental_design,kind,table,250,143,0.572,0.581667,403,0.07463,0.071554,0.071371
purpose,failure,kind,figure,250,119,0.476,0.481667,296,0.054815,0.050953,0.050701
purpose,failure,kind,table,250,61,0.244,0.245,121,0.022407,0.024579,0.023575
purpose,headline,kind,figure,250,213,0.852,0.851667,414,0.076667,0.091994,0.092847
purpose,headline,kind,table,250,147,0.588,0.585,228,0.042222,0.052083,0.051491
purpose,main_comparison,kind,figure,250,218,0.872,0.871667,931,0.172407,0.185248,0.185512
purpose,main_comparison,kind,table,250,222,0.888,0.883333,1239,0.229444,0.23449,0.228679
purpose,mechanism,kind,figure,250,200,0.8,0.8,847,0.156852,0.149238,0.151637
purpose,mechanism,kind,table,250,126,0.504,0.493333,314,0.058148,0.057994,0.057031
purpose,method_interface,kind,figure,250,222,0.888,0.888333,644,0.119259,0.127815,0.125968
purpose,method_interface,kind,table,250,64,0.256,0.256667,134,0.024815,0.024157,0.024315
purpose,other,kind,figure,250,14,0.056,0.056667,20,0.003704,0.003513,0.003636
purpose,other,kind,table,250,20,0.08,0.078333,24,0.004444,0.005078,0.004843
purpose,qualitative_evidence,kind,figure,250,194,0.776,0.775,923,0.170926,0.182802,0.182546
purpose,qualitative_evidence,kind,table,250,60,0.24,0.231667,140,0.025926,0.025452,0.024584
purpose,reproduction,kind,figure,250,109,0.436,0.435,373,0.069074,0.057709,0.057305
purpose,reproduction,kind,table,250,181,0.724,0.725,718,0.132963,0.123026,0.121059
purpose,robustness,kind,figure,250,203,0.812,0.818333,1224,0.226667,0.202325,0.206738
purpose,robustness,kind,table,250,188,0.752,0.743333,826,0.152963,0.153649,0.149699
purpose,theory_mechanism,kind,figure,250,207,0.828,0.833333,552,0.102222,0.129191,0.131181
purpose,theory_mechanism,kind,table,250,66,0.264,0.271667,101,0.018704,0.025394,0.026676
purpose,ablation,placement,appendix,250,166,0.664,0.653333,755,0.139815,0.112991,0.110932
purpose,ablation,placement,main,250,170,0.68,0.671667,382,0.070741,0.081786,0.082057
purpose,dataset,placement,appendix,250,115,0.46,0.453333,328,0.060741,0.055549,0.054515
purpose,dataset,placement,main,250,65,0.26,0.253333,114,0.021111,0.02324,0.022628
purpose,efficiency_cost,placement,appendix,250,142,0.568,0.566667,540,0.1,0.077289,0.078582
purpose,efficiency_cost,placement,main,250,136,0.544,0.55,312,0.057778,0.067137,0.067097
purpose,experimental_design,placement,appendix,250,155,0.62,0.616667,503,0.093148,0.085914,0.085468
purpose,experimental_design,placement,main,250,161,0.644,0.646667,354,0.065556,0.073099,0.073056
purpose,failure,placement,appendix,250,121,0.484,0.483333,318,0.058889,0.052498,0.050805
purpose,failure,placement,main,250,73,0.292,0.305,99,0.018333,0.023033,0.023471
purpose,headline,placement,appendix,250,18,0.072,0.068333,29,0.00537,0.004888,0.004422
purpose,headline,placement,main,250,238,0.952,0.953333,613,0.113519,0.139189,0.139916
purpose,main_comparison,placement,appendix,250,202,0.808,0.793333,1079,0.199815,0.180707,0.175705
purpose,main_comparison,placement,main,250,244,0.976,0.973333,1091,0.202037,0.239031,0.238487
purpose,mechanism,placement,appendix,250,166,0.664,0.658333,681,0.126111,0.109207,0.109307
purpose,mechanism,placement,main,250,191,0.764,0.766667,480,0.088889,0.098026,0.099361
purpose,method_interface,placement,appendix,250,113,0.452,0.435,328,0.060741,0.050793,0.048802
purpose,method_interface,placement,main,250,217,0.868,0.87,450,0.083333,0.101179,0.10148
purpose,other,placement,appendix,250,30,0.12,0.118333,40,0.007407,0.008019,0.007844
purpose,other,placement,main,250,3,0.012,0.011667,4,0.000741,0.000572,0.000635
purpose,qualitative_evidence,placement,appendix,250,170,0.68,0.685,722,0.133704,0.129564,0.128941
purpose,qualitative_evidence,placement,main,250,159,0.636,0.635,341,0.063148,0.07869,0.078189
purpose,reproduction,placement,appendix,250,197,0.788,0.788333,1033,0.191296,0.169536,0.167207
purpose,reproduction,placement,main,250,40,0.16,0.161667,58,0.010741,0.011198,0.011157
purpose,robustness,placement,appendix,250,211,0.844,0.838333,1535,0.284259,0.240769,0.239598
purpose,robustness,placement,main,250,194,0.776,0.776667,515,0.09537,0.115205,0.116839
purpose,theory_mechanism,placement,appendix,250,97,0.388,0.385,216,0.04,0.048101,0.04872
purpose,theory_mechanism,placement,main,250,198,0.792,0.8,437,0.080926,0.106483,0.109138
purpose,ablation,types,architecture,250,2,0.008,0.006667,2,0.00037,0.000389,0.000324
purpose,ablation,types,area,250,18,0.072,0.071667,35,0.006481,0.006741,0.006779
purpose,ablation,types,bar,250,54,0.216,0.21,91,0.016852,0.016668,0.016102
purpose,ablation,types,box,250,7,0.028,0.03,10,0.001852,0.002593,0.003006
purpose,ablation,types,conceptual_diagram,250,7,0.028,0.025,8,0.001481,0.001762,0.001547
purpose,ablation,types,heatmap,250,27,0.108,0.11,44,0.008148,0.008119,0.007844
purpose,ablation,types,histogram,250,4,0.016,0.015,7,0.001296,0.001952,0.001725
purpose,ablation,types,image_montage,250,28,0.112,0.101667,45,0.008333,0.008955,0.008282
purpose,ablation,types,line,250,127,0.508,0.503333,419,0.077593,0.062211,0.06347
purpose,ablation,types,matrix,250,16,0.064,0.065,26,0.004815,0.004262,0.004307
purpose,ablation,types,other,250,11,0.044,0.043333,14,0.002593,0.002843,0.002781
purpose,ablation,types,pareto,250,4,0.016,0.016667,6,0.001111,0.000849,0.000873
purpose,ablation,types,pipeline,250,3,0.012,0.01,3,0.000556,0.000639,0.000533
purpose,ablation,types,qualitative_grid,250,36,0.144,0.133333,72,0.013333,0.012995,0.01187
purpose,ablation,types,scatter,250,32,0.128,0.125,51,0.009444,0.010799,0.010823
purpose,ablation,types,screenshot,250,1,0.004,0.003333,2,0.00037,0.000276,0.00023
purpose,ablation,types,table,250,169,0.676,0.668333,510,0.094444,0.094454,0.092524
purpose,ablation,types,violin,250,1,0.004,0.005,1,0.000185,0.000235,0.000294
purpose,dataset,types,architecture,250,6,0.024,0.023333,6,0.001111,0.000958,0.000905
purpose,dataset,types,area,250,1,0.004,0.003333,2,0.00037,0.000421,0.000351
purpose,dataset,types,bar,250,19,0.076,0.076667,27,0.005,0.004805,0.004784
purpose,dataset,types,box,250,1,0.004,0.003333,1,0.000185,0.00025,0.000208
purpose,dataset,types,conceptual_diagram,250,27,0.108,0.108333,29,0.00537,0.005145,0.005206
purpose,dataset,types,heatmap,250,5,0.02,0.02,12,0.002222,0.002353,0.002169
purpose,dataset,types,histogram,250,7,0.028,0.026667,10,0.001852,0.001687,0.001601
purpose,dataset,types,image_montage,250,34,0.136,0.141667,64,0.011852,0.012234,0.013332
purpose,dataset,types,line,250,12,0.048,0.048333,18,0.003333,0.00426,0.003969
purpose,dataset,types,map,250,4,0.016,0.013333,4,0.000741,0.000569,0.000474
purpose,dataset,types,matrix,250,4,0.016,0.015,5,0.000926,0.000655,0.00065
purpose,dataset,types,network,250,4,0.016,0.013333,4,0.000741,0.000829,0.000691
purpose,dataset,types,other,250,18,0.072,0.078333,23,0.004259,0.003948,0.004336
purpose,dataset,types,pipeline,250,17,0.068,0.065,19,0.003519,0.003588,0.003476
purpose,dataset,types,qualitative_grid,250,42,0.168,0.17,78,0.014444,0.014986,0.015714
purpose,dataset,types,scatter,250,10,0.04,0.038333,12,0.002222,0.002951,0.002767
purpose,dataset,types,screenshot,250,7,0.028,0.028333,7,0.001296,0.001291,0.001358
purpose,dataset,types,table,250,102,0.408,0.4,271,0.050185,0.046878,0.045376
purpose,dataset,types,tree,250,3,0.012,0.011667,3,0.000556,0.000513,0.000489
purpose,efficiency_cost,types,architecture,250,3,0.012,0.011667,4,0.000741,0.001266,0.001143
purpose,efficiency_cost,types,area,250,14,0.056,0.06,31,0.005741,0.006559,0.00719
purpose,efficiency_cost,types,bar,250,47,0.188,0.185,71,0.013148,0.01512,0.014327
purpose,efficiency_cost,types,box,250,4,0.016,0.016667,8,0.001481,0.001742,0.00196
purpose,efficiency_cost,types,conceptual_diagram,250,13,0.052,0.053333,13,0.002407,0.003198,0.003175
purpose,efficiency_cost,types,heatmap,250,6,0.024,0.026667,7,0.001296,0.00183,0.002021
purpose,efficiency_cost,types,histogram,250,1,0.004,0.003333,1,0.000185,0.000118,9.8e-05
purpose,efficiency_cost,types,image_montage,250,4,0.016,0.015,6,0.001111,0.001205,0.001061
purpose,efficiency_cost,types,line,250,109,0.436,0.44,403,0.07463,0.055859,0.058803
purpose,efficiency_cost,types,map,250,1,0.004,0.005,1,0.000185,0.000364,0.000455
purpose,efficiency_cost,types,matrix,250,4,0.016,0.015,4,0.000741,0.001121,0.001085
purpose,efficiency_cost,types,network,250,3,0.012,0.013333,3,0.000556,0.000712,0.000779
purpose,efficiency_cost,types,other,250,6,0.024,0.021667,9,0.001667,0.002544,0.002199
purpose,efficiency_cost,types,pareto,250,11,0.044,0.046667,48,0.008889,0.003861,0.004366
purpose,efficiency_cost,types,pipeline,250,6,0.024,0.023333,7,0.001296,0.002107,0.001941
purpose,efficiency_cost,types,qualitative_grid,250,6,0.024,0.023333,7,0.001296,0.001612,0.001552
purpose,efficiency_cost,types,scatter,250,36,0.144,0.141667,59,0.010926,0.01217,0.011908
purpose,efficiency_cost,types,table,250,138,0.552,0.548333,366,0.067778,0.071403,0.070423
purpose,efficiency_cost,types,tree,250,1,0.004,0.005,1,0.000185,0.000211,0.000263
purpose,experimental_design,types,architecture,250,73,0.292,0.281667,92,0.017037,0.017905,0.01759
purpose,experimental_design,types,area,250,10,0.04,0.043333,16,0.002963,0.003777,0.004248
purpose,experimental_design,types,bar,250,28,0.112,0.116667,37,0.006852,0.006569,0.006651
purpose,experimental_design,types,conceptual_diagram,250,125,0.5,0.495,190,0.035185,0.037033,0.036699
purpose,experimental_design,types,heatmap,250,14,0.056,0.06,20,0.003704,0.003867,0.004082
purpose,experimental_design,types,histogram,250,6,0.024,0.025,7,0.001296,0.001461,0.001516
purpose,experimental_design,types,image_montage,250,36,0.144,0.143333,60,0.011111,0.010373,0.010422
purpose,experimental_design,types,line,250,69,0.276,0.278333,111,0.020556,0.027174,0.02825
purpose,experimental_design,types,map,250,4,0.016,0.018333,7,0.001296,0.001781,0.002178
purpose,experimental_design,types,matrix,250,15,0.06,0.06,17,0.003148,0.002773,0.002684
purpose,experimental_design,types,network,250,6,0.024,0.021667,6,0.001111,0.001386,0.001307
purpose,experimental_design,types,other,250,23,0.092,0.095,53,0.009815,0.008048,0.00839
purpose,experimental_design,types,pipeline,250,107,0.428,0.418333,142,0.026296,0.028621,0.027952
purpose,experimental_design,types,qualitative_grid,250,49,0.196,0.193333,79,0.01463,0.013767,0.01347
purpose,experimental_design,types,scatter,250,21,0.084,0.086667,28,0.005185,0.006647,0.007169
purpose,experimental_design,types,screenshot,250,23,0.092,0.088333,53,0.009815,0.008369,0.007744
purpose,experimental_design,types,table,250,143,0.572,0.581667,403,0.07463,0.071554,0.071371
purpose,experimental_design,types,tree,250,3,0.012,0.015,4,0.000741,0.000499,0.000624
purpose,experimental_design,types,violin,250,1,0.004,0.003333,1,0.000185,0.000308,0.000256
purpose,failure,types,area,250,10,0.04,0.043333,23,0.004259,0.003276,0.00356
purpose,failure,types,bar,250,21,0.084,0.085,32,0.005926,0.005239,0.005052
purpose,failure,types,box,250,3,0.012,0.013333,3,0.000556,0.000719,0.000843
purpose,failure,types,conceptual_diagram,250,12,0.048,0.046667,12,0.002222,0.002352,0.002209
purpose,failure,types,heatmap,250,10,0.04,0.04,20,0.003704,0.003245,0.003026
purpose,failure,types,histogram,250,3,0.012,0.01,3,0.000556,0.000651,0.000542
purpose,failure,types,image_montage,250,44,0.176,0.168333,99,0.018333,0.017232,0.01617
purpose,failure,types,line,250,56,0.224,0.236667,105,0.019444,0.021074,0.022047
purpose,failure,types,map,250,1,0.004,0.003333,2,0.00037,0.000421,0.000351
purpose,failure,types,matrix,250,5,0.02,0.021667,5,0.000926,0.000926,0.00105
purpose,failure,types,network,250,2,0.008,0.01,2,0.00037,0.000317,0.000396
purpose,failure,types,other,250,15,0.06,0.06,30,0.005556,0.005184,0.00521
purpose,failure,types,pareto,250,1,0.004,0.005,2,0.00037,0.000211,0.000263
purpose,failure,types,pipeline,250,3,0.012,0.01,3,0.000556,0.000583,0.000486
purpose,failure,types,qualitative_grid,250,52,0.208,0.2,128,0.023704,0.021308,0.020171
purpose,failure,types,scatter,250,13,0.052,0.05,18,0.003333,0.002456,0.002334
purpose,failure,types,screenshot,250,14,0.056,0.05,33,0.006111,0.004891,0.004303
purpose,failure,types,table,250,61,0.244,0.245,121,0.022407,0.024579,0.023575
purpose,failure,types,violin,250,1,0.004,0.005,1,0.000185,0.00019,0.000238
purpose,headline,types,architecture,250,38,0.152,0.143333,39,0.007222,0.009163,0.008945
purpose,headline,types,area,250,16,0.064,0.063333,21,0.003889,0.00492,0.005209
purpose,headline,types,bar,250,63,0.252,0.256667,79,0.01463,0.01561,0.01574
purpose,headline,types,box,250,3,0.012,0.011667,3,0.000556,0.000612,0.000661
purpose,headline,types,conceptual_diagram,250,117,0.468,0.463333,129,0.023889,0.027856,0.02768
purpose,headline,types,heatmap,250,15,0.06,0.063333,17,0.003148,0.004288,0.004846
purpose,headline,types,histogram,250,3,0.012,0.011667,3,0.000556,0.000841,0.000829
purpose,headline,types,image_montage,250,43,0.172,0.165,56,0.01037,0.011434,0.010985
purpose,headline,types,line,250,116,0.464,0.47,180,0.033333,0.046615,0.048273
purpose,headline,types,map,250,1,0.004,0.005,1,0.000185,0.000267,0.000333
purpose,headline,types,matrix,250,10,0.04,0.041667,11,0.002037,0.002829,0.003269
purpose,headline,types,network,250,3,0.012,0.013333,3,0.000556,0.00065,0.000702
purpose,headline,types,other,250,22,0.088,0.093333,25,0.00463,0.004957,0.005308
purpose,headline,types,pareto,250,9,0.036,0.041667,12,0.002222,0.001496,0.001747
purpose,headline,types,pipeline,250,77,0.308,0.301667,79,0.01463,0.017731,0.01759
purpose,headline,types,qualitative_grid,250,60,0.24,0.23,77,0.014259,0.01495,0.014457
purpose,headline,types,scatter,250,48,0.192,0.191667,63,0.011667,0.014628,0.014811
purpose,headline,types,screenshot,250,4,0.016,0.015,4,0.000741,0.000748,0.000711
purpose,headline,types,table,250,147,0.588,0.585,228,0.042222,0.052083,0.051491
purpose,headline,types,tree,250,1,0.004,0.003333,1,0.000185,0.000211,0.000175
purpose,headline,types,violin,250,1,0.004,0.005,1,0.000185,0.00019,0.000238
purpose,main_comparison,types,architecture,250,3,0.012,0.011667,3,0.000556,0.000603,0.000631
purpose,main_comparison,types,area,250,21,0.084,0.085,48,0.008889,0.009927,0.010499
purpose,main_comparison,types,bar,250,97,0.388,0.385,209,0.038704,0.037697,0.037578
purpose,main_comparison,types,box,250,8,0.032,0.031667,15,0.002778,0.003654,0.003824
purpose,main_comparison,types,conceptual_diagram,250,25,0.1,0.096667,30,0.005556,0.006662,0.006647
purpose,main_comparison,types,heatmap,250,28,0.112,0.111667,66,0.012222,0.011579,0.011487
purpose,main_comparison,types,histogram,250,8,0.032,0.03,11,0.002037,0.00309,0.002734
purpose,main_comparison,types,image_montage,250,54,0.216,0.211667,129,0.023889,0.023612,0.022921
purpose,main_comparison,types,line,250,151,0.604,0.608333,504,0.093333,0.109652,0.111626
purpose,main_comparison,types,map,250,6,0.024,0.023333,13,0.002407,0.002031,0.001901
purpose,main_comparison,types,matrix,250,16,0.064,0.065,33,0.006111,0.00577,0.005991
purpose,main_comparison,types,network,250,2,0.008,0.01,3,0.000556,0.000918,0.001147
purpose,main_comparison,types,other,250,27,0.108,0.11,41,0.007593,0.007452,0.007473
purpose,main_comparison,types,pareto,250,11,0.044,0.048333,32,0.005926,0.003344,0.00387
purpose,main_comparison,types,pipeline,250,8,0.032,0.03,8,0.001481,0.001696,0.001622
purpose,main_comparison,types,qualitative_grid,250,68,0.272,0.261667,157,0.029074,0.028418,0.02705
purpose,main_comparison,types,scatter,250,70,0.28,0.281667,149,0.027593,0.031534,0.032006
purpose,main_comparison,types,screenshot,250,5,0.02,0.018333,12,0.002222,0.001728,0.001527
purpose,main_comparison,types,table,250,222,0.888,0.883333,1239,0.229444,0.23449,0.228679
purpose,main_comparison,types,violin,250,2,0.008,0.008333,3,0.000556,0.000498,0.000495
purpose,mechanism,types,architecture,250,12,0.048,0.05,17,0.003148,0.002442,0.002505
purpose,mechanism,types,area,250,30,0.12,0.121667,93,0.017222,0.01108,0.011682
purpose,mechanism,types,bar,250,71,0.284,0.281667,124,0.022963,0.022356,0.022047
purpose,mechanism,types,box,250,9,0.036,0.035,12,0.002222,0.00271,0.00284
purpose,mechanism,types,conceptual_diagram,250,41,0.164,0.165,58,0.010741,0.01117,0.011535
purpose,mechanism,types,heatmap,250,55,0.22,0.226667,121,0.022407,0.021928,0.02306
purpose,mechanism,types,histogram,250,18,0.072,0.068333,32,0.005926,0.006892,0.006164
purpose,mechanism,types,image_montage,250,42,0.168,0.165,68,0.012593,0.012246,0.011888
purpose,mechanism,types,line,250,141,0.564,0.57,424,0.078519,0.078111,0.079581
purpose,mechanism,types,map,250,1,0.004,0.005,1,0.000185,0.000364,0.000455
purpose,mechanism,types,matrix,250,39,0.156,0.16,81,0.015,0.015311,0.016456
purpose,mechanism,types,network,250,4,0.016,0.018333,6,0.001111,0.001181,0.001435
purpose,mechanism,types,other,250,18,0.072,0.075,36,0.006667,0.005688,0.005788
purpose,mechanism,types,pareto,250,1,0.004,0.005,5,0.000926,0.000526,0.000658
purpose,mechanism,types,pipeline,250,17,0.068,0.068333,27,0.005,0.004371,0.004296
purpose,mechanism,types,qualitative_grid,250,79,0.316,0.316667,155,0.028704,0.028002,0.028215
purpose,mechanism,types,scatter,250,62,0.248,0.253333,119,0.022037,0.023157,0.023691
purpose,mechanism,types,screenshot,250,11,0.044,0.041667,29,0.00537,0.004251,0.004255
purpose,mechanism,types,table,250,126,0.504,0.493333,314,0.058148,0.057994,0.057031
purpose,mechanism,types,violin,250,3,0.012,0.011667,3,0.000556,0.000697,0.000679
purpose,method_interface,types,architecture,250,140,0.56,0.55,200,0.037037,0.042058,0.041048
purpose,method_interface,types,area,250,6,0.024,0.023333,7,0.001296,0.001698,0.001722
purpose,method_interface,types,bar,250,16,0.064,0.068333,17,0.003148,0.003426,0.003594
purpose,method_interface,types,conceptual_diagram,250,213,0.852,0.855,424,0.078519,0.09249,0.091621
purpose,method_interface,types,heatmap,250,13,0.052,0.056667,15,0.002778,0.002608,0.002897
purpose,method_interface,types,histogram,250,2,0.008,0.01,2,0.00037,0.000536,0.00067
purpose,method_interface,types,image_montage,250,41,0.164,0.158333,68,0.012593,0.013337,0.01261
purpose,method_interface,types,line,250,36,0.144,0.146667,43,0.007963,0.011225,0.011782
purpose,method_interface,types,map,250,4,0.016,0.016667,4,0.000741,0.000881,0.000949
purpose,method_interface,types,matrix,250,27,0.108,0.106667,37,0.006852,0.006204,0.005941
purpose,method_interface,types,network,250,17,0.068,0.066667,23,0.004259,0.006265,0.006397
purpose,method_interface,types,other,250,22,0.088,0.093333,60,0.011111,0.010099,0.010871
purpose,method_interface,types,pipeline,250,178,0.712,0.701667,286,0.052963,0.061605,0.059666
purpose,method_interface,types,qualitative_grid,250,65,0.26,0.258333,104,0.019259,0.020021,0.019365
purpose,method_interface,types,scatter,250,13,0.052,0.05,17,0.003148,0.004616,0.004375
purpose,method_interface,types,screenshot,250,37,0.148,0.133333,121,0.022407,0.016293,0.014455
purpose,method_interface,types,table,250,64,0.256,0.256667,134,0.024815,0.024157,0.024315
purpose,method_interface,types,tree,250,6,0.024,0.021667,8,0.001481,0.001573,0.001398
purpose,method_interface,types,violin,250,1,0.004,0.003333,1,0.000185,0.000154,0.000128
purpose,other,types,bar,250,1,0.004,0.005,2,0.00037,0.000296,0.00037
purpose,other,types,box,250,1,0.004,0.005,1,0.000185,9.8e-05,0.000122
purpose,other,types,conceptual_diagram,250,3,0.012,0.01,3,0.000556,0.000402,0.000335
purpose,other,types,heatmap,250,1,0.004,0.003333,1,0.000185,0.000308,0.000256
purpose,other,types,image_montage,250,5,0.02,0.021667,7,0.001296,0.001173,0.001258
purpose,other,types,line,250,5,0.02,0.021667,7,0.001296,0.001283,0.001352
purpose,other,types,matrix,250,2,0.008,0.006667,2,0.00037,0.000508,0.000423
purpose,other,types,other,250,1,0.004,0.005,3,0.000556,0.000387,0.000484
purpose,other,types,pipeline,250,1,0.004,0.003333,1,0.000185,4.8e-05,4e-05
purpose,other,types,qualitative_grid,250,5,0.02,0.02,5,0.000926,0.001206,0.001171
purpose,other,types,scatter,250,2,0.008,0.008333,2,0.00037,0.00044,0.000485
purpose,other,types,screenshot,250,2,0.008,0.01,4,0.000741,0.000525,0.000656
purpose,other,types,table,250,20,0.08,0.078333,24,0.004444,0.005078,0.004843
purpose,qualitative_evidence,types,architecture,250,9,0.036,0.033333,9,0.001667,0.002451,0.002145
purpose,qualitative_evidence,types,area,250,16,0.064,0.066667,23,0.004259,0.005415,0.005705
purpose,qualitative_evidence,types,bar,250,35,0.14,0.14,40,0.007407,0.007811,0.007643
purpose,qualitative_evidence,types,box,250,5,0.02,0.021667,6,0.001111,0.001133,0.001177
purpose,qualitative_evidence,types,conceptual_diagram,250,65,0.26,0.253333,85,0.015741,0.018427,0.017751
purpose,qualitative_evidence,types,heatmap,250,52,0.208,0.211667,133,0.02463,0.027251,0.028003
purpose,qualitative_evidence,types,histogram,250,14,0.056,0.055,27,0.005,0.006661,0.006045
purpose,qualitative_evidence,types,image_montage,250,96,0.384,0.378333,452,0.083704,0.081322,0.07957
purpose,qualitative_evidence,types,line,250,79,0.316,0.316667,164,0.03037,0.046372,0.048494
purpose,qualitative_evidence,types,map,250,10,0.04,0.038333,19,0.003519,0.003323,0.0032
purpose,qualitative_evidence,types,matrix,250,32,0.128,0.135,63,0.011667,0.01476,0.016413
purpose,qualitative_evidence,types,network,250,10,0.04,0.038333,13,0.002407,0.003144,0.002885
purpose,qualitative_evidence,types,other,250,26,0.104,0.111667,57,0.010556,0.010529,0.010936
purpose,qualitative_evidence,types,pareto,250,2,0.008,0.01,2,0.00037,0.000135,0.000169
purpose,qualitative_evidence,types,pipeline,250,30,0.12,0.113333,37,0.006852,0.007527,0.006868
purpose,qualitative_evidence,types,qualitative_grid,250,142,0.568,0.57,585,0.108333,0.106538,0.105799
purpose,qualitative_evidence,types,scatter,250,49,0.196,0.198333,92,0.017037,0.020651,0.021278
purpose,qualitative_evidence,types,screenshot,250,38,0.152,0.145,85,0.015741,0.013888,0.013149
purpose,qualitative_evidence,types,table,250,60,0.24,0.231667,140,0.025926,0.025452,0.024584
purpose,qualitative_evidence,types,tree,250,1,0.004,0.003333,1,0.000185,0.00016,0.000133
purpose,qualitative_evidence,types,violin,250,3,0.012,0.011667,4,0.000741,0.000661,0.000649
purpose,reproduction,types,architecture,250,16,0.064,0.06,21,0.003889,0.004118,0.003694
purpose,reproduction,types,area,250,3,0.012,0.011667,7,0.001296,0.001331,0.001318
purpose,reproduction,types,bar,250,8,0.032,0.033333,9,0.001667,0.001972,0.001991
purpose,reproduction,types,box,250,2,0.008,0.01,2,0.00037,0.000521,0.000651
purpose,reproduction,types,conceptual_diagram,250,41,0.164,0.153333,63,0.011667,0.010825,0.009905
purpose,reproduction,types,heatmap,250,13,0.052,0.053333,19,0.003519,0.003215,0.003273
purpose,reproduction,types,histogram,250,5,0.02,0.018333,8,0.001481,0.002204,0.001956
purpose,reproduction,types,image_montage,250,26,0.104,0.103333,56,0.01037,0.008468,0.008134
purpose,reproduction,types,line,250,35,0.14,0.143333,69,0.012778,0.014106,0.014467
purpose,reproduction,types,map,250,2,0.008,0.008333,2,0.00037,0.000421,0.000462
purpose,reproduction,types,matrix,250,11,0.044,0.045,21,0.003889,0.003693,0.003819
purpose,reproduction,types,network,250,3,0.012,0.013333,5,0.000926,0.000964,0.001077
purpose,reproduction,types,other,250,17,0.068,0.071667,60,0.011111,0.008101,0.008966
purpose,reproduction,types,pareto,250,2,0.008,0.01,8,0.001481,0.00107,0.001338
purpose,reproduction,types,pipeline,250,30,0.12,0.111667,43,0.007963,0.007335,0.006636
purpose,reproduction,types,qualitative_grid,250,35,0.14,0.138333,74,0.013704,0.011213,0.010877
purpose,reproduction,types,scatter,250,13,0.052,0.053333,20,0.003704,0.004896,0.005128
purpose,reproduction,types,screenshot,250,36,0.144,0.138333,126,0.023333,0.016199,0.015182
purpose,reproduction,types,table,250,181,0.724,0.725,718,0.132963,0.123026,0.121059
purpose,reproduction,types,tree,250,3,0.012,0.011667,5,0.000926,0.00077,0.000703
purpose,robustness,types,architecture,250,1,0.004,0.003333,1,0.000185,0.000105,8.8e-05
purpose,robustness,types,area,250,33,0.132,0.131667,110,0.02037,0.01408,0.015057
purpose,robustness,types,bar,250,70,0.28,0.28,153,0.028333,0.025763,0.025492
purpose,robustness,types,box,250,17,0.068,0.066667,28,0.005185,0.005668,0.005954
purpose,robustness,types,conceptual_diagram,250,5,0.02,0.018333,5,0.000926,0.001287,0.001106
purpose,robustness,types,heatmap,250,47,0.188,0.188333,101,0.018704,0.017945,0.018228
purpose,robustness,types,histogram,250,18,0.072,0.071667,28,0.005185,0.005155,0.004971
purpose,robustness,types,image_montage,250,43,0.172,0.168333,115,0.021296,0.020696,0.020191
purpose,robustness,types,line,250,165,0.66,0.666667,800,0.148148,0.131654,0.136899
purpose,robustness,types,map,250,5,0.02,0.018333,10,0.001852,0.001432,0.00125
purpose,robustness,types,matrix,250,34,0.136,0.136667,68,0.012593,0.012087,0.012449
purpose,robustness,types,network,250,5,0.02,0.021667,5,0.000926,0.001003,0.001101
purpose,robustness,types,other,250,21,0.084,0.083333,43,0.007963,0.007831,0.008249
purpose,robustness,types,pareto,250,8,0.032,0.033333,31,0.005741,0.002486,0.002905
purpose,robustness,types,pipeline,250,1,0.004,0.003333,1,0.000185,0.000105,8.8e-05
purpose,robustness,types,qualitative_grid,250,58,0.232,0.23,149,0.027593,0.027711,0.028053
purpose,robustness,types,scatter,250,65,0.26,0.258333,148,0.027407,0.029115,0.029401
purpose,robustness,types,screenshot,250,2,0.008,0.006667,3,0.000556,0.000388,0.000323
purpose,robustness,types,table,250,188,0.752,0.743333,826,0.152963,0.153649,0.149699
purpose,robustness,types,violin,250,2,0.008,0.008333,2,0.00037,0.000308,0.000336
purpose,theory_mechanism,types,architecture,250,116,0.464,0.455,153,0.028333,0.033658,0.032878
purpose,theory_mechanism,types,area,250,10,0.04,0.038333,15,0.002778,0.003002,0.002902
purpose,theory_mechanism,types,bar,250,12,0.048,0.05,19,0.003519,0.002998,0.003142
purpose,theory_mechanism,types,box,250,4,0.016,0.015,5,0.000926,0.001002,0.001031
purpose,theory_mechanism,types,conceptual_diagram,250,185,0.74,0.741667,312,0.057778,0.073163,0.073667
purpose,theory_mechanism,types,heatmap,250,37,0.148,0.151667,61,0.011296,0.012794,0.013591
purpose,theory_mechanism,types,histogram,250,6,0.024,0.023333,10,0.001852,0.003277,0.003073
purpose,theory_mechanism,types,image_montage,250,24,0.096,0.091667,31,0.005741,0.00636,0.00587
purpose,theory_mechanism,types,line,250,82,0.328,0.338333,169,0.031296,0.043463,0.045743
purpose,theory_mechanism,types,map,250,1,0.004,0.003333,1,0.000185,0.000308,0.000256
purpose,theory_mechanism,types,matrix,250,35,0.14,0.14,51,0.009444,0.010501,0.010753
purpose,theory_mechanism,types,network,250,18,0.072,0.071667,30,0.005556,0.009305,0.009599
purpose,theory_mechanism,types,other,250,15,0.06,0.063333,20,0.003704,0.005194,0.005718
purpose,theory_mechanism,types,pareto,250,3,0.012,0.011667,4,0.000741,0.001143,0.00123
purpose,theory_mechanism,types,pipeline,250,139,0.556,0.553333,187,0.03463,0.042182,0.041472
purpose,theory_mechanism,types,qualitative_grid,250,39,0.156,0.158333,54,0.01,0.011021,0.010914
purpose,theory_mechanism,types,scatter,250,40,0.16,0.16,65,0.012037,0.016795,0.017251
purpose,theory_mechanism,types,screenshot,250,1,0.004,0.005,1,0.000185,0.00019,0.000238
purpose,theory_mechanism,types,table,250,66,0.264,0.271667,101,0.018704,0.025394,0.026676
purpose,theory_mechanism,types,tree,250,5,0.02,0.02,7,0.001296,0.001778,0.001873
purpose,theory_mechanism,types,violin,250,1,0.004,0.003333,1,0.000185,0.000308,0.000256
types,architecture,width,double_column,250,26,0.104,0.1,32,0.005926,0.008196,0.008069
types,architecture,width,inset,250,5,0.02,0.016667,5,0.000926,0.001213,0.001011
types,architecture,width,page_width,250,101,0.404,0.391667,133,0.02463,0.02682,0.025469
types,architecture,width,single_column,250,28,0.112,0.123333,35,0.006481,0.006408,0.007102
types,area,width,double_column,250,3,0.012,0.011667,3,0.000556,0.000857,0.000794
types,area,width,inset,250,1,0.004,0.003333,1,0.000185,0.001,0.000833
types,area,width,page_width,250,28,0.112,0.11,116,0.021481,0.015398,0.016326
types,area,width,single_column,250,28,0.112,0.115,49,0.009074,0.009854,0.010398
types,bar,width,double_column,250,17,0.068,0.066667,25,0.00463,0.005223,0.005352
types,bar,width,inset,250,13,0.052,0.053333,21,0.003889,0.004207,0.0045
types,bar,width,page_width,250,88,0.352,0.345,203,0.037593,0.034625,0.033488
types,bar,width,single_column,250,56,0.224,0.235,92,0.017037,0.016169,0.016583
types,box,width,double_column,250,1,0.004,0.005,3,0.000556,0.000857,0.001071
types,box,width,inset,250,2,0.008,0.008333,2,0.00037,0.000219,0.000223
types,box,width,page_width,250,16,0.064,0.065,26,0.004815,0.005559,0.005928
types,box,width,single_column,250,3,0.012,0.01,3,0.000556,0.000467,0.000389
types,conceptual_diagram,width,double_column,250,37,0.148,0.141667,64,0.011852,0.016974,0.016352
types,conceptual_diagram,width,inset,250,17,0.068,0.063333,19,0.003519,0.0048,0.004639
types,conceptual_diagram,width,page_width,250,155,0.62,0.616667,326,0.06037,0.066588,0.065088
types,conceptual_diagram,width,single_column,250,69,0.276,0.295,108,0.02,0.023983,0.025966
types,heatmap,width,double_column,250,15,0.06,0.056667,41,0.007593,0.009991,0.010022
types,heatmap,width,inset,250,8,0.032,0.028333,10,0.001852,0.002077,0.0018
types,heatmap,width,page_width,250,63,0.252,0.258333,166,0.030741,0.028403,0.02931
types,heatmap,width,single_column,250,24,0.096,0.105,29,0.00537,0.005162,0.005759
types,histogram,width,double_column,250,4,0.016,0.013333,8,0.001481,0.001956,0.00163
types,histogram,width,inset,250,1,0.004,0.003333,1,0.000185,0.000333,0.000278
types,histogram,width,page_width,250,19,0.076,0.075,28,0.005185,0.005245,0.005044
types,histogram,width,single_column,250,11,0.044,0.045,22,0.004074,0.005864,0.005417
types,image_montage,width,double_column,250,15,0.06,0.058333,36,0.006667,0.006733,0.006124
types,image_montage,width,inset,250,5,0.02,0.021667,14,0.002593,0.002927,0.003456
types,image_montage,width,page_width,250,87,0.348,0.341667,387,0.071667,0.069595,0.067464
types,image_montage,width,single_column,250,25,0.1,0.106667,57,0.010556,0.009321,0.009546
types,line,width,double_column,250,36,0.144,0.143333,155,0.028704,0.037542,0.037922
types,line,width,inset,250,21,0.084,0.086667,44,0.008148,0.011751,0.012514
types,line,width,page_width,250,157,0.628,0.63,648,0.12,0.123486,0.126293
types,line,width,single_column,250,107,0.428,0.435,423,0.078333,0.065241,0.069897
types,map,width,page_width,250,8,0.032,0.031667,16,0.002963,0.002661,0.002537
types,map,width,single_column,250,5,0.02,0.02,9,0.001667,0.001803,0.001933
types,matrix,width,double_column,250,10,0.04,0.038333,21,0.003889,0.006567,0.006881
types,matrix,width,inset,250,6,0.024,0.023333,9,0.001667,0.001935,0.001938
types,matrix,width,page_width,250,47,0.188,0.19,105,0.019444,0.017467,0.018225
types,matrix,width,single_column,250,21,0.084,0.088333,30,0.005556,0.004728,0.004955
types,network,width,double_column,250,1,0.004,0.003333,1,0.000185,0.00019,0.000159
types,network,width,page_width,250,19,0.076,0.076667,34,0.006296,0.008847,0.009211
types,network,width,single_column,250,5,0.02,0.02,6,0.001111,0.002421,0.002474
types,other,width,double_column,250,3,0.012,0.01,3,0.000556,0.000746,0.000622
types,other,width,inset,250,1,0.004,0.005,1,0.000185,0.000167,0.000208
types,other,width,page_width,250,46,0.184,0.188333,153,0.028333,0.025415,0.026676
types,other,width,single_column,250,22,0.088,0.093333,35,0.006481,0.006066,0.006519
types,pareto,width,double_column,250,3,0.012,0.013333,10,0.001852,0.001281,0.001557
types,pareto,width,inset,250,1,0.004,0.003333,1,0.000185,0.000121,0.000101
types,pareto,width,page_width,250,5,0.02,0.025,10,0.001852,0.001396,0.001745
types,pareto,width,single_column,250,8,0.032,0.031667,39,0.007222,0.002794,0.003078
types,pipeline,width,double_column,250,32,0.128,0.121667,46,0.008519,0.012641,0.012299
types,pipeline,width,inset,250,6,0.024,0.02,6,0.001111,0.001425,0.001187
types,pipeline,width,page_width,250,135,0.54,0.531667,208,0.038519,0.041426,0.039155
types,pipeline,width,single_column,250,36,0.144,0.155,51,0.009444,0.010424,0.011402
types,qualitative_grid,width,double_column,250,23,0.092,0.086667,57,0.010556,0.011706,0.011154
types,qualitative_grid,width,inset,250,11,0.044,0.041667,21,0.003889,0.004224,0.004426
types,qualitative_grid,width,page_width,250,123,0.492,0.495,509,0.094259,0.090979,0.089758
types,qualitative_grid,width,single_column,250,39,0.156,0.163333,74,0.013704,0.012178,0.012538
types,scatter,width,double_column,250,14,0.056,0.058333,30,0.005556,0.009196,0.009517
types,scatter,width,inset,250,9,0.036,0.033333,10,0.001852,0.00189,0.001714
types,scatter,width,page_width,250,78,0.312,0.315,187,0.03463,0.037381,0.037402
types,scatter,width,single_column,250,46,0.184,0.193333,77,0.014259,0.014986,0.016048
types,screenshot,width,double_column,250,7,0.028,0.025,18,0.003333,0.00232,0.002021
types,screenshot,width,inset,250,3,0.012,0.01,5,0.000926,0.00128,0.001067
types,screenshot,width,page_width,250,42,0.168,0.16,157,0.029074,0.021658,0.020658
types,screenshot,width,single_column,250,10,0.04,0.04,23,0.004259,0.003282,0.002999
types,table,width,double_column,250,60,0.24,0.24,218,0.04037,0.051525,0.048991
types,table,width,inset,250,67,0.268,0.276667,217,0.040185,0.043457,0.042912
types,table,width,page_width,250,182,0.728,0.728333,1213,0.22463,0.205247,0.196357
types,table,width,single_column,250,161,0.644,0.668333,681,0.126111,0.126626,0.131797
types,tree,width,page_width,250,9,0.036,0.036667,12,0.002222,0.002661,0.002759
types,violin,width,page_width,250,1,0.004,0.003333,1,0.000185,0.000154,0.000128
types,violin,width,single_column,250,5,0.02,0.02,5,0.000926,0.001005,0.001015
types,architecture,color_mode,categorical,250,38,0.152,0.141667,56,0.01037,0.011567,0.010551
types,architecture,color_mode,grayscale,250,1,0.004,0.003333,1,0.000185,0.000118,9.8e-05
types,architecture,color_mode,mixed,250,116,0.464,0.463333,148,0.027407,0.030954,0.031002
types,area,color_mode,categorical,250,27,0.108,0.105,116,0.021481,0.015667,0.016063
types,area,color_mode,mixed,250,25,0.1,0.105,47,0.008704,0.01022,0.01127
types,area,color_mode,sequential,250,5,0.02,0.016667,6,0.001111,0.001222,0.001018
types,bar,color_mode,categorical,250,108,0.432,0.426667,237,0.043889,0.041634,0.041658
types,bar,color_mode,diverging,250,4,0.016,0.018333,14,0.002593,0.001177,0.001407
types,bar,color_mode,grayscale,250,1,0.004,0.003333,3,0.000556,0.00025,0.000208
types,bar,color_mode,mixed,250,49,0.196,0.196667,70,0.012963,0.014752,0.014354
types,bar,color_mode,sequential,250,10,0.04,0.038333,17,0.003148,0.002412,0.002295
types,box,color_mode,categorical,250,8,0.032,0.031667,20,0.003704,0.004472,0.004822
types,box,color_mode,grayscale,250,1,0.004,0.003333,1,0.000185,4.8e-05,4e-05
types,box,color_mode,mixed,250,10,0.04,0.041667,11,0.002037,0.00223,0.002456
types,box,color_mode,sequential,250,2,0.008,0.006667,2,0.00037,0.000353,0.000294
types,conceptual_diagram,color_mode,categorical,250,67,0.268,0.258333,121,0.022407,0.02391,0.022889
types,conceptual_diagram,color_mode,grayscale,250,17,0.068,0.061667,29,0.00537,0.007356,0.006925
types,conceptual_diagram,color_mode,mixed,250,195,0.78,0.788333,364,0.067407,0.080355,0.081489
types,conceptual_diagram,color_mode,not_applicable,250,1,0.004,0.005,1,0.000185,0.000333,0.000417
types,conceptual_diagram,color_mode,sequential,250,2,0.008,0.006667,2,0.00037,0.00039,0.000325
types,heatmap,color_mode,categorical,250,6,0.024,0.021667,7,0.001296,0.001255,0.001165
types,heatmap,color_mode,diverging,250,16,0.064,0.066667,29,0.00537,0.005439,0.005516
types,heatmap,color_mode,mixed,250,28,0.112,0.116667,66,0.012222,0.014419,0.015324
types,heatmap,color_mode,sequential,250,60,0.24,0.243333,144,0.026667,0.024519,0.024886
types,histogram,color_mode,categorical,250,17,0.068,0.068333,28,0.005185,0.006372,0.006016
types,histogram,color_mode,diverging,250,1,0.004,0.003333,1,0.000185,0.00025,0.000208
types,histogram,color_mode,grayscale,250,1,0.004,0.003333,1,0.000185,0.000308,0.000256
types,histogram,color_mode,mixed,250,11,0.044,0.041667,22,0.004074,0.005588,0.004969
types,histogram,color_mode,sequential,250,4,0.016,0.016667,7,0.001296,0.00088,0.000919
types,image_montage,color_mode,categorical,250,28,0.112,0.108333,63,0.011667,0.012118,0.012115
types,image_montage,color_mode,diverging,250,1,0.004,0.003333,1,0.000185,0.00025,0.000208
types,image_montage,color_mode,grayscale,250,4,0.016,0.015,8,0.001481,0.001667,0.00174
types,image_montage,color_mode,mixed,250,86,0.344,0.34,380,0.07037,0.066918,0.065257
types,image_montage,color_mode,not_applicable,250,7,0.028,0.03,18,0.003333,0.003158,0.003162
types,image_montage,color_mode,sequential,250,10,0.04,0.038333,24,0.004444,0.004466,0.004109
types,line,color_mode,categorical,250,185,0.74,0.741667,936,0.173333,0.16532,0.171559
types,line,color_mode,diverging,250,4,0.016,0.018333,10,0.001852,0.001457,0.001757
types,line,color_mode,grayscale,250,3,0.012,0.011667,3,0.000556,0.000505,0.00044
types,line,color_mode,mixed,250,112,0.448,0.46,283,0.052407,0.061301,0.063279
types,line,color_mode,sequential,250,17,0.068,0.073333,38,0.007037,0.009436,0.00959
types,map,color_mode,categorical,250,5,0.02,0.02,6,0.001111,0.001234,0.001347
types,map,color_mode,mixed,250,9,0.036,0.035,17,0.003148,0.002917,0.002862
types,map,color_mode,sequential,250,2,0.008,0.006667,2,0.00037,0.000313,0.000261
types,matrix,color_mode,categorical,250,16,0.064,0.06,21,0.003889,0.004509,0.004426
types,matrix,color_mode,diverging,250,10,0.04,0.04,15,0.002778,0.002791,0.002671
types,matrix,color_mode,grayscale,250,1,0.004,0.003333,1,0.000185,0.000105,8.8e-05
types,matrix,color_mode,mixed,250,28,0.112,0.115,54,0.01,0.011157,0.012024
types,matrix,color_mode,sequential,250,36,0.144,0.148333,74,0.013704,0.012135,0.01279
types,network,color_mode,categorical,250,8,0.032,0.03,11,0.002037,0.002429,0.00236
types,network,color_mode,grayscale,250,6,0.024,0.023333,10,0.001852,0.003919,0.003775
types,network,color_mode,mixed,250,12,0.048,0.05,20,0.003704,0.00511,0.005709
types,other,color_mode,categorical,250,36,0.144,0.148333,93,0.017222,0.014328,0.015179
types,other,color_mode,diverging,250,2,0.008,0.01,7,0.001296,0.000709,0.000887
types,other,color_mode,grayscale,250,7,0.028,0.028333,26,0.004815,0.004096,0.003934
types,other,color_mode,mixed,250,30,0.12,0.126667,62,0.011481,0.01223,0.013075
types,other,color_mode,not_applicable,250,1,0.004,0.003333,1,0.000185,0.00025,0.000208
types,other,color_mode,sequential,250,3,0.012,0.011667,3,0.000556,0.00078,0.000743
types,pareto,color_mode,categorical,250,13,0.052,0.055,60,0.011111,0.005592,0.006481
types,pipeline,color_mode,categorical,250,44,0.176,0.163333,69,0.012778,0.014016,0.012891
types,pipeline,color_mode,grayscale,250,4,0.016,0.015,4,0.000741,0.00081,0.000786
types,pipeline,color_mode,mixed,250,157,0.628,0.626667,238,0.044074,0.051091,0.050366
types,qualitative_grid,color_mode,categorical,250,54,0.216,0.21,115,0.021296,0.022018,0.02152
types,qualitative_grid,color_mode,diverging,250,4,0.016,0.015,6,0.001111,0.001264,0.001249
types,qualitative_grid,color_mode,grayscale,250,7,0.028,0.025,11,0.002037,0.002374,0.00233
types,qualitative_grid,color_mode,mixed,250,107,0.428,0.433333,459,0.085,0.081158,0.080675
types,qualitative_grid,color_mode,not_applicable,250,8,0.032,0.035,17,0.003148,0.002825,0.00285
types,qualitative_grid,color_mode,sequential,250,19,0.076,0.078333,53,0.009815,0.009448,0.009252
types,scatter,color_mode,categorical,250,93,0.372,0.375,200,0.037037,0.041369,0.041145
types,scatter,color_mode,diverging,250,3,0.012,0.01,4,0.000741,0.000639,0.000533
types,scatter,color_mode,mixed,250,45,0.18,0.183333,84,0.015556,0.017962,0.019144
types,scatter,color_mode,not_applicable,250,1,0.004,0.005,1,0.000185,0.00025,0.000313
types,scatter,color_mode,sequential,250,11,0.044,0.046667,15,0.002778,0.003233,0.003547
types,screenshot,color_mode,categorical,250,9,0.036,0.036667,18,0.003333,0.003193,0.003362
types,screenshot,color_mode,grayscale,250,18,0.072,0.065,72,0.013333,0.008116,0.00744
types,screenshot,color_mode,mixed,250,35,0.14,0.133333,109,0.020185,0.016564,0.015109
types,screenshot,color_mode,sequential,250,1,0.004,0.005,4,0.000741,0.000667,0.000833
types,table,color_mode,grayscale,250,224,0.896,0.893333,1838,0.34037,0.334596,0.330892
types,table,color_mode,mixed,250,120,0.48,0.476667,491,0.090926,0.092259,0.089165
types,tree,color_mode,categorical,250,5,0.02,0.018333,8,0.001481,0.00128,0.001125
types,tree,color_mode,grayscale,250,1,0.004,0.003333,1,0.000185,0.000222,0.000185
types,tree,color_mode,mixed,250,3,0.012,0.015,3,0.000556,0.001159,0.001448
types,violin,color_mode,categorical,250,4,0.016,0.016667,5,0.000926,0.000851,0.000887
types,violin,color_mode,mixed,250,1,0.004,0.003333,1,0.000185,0.000308,0.000256
types,architecture,x_scale,categorical,250,2,0.008,0.006667,2,0.00037,0.000159,0.000132
types,architecture,x_scale,linear,250,3,0.012,0.013333,3,0.000556,0.001862,0.002161
types,architecture,x_scale,log,250,1,0.004,0.003333,1,0.000185,0.000444,0.00037
types,architecture,x_scale,none,250,133,0.532,0.521667,197,0.036481,0.039705,0.038522
types,architecture,x_scale,time,250,2,0.008,0.008333,2,0.00037,0.000468,0.000465
types,area,x_scale,categorical,250,5,0.02,0.02,6,0.001111,0.000755,0.000789
types,area,x_scale,linear,250,40,0.16,0.16,98,0.018148,0.020064,0.021027
types,area,x_scale,log,250,8,0.032,0.03,17,0.003148,0.003292,0.003086
types,area,x_scale,time,250,4,0.016,0.016667,47,0.008704,0.002788,0.003274
types,area,x_scale,unknown,250,1,0.004,0.003333,1,0.000185,0.000211,0.000175
types,bar,x_scale,categorical,250,108,0.432,0.433333,262,0.048519,0.045753,0.04604
types,bar,x_scale,linear,250,32,0.128,0.12,57,0.010556,0.009384,0.008845
types,bar,x_scale,log,250,1,0.004,0.005,1,0.000185,0.000138,0.000172
types,bar,x_scale,none,250,6,0.024,0.025,7,0.001296,0.001489,0.001446
types,bar,x_scale,unknown,250,13,0.052,0.051667,14,0.002593,0.003461,0.003419
types,box,x_scale,categorical,250,16,0.064,0.065,24,0.004444,0.005001,0.005572
types,box,x_scale,linear,250,5,0.02,0.02,9,0.001667,0.001998,0.001954
types,box,x_scale,time,250,1,0.004,0.003333,1,0.000185,0.000103,8.5e-05
types,conceptual_diagram,x_scale,categorical,250,24,0.096,0.091667,33,0.006111,0.00601,0.005537
types,conceptual_diagram,x_scale,linear,250,25,0.1,0.1,33,0.006111,0.008324,0.00888
types,conceptual_diagram,x_scale,log,250,1,0.004,0.003333,1,0.000185,0.000333,0.000278
types,conceptual_diagram,x_scale,none,250,207,0.828,0.828333,441,0.081667,0.095708,0.095223
types,conceptual_diagram,x_scale,time,250,3,0.012,0.011667,3,0.000556,0.000405,0.000413
types,conceptual_diagram,x_scale,unknown,250,5,0.02,0.021667,6,0.001111,0.001565,0.001713
types,heatmap,x_scale,categorical,250,59,0.236,0.241667,139,0.025741,0.022661,0.023842
types,heatmap,x_scale,linear,250,24,0.096,0.096667,55,0.010185,0.011871,0.011993
types,heatmap,x_scale,log,250,2,0.008,0.01,4,0.000741,0.001933,0.002417
types,heatmap,x_scale,none,250,17,0.068,0.068333,40,0.007407,0.007546,0.007077
types,heatmap,x_scale,time,250,1,0.004,0.003333,4,0.000741,0.00064,0.000533
types,heatmap,x_scale,unknown,250,4,0.016,0.016667,4,0.000741,0.000981,0.001028
types,histogram,x_scale,categorical,250,5,0.02,0.02,6,0.001111,0.001117,0.001051
types,histogram,x_scale,linear,250,23,0.092,0.086667,43,0.007963,0.010197,0.00911
types,histogram,x_scale,log,250,1,0.004,0.005,2,0.00037,0.000571,0.000714
types,histogram,x_scale,none,250,1,0.004,0.003333,4,0.000741,0.000593,0.000494
types,histogram,x_scale,unknown,250,3,0.012,0.013333,4,0.000741,0.000921,0.001
types,image_montage,x_scale,categorical,250,19,0.076,0.071667,26,0.004815,0.005877,0.005325
types,image_montage,x_scale,linear,250,16,0.064,0.06,43,0.007963,0.006978,0.006728
types,image_montage,x_scale,log,250,1,0.004,0.003333,1,0.000185,0.000222,0.000185
types,image_montage,x_scale,none,250,92,0.368,0.363333,398,0.073704,0.07173,0.070801
types,image_montage,x_scale,time,250,6,0.024,0.021667,22,0.004074,0.002822,0.002503
types,image_montage,x_scale,unknown,250,2,0.008,0.008333,4,0.000741,0.000949,0.001047
types,line,x_scale,categorical,250,77,0.308,0.308333,141,0.026111,0.027047,0.027773
types,line,x_scale,linear,250,161,0.644,0.651667,692,0.128148,0.146358,0.153309
types,line,x_scale,log,250,51,0.204,0.2,297,0.055,0.039093,0.039694
types,line,x_scale,none,250,7,0.028,0.03,9,0.001667,0.001489,0.001626
types,line,x_scale,time,250,17,0.068,0.066667,89,0.016481,0.011653,0.012273
types,line,x_scale,unknown,250,25,0.1,0.096667,42,0.007778,0.012379,0.01195
types,map,x_scale,linear,250,2,0.008,0.006667,3,0.000556,0.000603,0.000502
types,map,x_scale,none,250,9,0.036,0.035,21,0.003889,0.003497,0.003513
types,map,x_scale,unknown,250,1,0.004,0.005,1,0.000185,0.000364,0.000455
types,matrix,x_scale,categorical,250,46,0.184,0.186667,108,0.02,0.017702,0.01854
types,matrix,x_scale,linear,250,16,0.064,0.065,22,0.004074,0.005382,0.005725
types,matrix,x_scale,log,250,1,0.004,0.005,1,0.000185,0.001333,0.001667
types,matrix,x_scale,none,250,20,0.08,0.078333,31,0.005741,0.005471,0.005255
types,matrix,x_scale,unknown,250,3,0.012,0.011667,3,0.000556,0.000808,0.000812
types,network,x_scale,categorical,250,1,0.004,0.005,1,0.000185,8.2e-05,0.000102
types,network,x_scale,none,250,24,0.096,0.095,37,0.006852,0.010532,0.010735
types,network,x_scale,time,250,1,0.004,0.003333,1,0.000185,0.000118,9.8e-05
types,network,x_scale,unknown,250,1,0.004,0.005,2,0.00037,0.000727,0.000909
types,other,x_scale,categorical,250,16,0.064,0.066667,30,0.005556,0.004639,0.004523
types,other,x_scale,linear,250,16,0.064,0.065,33,0.006111,0.007609,0.008307
types,other,x_scale,log,250,1,0.004,0.003333,1,0.000185,0.000444,0.00037
types,other,x_scale,none,250,36,0.144,0.148333,119,0.022037,0.01775,0.018688
types,other,x_scale,time,250,2,0.008,0.008333,2,0.00037,0.000282,0.000311
types,other,x_scale,unknown,250,4,0.016,0.016667,7,0.001296,0.00167,0.001827
types,pareto,x_scale,categorical,250,2,0.008,0.01,2,0.00037,0.000485,0.000607
types,pareto,x_scale,linear,250,7,0.028,0.026667,34,0.006296,0.002229,0.002357
types,pareto,x_scale,log,250,5,0.02,0.023333,23,0.004259,0.002773,0.003386
types,pareto,x_scale,unknown,250,1,0.004,0.005,1,0.000185,0.000105,0.000132
types,pipeline,x_scale,categorical,250,11,0.044,0.043333,13,0.002407,0.002495,0.002431
types,pipeline,x_scale,linear,250,7,0.028,0.028333,7,0.001296,0.002448,0.002713
types,pipeline,x_scale,log,250,1,0.004,0.003333,1,0.000185,0.000444,0.00037
types,pipeline,x_scale,none,250,173,0.692,0.681667,286,0.052963,0.059393,0.057442
types,pipeline,x_scale,time,250,2,0.008,0.006667,2,0.00037,0.000403,0.000336
types,pipeline,x_scale,unknown,250,2,0.008,0.008333,2,0.00037,0.000733,0.00075
types,qualitative_grid,x_scale,categorical,250,32,0.128,0.123333,67,0.012407,0.011975,0.011161
types,qualitative_grid,x_scale,linear,250,32,0.128,0.128333,83,0.01537,0.016097,0.016422
types,qualitative_grid,x_scale,log,250,2,0.008,0.006667,12,0.002222,0.00138,0.00115
types,qualitative_grid,x_scale,none,250,121,0.484,0.486667,464,0.085926,0.08377,0.083351
types,qualitative_grid,x_scale,time,250,8,0.032,0.03,27,0.005,0.00382,0.003467
types,qualitative_grid,x_scale,unknown,250,6,0.024,0.025,8,0.001481,0.002045,0.002323
types,scatter,x_scale,categorical,250,16,0.064,0.066667,26,0.004815,0.005251,0.005763
types,scatter,x_scale,linear,250,90,0.36,0.363333,224,0.041481,0.043902,0.04431
types,scatter,x_scale,log,250,15,0.06,0.06,21,0.003889,0.006734,0.006673
types,scatter,x_scale,none,250,14,0.056,0.055,19,0.003519,0.003437,0.003471
types,scatter,x_scale,time,250,2,0.008,0.008333,3,0.000556,0.000643,0.000744
types,scatter,x_scale,unknown,250,10,0.04,0.04,11,0.002037,0.003487,0.00372
types,screenshot,x_scale,categorical,250,2,0.008,0.006667,4,0.000741,0.000614,0.000511
types,screenshot,x_scale,linear,250,2,0.008,0.008333,3,0.000556,0.000641,0.000673
types,screenshot,x_scale,none,250,53,0.212,0.201667,196,0.036296,0.027286,0.025561
types,tree,x_scale,none,250,9,0.036,0.036667,12,0.002222,0.002661,0.002759
types,violin,x_scale,categorical,250,4,0.016,0.016667,4,0.000741,0.000887,0.000917
types,violin,x_scale,linear,250,1,0.004,0.003333,1,0.000185,0.000118,9.8e-05
types,violin,x_scale,none,250,1,0.004,0.003333,1,0.000185,0.000154,0.000128
types,architecture,y_scale,linear,250,7,0.028,0.028333,7,0.001296,0.002488,0.002759
types,architecture,y_scale,log,250,1,0.004,0.003333,1,0.000185,0.000444,0.00037
types,architecture,y_scale,none,250,133,0.532,0.521667,197,0.036481,0.039705,0.038522
types,area,y_scale,categorical,250,2,0.008,0.008333,2,0.00037,0.000348,0.000362
types,area,y_scale,linear,250,47,0.188,0.186667,162,0.03,0.025875,0.027048
types,area,y_scale,log,250,1,0.004,0.003333,1,0.000185,0.00019,0.000159
types,area,y_scale,none,250,1,0.004,0.005,1,0.000185,0.000235,0.000294
types,area,y_scale,unknown,250,2,0.008,0.008333,3,0.000556,0.000461,0.000488
types,bar,y_scale,categorical,250,23,0.092,0.086667,40,0.007407,0.006372,0.006087
types,bar,y_scale,linear,250,114,0.456,0.456667,276,0.051111,0.048591,0.048416
types,bar,y_scale,log,250,3,0.012,0.011667,3,0.000556,0.000678,0.000693
types,bar,y_scale,none,250,7,0.028,0.028333,9,0.001667,0.001836,0.001736
types,bar,y_scale,unknown,250,10,0.04,0.04,13,0.002407,0.002747,0.00299
types,box,y_scale,categorical,250,2,0.008,0.006667,2,0.00037,0.000151,0.000126
types,box,y_scale,linear,250,17,0.068,0.068333,21,0.003889,0.003948,0.004176
types,box,y_scale,log,250,2,0.008,0.008333,5,0.000926,0.001289,0.001167
types,box,y_scale,unknown,250,1,0.004,0.005,6,0.001111,0.001714,0.002143
types,conceptual_diagram,y_scale,categorical,250,8,0.032,0.03,19,0.003519,0.00371,0.003347
types,conceptual_diagram,y_scale,linear,250,45,0.18,0.18,57,0.010556,0.012727,0.013326
types,conceptual_diagram,y_scale,none,250,206,0.824,0.823333,437,0.080926,0.094875,0.094221
types,conceptual_diagram,y_scale,time,250,1,0.004,0.003333,1,0.000185,0.000154,0.000128
types,conceptual_diagram,y_scale,unknown,250,3,0.012,0.013333,3,0.000556,0.000879,0.001023
types,heatmap,y_scale,categorical,250,52,0.208,0.211667,130,0.024074,0.020512,0.021355
types,heatmap,y_scale,linear,250,30,0.12,0.121667,62,0.011481,0.014527,0.015194
types,heatmap,y_scale,log,250,3,0.012,0.011667,8,0.001481,0.00143,0.001442
types,heatmap,y_scale,none,250,18,0.072,0.073333,42,0.007778,0.007991,0.007633
types,heatmap,y_scale,time,250,1,0.004,0.005,1,0.000185,0.000333,0.000417
types,heatmap,y_scale,unknown,250,3,0.012,0.011667,3,0.000556,0.000838,0.00085
types,histogram,y_scale,categorical,250,1,0.004,0.005,1,0.000185,0.00019,0.000238
types,histogram,y_scale,linear,250,26,0.104,0.1,49,0.009074,0.010573,0.009708
types,histogram,y_scale,log,250,2,0.008,0.008333,4,0.000741,0.001735,0.001544
types,histogram,y_scale,none,250,1,0.004,0.003333,4,0.000741,0.000593,0.000494
types,histogram,y_scale,unknown,250,1,0.004,0.005,1,0.000185,0.000308,0.000385
types,image_montage,y_scale,categorical,250,8,0.032,0.028333,31,0.005741,0.004717,0.003992
types,image_montage,y_scale,linear,250,24,0.096,0.09,51,0.009444,0.009078,0.008415
types,image_montage,y_scale,log,250,3,0.012,0.011667,3,0.000556,0.000668,0.000676
types,image_montage,y_scale,none,250,93,0.372,0.368333,405,0.075,0.073166,0.07246
types,image_montage,y_scale,unknown,250,2,0.008,0.008333,4,0.000741,0.000949,0.001047
types,line,y_scale,categorical,250,4,0.016,0.018333,5,0.000926,0.001023,0.001206
types,line,y_scale,linear,250,196,0.784,0.791667,991,0.183519,0.196086,0.204288
types,line,y_scale,log,250,33,0.132,0.133333,230,0.042593,0.030899,0.031307
types,line,y_scale,none,250,7,0.028,0.03,10,0.001852,0.00156,0.001715
types,line,y_scale,unknown,250,21,0.084,0.078333,34,0.006296,0.008452,0.008109
types,map,y_scale,linear,250,2,0.008,0.006667,3,0.000556,0.000603,0.000502
types,map,y_scale,none,250,9,0.036,0.035,21,0.003889,0.003497,0.003513
types,map,y_scale,unknown,250,1,0.004,0.005,1,0.000185,0.000364,0.000455
types,matrix,y_scale,categorical,250,44,0.176,0.178333,106,0.01963,0.01723,0.017774
types,matrix,y_scale,linear,250,17,0.068,0.073333,26,0.004815,0.007522,0.008575
types,matrix,y_scale,none,250,20,0.08,0.078333,31,0.005741,0.005471,0.005255
types,matrix,y_scale,unknown,250,2,0.008,0.006667,2,0.00037,0.000474,0.000395
types,network,y_scale,linear,250,1,0.004,0.005,1,0.000185,8.2e-05,0.000102
types,network,y_scale,none,250,24,0.096,0.095,38,0.007037,0.01065,0.010833
types,network,y_scale,unknown,250,1,0.004,0.005,2,0.00037,0.000727,0.000909
types,other,y_scale,categorical,250,3,0.012,0.011667,8,0.001481,0.001681,0.001505
types,other,y_scale,linear,250,30,0.12,0.121667,59,0.010926,0.011148,0.012023
types,other,y_scale,log,250,1,0.004,0.003333,2,0.00037,0.000667,0.000556
types,other,y_scale,none,250,35,0.14,0.145,118,0.021852,0.017503,0.018523
types,other,y_scale,time,250,1,0.004,0.003333,1,0.000185,0.000154,0.000128
types,other,y_scale,unknown,250,3,0.012,0.011667,4,0.000741,0.001242,0.001291
types,pareto,y_scale,linear,250,12,0.048,0.05,55,0.010185,0.005087,0.005894
types,pareto,y_scale,log,250,3,0.012,0.013333,4,0.000741,0.0004,0.000456
types,pareto,y_scale,unknown,250,1,0.004,0.005,1,0.000185,0.000105,0.000132
types,pipeline,y_scale,categorical,250,6,0.024,0.021667,8,0.001481,0.001797,0.001596
types,pipeline,y_scale,linear,250,16,0.064,0.065,16,0.002963,0.004374,0.00467
types,pipeline,y_scale,log,250,1,0.004,0.003333,1,0.000185,0.000444,0.00037
types,pipeline,y_scale,none,250,173,0.692,0.681667,285,0.052778,0.058968,0.05699
types,pipeline,y_scale,unknown,250,1,0.004,0.005,1,0.000185,0.000333,0.000417
types,qualitative_grid,y_scale,categorical,250,17,0.068,0.065,60,0.011111,0.009431,0.008531
types,qualitative_grid,y_scale,linear,250,45,0.18,0.176667,111,0.020556,0.020283,0.019899
types,qualitative_grid,y_scale,log,250,2,0.008,0.006667,5,0.000926,0.000862,0.000719
types,qualitative_grid,y_scale,none,250,125,0.5,0.505,479,0.088704,0.08679,0.086734
types,qualitative_grid,y_scale,unknown,250,4,0.016,0.016667,6,0.001111,0.00172,0.001993
types,scatter,y_scale,categorical,250,1,0.004,0.003333,1,0.000185,0.000148,0.000123
types,scatter,y_scale,linear,250,103,0.412,0.418333,251,0.046481,0.050134,0.050778
types,scatter,y_scale,log,250,11,0.044,0.045,22,0.004074,0.006404,0.006604
types,scatter,y_scale,none,250,15,0.06,0.06,21,0.003889,0.003937,0.004096
types,scatter,y_scale,unknown,250,7,0.028,0.028333,9,0.001667,0.002832,0.003079
types,screenshot,y_scale,linear,250,2,0.008,0.008333,3,0.000556,0.000641,0.000673
types,screenshot,y_scale,none,250,54,0.216,0.205,200,0.037037,0.027899,0.026072
types,tree,y_scale,categorical,250,1,0.004,0.005,2,0.00037,0.00014,0.000175
types,tree,y_scale,none,250,8,0.032,0.031667,10,0.001852,0.002521,0.002583
types,violin,y_scale,linear,250,5,0.02,0.02,5,0.000926,0.001005,0.001015
types,violin,y_scale,none,250,1,0.004,0.003333,1,0.000185,0.000154,0.000128
types,architecture,legend_present,0,250,118,0.472,0.466667,159,0.029444,0.032003,0.031443
types,architecture,legend_present,1,250,39,0.156,0.146667,46,0.008519,0.010635,0.010208
types,area,legend_present,0,250,9,0.036,0.035,10,0.001852,0.001907,0.001941
types,area,legend_present,1,250,44,0.176,0.176667,159,0.029444,0.025202,0.02641
types,bar,legend_present,0,250,45,0.18,0.175,73,0.013519,0.0129,0.012867
types,bar,legend_present,1,250,118,0.472,0.473333,268,0.04963,0.047325,0.047055
types,box,legend_present,0,250,12,0.048,0.046667,20,0.003704,0.004411,0.004675
types,box,legend_present,1,250,10,0.04,0.041667,14,0.002593,0.002691,0.002937
types,conceptual_diagram,legend_present,0,250,192,0.768,0.766667,402,0.074444,0.087248,0.087414
types,conceptual_diagram,legend_present,1,250,81,0.324,0.316667,115,0.021296,0.025096,0.024631
types,heatmap,legend_present,0,250,50,0.2,0.2,148,0.027407,0.024372,0.024174
types,heatmap,legend_present,1,250,54,0.216,0.221667,98,0.018148,0.02126,0.022717
types,histogram,legend_present,0,250,15,0.06,0.056667,25,0.00463,0.005072,0.004561
types,histogram,legend_present,1,250,18,0.072,0.071667,34,0.006296,0.008326,0.007808
types,image_montage,legend_present,0,250,98,0.392,0.383333,451,0.083519,0.080027,0.078209
types,image_montage,legend_present,1,250,32,0.128,0.126667,43,0.007963,0.00855,0.008381
types,line,legend_present,0,250,77,0.308,0.315,272,0.05037,0.03327,0.034548
types,line,legend_present,1,250,200,0.8,0.801667,998,0.184815,0.204749,0.212077
types,map,legend_present,0,250,6,0.024,0.023333,16,0.002963,0.002404,0.002363
types,map,legend_present,1,250,6,0.024,0.023333,9,0.001667,0.002059,0.002107
types,matrix,legend_present,0,250,43,0.172,0.173333,95,0.017593,0.016068,0.016361
types,matrix,legend_present,1,250,40,0.16,0.161667,70,0.012963,0.014629,0.015638
types,network,legend_present,0,250,23,0.092,0.09,39,0.007222,0.011295,0.01164
types,network,legend_present,1,250,1,0.004,0.005,2,0.00037,0.000163,0.000204
types,other,legend_present,0,250,41,0.164,0.168333,126,0.023333,0.020681,0.021534
types,other,legend_present,1,250,35,0.14,0.145,66,0.012222,0.011713,0.012491
types,pareto,legend_present,1,250,13,0.052,0.055,60,0.011111,0.005592,0.006481
types,pipeline,legend_present,0,250,157,0.628,0.616667,254,0.047037,0.052301,0.050771
types,pipeline,legend_present,1,250,48,0.192,0.185,57,0.010556,0.013615,0.013271
types,qualitative_grid,legend_present,0,250,138,0.552,0.553333,571,0.105741,0.101247,0.099855
types,qualitative_grid,legend_present,1,250,52,0.208,0.203333,90,0.016667,0.01784,0.01802
types,scatter,legend_present,0,250,41,0.164,0.161667,72,0.013333,0.014093,0.014373
types,scatter,legend_present,1,250,93,0.372,0.38,232,0.042963,0.049361,0.050308
types,screenshot,legend_present,0,250,53,0.212,0.2,201,0.037222,0.028022,0.026225
types,screenshot,legend_present,1,250,2,0.008,0.008333,2,0.00037,0.000518,0.00052
types,tree,legend_present,0,250,8,0.032,0.033333,11,0.002037,0.00245,0.002583
types,tree,legend_present,1,250,1,0.004,0.003333,1,0.000185,0.000211,0.000175
types,violin,legend_present,1,250,5,0.02,0.02,6,0.001111,0.001159,0.001143
types,architecture,legend_placement,above/upper-left token stream and right inset,250,1,0.004,0.003333,1,0.000185,0.00019,0.000159
types,architecture,legend_placement,bottom,250,2,0.008,0.006667,2,0.00037,0.00065,0.000542
types,architecture,legend_placement,"bottom, one shared legend",250,1,0.004,0.005,1,0.000185,0.000333,0.000417
types,architecture,legend_placement,bottom-left inline arrow/latent key,250,1,0.004,0.003333,1,0.000185,0.000174,0.000145
types,architecture,legend_placement,inside lower-left of the right Phenomena chart,250,1,0.004,0.005,1,0.000185,0.001333,0.001667
types,architecture,legend_placement,inside lower-right of the right plot,250,1,0.004,0.003333,1,0.000185,0.000444,0.00037
types,architecture,legend_placement,left margin,250,1,0.004,0.003333,1,0.000185,0.00025,0.000208
types,architecture,legend_placement,lower left legend box,250,1,0.004,0.003333,1,0.000185,0.000133,0.000111
types,architecture,legend_placement,lower right,250,2,0.008,0.006667,2,0.00037,0.000322,0.000268
types,architecture,legend_placement,panel (b) upper area,250,1,0.004,0.003333,1,0.000185,0.000286,0.000238
types,architecture,legend_placement,"panel (c), upper right",250,1,0.004,0.003333,1,0.000185,0.000105,8.8e-05
types,architecture,legend_placement,panel-inset,250,1,0.004,0.003333,1,0.000185,8.3e-05,6.9e-05
types,architecture,legend_placement,"radar-chart inset, lower-left",250,1,0.004,0.005,1,0.000185,0.000108,0.000135
types,architecture,legend_placement,red dashed key at upper right,250,1,0.004,0.005,1,0.000185,0.000167,0.000208
types,architecture,legend_placement,right,250,4,0.016,0.015,4,0.000741,0.000914,0.000841
types,architecture,legend_placement,right side,250,1,0.004,0.005,1,0.000185,0.000235,0.000294
types,architecture,legend_placement,right side below group-computation block,250,1,0.004,0.003333,1,0.000185,0.00025,0.000208
types,architecture,legend_placement,right side of panel (b),250,1,0.004,0.003333,1,0.000185,0.00025,0.000208
types,architecture,legend_placement,right-side role legend,250,1,0.004,0.003333,1,0.000185,0.00019,0.000159
types,architecture,legend_placement,top center,250,2,0.008,0.008333,2,0.00037,0.000289,0.000339
types,architecture,legend_placement,top-left,250,1,0.004,0.003333,1,0.000185,0.000138,0.000115
types,architecture,legend_placement,top_center,250,1,0.004,0.003333,1,0.000185,0.000333,0.000278
types,architecture,legend_placement,trainability legend upper left; data-blending legend to right of pies,250,1,0.004,0.003333,1,0.000185,0.000267,0.000222
types,architecture,legend_placement,upper right,250,1,0.004,0.003333,1,0.000185,0.000308,0.000256
types,architecture,legend_placement,upper-left,250,2,0.008,0.006667,5,0.000926,0.000569,0.000474
types,architecture,legend_placement,upper-right beside attention map,250,1,0.004,0.003333,1,0.000185,0.000154,0.000128
types,architecture,legend_placement,upper-right local legend,250,1,0.004,0.003333,1,0.000185,0.000308,0.000256
types,architecture,legend_placement,右下共享 legend,250,1,0.004,0.003333,1,0.000185,0.000154,0.000128
types,architecture,legend_placement,图内 same-class/different-class sample key；无独立 legend 框,250,1,0.004,0.005,1,0.000185,0.000235,0.000294
types,architecture,legend_placement,左下箭头 key,250,1,0.004,0.003333,2,0.00037,0.000381,0.000317
types,architecture,legend_placement,底部 token legend,250,1,0.004,0.005,1,0.000185,0.000211,0.000263
types,architecture,legend_placement,底部/中部,250,1,0.004,0.003333,1,0.000185,0.000121,0.000101
types,architecture,legend_placement,整幅图右侧的竖向图例,250,1,0.004,0.003333,1,0.000185,0.0004,0.000333
types,architecture,legend_placement,模块上方与右侧曲线旁,250,1,0.004,0.005,1,0.000185,0.000182,0.000227
types,architecture,legend_placement,顶部共享图例,250,1,0.004,0.003333,1,0.000185,0.000167,0.000139
types,area,legend_placement,below each method group,250,1,0.004,0.003333,1,0.000185,0.000182,0.000152
types,area,legend_placement,below each panel,250,1,0.004,0.003333,1,0.000185,0.000143,0.000119
types,area,legend_placement,below panels,250,2,0.008,0.006667,11,0.002037,0.001743,0.001453
types,area,legend_placement,bottom,250,1,0.004,0.003333,1,0.000185,0.000154,0.000128
types,area,legend_placement,bottom-center,250,1,0.004,0.003333,1,0.000185,0.000118,9.8e-05
types,area,legend_placement,bottom_center,250,1,0.004,0.003333,1,0.000185,0.000211,0.000175
types,area,legend_placement,inside each panel,250,1,0.004,0.005,3,0.000556,0.000667,0.000833
types,area,legend_placement,inside individual panels,250,1,0.004,0.005,1,0.000185,0.000125,0.000156
types,area,legend_placement,"inside individual panels, upper/right",250,1,0.004,0.005,1,0.000185,0.000125,0.000156
types,area,legend_placement,inside panels c/d,250,1,0.004,0.005,1,0.000185,0.000235,0.000294
types,area,legend_placement,inside panels; inset in panel (c),250,1,0.004,0.005,1,0.000185,0.000235,0.000294
types,area,legend_placement,"inside, lower center/right",250,1,0.004,0.005,1,0.000185,0.000222,0.000278
types,area,legend_placement,"inside, lower left",250,1,0.004,0.005,1,0.000185,0.000222,0.000278
types,area,legend_placement,"inside, lower right",250,1,0.004,0.005,3,0.000556,0.000667,0.000833
types,area,legend_placement,"inside, upper right",250,1,0.004,0.005,3,0.000556,0.000667,0.000833
types,area,legend_placement,inside_each_panel,250,1,0.004,0.005,1,0.000185,0.000308,0.000385
types,area,legend_placement,left upper-right; middle/right upper-right,250,1,0.004,0.003333,1,0.000185,0.000364,0.000303
types,area,legend_placement,lower right,250,1,0.004,0.003333,1,0.000185,0.000138,0.000115
types,area,legend_placement,lower right in each panel,250,1,0.004,0.003333,1,0.000185,0.0002,0.000167
types,area,legend_placement,lower right inside plot,250,1,0.004,0.003333,1,0.000185,0.000308,0.000256
types,area,legend_placement,lower-left,250,1,0.004,0.005,1,0.000185,0.00019,0.000238
types,area,legend_placement,lower-left/upper-left,250,1,0.004,0.003333,1,0.000185,0.000121,0.000101
types,area,legend_placement,lower-right,250,1,0.004,0.003333,1,0.000185,0.000121,0.000101
types,area,legend_placement,one shared legend per control row,250,1,0.004,0.003333,1,0.000185,0.000222,0.000185
types,area,legend_placement,"panel-dependent, upper-right or lower-left",250,1,0.004,0.003333,1,0.000185,0.000333,0.000278
types,area,legend_placement,per-panel top,250,1,0.004,0.005,1,0.000185,0.000105,0.000132
types,area,legend_placement,repeated below each environment row,250,1,0.004,0.003333,6,0.001111,0.001091,0.000909
types,area,legend_placement,repeated in each panel (upper/right or lower/right),250,1,0.004,0.005,1,0.000185,0.00025,0.000313
types,area,legend_placement,repeated inside each panel,250,1,0.004,0.005,4,0.000741,0.000667,0.000833
types,area,legend_placement,shared legend above panels,250,1,0.004,0.005,1,0.000185,0.000174,0.000217
types,area,legend_placement,top,250,5,0.02,0.023333,48,0.008889,0.002711,0.003319
types,area,legend_placement,top of each panel,250,2,0.008,0.008333,2,0.00037,0.000357,0.000395
types,area,legend_placement,top shared,250,1,0.004,0.005,1,0.000185,0.000105,0.000132
types,area,legend_placement,"top, shared across panels",250,1,0.004,0.003333,1,0.000185,0.000222,0.000185
types,area,legend_placement,"top, shared across the grid",250,1,0.004,0.003333,1,0.000185,0.000222,0.000185
types,area,legend_placement,top_center,250,1,0.004,0.005,6,0.001111,0.0015,0.001875
types,area,legend_placement,top_left/top_right,250,1,0.004,0.003333,1,0.000185,0.000211,0.000175
types,area,legend_placement,upper area,250,1,0.004,0.003333,1,0.000185,0.000167,0.000139
types,area,legend_placement,upper left,250,1,0.004,0.005,1,0.000185,0.00025,0.000313
types,area,legend_placement,upper left inside plot,250,1,0.004,0.003333,1,0.000185,4.8e-05,4e-05
types,area,legend_placement,upper left of each panel,250,1,0.004,0.005,2,0.00037,0.000615,0.000769
types,area,legend_placement,upper left of first panel,250,1,0.004,0.003333,1,0.000185,0.0002,0.000167
types,area,legend_placement,upper left of first repetition panel,250,1,0.004,0.005,1,0.000185,0.00025,0.000313
types,area,legend_placement,upper right,250,3,0.012,0.011667,3,0.000556,0.000533,0.000524
types,area,legend_placement,upper right in each panel,250,1,0.004,0.005,1,0.000185,0.000571,0.000714
types,area,legend_placement,upper right in most panels; lower left in the centered MNIST n=3·10⁴ panel,250,1,0.004,0.005,1,0.000185,0.000308,0.000385
types,area,legend_placement,upper right inside panel,250,1,0.004,0.005,1,0.000185,0.00025,0.000313
types,area,legend_placement,upper-center in left panel and upper-right in right panel,250,1,0.004,0.005,1,0.000185,0.000267,0.000333
types,area,legend_placement,upper-left,250,1,0.004,0.003333,1,0.000185,0.000308,0.000256
types,area,legend_placement,"upper-left in (a)/(b), upper-right in (c)",250,1,0.004,0.005,1,0.000185,0.000267,0.000333
types,area,legend_placement,upper-left/in-panel,250,1,0.004,0.003333,1,0.000185,0.000143,0.000119
types,area,legend_placement,upper-right,250,1,0.004,0.003333,7,0.001296,0.000583,0.000486
types,area,legend_placement,upper-right in each panel,250,1,0.004,0.003333,1,0.000185,0.00025,0.000208
types,area,legend_placement,upper-right/center between panels,250,1,0.004,0.003333,1,0.000185,0.00019,0.000159
types,area,legend_placement,upper/in-panel,250,1,0.004,0.003333,1,0.000185,0.000143,0.000119
types,area,legend_placement,upper/in-panel per model,250,1,0.004,0.003333,5,0.000926,0.000714,0.000595
types,area,legend_placement,upper/right in-panel,250,1,0.004,0.003333,1,0.000185,0.000143,0.000119
types,area,legend_placement,upper_left,250,1,0.004,0.005,1,0.000185,0.00025,0.000313
types,area,legend_placement,upper_left in each panel,250,1,0.004,0.005,1,0.000185,0.000267,0.000333
types,area,legend_placement,upper_left of first panel,250,1,0.004,0.005,1,0.000185,0.00025,0.000313
types,area,legend_placement,upper_right,250,3,0.012,0.01,3,0.000556,0.000631,0.000526
types,area,legend_placement,右上图内,250,1,0.004,0.003333,2,0.00037,0.000205,0.000171
types,area,legend_placement,右上角,250,2,0.008,0.006667,2,0.00037,0.000364,0.000304
types,area,legend_placement,各 panel 左上,250,1,0.004,0.003333,1,0.000185,0.0004,0.000333
types,area,legend_placement,轴内右下角,250,1,0.004,0.003333,1,0.000185,0.001,0.000833
types,bar,legend_placement,(a)/(d) panel-internal labels,250,1,0.004,0.003333,1,0.000185,0.000182,0.000152
types,bar,legend_placement,Inside the upper-right of each quality panel; panel (g) uses direct category labels and bar-top values.,250,1,0.004,0.003333,1,0.000185,0.000333,0.000278
types,bar,legend_placement,Inside upper-left/upper-center in (a); upper-right in (b).,250,1,0.004,0.005,1,0.000185,0.00025,0.000313
types,bar,legend_placement,above each local plot,250,1,0.004,0.003333,2,0.00037,0.000308,0.000256
types,bar,legend_placement,above each panel,250,1,0.004,0.003333,2,0.00037,0.000308,0.000256
types,bar,legend_placement,above local plots; mini tables at right,250,1,0.004,0.003333,2,0.00037,0.000308,0.000256
types,bar,legend_placement,above panels and right colorbar,250,1,0.004,0.003333,1,0.000185,0.000154,0.000128
types,bar,legend_placement,"above plot, upper right",250,1,0.004,0.003333,2,0.00037,0.000348,0.00029
types,bar,legend_placement,around radial chart,250,1,0.004,0.005,1,0.000185,0.000129,0.000161
types,bar,legend_placement,bar legend and heatmap colorbars,250,1,0.004,0.005,1,0.000185,0.000167,0.000208
types,bar,legend_placement,below,250,1,0.004,0.005,10,0.001852,0.001081,0.001351
types,bar,legend_placement,below each strip in multiple columns,250,1,0.004,0.003333,1,0.000185,0.000174,0.000145
types,bar,legend_placement,below panels,250,1,0.004,0.003333,4,0.000741,0.000471,0.000392
types,bar,legend_placement,below strip in multiple columns,250,1,0.004,0.003333,1,0.000185,0.000174,0.000145
types,bar,legend_placement,below the panels / lower figure margin,250,1,0.004,0.003333,1,0.000185,0.000133,0.000111
types,bar,legend_placement,below_center,250,1,0.004,0.005,9,0.001667,0.000947,0.001184
types,bar,legend_placement,between prompt blocks/bottom,250,1,0.004,0.005,4,0.000741,0.000281,0.000351
types,bar,legend_placement,bottom,250,5,0.02,0.02,7,0.001296,0.001074,0.001008
types,bar,legend_placement,bottom and in-panel,250,1,0.004,0.003333,1,0.000185,0.0004,0.000333
types,bar,legend_placement,bottom center,250,2,0.008,0.01,3,0.000556,0.000265,0.000332
types,bar,legend_placement,bottom center/right,250,1,0.004,0.003333,1,0.000185,0.000118,9.8e-05
types,bar,legend_placement,bottom of composite,250,1,0.004,0.003333,1,0.000185,0.000182,0.000152
types,bar,legend_placement,bottom shared legend,250,1,0.004,0.003333,4,0.000741,0.0016,0.001333
types,bar,legend_placement,bottom-center,250,2,0.008,0.006667,2,0.00037,0.000201,0.000167
types,bar,legend_placement,bottom-right of the panel grid,250,1,0.004,0.003333,1,0.000185,0.000154,0.000128
types,bar,legend_placement,bottom/right,250,1,0.004,0.003333,1,0.000185,0.000121,0.000101
types,bar,legend_placement,bottom_left_and_upper_left_inside,250,1,0.004,0.003333,1,0.000185,0.00025,0.000208
types,bar,legend_placement,in-plot lower-left,250,1,0.004,0.003333,1,0.000185,0.0002,0.000167
types,bar,legend_placement,inside each panel,250,1,0.004,0.003333,1,0.000185,0.000174,0.000145
types,bar,legend_placement,inside individual panels,250,1,0.004,0.005,1,0.000185,0.000125,0.000156
types,bar,legend_placement,inside panels c/d,250,1,0.004,0.005,1,0.000185,0.000235,0.000294
types,bar,legend_placement,inside radar and beside lower-left bars,250,1,0.004,0.003333,1,0.000185,0.000174,0.000145
types,bar,legend_placement,inside upper-left,250,1,0.004,0.005,1,0.000185,0.000235,0.000294
types,bar,legend_placement,inside upper-left of each panel,250,1,0.004,0.005,1,0.000185,0.000129,0.000161
types,bar,legend_placement,inside upper-right of each panel,250,1,0.004,0.005,1,0.000185,0.000129,0.000161
types,bar,legend_placement,inside_top_each_panel,250,1,0.004,0.003333,1,0.000185,0.000235,0.000196
types,bar,legend_placement,left/top of first panel,250,1,0.004,0.005,1,0.000185,7e-05,8.8e-05
types,bar,legend_placement,local legend in each panel,250,1,0.004,0.003333,1,0.000185,0.000105,8.8e-05
types,bar,legend_placement,local plot legends,250,1,0.004,0.003333,1,0.000185,0.000154,0.000128
types,bar,legend_placement,lower left,250,1,0.004,0.003333,1,0.000185,0.000133,0.000111
types,bar,legend_placement,lower right inside panel,250,1,0.004,0.003333,1,0.000185,0.00025,0.000208
types,bar,legend_placement,lower right of right panel,250,1,0.004,0.003333,1,0.000185,0.000148,0.000123
types,bar,legend_placement,lower-left,250,1,0.004,0.003333,1,0.000185,8.3e-05,6.9e-05
types,bar,legend_placement,lower-right inside panel,250,1,0.004,0.005,1,0.000185,0.00025,0.000313
types,bar,legend_placement,lower/inside each panel,250,1,0.004,0.005,1,0.000185,0.000114,0.000143
types,bar,legend_placement,lower_right,250,1,0.004,0.005,1,0.000185,0.000364,0.000455
types,bar,legend_placement,outside right of top panel,250,1,0.004,0.005,1,0.000185,3e-05,3.7e-05
types,bar,legend_placement,"panel (c), upper right",250,1,0.004,0.003333,1,0.000185,0.000105,8.8e-05
types,bar,legend_placement,panel top or bottom,250,1,0.004,0.003333,1,0.000185,0.000267,0.000222
types,bar,legend_placement,panel 内右上,250,1,0.004,0.003333,1,0.000185,0.0002,0.000167
types,bar,legend_placement,panel-local,250,1,0.004,0.005,1,0.000185,0.000143,0.000179
types,bar,legend_placement,panel-local upper area,250,2,0.008,0.008333,2,0.00037,0.000276,0.00029
types,bar,legend_placement,panel-local upper area and top of panel (b),250,1,0.004,0.005,1,0.000185,0.000143,0.000179
types,bar,legend_placement,panel-local; compact legends in (e-f),250,1,0.004,0.005,1,0.000185,0.000143,0.000179
types,bar,legend_placement,"panel-specific: upper-left (timing), upper-right (PPL)",250,1,0.004,0.003333,1,0.000185,0.000211,0.000175
types,bar,legend_placement,radar top-left and bar panels top/center,250,1,0.004,0.003333,1,0.000185,0.00025,0.000208
types,bar,legend_placement,radial legend and right-side split legend,250,1,0.004,0.005,1,0.000185,0.000222,0.000278
types,bar,legend_placement,repeated within panels,250,1,0.004,0.003333,1,0.000185,0.0004,0.000333
types,bar,legend_placement,right,250,5,0.02,0.018333,5,0.000926,0.000929,0.000854
types,bar,legend_placement,right colorbar,250,1,0.004,0.003333,1,0.000185,0.000308,0.000256
types,bar,legend_placement,right of bar panel,250,1,0.004,0.003333,1,0.000185,0.000154,0.000128
types,bar,legend_placement,right of time panel,250,1,0.004,0.003333,1,0.000185,0.000154,0.000128
types,bar,legend_placement,right side,250,1,0.004,0.003333,1,0.000185,4.8e-05,4e-05
types,bar,legend_placement,separate_panel_(a)_top_p28,250,1,0.004,0.003333,1,0.000185,0.00025,0.000208
types,bar,legend_placement,shared legend above panels,250,1,0.004,0.003333,1,0.000185,0.00025,0.000208
types,bar,legend_placement,shared legend below panels,250,1,0.004,0.005,1,0.000185,0.000167,0.000208
types,bar,legend_placement,shared legend centered below panels,250,1,0.004,0.003333,1,0.000185,0.000174,0.000145
types,bar,legend_placement,shared legend centered beneath the four panels,250,1,0.004,0.003333,1,0.000185,0.00025,0.000208
types,bar,legend_placement,top,250,4,0.016,0.016667,11,0.002037,0.001542,0.00153
types,bar,legend_placement,top center,250,5,0.02,0.02,13,0.002407,0.001564,0.001558
types,bar,legend_placement,top center of each panel,250,1,0.004,0.003333,1,0.000185,0.000267,0.000222
types,bar,legend_placement,top centered across both panels,250,1,0.004,0.003333,1,0.000185,0.0008,0.000667
types,bar,legend_placement,"top of (a), inside (b)",250,1,0.004,0.003333,1,0.000185,0.000148,0.000123
types,bar,legend_placement,top of composite,250,1,0.004,0.005,1,0.000185,0.000148,0.000185
types,bar,legend_placement,top of each of the two chart panels,250,1,0.004,0.003333,1,0.000185,0.000444,0.00037
types,bar,legend_placement,top of left panel,250,1,0.004,0.003333,1,0.000185,0.000154,0.000128
types,bar,legend_placement,top of panel,250,1,0.004,0.005,1,0.000185,0.000148,0.000185
types,bar,legend_placement,top of the composite and inside the mini-panels,250,1,0.004,0.005,1,0.000185,0.000235,0.000294
types,bar,legend_placement,top of the right bar panel,250,1,0.004,0.003333,1,0.000185,0.000211,0.000175
types,bar,legend_placement,top shared,250,1,0.004,0.005,1,0.000185,0.000105,0.000132
types,bar,legend_placement,"top, centered",250,1,0.004,0.003333,1,0.000185,0.000222,0.000185
types,bar,legend_placement,"top, horizontal",250,1,0.004,0.003333,4,0.000741,0.000889,0.000741
types,bar,legend_placement,top-center,250,1,0.004,0.005,1,0.000185,0.000222,0.000278
types,bar,legend_placement,top-center above the panels,250,1,0.004,0.005,2,0.00037,0.000727,0.000909
types,bar,legend_placement,top-center and bottom-center row legends,250,1,0.004,0.005,1,0.000185,0.00025,0.000313
types,bar,legend_placement,top/left,250,1,0.004,0.005,1,0.000185,7e-05,8.8e-05
types,bar,legend_placement,top/right of panels,250,1,0.004,0.005,1,0.000185,0.000143,0.000179
types,bar,legend_placement,top_center,250,1,0.004,0.003333,1,0.000185,0.00019,0.000159
types,bar,legend_placement,upper center,250,1,0.004,0.003333,1,0.000185,0.000138,0.000115
types,bar,legend_placement,upper center above both panels,250,1,0.004,0.003333,1,0.000185,0.000143,0.000119
types,bar,legend_placement,upper center of each panel,250,1,0.004,0.003333,1,0.000185,0.000138,0.000115
types,bar,legend_placement,upper center of left panel,250,1,0.004,0.003333,1,0.000185,0.000154,0.000128
types,bar,legend_placement,upper left,250,5,0.02,0.021667,10,0.001852,0.002026,0.00241
types,bar,legend_placement,upper left and upper right,250,1,0.004,0.003333,1,0.000185,0.000143,0.000119
types,bar,legend_placement,upper left in (a); upper center in (b),250,1,0.004,0.003333,1,0.000185,0.000148,0.000123
types,bar,legend_placement,upper left in each panel,250,1,0.004,0.005,1,0.000185,0.0002,0.00025
types,bar,legend_placement,upper right,250,6,0.024,0.023333,8,0.001481,0.001229,0.001257
types,bar,legend_placement,upper right of c,250,1,0.004,0.003333,1,0.000185,0.000148,0.000123
types,bar,legend_placement,upper-center in left panel and upper-right in right panel,250,1,0.004,0.005,1,0.000185,0.000267,0.000333
types,bar,legend_placement,upper-left,250,1,0.004,0.003333,1,0.000185,0.000143,0.000119
types,bar,legend_placement,"upper-left and upper-right, two semantic boxes",250,1,0.004,0.005,1,0.000185,0.000333,0.000417
types,bar,legend_placement,"upper-left in (a)/(b), upper-right in (c)",250,1,0.004,0.005,1,0.000185,0.000267,0.000333
types,bar,legend_placement,upper-left inside chart,250,1,0.004,0.005,1,0.000185,0.000174,0.000217
types,bar,legend_placement,upper-left inside each panel,250,2,0.008,0.008333,4,0.000741,0.000635,0.000602
types,bar,legend_placement,upper-left of bottom panel,250,1,0.004,0.005,1,0.000185,0.000148,0.000185
types,bar,legend_placement,upper-left of folding-time panel; none in bar panel,250,1,0.004,0.003333,1,0.000185,0.00025,0.000208
types,bar,legend_placement,upper-left/above bars,250,1,0.004,0.003333,1,0.000185,0.00019,0.000159
types,bar,legend_placement,upper-right,250,2,0.008,0.006667,5,0.000926,0.000492,0.00041
types,bar,legend_placement,upper-right in scatter panel; bar labels direct,250,1,0.004,0.005,1,0.000185,0.00025,0.000313
types,bar,legend_placement,upper-right inside each panel,250,1,0.004,0.003333,2,0.00037,0.0005,0.000417
types,bar,legend_placement,upper-right legends per panel,250,1,0.004,0.003333,1,0.000185,0.00019,0.000159
types,bar,legend_placement,upper-right of the right panel / shared across panels,250,1,0.004,0.003333,1,0.000185,0.00019,0.000159
types,bar,legend_placement,upper_center,250,1,0.004,0.005,1,0.000185,0.000174,0.000217
types,bar,legend_placement,upper_left,250,4,0.016,0.016667,5,0.000926,0.001338,0.001312
types,bar,legend_placement,upper_right,250,5,0.02,0.02,6,0.001111,0.001692,0.001611
types,bar,legend_placement,upper_right_in_each_panel,250,1,0.004,0.005,1,0.000185,0.000174,0.000217
types,bar,legend_placement,三列 panel 右侧共享图例,250,1,0.004,0.003333,1,0.000185,0.000182,0.000152
types,bar,legend_placement,三列 panels 右侧的共享图例,250,1,0.004,0.003333,1,0.000185,0.000182,0.000152
types,bar,legend_placement,上图右上；下图无独立 legend 或与上图复用,250,1,0.004,0.005,1,0.000185,0.00019,0.000238
types,bar,legend_placement,上方/右上方,250,1,0.004,0.003333,4,0.000741,0.000471,0.000392
types,bar,legend_placement,上方居中,250,1,0.004,0.003333,1,0.000185,0.0002,0.000167
types,bar,legend_placement,下部热图右下与条形图右上各有局部 legend,250,1,0.004,0.003333,1,0.000185,0.000308,0.000256
types,bar,legend_placement,单 panel 右上,250,1,0.004,0.003333,3,0.000556,0.000522,0.000435
types,bar,legend_placement,右 panel upper-right,250,1,0.004,0.003333,1,0.000185,0.000222,0.000185
types,bar,legend_placement,右上 legend,250,1,0.004,0.005,1,0.000185,0.000235,0.000294
types,bar,legend_placement,右上/各 panel 内,250,1,0.004,0.005,1,0.000185,0.00019,0.000238
types,bar,legend_placement,右上柱图上方/图内,250,1,0.004,0.005,1,0.000185,0.000138,0.000172
types,bar,legend_placement,右上角图例,250,1,0.004,0.003333,1,0.000185,0.000182,0.000152
types,bar,legend_placement,右下,250,1,0.004,0.005,1,0.000185,0.00019,0.000238
types,bar,legend_placement,右侧可靠性柱图右上,250,1,0.004,0.003333,1,0.000185,0.000174,0.000145
types,bar,legend_placement,右侧图例,250,1,0.004,0.005,1,0.000185,0.000138,0.000172
types,bar,legend_placement,右侧图外的跨面板 legend,250,1,0.004,0.005,1,0.000185,0.000364,0.000455
types,bar,legend_placement,各 panel 内上方/右上,250,1,0.004,0.005,1,0.000185,0.00019,0.000238
types,bar,legend_placement,各 panel 左上角,250,1,0.004,0.003333,1,0.000185,0.000121,0.000101
types,bar,legend_placement,各 panel 顶部,250,1,0.004,0.005,1,0.000185,9.8e-05,0.000122
types,bar,legend_placement,各 panel 顶部或内部,250,1,0.004,0.003333,1,0.000185,0.000121,0.000101
types,bar,legend_placement,各子图右上或图内,250,1,0.004,0.005,1,0.000185,0.000121,0.000152
types,bar,legend_placement,各面板上方/右上图例,250,1,0.004,0.005,1,0.000185,0.000235,0.000294
types,bar,legend_placement,各面板右上/上方图例,250,1,0.004,0.005,1,0.000185,0.000235,0.000294
types,bar,legend_placement,图(c)(d)上方或图内各自放置系列图例,250,1,0.004,0.003333,1,0.000185,0.000167,0.000139
types,bar,legend_placement,图上共享 legend,250,1,0.004,0.005,1,0.000185,0.000182,0.000227
types,bar,legend_placement,图内上方,250,1,0.004,0.003333,1,0.000185,0.0002,0.000167
types,bar,legend_placement,图顶端,250,1,0.004,0.005,1,0.000185,9.8e-05,0.000122
types,bar,legend_placement,图顶部,250,1,0.004,0.003333,1,0.000185,0.000167,0.000139
types,bar,legend_placement,图顶部/右上方,250,1,0.004,0.003333,1,0.000185,0.000118,9.8e-05
types,bar,legend_placement,左 panel legend；右 panel 复用颜色,250,1,0.004,0.003333,1,0.000185,0.000222,0.000185
types,bar,legend_placement,左上/图内,250,1,0.004,0.003333,1,0.000185,0.000118,9.8e-05
types,bar,legend_placement,左下/图内,250,1,0.004,0.003333,1,0.000185,0.000103,8.5e-05
types,bar,legend_placement,左侧 panel 内；右侧柱图下方,250,1,0.004,0.005,1,0.000185,0.000222,0.000278
types,bar,legend_placement,左图下方/右图下方居中,250,1,0.004,0.003333,1,0.000185,0.0002,0.000167
types,bar,legend_placement,左图右下角；右图无 legend,250,1,0.004,0.003333,1,0.000185,0.00019,0.000159
types,bar,legend_placement,整图共享图例,250,1,0.004,0.003333,1,0.000185,0.000118,9.8e-05
types,bar,legend_placement,每个 panel 上方重复图例,250,1,0.004,0.003333,1,0.000185,0.000174,0.000145
types,bar,legend_placement,每个 panel 上方重复方法图例,250,1,0.004,0.003333,1,0.000185,0.000182,0.000152
types,bar,legend_placement,每个 panel 顶部的重复方法图例,250,1,0.004,0.003333,1,0.000185,0.000182,0.000152
types,bar,legend_placement,顶部,250,2,0.008,0.01,2,0.00037,0.00036,0.00045
types,bar,legend_placement,顶部/内部,250,1,0.004,0.003333,1,0.000185,0.000121,0.000101
types,bar,legend_placement,顶部中央,250,1,0.004,0.003333,1,0.000185,0.000121,0.000101
types,bar,legend_placement,顶部共享,250,1,0.004,0.005,1,0.000185,0.000222,0.000278
types,box,legend_placement,bottom center,250,1,0.004,0.003333,1,0.000185,0.00025,0.000208
types,box,legend_placement,center between the 3D and 1D portions of panel (b),250,1,0.004,0.005,1,0.000185,0.000364,0.000455
types,box,legend_placement,inside upper-left of each panel,250,1,0.004,0.005,2,0.00037,0.000471,0.000588
types,box,legend_placement,right,250,1,0.004,0.003333,1,0.000185,0.000133,0.000111
types,box,legend_placement,upper center,250,1,0.004,0.005,1,0.000185,0.000222,0.000278
types,box,legend_placement,upper center above both panels,250,1,0.004,0.003333,2,0.00037,0.000286,0.000238
types,box,legend_placement,upper center of the right panel,250,1,0.004,0.005,1,0.000185,0.000364,0.000455
types,box,legend_placement,upper-left of HS panel,250,1,0.004,0.005,1,0.000185,0.000148,0.000185
types,box,legend_placement,upper-right,250,1,0.004,0.003333,2,0.00037,0.000235,0.000196
types,box,legend_placement,各 panel 顶部,250,1,0.004,0.005,1,0.000185,9.8e-05,0.000122
types,box,legend_placement,左上角,250,1,0.004,0.003333,1,0.000185,0.000121,0.000101
types,conceptual_diagram,legend_placement,(a)/(d) panel-internal labels,250,1,0.004,0.003333,1,0.000185,0.000182,0.000152
types,conceptual_diagram,legend_placement,C 右侧分成 Matryoshka SAE Features 与 Temporal SAE Features 两组；A/B 以面内文字直接标注,250,1,0.004,0.003333,1,0.000185,0.000182,0.000152
types,conceptual_diagram,legend_placement,above/upper-left token stream and right inset,250,1,0.004,0.003333,1,0.000185,0.00019,0.000159
types,conceptual_diagram,legend_placement,below,250,2,0.008,0.01,2,0.00037,0.000206,0.000257
types,conceptual_diagram,legend_placement,below each graph,250,1,0.004,0.005,1,0.000185,8.2e-05,0.000102
types,conceptual_diagram,legend_placement,bottom,250,5,0.02,0.02,6,0.001111,0.00123,0.001138
types,conceptual_diagram,legend_placement,bottom and in-panel,250,1,0.004,0.003333,1,0.000185,0.0004,0.000333
types,conceptual_diagram,legend_placement,bottom center,250,1,0.004,0.005,1,0.000185,0.000308,0.000385
types,conceptual_diagram,legend_placement,"bottom, one shared legend",250,1,0.004,0.005,1,0.000185,0.000333,0.000417
types,conceptual_diagram,legend_placement,bottom-center,250,1,0.004,0.003333,1,0.000185,8.3e-05,6.9e-05
types,conceptual_diagram,legend_placement,bottom-left (embedded),250,1,0.004,0.003333,1,0.000185,0.000308,0.000256
types,conceptual_diagram,legend_placement,bottom-left inline arrow/latent key,250,1,0.004,0.003333,1,0.000185,0.000174,0.000145
types,conceptual_diagram,legend_placement,bottom/right,250,1,0.004,0.003333,1,0.000185,0.000121,0.000101
types,conceptual_diagram,legend_placement,bottom_center,250,1,0.004,0.003333,1,0.000185,0.000211,0.000175
types,conceptual_diagram,legend_placement,chart bottom,250,1,0.004,0.003333,1,0.000185,0.000333,0.000278
types,conceptual_diagram,legend_placement,chart lower-right,250,1,0.004,0.003333,1,0.000185,0.000333,0.000278
types,conceptual_diagram,legend_placement,inside lower-left of the right Phenomena chart,250,1,0.004,0.005,1,0.000185,0.001333,0.001667
types,conceptual_diagram,legend_placement,left,250,1,0.004,0.003333,1,0.000185,0.000133,0.000111
types,conceptual_diagram,legend_placement,left margin,250,1,0.004,0.003333,1,0.000185,0.00025,0.000208
types,conceptual_diagram,legend_placement,left middle,250,1,0.004,0.003333,1,0.000185,0.000143,0.000119
types,conceptual_diagram,legend_placement,lower center/right,250,1,0.004,0.003333,1,0.000185,0.000118,9.8e-05
types,conceptual_diagram,legend_placement,lower left legend box,250,1,0.004,0.003333,1,0.000185,0.000133,0.000111
types,conceptual_diagram,legend_placement,lower right,250,2,0.008,0.006667,2,0.00037,0.000322,0.000268
types,conceptual_diagram,legend_placement,lower-right,250,1,0.004,0.005,1,0.000185,0.000222,0.000278
types,conceptual_diagram,legend_placement,maze 面板下方,250,1,0.004,0.005,1,0.000185,0.000267,0.000333
types,conceptual_diagram,legend_placement,"panel (c), upper right",250,1,0.004,0.003333,1,0.000185,0.000105,8.8e-05
types,conceptual_diagram,legend_placement,panel-inset,250,1,0.004,0.003333,1,0.000185,8.3e-05,6.9e-05
types,conceptual_diagram,legend_placement,panel-local,250,2,0.008,0.008333,4,0.000741,0.000734,0.00089
types,conceptual_diagram,legend_placement,panel-local upper area and top of panel (b),250,1,0.004,0.005,1,0.000185,0.000143,0.000179
types,conceptual_diagram,legend_placement,panel-local; compact legends in (e-f),250,1,0.004,0.005,1,0.000185,0.000143,0.000179
types,conceptual_diagram,legend_placement,"radar-chart inset, lower-left",250,1,0.004,0.005,1,0.000185,0.000108,0.000135
types,conceptual_diagram,legend_placement,radial legend and right-side split legend,250,1,0.004,0.005,1,0.000185,0.000222,0.000278
types,conceptual_diagram,legend_placement,red dashed key at upper right,250,1,0.004,0.005,1,0.000185,0.000167,0.000208
types,conceptual_diagram,legend_placement,right,250,4,0.016,0.015,7,0.001296,0.001638,0.001444
types,conceptual_diagram,legend_placement,right and lower classifier area,250,1,0.004,0.005,1,0.000185,0.000211,0.000263
types,conceptual_diagram,legend_placement,right of bar panel,250,1,0.004,0.003333,1,0.000185,0.000154,0.000128
types,conceptual_diagram,legend_placement,right of diagram,250,1,0.004,0.003333,1,0.000185,0.000222,0.000185
types,conceptual_diagram,legend_placement,right of panel b,250,1,0.004,0.005,1,0.000185,0.000235,0.000294
types,conceptual_diagram,legend_placement,right of the diagram,250,1,0.004,0.003333,1,0.000185,0.000364,0.000303
types,conceptual_diagram,legend_placement,right side,250,1,0.004,0.005,1,0.000185,0.000235,0.000294
types,conceptual_diagram,legend_placement,right side below group-computation block,250,1,0.004,0.003333,1,0.000185,0.00025,0.000208
types,conceptual_diagram,legend_placement,right side of panel (b),250,1,0.004,0.003333,1,0.000185,0.00025,0.000208
types,conceptual_diagram,legend_placement,right-side role legend,250,1,0.004,0.003333,1,0.000185,0.00019,0.000159
types,conceptual_diagram,legend_placement,top center,250,3,0.012,0.011667,3,0.000556,0.000431,0.000458
types,conceptual_diagram,legend_placement,top of the composite and inside the mini-panels,250,1,0.004,0.005,1,0.000185,0.000235,0.000294
types,conceptual_diagram,legend_placement,top right,250,1,0.004,0.005,1,0.000185,0.000125,0.000156
types,conceptual_diagram,legend_placement,top-left,250,1,0.004,0.003333,1,0.000185,0.000138,0.000115
types,conceptual_diagram,legend_placement,top-right,250,2,0.008,0.008333,2,0.00037,0.000328,0.000353
types,conceptual_diagram,legend_placement,top_center,250,3,0.012,0.011667,3,0.000556,0.000687,0.000637
types,conceptual_diagram,legend_placement,trainability legend upper left; data-blending legend to right of pies,250,1,0.004,0.003333,1,0.000185,0.000267,0.000222
types,conceptual_diagram,legend_placement,upper area of left panel; panel-local axes elsewhere,250,1,0.004,0.005,1,0.000185,0.000222,0.000278
types,conceptual_diagram,legend_placement,upper right,250,2,0.008,0.006667,2,0.00037,0.000422,0.000352
types,conceptual_diagram,legend_placement,upper-left,250,2,0.008,0.006667,5,0.000926,0.000569,0.000474
types,conceptual_diagram,legend_placement,upper-left in panel (b); none in panel (a),250,1,0.004,0.005,1,0.000185,0.0004,0.0005
types,conceptual_diagram,legend_placement,upper-left modality key,250,1,0.004,0.003333,1,0.000185,0.000138,0.000115
types,conceptual_diagram,legend_placement,upper-left of bottom panel,250,1,0.004,0.005,1,0.000185,0.000148,0.000185
types,conceptual_diagram,legend_placement,upper-left reward key and panel labels,250,1,0.004,0.005,1,0.000185,0.000167,0.000208
types,conceptual_diagram,legend_placement,upper-left/above token sequence,250,1,0.004,0.003333,1,0.000185,0.00019,0.000159
types,conceptual_diagram,legend_placement,upper-right Key swatches,250,1,0.004,0.003333,1,0.000185,0.00019,0.000159
types,conceptual_diagram,legend_placement,upper-right local legend,250,1,0.004,0.003333,1,0.000185,0.000308,0.000256
types,conceptual_diagram,legend_placement,upper_left in PCA panels,250,1,0.004,0.003333,1,0.000185,0.0002,0.000167
types,conceptual_diagram,legend_placement,upper_right,250,1,0.004,0.003333,1,0.000185,0.000211,0.000175
types,conceptual_diagram,legend_placement,within panel C and local labels,250,1,0.004,0.003333,1,0.000185,0.000154,0.000128
types,conceptual_diagram,legend_placement,下部热图右下与条形图右上各有局部 legend,250,1,0.004,0.003333,1,0.000185,0.000308,0.000256
types,conceptual_diagram,legend_placement,中、右 panel 内部上方；左 panel 使用曲线直接标注,250,1,0.004,0.003333,1,0.000185,0.00019,0.000159
types,conceptual_diagram,legend_placement,中间 panel 的说明键,250,1,0.004,0.003333,1,0.000185,0.0004,0.000333
types,conceptual_diagram,legend_placement,中面板底部的 Image Embedding Matching / Question Embedding Matching 图例,250,1,0.004,0.003333,1,0.000185,0.000308,0.000256
types,conceptual_diagram,legend_placement,右下共享 legend,250,1,0.004,0.003333,1,0.000185,0.000154,0.000128
types,conceptual_diagram,legend_placement,右侧 scatter 上方/左下的 SAE 图例与下方 intervention-strength 色带,250,1,0.004,0.003333,1,0.000185,0.000182,0.000152
types,conceptual_diagram,legend_placement,右侧可靠性柱图右上,250,1,0.004,0.003333,1,0.000185,0.000174,0.000145
types,conceptual_diagram,legend_placement,各 panel 内 token key,250,1,0.004,0.003333,1,0.000185,0.0002,0.000167
types,conceptual_diagram,legend_placement,各 panel 右上 p_t legend,250,1,0.004,0.003333,1,0.000185,0.000222,0.000185
types,conceptual_diagram,legend_placement,图右侧的 risk-rate legend,250,1,0.004,0.003333,1,0.000185,0.0005,0.000417
types,conceptual_diagram,legend_placement,图右侧的四项 risk-rate legend,250,1,0.004,0.003333,1,0.000185,0.0005,0.000417
types,conceptual_diagram,legend_placement,图顶,250,1,0.004,0.005,1,0.000185,0.000138,0.000172
types,conceptual_diagram,legend_placement,图顶部的三色状态 key,250,1,0.004,0.003333,1,0.000185,0.000118,9.8e-05
types,conceptual_diagram,legend_placement,左下箭头 key,250,1,0.004,0.003333,2,0.00037,0.000381,0.000317
types,conceptual_diagram,legend_placement,底部 token legend,250,1,0.004,0.005,1,0.000185,0.000211,0.000263
types,conceptual_diagram,legend_placement,底部/中部,250,1,0.004,0.003333,1,0.000185,0.000121,0.000101
types,conceptual_diagram,legend_placement,底部居中 legend,250,1,0.004,0.003333,1,0.000185,0.000154,0.000128
types,conceptual_diagram,legend_placement,底部横跨三列的共享图例,250,1,0.004,0.003333,1,0.000185,0.000333,0.000278
types,conceptual_diagram,legend_placement,整幅图右侧的竖向图例,250,1,0.004,0.003333,1,0.000185,0.0004,0.000333
types,conceptual_diagram,legend_placement,模块上方与右侧曲线旁,250,1,0.004,0.005,1,0.000185,0.000182,0.000227
types,conceptual_diagram,legend_placement,每个 panel 右上区域重复,250,1,0.004,0.005,1,0.000185,0.000364,0.000455
types,conceptual_diagram,legend_placement,面板左上区域,250,1,0.004,0.005,1,0.000185,0.000364,0.000455
types,conceptual_diagram,legend_placement,顶部共享 legend,250,1,0.004,0.005,2,0.00037,0.000444,0.000556
types,conceptual_diagram,legend_placement,顶部共享图例,250,1,0.004,0.003333,1,0.000185,0.000167,0.000139
types,heatmap,legend_placement,(c) panel 内右上方 U legend,250,1,0.004,0.003333,1,0.000185,0.000333,0.000278
types,heatmap,legend_placement,Right of each heatmap.,250,1,0.004,0.005,1,0.000185,0.00025,0.000313
types,heatmap,legend_placement,above line panel; colorbars on heatmaps,250,1,0.004,0.003333,1,0.000185,0.000154,0.000128
types,heatmap,legend_placement,bar legend and heatmap colorbars,250,1,0.004,0.005,1,0.000185,0.000167,0.000208
types,heatmap,legend_placement,bottom,250,1,0.004,0.003333,1,0.000185,0.000333,0.000278
types,heatmap,legend_placement,bottom center/right,250,1,0.004,0.003333,1,0.000185,0.000118,9.8e-05
types,heatmap,legend_placement,bottom colorbar and lower legend,250,1,0.004,0.005,1,0.000185,0.000211,0.000263
types,heatmap,legend_placement,center between the 3D and 1D portions of panel (b),250,1,0.004,0.005,1,0.000185,0.000364,0.000455
types,heatmap,legend_placement,colorbar to the right of each triangular panel,250,1,0.004,0.005,1,0.000185,0.000267,0.000333
types,heatmap,legend_placement,each heatmap right side,250,1,0.004,0.003333,1,0.000185,0.000182,0.000152
types,heatmap,legend_placement,individual colorbars beside each head map,250,1,0.004,0.003333,2,0.00037,0.000381,0.000317
types,heatmap,legend_placement,individual colorbars to the right of maps,250,1,0.004,0.003333,1,0.000185,0.00019,0.000159
types,heatmap,legend_placement,individual matrix colorbars,250,1,0.004,0.003333,1,0.000185,0.000154,0.000128
types,heatmap,legend_placement,inside A lower-left; inside B and D panels near lower-right/right,250,1,0.004,0.005,1,0.000185,0.001333,0.001667
types,heatmap,legend_placement,inside upper-left of A2 and B2; colorbars at heatmap right edges,250,1,0.004,0.005,1,0.000185,0.001333,0.001667
types,heatmap,legend_placement,legend below left panel and colorbars beside middle/right panels,250,1,0.004,0.005,2,0.00037,0.000667,0.000833
types,heatmap,legend_placement,lower left in right panel,250,1,0.004,0.003333,1,0.000185,0.000114,9.5e-05
types,heatmap,legend_placement,lower right/lower center inside each heatmap,250,1,0.004,0.005,1,0.000185,0.0002,0.00025
types,heatmap,legend_placement,lower-left for top field; per-panel head titles/colorbars,250,1,0.004,0.005,1,0.000185,0.00019,0.000238
types,heatmap,legend_placement,panel-inset,250,1,0.004,0.003333,1,0.000185,8.3e-05,6.9e-05
types,heatmap,legend_placement,panel-local,250,1,0.004,0.005,1,0.000185,0.000143,0.000179
types,heatmap,legend_placement,right,250,6,0.024,0.025,13,0.002407,0.002238,0.002417
types,heatmap,legend_placement,right and in-panel,250,1,0.004,0.003333,1,0.000185,0.000148,0.000123
types,heatmap,legend_placement,right color bar,250,1,0.004,0.003333,2,0.00037,0.000615,0.000513
types,heatmap,legend_placement,right colorbar,250,10,0.04,0.036667,13,0.002407,0.002434,0.002257
types,heatmap,legend_placement,right colorbars,250,1,0.004,0.003333,2,0.00037,0.00032,0.000267
types,heatmap,legend_placement,right of discount panels,250,1,0.004,0.003333,2,0.00037,0.000421,0.000351
types,heatmap,legend_placement,right of each Single-step error heatmap,250,1,0.004,0.005,1,0.000185,0.000308,0.000385
types,heatmap,legend_placement,right of each heatmap,250,1,0.004,0.003333,1,0.000185,0.000235,0.000196
types,heatmap,legend_placement,right of each layer panel,250,1,0.004,0.005,2,0.00037,0.0005,0.000625
types,heatmap,legend_placement,right of each panel,250,2,0.008,0.01,8,0.001481,0.001101,0.001376
types,heatmap,legend_placement,right shared colorbar,250,2,0.008,0.006667,2,0.00037,0.000451,0.000375
types,heatmap,legend_placement,right-side color keys,250,1,0.004,0.005,1,0.000185,0.000235,0.000294
types,heatmap,legend_placement,right-side colorbar for each panel,250,1,0.004,0.005,1,0.000185,0.000222,0.000278
types,heatmap,legend_placement,right-side colorbars and in-panel reference annotations,250,1,0.004,0.005,1,0.000185,0.000333,0.000417
types,heatmap,legend_placement,right-side heatmap colorbars and lower trajectory color keys,250,1,0.004,0.005,1,0.000185,0.000333,0.000417
types,heatmap,legend_placement,right_colorbar,250,1,0.004,0.005,4,0.000741,0.000421,0.000526
types,heatmap,legend_placement,right_of_each_heatmap,250,1,0.004,0.005,1,0.000185,0.000174,0.000217
types,heatmap,legend_placement,top center,250,1,0.004,0.005,1,0.000185,7e-05,8.8e-05
types,heatmap,legend_placement,top of grid,250,1,0.004,0.005,1,0.000185,0.000235,0.000294
types,heatmap,legend_placement,top of loss panel and local heatmap keys,250,1,0.004,0.005,1,0.000185,0.000143,0.000179
types,heatmap,legend_placement,top right,250,1,0.004,0.005,1,0.000185,0.000125,0.000156
types,heatmap,legend_placement,upper center of the right panel,250,1,0.004,0.005,1,0.000185,0.000364,0.000455
types,heatmap,legend_placement,upper right,250,1,0.004,0.003333,1,0.000185,0.000114,9.5e-05
types,heatmap,legend_placement,upper right for line panels; right-side color bars for heatmaps,250,1,0.004,0.003333,1,0.000185,0.000308,0.000256
types,heatmap,legend_placement,upper-right Key swatches,250,1,0.004,0.003333,1,0.000185,0.00019,0.000159
types,heatmap,legend_placement,upper_right,250,1,0.004,0.005,1,0.000185,0.00025,0.000313
types,heatmap,legend_placement,前三 panel 各自 legend；右下 vertical colorbar,250,1,0.004,0.003333,1,0.000185,0.00019,0.000159
types,heatmap,legend_placement,右侧 colorbar,250,2,0.008,0.006667,4,0.000741,0.000583,0.000486
types,heatmap,legend_placement,各 panel 右侧 colorbar,250,2,0.008,0.008333,2,0.00037,0.000312,0.000339
types,heatmap,legend_placement,图(b)右上角图例；图(a)由各矩阵下方直接标签标识,250,1,0.004,0.003333,1,0.000185,0.000167,0.000139
types,heatmap,legend_placement,左图右上；右图右侧 colorbar,250,1,0.004,0.003333,1,0.000185,0.00019,0.000159
types,heatmap,legend_placement,每个 heatmap 右侧 colorbar,250,1,0.004,0.003333,1,0.000185,0.000182,0.000152
types,heatmap,legend_placement,顶部居中共享 legend,250,1,0.004,0.003333,1,0.000185,0.000333,0.000278
types,histogram,legend_placement,Inside upper-left/upper-center in (a); upper-right in (b).,250,1,0.004,0.005,1,0.000185,0.00025,0.000313
types,histogram,legend_placement,bottom_center,250,1,0.004,0.003333,1,0.000185,0.000211,0.000175
types,histogram,legend_placement,inside histogram and beside scatter,250,1,0.004,0.003333,1,0.000185,0.00025,0.000208
types,histogram,legend_placement,lower-left,250,1,0.004,0.005,1,0.000185,0.00019,0.000238
types,histogram,legend_placement,panel a upper left,250,1,0.004,0.005,1,0.000185,0.000286,0.000357
types,histogram,legend_placement,right,250,1,0.004,0.005,1,0.000185,0.00019,0.000238
types,histogram,legend_placement,"right margin, with separate upper and lower legends",250,1,0.004,0.003333,1,0.000185,0.000308,0.000256
types,histogram,legend_placement,right of 3D scatter colorbar,250,1,0.004,0.003333,2,0.00037,0.000571,0.000476
types,histogram,legend_placement,right side shared across the three panels,250,1,0.004,0.003333,2,0.00037,0.000615,0.000513
types,histogram,legend_placement,top,250,1,0.004,0.003333,2,0.00037,8.2e-05,6.8e-05
types,histogram,legend_placement,upper left in first panel,250,1,0.004,0.003333,2,0.00037,0.000348,0.00029
types,histogram,legend_placement,upper right,250,1,0.004,0.005,1,0.000185,0.000286,0.000357
types,histogram,legend_placement,upper right in each panel,250,2,0.008,0.008333,3,0.000556,0.001015,0.001013
types,histogram,legend_placement,upper right inside each MDAD panel,250,1,0.004,0.003333,1,0.000185,0.000182,0.000152
types,histogram,legend_placement,upper right of MDAD panel,250,1,0.004,0.003333,1,0.000185,0.000182,0.000152
types,histogram,legend_placement,upper right of each condition row,250,1,0.004,0.005,1,0.000185,0.000235,0.000294
types,histogram,legend_placement,upper-right within each small panel,250,1,0.004,0.003333,1,0.000185,0.000222,0.000185
types,histogram,legend_placement,upper_left in ARI panels,250,1,0.004,0.003333,1,0.000185,0.0002,0.000167
types,histogram,legend_placement,upper_left in top panels,250,1,0.004,0.003333,1,0.000185,0.0002,0.000167
types,histogram,legend_placement,upper_left of first panel,250,1,0.004,0.005,1,0.000185,0.00025,0.000313
types,histogram,legend_placement,upper_left per panel,250,1,0.004,0.003333,2,0.00037,0.0004,0.000333
types,histogram,legend_placement,上方/右上方,250,1,0.004,0.003333,1,0.000185,0.000118,9.8e-05
types,histogram,legend_placement,左上 panel 内的共享 legend,250,1,0.004,0.003333,1,0.000185,0.0005,0.000417
types,histogram,legend_placement,左上 panel（Phase IV）内的共享 legend,250,1,0.004,0.003333,1,0.000185,0.0005,0.000417
types,histogram,legend_placement,左上/图内,250,1,0.004,0.003333,1,0.000185,0.000118,9.8e-05
types,histogram,legend_placement,左侧 Ib panel 右上/上方的共享 legend,250,1,0.004,0.003333,1,0.000185,0.0005,0.000417
types,histogram,legend_placement,整图共享图例,250,1,0.004,0.003333,1,0.000185,0.000118,9.8e-05
types,image_montage,legend_placement,(c) panel 内右上方 U legend,250,1,0.004,0.003333,1,0.000185,0.000333,0.000278
types,image_montage,legend_placement,below success-rate panels,250,1,0.004,0.003333,1,0.000185,0.000182,0.000152
types,image_montage,legend_placement,bottom,250,1,0.004,0.003333,1,0.000185,0.000333,0.000278
types,image_montage,legend_placement,bottom center,250,1,0.004,0.005,1,0.000185,0.000286,0.000357
types,image_montage,legend_placement,bottom-center below the three structures,250,1,0.004,0.003333,1,0.000185,0.00025,0.000208
types,image_montage,legend_placement,individual colorbars beside each head map,250,1,0.004,0.003333,2,0.00037,0.000381,0.000317
types,image_montage,legend_placement,individual colorbars to the right of maps,250,1,0.004,0.003333,1,0.000185,0.00019,0.000159
types,image_montage,legend_placement,individual matrix colorbars,250,1,0.004,0.003333,1,0.000185,0.000154,0.000128
types,image_montage,legend_placement,inside each panel,250,1,0.004,0.005,1,0.000185,0.000114,0.000143
types,image_montage,legend_placement,inside histogram and beside scatter,250,1,0.004,0.003333,1,0.000185,0.00025,0.000208
types,image_montage,legend_placement,inside radar and beside lower-left bars,250,1,0.004,0.003333,1,0.000185,0.000174,0.000145
types,image_montage,legend_placement,inside the lower/side area of each panel,250,1,0.004,0.005,1,0.000185,0.000114,0.000143
types,image_montage,legend_placement,lower right,250,1,0.004,0.005,1,0.000185,0.00016,0.0002
types,image_montage,legend_placement,lower right inside plot,250,1,0.004,0.005,2,0.00037,0.000216,0.00027
types,image_montage,legend_placement,"panel (b), upper left",250,1,0.004,0.003333,1,0.000185,0.000105,8.8e-05
types,image_montage,legend_placement,panel-local,250,1,0.004,0.003333,1,0.000185,6.8e-05,5.6e-05
types,image_montage,legend_placement,radial legend and right-side split legend,250,1,0.004,0.005,1,0.000185,0.000222,0.000278
types,image_montage,legend_placement,repeated in each panel,250,1,0.004,0.005,1,0.000185,0.00019,0.000238
types,image_montage,legend_placement,right,250,2,0.008,0.006667,2,0.00037,0.000533,0.000444
types,image_montage,legend_placement,right and in-panel,250,1,0.004,0.003333,1,0.000185,0.000148,0.000123
types,image_montage,legend_placement,right of each Single-step error heatmap,250,1,0.004,0.005,1,0.000185,0.000308,0.000385
types,image_montage,legend_placement,top center,250,1,0.004,0.003333,1,0.000185,0.000222,0.000185
types,image_montage,legend_placement,top of each of the two chart panels,250,1,0.004,0.003333,1,0.000185,0.000444,0.00037
types,image_montage,legend_placement,top of each row,250,1,0.004,0.003333,1,0.000185,0.000154,0.000128
types,image_montage,legend_placement,top-right,250,1,0.004,0.003333,1,0.000185,0.000138,0.000115
types,image_montage,legend_placement,top-right within each chart,250,1,0.004,0.003333,1,0.000185,0.000222,0.000185
types,image_montage,legend_placement,upper-left of bottom panel,250,1,0.004,0.005,1,0.000185,0.000148,0.000185
types,image_montage,legend_placement,upper-left/above token sequence,250,1,0.004,0.003333,1,0.000185,0.00019,0.000159
types,image_montage,legend_placement,upper/inside panel (b),250,1,0.004,0.003333,1,0.000185,0.000308,0.000256
types,image_montage,legend_placement,upper_left in PCA panels,250,1,0.004,0.003333,1,0.000185,0.0002,0.000167
types,image_montage,legend_placement,右 panel upper-right,250,1,0.004,0.003333,1,0.000185,0.000222,0.000185
types,image_montage,legend_placement,右上柱图上方/图内,250,1,0.004,0.005,1,0.000185,0.000138,0.000172
types,image_montage,legend_placement,各方法面板局部 legend,250,1,0.004,0.005,1,0.000185,0.000182,0.000227
types,image_montage,legend_placement,图(a)(b)图内右上，图(c)图内上方；图(d)用直接标签,250,1,0.004,0.003333,1,0.000185,0.000167,0.000139
types,image_montage,legend_placement,图(c)(d)上方或图内各自放置系列图例,250,1,0.004,0.003333,1,0.000185,0.000167,0.000139
types,image_montage,legend_placement,左侧/底部直接标签,250,1,0.004,0.005,1,0.000185,0.000138,0.000172
types,image_montage,legend_placement,左侧纵向 Base/Aligned 标签,250,1,0.004,0.005,1,0.000185,0.000138,0.000172
types,image_montage,legend_placement,曲线组上方,250,1,0.004,0.005,1,0.000185,0.000182,0.000227
types,image_montage,legend_placement,每个 tile 右上角,250,1,0.004,0.005,1,0.000185,0.000267,0.000333
types,image_montage,legend_placement,顶部 Ground Truth/Prediction,250,1,0.004,0.005,1,0.000185,0.000211,0.000263
types,line,legend_placement,(a)/(d) panel-internal labels,250,1,0.004,0.003333,1,0.000185,0.000182,0.000152
types,line,legend_placement,(c) panel 内右上方 U legend,250,1,0.004,0.003333,1,0.000185,0.000333,0.000278
types,line,legend_placement,Below the plot in a two-row legend.,250,1,0.004,0.005,1,0.000185,0.000333,0.000417
types,line,legend_placement,C 右侧分成 Matryoshka SAE Features 与 Temporal SAE Features 两组；A/B 以面内文字直接标注,250,1,0.004,0.003333,1,0.000185,0.000182,0.000152
types,line,legend_placement,Inside the upper-right of each quality panel; panel (g) uses direct category labels and bar-top values.,250,1,0.004,0.003333,1,0.000185,0.000333,0.000278
types,line,legend_placement,Library lower right; Zork1 upper left,250,1,0.004,0.005,1,0.000185,0.000138,0.000172
types,line,legend_placement,"Row-shared legend between the top and bottom rows, and another below the bottom row.",250,1,0.004,0.005,1,0.000185,0.000333,0.000417
types,line,legend_placement,Upper left inside the panel.,250,1,0.004,0.005,1,0.000185,0.000333,0.000417
types,line,legend_placement,Upper right inside each panel.,250,1,0.004,0.005,1,0.000185,0.000333,0.000417
types,line,legend_placement,Upper right inside the panel.,250,1,0.004,0.005,2,0.00037,0.000667,0.000833
types,line,legend_placement,Upper right of panel (a); panels (b) and (c) omit the legend.,250,1,0.004,0.005,1,0.000185,0.000333,0.000417
types,line,legend_placement,a/b upper right and c upper left per architecture block,250,1,0.004,0.005,1,0.000185,0.000286,0.000357
types,line,legend_placement,a/b upper right and c upper left per model block,250,1,0.004,0.005,1,0.000185,0.000286,0.000357
types,line,legend_placement,a/b upper right for m; c upper left for fit key,250,1,0.004,0.005,1,0.000185,0.000286,0.000357
types,line,legend_placement,above line panel; colorbars on heatmaps,250,1,0.004,0.003333,1,0.000185,0.000154,0.000128
types,line,legend_placement,above or right of plot,250,1,0.004,0.003333,1,0.000185,0.000154,0.000128
types,line,legend_placement,"above panel (b), spanning its width",250,1,0.004,0.003333,1,0.000185,0.000235,0.000196
types,line,legend_placement,"above panels (b,c), with a separate resolution key inside each plot",250,1,0.004,0.003333,1,0.000185,0.000444,0.00037
types,line,legend_placement,above/right,250,1,0.004,0.003333,1,0.000185,0.000154,0.000128
types,line,legend_placement,above/right of panels,250,1,0.004,0.005,1,0.000185,0.000174,0.000217
types,line,legend_placement,at the top of each backend group,250,1,0.004,0.003333,1,0.000185,0.000444,0.00037
types,line,legend_placement,b panel 下方共享 legend,250,1,0.004,0.005,1,0.000185,0.000211,0.000263
types,line,legend_placement,below,250,2,0.008,0.01,30,0.005556,0.00299,0.003738
types,line,legend_placement,"below (a), below (c); panel annotations in (b,c)",250,1,0.004,0.003333,1,0.000185,0.000143,0.000119
types,line,legend_placement,below all three panels,250,1,0.004,0.005,2,0.00037,0.0008,0.001
types,line,legend_placement,below each method group,250,1,0.004,0.003333,1,0.000185,0.000182,0.000152
types,line,legend_placement,below each panel,250,2,0.008,0.006667,4,0.000741,0.000552,0.00046
types,line,legend_placement,below each subfigure,250,1,0.004,0.003333,1,0.000185,0.000182,0.000152
types,line,legend_placement,below grid,250,1,0.004,0.003333,1,0.000185,4.8e-05,4e-05
types,line,legend_placement,below panels,250,4,0.016,0.015,16,0.002963,0.00226,0.001963
types,line,legend_placement,below success-rate panels,250,1,0.004,0.003333,1,0.000185,0.000182,0.000152
types,line,legend_placement,below the panels / lower figure margin,250,1,0.004,0.003333,1,0.000185,0.000133,0.000111
types,line,legend_placement,"below the plot, centered in two rows",250,1,0.004,0.005,2,0.00037,0.000667,0.000833
types,line,legend_placement,bottom,250,4,0.016,0.016667,8,0.001481,0.001333,0.001186
types,line,legend_placement,bottom and in-panel,250,1,0.004,0.003333,1,0.000185,0.0004,0.000333
types,line,legend_placement,bottom center,250,4,0.016,0.016667,26,0.004815,0.003795,0.003966
types,line,legend_placement,bottom center across all four panels,250,1,0.004,0.003333,1,0.000185,0.000235,0.000196
types,line,legend_placement,bottom center across both panels,250,1,0.004,0.003333,1,0.000185,0.000235,0.000196
types,line,legend_placement,bottom center across four cost-ratio panels,250,1,0.004,0.003333,1,0.000185,0.000235,0.000196
types,line,legend_placement,bottom center across the three panels,250,1,0.004,0.003333,4,0.000741,0.000941,0.000784
types,line,legend_placement,bottom center across three complexity panels,250,1,0.004,0.003333,1,0.000185,0.000235,0.000196
types,line,legend_placement,bottom center below both panels,250,1,0.004,0.003333,1,0.000185,0.000154,0.000128
types,line,legend_placement,bottom center below the three panels,250,1,0.004,0.003333,2,0.00037,0.000667,0.000556
types,line,legend_placement,bottom center for RG-SAGA; inside lower area of diagnostic panel,250,1,0.004,0.003333,1,0.000185,0.000235,0.000196
types,line,legend_placement,bottom center for algorithm curves; upper left inside the two diagnostic panels,250,1,0.004,0.003333,1,0.000185,0.000235,0.000196
types,line,legend_placement,bottom center for methods; lower-left inside similarity panel,250,1,0.004,0.003333,1,0.000185,0.000235,0.000196
types,line,legend_placement,bottom of composite,250,1,0.004,0.003333,11,0.002037,0.002,0.001667
types,line,legend_placement,bottom of each benchmark block,250,1,0.004,0.003333,2,0.00037,0.000364,0.000303
types,line,legend_placement,bottom-center,250,1,0.004,0.003333,1,0.000185,0.000118,9.8e-05
types,line,legend_placement,bottom-right,250,1,0.004,0.003333,2,0.00037,0.000276,0.00023
types,line,legend_placement,bottom-right inside panel,250,1,0.004,0.005,1,0.000185,0.00025,0.000313
types,line,legend_placement,bottom_below_each_panel,250,1,0.004,0.003333,1,0.000185,0.000286,0.000238
types,line,legend_placement,bottom_center,250,3,0.012,0.011667,5,0.000926,0.001165,0.001061
types,line,legend_placement,bottom_right_each_panel,250,1,0.004,0.003333,1,0.000185,0.000286,0.000238
types,line,legend_placement,center between the 3D and 1D portions of panel (b),250,1,0.004,0.005,1,0.000185,0.000364,0.000455
types,line,legend_placement,center-right,250,1,0.004,0.003333,1,0.000185,0.00019,0.000159
types,line,legend_placement,chart bottom,250,1,0.004,0.003333,1,0.000185,0.000333,0.000278
types,line,legend_placement,chart lower-right,250,1,0.004,0.003333,1,0.000185,0.000333,0.000278
types,line,legend_placement,horizontal legend below the three panels,250,1,0.004,0.005,1,0.000185,0.000138,0.000172
types,line,legend_placement,individual matrix colorbars,250,1,0.004,0.003333,1,0.000185,0.000154,0.000128
types,line,legend_placement,inside A lower-left; inside B and D panels near lower-right/right,250,1,0.004,0.005,1,0.000185,0.001333,0.001667
types,line,legend_placement,"inside axes, lower right",250,1,0.004,0.005,10,0.001852,0.004,0.005
types,line,legend_placement,inside each panel,250,7,0.028,0.028333,17,0.003148,0.003135,0.003096
types,line,legend_placement,inside each panel (upper-right in loss panels; lower-right in accuracy panels),250,1,0.004,0.003333,1,0.000185,0.000222,0.000185
types,line,legend_placement,inside each panel upper-left,250,1,0.004,0.005,1,0.000185,0.000167,0.000208
types,line,legend_placement,"inside each panel, lower-left",250,1,0.004,0.003333,1,0.000185,0.000333,0.000278
types,line,legend_placement,"inside each panel, lower-left/center",250,1,0.004,0.003333,1,0.000185,0.000333,0.000278
types,line,legend_placement,"inside each panel; first upper-right, others lower-left",250,1,0.004,0.003333,1,0.000185,0.000333,0.000278
types,line,legend_placement,"inside each panel; lower-left for q=1,1.5,2 and upper-right for q=3",250,1,0.004,0.005,1,0.000185,0.0008,0.001
types,line,legend_placement,inside first panel,250,1,0.004,0.005,2,0.00037,0.000471,0.000588
types,line,legend_placement,inside individual panels,250,1,0.004,0.005,1,0.000185,0.000125,0.000156
types,line,legend_placement,"inside individual panels, lower right",250,1,0.004,0.005,1,0.000185,0.000125,0.000156
types,line,legend_placement,"inside individual panels, upper/right",250,1,0.004,0.005,1,0.000185,0.000125,0.000156
types,line,legend_placement,inside lower center,250,1,0.004,0.003333,1,0.000185,0.000333,0.000278
types,line,legend_placement,inside lower right,250,2,0.008,0.006667,3,0.000556,0.00057,0.000475
types,line,legend_placement,inside lower-left of the right Phenomena chart,250,1,0.004,0.005,1,0.000185,0.001333,0.001667
types,line,legend_placement,inside lower-right,250,1,0.004,0.005,1,0.000185,0.000364,0.000455
types,line,legend_placement,inside lower-right of accuracy panel and upper-right of entropy panel,250,1,0.004,0.003333,1,0.000185,0.000118,9.8e-05
types,line,legend_placement,inside lower-right of each panel,250,1,0.004,0.003333,1,0.000185,0.000333,0.000278
types,line,legend_placement,inside lower-right of the right plot,250,1,0.004,0.003333,1,0.000185,0.000444,0.00037
types,line,legend_placement,inside or below each panel,250,1,0.004,0.005,1,0.000185,0.000114,0.000143
types,line,legend_placement,inside or beneath each row of panels,250,1,0.004,0.005,1,0.000185,0.000167,0.000208
types,line,legend_placement,"inside panel, lower/center",250,1,0.004,0.005,1,0.000185,0.000167,0.000208
types,line,legend_placement,inside panels,250,2,0.008,0.008333,2,0.00037,0.000284,0.000306
types,line,legend_placement,inside panels (upper-right for loss panels; upper-left for accuracy panels),250,1,0.004,0.003333,1,0.000185,0.000222,0.000185
types,line,legend_placement,"inside panels (upper-right for top row, upper-left for bottom row)",250,1,0.004,0.003333,1,0.000185,0.000222,0.000185
types,line,legend_placement,inside panels c/d,250,1,0.004,0.005,1,0.000185,0.000235,0.000294
types,line,legend_placement,inside panels; inset in panel (c),250,1,0.004,0.005,1,0.000185,0.000235,0.000294
types,line,legend_placement,inside panels; local legends,250,1,0.004,0.005,1,0.000185,0.000167,0.000208
types,line,legend_placement,inside plot area; legend title m,250,1,0.004,0.005,1,0.000185,0.0004,0.0005
types,line,legend_placement,inside right side of the panel,250,1,0.004,0.005,1,0.000185,0.0004,0.0005
types,line,legend_placement,inside third panel; shared semantics across panels,250,1,0.004,0.005,1,0.000185,0.000167,0.000208
types,line,legend_placement,inside upper plot area,250,1,0.004,0.005,1,0.000185,0.000167,0.000208
types,line,legend_placement,inside upper-left,250,1,0.004,0.003333,1,0.000185,0.000333,0.000278
types,line,legend_placement,inside upper-left in Pareto panels; upper panel legends shared by vertical pairs,250,1,0.004,0.005,1,0.000185,0.0004,0.0005
types,line,legend_placement,inside upper-left of A2 and B2; colorbars at heatmap right edges,250,1,0.004,0.005,1,0.000185,0.001333,0.001667
types,line,legend_placement,inside upper-left of each panel,250,1,0.004,0.005,3,0.000556,0.000706,0.000882
types,line,legend_placement,inside upper-left of left panel,250,2,0.008,0.008333,2,0.00037,0.000369,0.000405
types,line,legend_placement,inside upper-left/top-left in each main panel; inset legend inside,250,1,0.004,0.005,1,0.000185,0.0004,0.0005
types,line,legend_placement,inside upper-right,250,1,0.004,0.003333,1,0.000185,0.00025,0.000208
types,line,legend_placement,"inside, lower center/right",250,1,0.004,0.005,1,0.000185,0.000222,0.000278
types,line,legend_placement,"inside, lower left",250,1,0.004,0.005,1,0.000185,0.000222,0.000278
types,line,legend_placement,"inside, lower right",250,1,0.004,0.005,3,0.000556,0.000667,0.000833
types,line,legend_placement,"inside, upper right",250,1,0.004,0.005,3,0.000556,0.000667,0.000833
types,line,legend_placement,inside_bottom,250,1,0.004,0.003333,3,0.000556,0.000632,0.000526
types,line,legend_placement,inside_delivery_time_panel,250,1,0.004,0.003333,2,0.00037,0.0005,0.000417
types,line,legend_placement,inside_each_panel,250,3,0.012,0.011667,6,0.001111,0.001158,0.001094
types,line,legend_placement,inside_top_each_panel,250,1,0.004,0.003333,1,0.000185,0.000235,0.000196
types,line,legend_placement,left lower/shared,250,1,0.004,0.005,1,0.000185,0.000105,0.000132
types,line,legend_placement,left panel center-right; none on right,250,1,0.004,0.003333,1,0.000185,0.000333,0.000278
types,line,legend_placement,left upper-right; middle/right upper-right,250,1,0.004,0.003333,1,0.000185,0.000364,0.000303
types,line,legend_placement,left upper-right; right lower-center,250,1,0.004,0.003333,1,0.000185,0.000364,0.000303
types,line,legend_placement,left-center,250,1,0.004,0.003333,7,0.001296,0.000583,0.000486
types,line,legend_placement,legend below left panel and colorbars beside middle/right panels,250,1,0.004,0.005,2,0.00037,0.000667,0.000833
types,line,legend_placement,local legend in each panel,250,1,0.004,0.003333,1,0.000185,0.000105,8.8e-05
types,line,legend_placement,local legend inside each panel,250,1,0.004,0.003333,1,0.000185,0.000222,0.000185
types,line,legend_placement,lower center,250,1,0.004,0.003333,3,0.000556,0.0003,0.00025
types,line,legend_placement,lower center inside panel,250,1,0.004,0.005,1,0.000185,0.0002,0.00025
types,line,legend_placement,lower center of right panel,250,1,0.004,0.005,1,0.000185,0.0004,0.0005
types,line,legend_placement,lower center of the right panel,250,1,0.004,0.005,1,0.000185,0.000308,0.000385
types,line,legend_placement,"lower center, shared across panels",250,1,0.004,0.005,1,0.000185,0.000211,0.000263
types,line,legend_placement,lower left,250,3,0.012,0.011667,6,0.001111,0.000808,0.00074
types,line,legend_placement,lower left and upper right by panel,250,1,0.004,0.003333,1,0.000185,0.000174,0.000145
types,line,legend_placement,lower left in each panel,250,2,0.008,0.006667,4,0.000741,0.0008,0.000667
types,line,legend_placement,lower left in panel (a),250,1,0.004,0.005,1,0.000185,0.0002,0.00025
types,line,legend_placement,lower left in right panel,250,1,0.004,0.003333,1,0.000185,0.000114,9.5e-05
types,line,legend_placement,lower right,250,8,0.032,0.03,14,0.002593,0.002219,0.002345
types,line,legend_placement,lower right in each of the two main panels,250,1,0.004,0.003333,1,0.000185,0.000308,0.000256
types,line,legend_placement,lower right in each panel,250,1,0.004,0.003333,1,0.000185,0.0002,0.000167
types,line,legend_placement,lower right in each panel; repeated rather than shared,250,1,0.004,0.003333,1,0.000185,0.0004,0.000333
types,line,legend_placement,lower right in every panel; repeated rather than shared,250,1,0.004,0.003333,1,0.000185,0.0004,0.000333
types,line,legend_placement,lower right in rightmost panel,250,1,0.004,0.003333,1,0.000185,0.000114,9.5e-05
types,line,legend_placement,lower right inside plot,250,1,0.004,0.003333,1,0.000185,0.000308,0.000256
types,line,legend_placement,lower right of Risk-Averse Agent 0 panel,250,1,0.004,0.005,1,0.000185,0.00025,0.000313
types,line,legend_placement,lower right of right panel,250,1,0.004,0.005,1,0.000185,0.00025,0.000313
types,line,legend_placement,lower-left,250,2,0.008,0.008333,2,0.00037,0.000308,0.000336
types,line,legend_placement,"lower-left (left), upper-right (right)",250,1,0.004,0.005,1,0.000185,0.00019,0.000238
types,line,legend_placement,"lower-left in (a), upper-right in (b)",250,1,0.004,0.003333,2,0.00037,0.000615,0.000513
types,line,legend_placement,lower-left in each panel,250,3,0.012,0.013333,6,0.001111,0.001159,0.001301
types,line,legend_placement,lower-left inside panel,250,1,0.004,0.003333,1,0.000185,0.000211,0.000175
types,line,legend_placement,lower-left/upper-left,250,1,0.004,0.003333,1,0.000185,0.000121,0.000101
types,line,legend_placement,lower-middle of right panel,250,1,0.004,0.005,1,0.000185,0.0004,0.0005
types,line,legend_placement,lower-right,250,2,0.008,0.008333,3,0.000556,0.000465,0.00048
types,line,legend_placement,lower-right J legend and upper-right noise key,250,1,0.004,0.005,1,0.000185,0.000333,0.000417
types,line,legend_placement,"lower-right in (a), lower-left in (b), upper-right in (c)/(d)",250,1,0.004,0.005,1,0.000185,0.000267,0.000333
types,line,legend_placement,lower-right inside each panel,250,2,0.008,0.008333,2,0.00037,0.001164,0.001303
types,line,legend_placement,lower-right inside panel,250,1,0.004,0.003333,3,0.000556,0.001091,0.000909
types,line,legend_placement,lower/right side of panel (a); none in panels (b)/(c),250,1,0.004,0.005,1,0.000185,0.000267,0.000333
types,line,legend_placement,lower_left,250,1,0.004,0.003333,1,0.000185,0.00019,0.000159
types,line,legend_placement,lower_right,250,3,0.012,0.013333,3,0.000556,0.000689,0.000781
types,line,legend_placement,lower_right_each_panel,250,1,0.004,0.005,1,0.000185,0.000308,0.000385
types,line,legend_placement,one shared legend per control row,250,1,0.004,0.003333,1,0.000185,0.000222,0.000185
types,line,legend_placement,"outside right, two stacked legends",250,1,0.004,0.005,2,0.00037,5.9e-05,7.4e-05
types,line,legend_placement,panel (b) upper area,250,1,0.004,0.003333,1,0.000185,0.000286,0.000238
types,line,legend_placement,"panel (b), upper left",250,1,0.004,0.003333,1,0.000185,0.000105,8.8e-05
types,line,legend_placement,panel a center-right; panel b lower right,250,1,0.004,0.003333,1,0.000185,0.000267,0.000222
types,line,legend_placement,panel a upper right,250,1,0.004,0.005,1,0.000185,0.000286,0.000357
types,line,legend_placement,panel b lower center; panels c and d lower left,250,1,0.004,0.003333,1,0.000185,0.000267,0.000222
types,line,legend_placement,panel top or bottom,250,1,0.004,0.003333,1,0.000185,0.000267,0.000222
types,line,legend_placement,panel 内/上方,250,1,0.004,0.003333,1,0.000185,0.000121,0.000101
types,line,legend_placement,panel 内右上,250,1,0.004,0.003333,1,0.000185,0.0002,0.000167
types,line,legend_placement,"panel-dependent, upper-right or lower-left",250,1,0.004,0.003333,1,0.000185,0.000333,0.000278
types,line,legend_placement,panel-inset,250,1,0.004,0.003333,1,0.000185,8.3e-05,6.9e-05
types,line,legend_placement,panel-local,250,1,0.004,0.005,3,0.000556,0.000667,0.000833
types,line,legend_placement,panel-local upper area,250,2,0.008,0.008333,2,0.00037,0.000276,0.00029
types,line,legend_placement,panel-local upper area and top of panel (b),250,1,0.004,0.005,1,0.000185,0.000143,0.000179
types,line,legend_placement,panel-local; compact legends in (e-f),250,1,0.004,0.005,1,0.000185,0.000143,0.000179
types,line,legend_placement,panel-specific: lower-left in λ; upper-right or lower-right in the other panels,250,1,0.004,0.005,1,0.000185,0.000571,0.000714
types,line,legend_placement,"panel-specific: upper-left (timing), upper-right (PPL)",250,1,0.004,0.003333,1,0.000185,0.000211,0.000175
types,line,legend_placement,panel-specific: upper-right or lower-right depending on panel,250,1,0.004,0.005,1,0.000185,0.000571,0.000714
types,line,legend_placement,panel_specific_legends,250,1,0.004,0.003333,2,0.00037,0.000571,0.000476
types,line,legend_placement,per-panel top,250,1,0.004,0.005,1,0.000185,0.000105,0.000132
types,line,legend_placement,"per-panel, placed in open area",250,1,0.004,0.005,1,0.000185,0.00019,0.000238
types,line,legend_placement,per-row/per-panel,250,1,0.004,0.005,1,0.000185,8.2e-05,0.000102
types,line,legend_placement,radial legend and right-side split legend,250,1,0.004,0.005,1,0.000185,0.000222,0.000278
types,line,legend_placement,repeated below each environment row,250,1,0.004,0.003333,7,0.001296,0.001273,0.001061
types,line,legend_placement,repeated in each panel (upper/right or lower/right),250,1,0.004,0.005,1,0.000185,0.00025,0.000313
types,line,legend_placement,repeated inside each panel,250,1,0.004,0.005,4,0.000741,0.000667,0.000833
types,line,legend_placement,right,250,4,0.016,0.015,5,0.000926,0.000671,0.0006
types,line,legend_placement,right edge of each row,250,1,0.004,0.003333,1,0.000185,0.000211,0.000175
types,line,legend_placement,"right margin, with separate upper and lower legends",250,1,0.004,0.003333,1,0.000185,0.000308,0.000256
types,line,legend_placement,right of each panel,250,2,0.008,0.008333,3,0.000556,0.000783,0.000757
types,line,legend_placement,"right of grid, with Data~tokens key above/below",250,1,0.004,0.003333,1,0.000185,0.000182,0.000152
types,line,legend_placement,right of panels,250,1,0.004,0.003333,1,0.000185,0.000182,0.000152
types,line,legend_placement,right outside plot,250,1,0.004,0.003333,1,0.000185,0.000308,0.000256
types,line,legend_placement,right-center / middle row,250,1,0.004,0.003333,1,0.000185,0.00025,0.000208
types,line,legend_placement,right-side colorbars and in-panel reference annotations,250,1,0.004,0.005,1,0.000185,0.000333,0.000417
types,line,legend_placement,right-side heatmap colorbars and lower trajectory color keys,250,1,0.004,0.005,1,0.000185,0.000333,0.000417
types,line,legend_placement,shared bottom-center,250,1,0.004,0.005,4,0.000741,0.000941,0.001176
types,line,legend_placement,shared legend above each row,250,1,0.004,0.003333,1,0.000185,0.00019,0.000159
types,line,legend_placement,shared legend above panels,250,1,0.004,0.005,4,0.000741,0.000696,0.00087
types,line,legend_placement,shared legend above the eight panels,250,1,0.004,0.005,1,0.000185,0.000125,0.000156
types,line,legend_placement,shared legend above the panels,250,1,0.004,0.005,1,0.000185,0.000125,0.000156
types,line,legend_placement,shared legend appears in upper-middle panel of Figure 1,250,1,0.004,0.003333,1,0.000185,0.000364,0.000303
types,line,legend_placement,shared legend below grid,250,1,0.004,0.005,1,0.000185,0.000167,0.000208
types,line,legend_placement,shared legend below panels,250,1,0.004,0.003333,1,0.000185,0.000133,0.000111
types,line,legend_placement,shared legend below the three panels,250,1,0.004,0.003333,1,0.000185,0.000133,0.000111
types,line,legend_placement,time colorbar 与面板标签,250,1,0.004,0.005,1,0.000185,0.000182,0.000227
types,line,legend_placement,top,250,5,0.02,0.023333,86,0.015926,0.00473,0.005843
types,line,legend_placement,top and panel (a),250,1,0.004,0.005,1,0.000185,0.000211,0.000263
types,line,legend_placement,top center,250,8,0.032,0.031667,14,0.002593,0.002156,0.002291
types,line,legend_placement,top center across panels,250,1,0.004,0.003333,1,0.000185,9.8e-05,8.1e-05
types,line,legend_placement,"top center, shared across all panels",250,1,0.004,0.003333,1,0.000185,0.000308,0.000256
types,line,legend_placement,top centered across both panels,250,1,0.004,0.003333,1,0.000185,0.0008,0.000667
types,line,legend_placement,top centered shared legend,250,1,0.004,0.005,2,0.00037,0.000615,0.000769
types,line,legend_placement,"top of (a), inside (b)",250,1,0.004,0.003333,1,0.000185,0.000148,0.000123
types,line,legend_placement,top of each of the two chart panels,250,1,0.004,0.003333,1,0.000185,0.000444,0.00037
types,line,legend_placement,top of each panel,250,2,0.008,0.008333,2,0.00037,0.000357,0.000395
types,line,legend_placement,top of each row,250,1,0.004,0.003333,1,0.000185,0.000154,0.000128
types,line,legend_placement,top of each subfigure block,250,1,0.004,0.005,1,0.000185,0.000174,0.000217
types,line,legend_placement,top of loss panel and local heatmap keys,250,1,0.004,0.005,1,0.000185,0.000143,0.000179
types,line,legend_placement,top of loss panel and panel-local surfaces,250,1,0.004,0.005,1,0.000185,0.000143,0.000179
types,line,legend_placement,top of right plots,250,1,0.004,0.003333,1,0.000185,0.000154,0.000128
types,line,legend_placement,top of the composite and inside the mini-panels,250,1,0.004,0.005,1,0.000185,0.000235,0.000294
types,line,legend_placement,top right,250,1,0.004,0.003333,1,0.000185,0.000154,0.000128
types,line,legend_placement,top shared,250,1,0.004,0.005,18,0.003333,0.001895,0.002368
types,line,legend_placement,top shared legend,250,1,0.004,0.003333,2,0.00037,0.000421,0.000351
types,line,legend_placement,"top, shared across four panels",250,2,0.008,0.008333,2,0.00037,0.000295,0.000318
types,line,legend_placement,"top, shared across panels",250,1,0.004,0.003333,2,0.00037,0.000444,0.00037
types,line,legend_placement,"top, shared across the grid",250,1,0.004,0.003333,2,0.00037,0.000444,0.00037
types,line,legend_placement,"top, two grouped legends",250,1,0.004,0.003333,1,0.000185,0.000154,0.000128
types,line,legend_placement,top-center,250,1,0.004,0.005,8,0.001481,0.002462,0.003077
types,line,legend_placement,top-center (shared),250,1,0.004,0.003333,1,0.000185,0.000308,0.000256
types,line,legend_placement,top-right,250,1,0.004,0.005,1,0.000185,0.00019,0.000238
types,line,legend_placement,top-right within each chart,250,1,0.004,0.003333,1,0.000185,0.000222,0.000185
types,line,legend_placement,top/inside,250,1,0.004,0.005,1,0.000185,0.000105,0.000132
types,line,legend_placement,top/right of panels,250,1,0.004,0.005,1,0.000185,0.000143,0.000179
types,line,legend_placement,top_center,250,5,0.02,0.021667,12,0.002222,0.002823,0.003274
types,line,legend_placement,top_left,250,1,0.004,0.003333,1,0.000185,0.000211,0.000175
types,line,legend_placement,top_left/top_right,250,1,0.004,0.003333,1,0.000185,0.000211,0.000175
types,line,legend_placement,upper area,250,1,0.004,0.003333,1,0.000185,0.000167,0.000139
types,line,legend_placement,upper area in each panel,250,1,0.004,0.005,3,0.000556,0.000667,0.000833
types,line,legend_placement,upper area of each panel,250,1,0.004,0.003333,1,0.000185,0.00025,0.000208
types,line,legend_placement,upper area of left panel; panel-local axes elsewhere,250,1,0.004,0.005,1,0.000185,0.000222,0.000278
types,line,legend_placement,upper center,250,2,0.008,0.006667,3,0.000556,0.000311,0.000259
types,line,legend_placement,upper center of left panel,250,1,0.004,0.005,1,0.000185,0.0004,0.0005
types,line,legend_placement,upper center of right panel,250,1,0.004,0.005,2,0.00037,0.000421,0.000526
types,line,legend_placement,upper left,250,6,0.024,0.026667,11,0.002037,0.001966,0.002326
types,line,legend_placement,upper left and upper right,250,1,0.004,0.003333,1,0.000185,0.000143,0.000119
types,line,legend_placement,upper left in (a); upper center in (b),250,1,0.004,0.003333,1,0.000185,0.000148,0.000123
types,line,legend_placement,upper left in both panels,250,1,0.004,0.003333,1,0.000185,0.000114,9.5e-05
types,line,legend_placement,upper left in each lower failure-rate panel; repeated per block,250,1,0.004,0.003333,1,0.000185,0.0004,0.000333
types,line,legend_placement,upper left in each panel,250,3,0.012,0.011667,5,0.000926,0.001089,0.001074
types,line,legend_placement,upper left in linear-probing panel; lower right in fine-tuning panel,250,1,0.004,0.005,1,0.000185,0.000222,0.000278
types,line,legend_placement,upper left in panel (a),250,1,0.004,0.005,1,0.000185,0.0002,0.00025
types,line,legend_placement,upper left inside panel,250,1,0.004,0.005,1,0.000185,0.000125,0.000156
types,line,legend_placement,upper left inside plot,250,1,0.004,0.003333,1,0.000185,9.8e-05,8.1e-05
types,line,legend_placement,upper left of Bias panel,250,1,0.004,0.003333,1,0.000185,0.000308,0.000256
types,line,legend_placement,upper left of Risk-Averse panel,250,1,0.004,0.005,1,0.000185,0.00025,0.000313
types,line,legend_placement,upper left of each panel,250,1,0.004,0.005,2,0.00037,0.000615,0.000769
types,line,legend_placement,upper left of first panel,250,1,0.004,0.003333,1,0.000185,0.0002,0.000167
types,line,legend_placement,upper left of first repetition panel,250,1,0.004,0.005,1,0.000185,0.00025,0.000313
types,line,legend_placement,upper left of line panel,250,1,0.004,0.005,2,0.00037,0.00025,0.000313
types,line,legend_placement,upper left or corresponding corner in each panel,250,1,0.004,0.003333,1,0.000185,0.000286,0.000238
types,line,legend_placement,upper region of each panel,250,1,0.004,0.005,1,0.000185,0.00019,0.000238
types,line,legend_placement,upper right,250,14,0.056,0.056667,37,0.006852,0.007697,0.00801
types,line,legend_placement,upper right for line panels; right-side color bars for heatmaps,250,1,0.004,0.003333,1,0.000185,0.000308,0.000256
types,line,legend_placement,upper right in each panel,250,10,0.04,0.04,18,0.003333,0.004651,0.004722
types,line,legend_placement,upper right in most panels; lower left in the centered MNIST n=3·10⁴ panel,250,1,0.004,0.005,1,0.000185,0.000308,0.000385
types,line,legend_placement,upper right in rightmost panel,250,1,0.004,0.003333,1,0.000185,0.000114,9.5e-05
types,line,legend_placement,upper right inside each MDAD panel,250,1,0.004,0.003333,1,0.000185,0.000182,0.000152
types,line,legend_placement,upper right inside panel,250,2,0.008,0.01,2,0.00037,0.000536,0.00067
types,line,legend_placement,upper right of MAPPO Agent 0 panel,250,1,0.004,0.005,1,0.000185,0.00025,0.000313
types,line,legend_placement,upper right of MDAD panel,250,1,0.004,0.003333,1,0.000185,0.000182,0.000152
types,line,legend_placement,upper right of c,250,1,0.004,0.003333,1,0.000185,0.000148,0.000123
types,line,legend_placement,upper right of each panel,250,1,0.004,0.003333,6,0.001111,0.002,0.001667
types,line,legend_placement,upper right of panel (b),250,1,0.004,0.005,2,0.00037,0.0008,0.001
types,line,legend_placement,upper right within each panel,250,1,0.004,0.005,1,0.000185,0.0004,0.0005
types,line,legend_placement,upper right/inside each panel,250,1,0.004,0.003333,2,0.00037,0.000615,0.000513
types,line,legend_placement,upper-center in left panel and upper-right in right panel,250,1,0.004,0.005,1,0.000185,0.000267,0.000333
types,line,legend_placement,upper-left,250,7,0.028,0.026667,21,0.003889,0.002401,0.002094
types,line,legend_placement,upper-left and lower-left inside panel,250,1,0.004,0.003333,1,0.000185,0.000267,0.000222
types,line,legend_placement,"upper-left in (a)/(b), upper-right in (c)",250,1,0.004,0.005,1,0.000185,0.000267,0.000333
types,line,legend_placement,upper-left in accuracy panel; upper-right in square-loss panel,250,1,0.004,0.005,1,0.000185,0.000571,0.000714
types,line,legend_placement,upper-left in each of three chart panels,250,1,0.004,0.003333,1,0.000185,0.000174,0.000145
types,line,legend_placement,upper-left in each panel,250,5,0.02,0.018333,10,0.001852,0.001983,0.001732
types,line,legend_placement,upper-left in panel (b); none in panel (a),250,1,0.004,0.005,1,0.000185,0.0004,0.0005
types,line,legend_placement,upper-left in right panel,250,1,0.004,0.003333,1,0.000185,0.00019,0.000159
types,line,legend_placement,upper-left inside panel,250,2,0.008,0.006667,2,0.00037,0.000517,0.000431
types,line,legend_placement,upper-left inside plot,250,1,0.004,0.005,1,0.000185,0.0008,0.001
types,line,legend_placement,upper-left inside plotting area,250,1,0.004,0.005,1,0.000185,0.00025,0.000313
types,line,legend_placement,upper-left legend in each panel,250,1,0.004,0.003333,1,0.000185,0.00019,0.000159
types,line,legend_placement,upper-left of accuracy panel only,250,1,0.004,0.003333,1,0.000185,0.000222,0.000185
types,line,legend_placement,upper-left of folding-time panel; none in bar panel,250,1,0.004,0.003333,1,0.000185,0.00025,0.000208
types,line,legend_placement,upper-left/in-panel,250,1,0.004,0.003333,1,0.000185,0.000143,0.000119
types,line,legend_placement,upper-middle panel of the shared Figure 1–2 group,250,1,0.004,0.003333,1,0.000185,0.000364,0.000303
types,line,legend_placement,upper-right,250,8,0.032,0.033333,22,0.004074,0.003797,0.003701
types,line,legend_placement,upper-right in both panels,250,1,0.004,0.005,1,0.000185,0.000571,0.000714
types,line,legend_placement,upper-right in both panels and lower-right data-size key,250,1,0.004,0.003333,1,0.000185,0.000182,0.000152
types,line,legend_placement,upper-right in each panel,250,5,0.02,0.016667,5,0.000926,0.001457,0.001214
types,line,legend_placement,upper-right in each panel plus lower-right data-size key,250,1,0.004,0.003333,1,0.000185,0.000182,0.000152
types,line,legend_placement,upper-right inside each panel,250,4,0.016,0.02,4,0.000741,0.00158,0.001975
types,line,legend_placement,upper-right inside panel,250,1,0.004,0.005,1,0.000185,0.000333,0.000417
types,line,legend_placement,upper-right inside plot,250,2,0.008,0.01,2,0.00037,0.000974,0.001217
types,line,legend_placement,upper-right legend in each panel,250,2,0.008,0.008333,2,0.00037,0.000762,0.000873
types,line,legend_placement,upper-right legends per panel,250,1,0.004,0.003333,1,0.000185,0.00019,0.000159
types,line,legend_placement,upper-right of each panel,250,1,0.004,0.003333,1,0.000185,0.000118,9.8e-05
types,line,legend_placement,upper-right series key and lower/right Data~tokens key,250,1,0.004,0.003333,1,0.000185,0.000182,0.000152
types,line,legend_placement,upper-right/center between panels,250,1,0.004,0.003333,1,0.000185,0.00019,0.000159
types,line,legend_placement,upper/in-panel,250,1,0.004,0.003333,1,0.000185,0.000143,0.000119
types,line,legend_placement,upper/in-panel per model,250,1,0.004,0.003333,5,0.000926,0.000714,0.000595
types,line,legend_placement,upper/inside panel (b),250,1,0.004,0.003333,1,0.000185,0.000308,0.000256
types,line,legend_placement,upper/right in-panel,250,1,0.004,0.003333,1,0.000185,0.000143,0.000119
types,line,legend_placement,upper_center,250,2,0.008,0.01,2,0.00037,0.000279,0.000349
types,line,legend_placement,upper_left,250,7,0.028,0.03,7,0.001296,0.001295,0.001318
types,line,legend_placement,upper_left in (c–d),250,1,0.004,0.003333,1,0.000185,0.0002,0.000167
types,line,legend_placement,upper_left in ARI panels,250,1,0.004,0.003333,1,0.000185,0.0002,0.000167
types,line,legend_placement,upper_left in Code panel,250,1,0.004,0.003333,1,0.000185,0.0002,0.000167
types,line,legend_placement,upper_left in each panel,250,1,0.004,0.005,1,0.000185,0.000267,0.000333
types,line,legend_placement,upper_left in top panels,250,1,0.004,0.003333,1,0.000185,0.0002,0.000167
types,line,legend_placement,upper_left of first panel,250,1,0.004,0.005,1,0.000185,0.00025,0.000313
types,line,legend_placement,upper_left per panel,250,1,0.004,0.003333,2,0.00037,0.0004,0.000333
types,line,legend_placement,upper_left_inside,250,1,0.004,0.003333,1,0.000185,0.00025,0.000208
types,line,legend_placement,upper_left_inside_each_panel,250,1,0.004,0.005,2,0.00037,0.000727,0.000909
types,line,legend_placement,upper_right,250,9,0.036,0.035,15,0.002778,0.003784,0.0037
types,line,legend_placement,upper_right_in_each_panel,250,1,0.004,0.005,1,0.000185,0.000174,0.000217
types,line,legend_placement,upper_right_inside_each_panel,250,1,0.004,0.005,3,0.000556,0.001091,0.001364
types,line,legend_placement,upper_right_inside_plot,250,1,0.004,0.005,1,0.000185,0.000364,0.000455
types,line,legend_placement,within panel C and local labels,250,1,0.004,0.003333,1,0.000185,0.000154,0.000128
types,line,legend_placement,上 panel 左上；下 panel 不重复,250,1,0.004,0.003333,1,0.000185,0.000222,0.000185
types,line,legend_placement,上排右侧 panel 的 lower-left interior（共享 d legend）,250,1,0.004,0.003333,1,0.000185,0.0005,0.000417
types,line,legend_placement,上方居中,250,1,0.004,0.005,1,0.000185,0.000143,0.000179
types,line,legend_placement,两 panel 下方横向 shared legend,250,1,0.004,0.003333,1,0.000185,0.000222,0.000185
types,line,legend_placement,两个 panel lower-left,250,1,0.004,0.003333,1,0.000185,0.000222,0.000185
types,line,legend_placement,中、右 panel 内部上方；左 panel 使用曲线直接标注,250,1,0.004,0.003333,1,0.000185,0.00019,0.000159
types,line,legend_placement,中间 panel 的说明键,250,1,0.004,0.003333,1,0.000185,0.0004,0.000333
types,line,legend_placement,主图右上；inset 各自上方/上中,250,1,0.004,0.003333,1,0.000185,0.0004,0.000333
types,line,legend_placement,主图右下；inset 无 boxed legend、使用 direct text,250,1,0.004,0.003333,1,0.000185,0.0004,0.000333
types,line,legend_placement,主图右下；inset 无独立 boxed legend,250,1,0.004,0.003333,1,0.000185,0.0004,0.000333
types,line,legend_placement,全图顶部共享,250,1,0.004,0.003333,1,0.000185,0.000121,0.000101
types,line,legend_placement,共享 legend,250,1,0.004,0.005,3,0.000556,0.000545,0.000682
types,line,legend_placement,共享/近共享 legend,250,1,0.004,0.005,1,0.000185,0.000182,0.000227
types,line,legend_placement,前三 panel 各自 legend；右下 vertical colorbar,250,1,0.004,0.003333,1,0.000185,0.00019,0.000159
types,line,legend_placement,右 panel upper-right,250,1,0.004,0.003333,2,0.00037,0.000444,0.00037
types,line,legend_placement,右上,250,1,0.004,0.005,10,0.001852,0.001429,0.001786
types,line,legend_placement,右上 panel 的 lower-left interior（共享 d legend）,250,1,0.004,0.003333,1,0.000185,0.0005,0.000417
types,line,legend_placement,右上图内,250,1,0.004,0.003333,2,0.00037,0.000205,0.000171
types,line,legend_placement,右上图内 legend，分 n/restart interval 两组,250,1,0.004,0.003333,1,0.000185,0.000222,0.000185
types,line,legend_placement,右上角,250,3,0.012,0.01,6,0.001111,0.001057,0.000881
types,line,legend_placement,右下,250,1,0.004,0.005,1,0.000185,0.000143,0.000179
types,line,legend_placement,各 panel 右上,250,1,0.004,0.005,1,0.000185,0.000138,0.000172
types,line,legend_placement,各 panel 右上 p_t legend,250,1,0.004,0.003333,1,0.000185,0.000222,0.000185
types,line,legend_placement,各 panel 右上/图内,250,1,0.004,0.005,1,0.000185,0.000138,0.000172
types,line,legend_placement,各 panel 右下或内部,250,1,0.004,0.003333,1,0.000185,0.000121,0.000101
types,line,legend_placement,各 panel 右下角,250,1,0.004,0.003333,1,0.000185,0.000121,0.000101
types,line,legend_placement,各 panel 右下角 inset legend,250,1,0.004,0.003333,1,0.000185,0.0004,0.000333
types,line,legend_placement,各 panel 右侧 APE colorbar,250,1,0.004,0.005,8,0.001481,0.001103,0.001379
types,line,legend_placement,各 panel 右侧的浅色框内/旁侧,250,1,0.004,0.003333,3,0.000556,0.003,0.0025
types,line,legend_placement,各 panel 左上,250,2,0.008,0.008333,5,0.000926,0.001738,0.001506
types,line,legend_placement,各 panel 左上/上方,250,1,0.004,0.003333,1,0.000185,0.00019,0.000159
types,line,legend_placement,各 panel 左上角,250,1,0.004,0.003333,1,0.000185,0.000121,0.000101
types,line,legend_placement,各 panel 左下/图内,250,1,0.004,0.005,2,0.00037,0.000276,0.000345
types,line,legend_placement,各 panel 独立 legend；p=1 左上，其余多在右下,250,1,0.004,0.003333,1,0.000185,0.0004,0.000333
types,line,legend_placement,"各 panel 独立 legend；p=1,2 左上，p=3,4 右下",250,1,0.004,0.003333,1,0.000185,0.0004,0.000333
types,line,legend_placement,各 panel 顶部或内部,250,1,0.004,0.003333,1,0.000185,0.000121,0.000101
types,line,legend_placement,各小面板内部重复,250,1,0.004,0.005,1,0.000185,0.000222,0.000278
types,line,legend_placement,各方法面板局部 legend,250,1,0.004,0.005,1,0.000185,0.000182,0.000227
types,line,legend_placement,各面板上方/右上图例,250,1,0.004,0.005,1,0.000185,0.000235,0.000294
types,line,legend_placement,各面板内,250,1,0.004,0.005,1,0.000185,0.000121,0.000152
types,line,legend_placement,各面板内靠右上/右下,250,1,0.004,0.005,1,0.000185,0.000121,0.000152
types,line,legend_placement,各面板右上/上方图例,250,1,0.004,0.005,1,0.000185,0.000235,0.000294
types,line,legend_placement,图(a)(b)图内右上，图(c)图内上方；图(d)用直接标签,250,1,0.004,0.003333,1,0.000185,0.000167,0.000139
types,line,legend_placement,图(b)右上角图例；图(a)由各矩阵下方直接标签标识,250,1,0.004,0.003333,1,0.000185,0.000167,0.000139
types,line,legend_placement,图(c)(d)上方或图内各自放置系列图例,250,1,0.004,0.003333,1,0.000185,0.000167,0.000139
types,line,legend_placement,图上方/旁侧共享 legend,250,1,0.004,0.005,1,0.000185,0.000182,0.000227
types,line,legend_placement,图上方共享 legend,250,1,0.004,0.005,1,0.000185,0.000182,0.000227
types,line,legend_placement,图上方居中,250,1,0.004,0.003333,1,0.000185,0.000174,0.000145
types,line,legend_placement,图上方居中横向 legend,250,1,0.004,0.003333,1,0.000185,0.000222,0.000185
types,line,legend_placement,图下 legend,250,1,0.004,0.005,1,0.000185,0.000182,0.000227
types,line,legend_placement,图下共享 legend,250,1,0.004,0.005,4,0.000741,0.000727,0.000909
types,line,legend_placement,图内 bubble-size key 与直接系列标签,250,1,0.004,0.005,1,0.000185,0.000235,0.000294
types,line,legend_placement,图内上方/右侧,250,1,0.004,0.003333,1,0.000185,0.0002,0.000167
types,line,legend_placement,图内中部,250,1,0.004,0.003333,1,0.000185,0.000103,8.5e-05
types,line,legend_placement,图内右上/上方,250,1,0.004,0.003333,1,0.000185,0.00019,0.000159
types,line,legend_placement,图内右下,250,1,0.004,0.005,1,0.000185,0.000222,0.000278
types,line,legend_placement,图内右中,250,1,0.004,0.003333,1,0.000185,0.000103,8.5e-05
types,line,legend_placement,图顶,250,1,0.004,0.005,1,0.000185,0.000138,0.000172
types,line,legend_placement,左 panel 内/右上 legend,250,1,0.004,0.003333,1,0.000185,0.000182,0.000152
types,line,legend_placement,左 panel 内；右侧各 panel 内,250,1,0.004,0.005,1,0.000185,0.000222,0.000278
types,line,legend_placement,左 panel 右上；右 panel 复用该 legend 语义,250,1,0.004,0.003333,3,0.000556,0.000667,0.000556
types,line,legend_placement,左 panel 右下、右 panel 左上，重复 legend,250,1,0.004,0.005,1,0.000185,0.000364,0.000455
types,line,legend_placement,左 panel 右下、右 panel 左下，重复 legend,250,1,0.004,0.005,1,0.000185,0.000364,0.000455
types,line,legend_placement,左 panel 左上共享 legend,250,1,0.004,0.005,1,0.000185,0.000211,0.000263
types,line,legend_placement,左/右 panel 内部右下或中下,250,1,0.004,0.003333,1,0.000185,0.00019,0.000159
types,line,legend_placement,左、右 panel 各自的上方/内部 legend,250,1,0.004,0.003333,1,0.000185,0.0005,0.000417
types,line,legend_placement,左上,250,1,0.004,0.005,2,0.00037,0.000286,0.000357
types,line,legend_placement,左上 + 右侧 colorbar,250,1,0.004,0.005,1,0.000185,0.000143,0.000179
types,line,legend_placement,左上 panel 内的共享 legend,250,1,0.004,0.003333,1,0.000185,0.0005,0.000417
types,line,legend_placement,左上 panel（Phase IV）内的共享 legend,250,1,0.004,0.003333,1,0.000185,0.0005,0.000417
types,line,legend_placement,左上图内,250,1,0.004,0.003333,1,0.000185,0.000103,8.5e-05
types,line,legend_placement,左下,250,1,0.004,0.005,3,0.000556,0.000429,0.000536
types,line,legend_placement,左下/中上/右上等各 panel 内；无共享 legend,250,1,0.004,0.003333,1,0.000185,0.00019,0.000159
types,line,legend_placement,左下图内 legend，分 method/initializer 两组,250,1,0.004,0.003333,1,0.000185,0.000222,0.000185
types,line,legend_placement,左下角；含灰色水平 reference line,250,1,0.004,0.003333,1,0.000185,0.00019,0.000159
types,line,legend_placement,左侧 Ib panel 右上/上方的共享 legend,250,1,0.004,0.003333,1,0.000185,0.0005,0.000417
types,line,legend_placement,左侧 panel 内；右侧柱图下方,250,1,0.004,0.005,1,0.000185,0.000222,0.000278
types,line,legend_placement,左列各 row legend；右列复用语义,250,1,0.004,0.003333,3,0.000556,0.000667,0.000556
types,line,legend_placement,左图右上；右图右侧 colorbar,250,1,0.004,0.003333,1,0.000185,0.00019,0.000159
types,line,legend_placement,左图右下角；右图无 legend,250,1,0.004,0.003333,1,0.000185,0.00019,0.000159
types,line,legend_placement,底部共享 legend,250,2,0.008,0.008333,2,0.00037,0.00032,0.000324
types,line,legend_placement,底部共享图例,250,1,0.004,0.003333,2,0.00037,0.000205,0.000171
types,line,legend_placement,底部居中的共享 legend,250,1,0.004,0.005,1,0.000185,9.8e-05,0.000122
types,line,legend_placement,底部横向 shared legend,250,1,0.004,0.003333,2,0.00037,0.000444,0.00037
types,line,legend_placement,曲线组上方,250,1,0.004,0.005,1,0.000185,0.000182,0.000227
types,line,legend_placement,模块上方与右侧曲线旁,250,1,0.004,0.005,1,0.000185,0.000182,0.000227
types,line,legend_placement,每 panel 左上，重复 legend,250,1,0.004,0.005,2,0.00037,0.000727,0.000909
types,line,legend_placement,每个 SAE panel 右侧重复 feature legend,250,1,0.004,0.003333,1,0.000185,0.000182,0.000152
types,line,legend_placement,每个 panel 上方各自 legend,250,1,0.004,0.003333,3,0.000556,0.000667,0.000556
types,line,legend_placement,每个 panel 内上方的 regression legend,250,1,0.004,0.003333,1,0.000185,0.00019,0.000159
types,line,legend_placement,每个 panel 内重复,250,1,0.004,0.005,1,0.000185,0.000222,0.000278
types,line,legend_placement,每个 panel 右上区域重复,250,1,0.004,0.005,1,0.000185,0.000364,0.000455
types,line,legend_placement,每个 panel 右下/下部各自放置 3–4 项 legend,250,1,0.004,0.003333,1,0.000185,0.000308,0.000256
types,line,legend_placement,每个 panel 右下角内置 Method legend，两个 panel 各重复一份,250,1,0.004,0.003333,1,0.000185,0.00019,0.000159
types,line,legend_placement,每个 panel 左上角；无共享 legend,250,1,0.004,0.003333,1,0.000185,0.00019,0.000159
types,line,legend_placement,每个右 panel 上方/左 panel 右侧,250,1,0.004,0.003333,1,0.000185,0.00019,0.000159
types,line,legend_placement,轴内右下角,250,1,0.004,0.003333,1,0.000185,0.001,0.000833
types,line,legend_placement,面板左上区域,250,1,0.004,0.005,1,0.000185,0.000364,0.000455
types,line,legend_placement,面板左上图内,250,1,0.004,0.005,1,0.000185,0.000364,0.000455
types,line,legend_placement,顶部,250,1,0.004,0.005,1,0.000185,0.000222,0.000278
types,line,legend_placement,顶部/内部,250,1,0.004,0.003333,1,0.000185,0.000121,0.000101
types,line,legend_placement,顶部/局部 legend,250,1,0.004,0.003333,1,0.000185,0.000182,0.000152
types,line,legend_placement,顶部中央,250,1,0.004,0.003333,1,0.000185,0.000121,0.000101
types,line,legend_placement,顶部共享,250,1,0.004,0.005,1,0.000185,0.000222,0.000278
types,line,legend_placement,首 panel 右下，语义上跨面板共享,250,1,0.004,0.005,1,0.000185,0.000364,0.000455
types,map,legend_placement,below success-rate panels,250,1,0.004,0.003333,1,0.000185,0.000182,0.000152
types,map,legend_placement,bottom-left (embedded),250,1,0.004,0.003333,1,0.000185,0.000308,0.000256
types,map,legend_placement,bottom_center,250,1,0.004,0.003333,1,0.000185,0.000211,0.000175
types,map,legend_placement,maze 下方,250,1,0.004,0.005,1,0.000185,0.000267,0.000333
types,map,legend_placement,maze 面板下方,250,1,0.004,0.005,1,0.000185,0.000267,0.000333
types,map,legend_placement,upper_right,250,1,0.004,0.003333,2,0.00037,0.000421,0.000351
types,map,legend_placement,各 panel 右上,250,1,0.004,0.005,1,0.000185,0.000138,0.000172
types,map,legend_placement,每个 tile 右上角,250,1,0.004,0.005,1,0.000185,0.000267,0.000333
types,matrix,legend_placement,Right of each heatmap.,250,1,0.004,0.005,1,0.000185,0.00025,0.000313
types,matrix,legend_placement,bar legend and heatmap colorbars,250,1,0.004,0.005,1,0.000185,0.000167,0.000208
types,matrix,legend_placement,below,250,1,0.004,0.005,1,0.000185,9.8e-05,0.000122
types,matrix,legend_placement,bottom center,250,1,0.004,0.003333,1,0.000185,0.000118,9.8e-05
types,matrix,legend_placement,bottom center/right,250,1,0.004,0.003333,1,0.000185,0.000118,9.8e-05
types,matrix,legend_placement,bottom colorbar and lower legend,250,1,0.004,0.005,1,0.000185,0.000211,0.000263
types,matrix,legend_placement,center between the 3D and 1D portions of panel (b),250,1,0.004,0.005,1,0.000185,0.000364,0.000455
types,matrix,legend_placement,each heatmap right side,250,1,0.004,0.003333,1,0.000185,0.000182,0.000152
types,matrix,legend_placement,inside A lower-left; inside B and D panels near lower-right/right,250,1,0.004,0.005,1,0.000185,0.001333,0.001667
types,matrix,legend_placement,inside upper-left of A2 and B2; colorbars at heatmap right edges,250,1,0.004,0.005,1,0.000185,0.001333,0.001667
types,matrix,legend_placement,lower-left for top field; per-panel head titles/colorbars,250,1,0.004,0.005,1,0.000185,0.00019,0.000238
types,matrix,legend_placement,panel-inset,250,1,0.004,0.003333,1,0.000185,8.3e-05,6.9e-05
types,matrix,legend_placement,right,250,2,0.008,0.008333,5,0.000926,0.000952,0.001032
types,matrix,legend_placement,right and in-panel,250,1,0.004,0.003333,1,0.000185,0.000148,0.000123
types,matrix,legend_placement,right color bar,250,1,0.004,0.003333,2,0.00037,0.000615,0.000513
types,matrix,legend_placement,right colorbar,250,7,0.028,0.025,9,0.001667,0.001587,0.001402
types,matrix,legend_placement,right colorbars,250,1,0.004,0.003333,2,0.00037,0.00032,0.000267
types,matrix,legend_placement,right of discount panels,250,1,0.004,0.003333,2,0.00037,0.000421,0.000351
types,matrix,legend_placement,right of each heatmap,250,1,0.004,0.003333,1,0.000185,0.000235,0.000196
types,matrix,legend_placement,right of each layer panel,250,1,0.004,0.005,2,0.00037,0.0005,0.000625
types,matrix,legend_placement,right of each panel,250,2,0.008,0.01,8,0.001481,0.001101,0.001376
types,matrix,legend_placement,right shared colorbar,250,1,0.004,0.003333,1,0.000185,0.000143,0.000119
types,matrix,legend_placement,right-side colorbar for each panel,250,1,0.004,0.005,1,0.000185,0.000222,0.000278
types,matrix,legend_placement,right_colorbar,250,1,0.004,0.005,4,0.000741,0.000421,0.000526
types,matrix,legend_placement,right_of_each_heatmap,250,1,0.004,0.005,1,0.000185,0.000174,0.000217
types,matrix,legend_placement,top center,250,2,0.008,0.008333,2,0.00037,0.000124,0.000132
types,matrix,legend_placement,top right,250,1,0.004,0.005,1,0.000185,0.000125,0.000156
types,matrix,legend_placement,upper center of the right panel,250,1,0.004,0.005,1,0.000185,0.000364,0.000455
types,matrix,legend_placement,upper right,250,1,0.004,0.005,2,0.00037,0.0004,0.0005
types,matrix,legend_placement,upper right for line panels; right-side color bars for heatmaps,250,1,0.004,0.003333,1,0.000185,0.000308,0.000256
types,matrix,legend_placement,upper-right Key swatches,250,1,0.004,0.003333,1,0.000185,0.00019,0.000159
types,matrix,legend_placement,upper-right beside attention map,250,1,0.004,0.003333,1,0.000185,0.000154,0.000128
types,matrix,legend_placement,upper-right within each small panel,250,1,0.004,0.003333,1,0.000185,0.000222,0.000185
types,matrix,legend_placement,右侧 colorbar,250,2,0.008,0.006667,4,0.000741,0.000583,0.000486
types,matrix,legend_placement,各 panel 内 token key,250,1,0.004,0.003333,1,0.000185,0.0002,0.000167
types,matrix,legend_placement,各 panel 右侧 colorbar,250,2,0.008,0.008333,2,0.00037,0.000312,0.000339
types,matrix,legend_placement,图(b)右上角图例；图(a)由各矩阵下方直接标签标识,250,1,0.004,0.003333,1,0.000185,0.000167,0.000139
types,matrix,legend_placement,每个 heatmap 右侧 colorbar,250,1,0.004,0.003333,1,0.000185,0.000182,0.000152
types,matrix,legend_placement,顶部共享图例,250,1,0.004,0.003333,1,0.000185,0.000167,0.000139
types,network,legend_placement,below each graph,250,1,0.004,0.005,1,0.000185,8.2e-05,0.000102
types,network,legend_placement,bottom,250,1,0.004,0.005,1,0.000185,8.2e-05,0.000102
types,other,legend_placement,(a)/(d) panel-internal labels,250,1,0.004,0.003333,1,0.000185,0.000182,0.000152
types,other,legend_placement,"above panels (b,c), with a separate resolution key inside each plot",250,1,0.004,0.003333,1,0.000185,0.000444,0.00037
types,other,legend_placement,around radial chart,250,1,0.004,0.005,1,0.000185,0.000129,0.000161
types,other,legend_placement,at the top of each backend group,250,1,0.004,0.003333,1,0.000185,0.000444,0.00037
types,other,legend_placement,below each panel,250,1,0.004,0.003333,1,0.000185,0.000148,0.000123
types,other,legend_placement,bottom,250,4,0.016,0.016667,9,0.001667,0.000677,0.000688
types,other,legend_placement,bottom centered,250,1,0.004,0.003333,1,0.000185,0.000364,0.000303
types,other,legend_placement,bottom_center,250,1,0.004,0.003333,1,0.000185,0.000333,0.000278
types,other,legend_placement,center,250,2,0.008,0.008333,3,0.000556,0.00023,0.000204
types,other,legend_placement,"center, two columns",250,1,0.004,0.005,1,0.000185,3e-05,3.7e-05
types,other,legend_placement,colorbar at right of 3-D surface,250,1,0.004,0.003333,1,0.000185,0.00025,0.000208
types,other,legend_placement,inside radar and beside lower-left bars,250,1,0.004,0.003333,1,0.000185,0.000174,0.000145
types,other,legend_placement,local legend in each panel,250,1,0.004,0.003333,1,0.000185,0.000105,8.8e-05
types,other,legend_placement,lower-left for top field; per-panel head titles/colorbars,250,1,0.004,0.005,1,0.000185,0.00019,0.000238
types,other,legend_placement,lower/right side of panel (a); none in panels (b)/(c),250,1,0.004,0.005,1,0.000185,0.000267,0.000333
types,other,legend_placement,lower_right,250,1,0.004,0.005,1,0.000185,0.00019,0.000238
types,other,legend_placement,panel-local,250,1,0.004,0.005,1,0.000185,0.000143,0.000179
types,other,legend_placement,panel-local; compact legends in (e-f),250,1,0.004,0.005,1,0.000185,0.000143,0.000179
types,other,legend_placement,per-panel open area,250,1,0.004,0.005,1,0.000185,0.00019,0.000238
types,other,legend_placement,radar top-left and bar panels top/center,250,1,0.004,0.003333,1,0.000185,0.00025,0.000208
types,other,legend_placement,"radar-chart inset, lower-left",250,1,0.004,0.005,1,0.000185,0.000108,0.000135
types,other,legend_placement,radial legend and right-side split legend,250,1,0.004,0.005,1,0.000185,0.000222,0.000278
types,other,legend_placement,repeated in each panel,250,1,0.004,0.005,1,0.000185,0.00019,0.000238
types,other,legend_placement,right,250,1,0.004,0.005,1,0.000185,0.000167,0.000208
types,other,legend_placement,top center,250,1,0.004,0.005,4,0.000741,0.000281,0.000351
types,other,legend_placement,top of composite,250,1,0.004,0.005,1,0.000185,0.000148,0.000185
types,other,legend_placement,top of loss panel and local heatmap keys,250,1,0.004,0.005,1,0.000185,0.000143,0.000179
types,other,legend_placement,top of loss panel and panel-local surfaces,250,1,0.004,0.005,1,0.000185,0.000143,0.000179
types,other,legend_placement,top of right plots,250,1,0.004,0.003333,1,0.000185,0.000154,0.000128
types,other,legend_placement,top of the right bar panel,250,1,0.004,0.003333,1,0.000185,0.000211,0.000175
types,other,legend_placement,"top, shared across the two radar panels",250,1,0.004,0.005,1,0.000185,0.000174,0.000217
types,other,legend_placement,top-center and bottom-center row legends,250,1,0.004,0.005,1,0.000185,0.00025,0.000313
types,other,legend_placement,upper center,250,1,0.004,0.003333,1,0.000185,0.0001,8.3e-05
types,other,legend_placement,upper right,250,2,0.008,0.006667,2,0.00037,0.000267,0.000222
types,other,legend_placement,upper-left,250,1,0.004,0.005,1,0.000185,0.00019,0.000238
types,other,legend_placement,upper-left of HS panel,250,1,0.004,0.005,1,0.000185,0.000148,0.000185
types,other,legend_placement,upper-right,250,1,0.004,0.005,1,0.000185,0.00019,0.000238
types,other,legend_placement,upper-right of first panel,250,1,0.004,0.003333,3,0.000556,0.000429,0.000357
types,other,legend_placement,upper_left_inside_each_panel,250,1,0.004,0.005,2,0.00037,0.000727,0.000909
types,other,legend_placement,upper_right,250,1,0.004,0.003333,1,0.000185,0.000333,0.000278
types,other,legend_placement,upper_right_inside_each_panel,250,1,0.004,0.005,3,0.000556,0.001091,0.001364
types,other,legend_placement,upper_right_inside_plot,250,1,0.004,0.005,1,0.000185,0.000364,0.000455
types,other,legend_placement,各方法面板局部 legend,250,1,0.004,0.005,1,0.000185,0.000182,0.000227
types,other,legend_placement,底部共享图例,250,1,0.004,0.003333,2,0.00037,0.000205,0.000171
types,other,legend_placement,每个雷达 panel 顶部附近独立放置 Base Instruct/TI-DPO legend,250,1,0.004,0.003333,1,0.000185,0.00019,0.000159
types,other,legend_placement,顶部共享 legend,250,1,0.004,0.005,1,0.000185,0.000222,0.000278
types,pareto,legend_placement,below,250,1,0.004,0.005,5,0.000926,0.000488,0.00061
types,pareto,legend_placement,"below the plot, centered in two rows",250,1,0.004,0.005,2,0.00037,0.000667,0.000833
types,pareto,legend_placement,lower right,250,1,0.004,0.003333,2,0.00037,0.000211,0.000175
types,pareto,legend_placement,lower-right,250,1,0.004,0.003333,1,0.000185,0.000118,9.8e-05
types,pareto,legend_placement,lower_left,250,1,0.004,0.003333,1,0.000185,0.000333,0.000278
types,pareto,legend_placement,outside right of top panel,250,1,0.004,0.005,1,0.000185,3e-05,3.7e-05
types,pareto,legend_placement,"outside right, two stacked legends",250,1,0.004,0.005,2,0.00037,5.9e-05,7.4e-05
types,pareto,legend_placement,top,250,1,0.004,0.005,26,0.004815,0.001169,0.001461
types,pareto,legend_placement,top center,250,1,0.004,0.005,1,0.000185,0.000235,0.000294
types,pareto,legend_placement,top center and per-hardware plot region,250,1,0.004,0.003333,1,0.000185,0.000105,8.8e-05
types,pareto,legend_placement,top shared,250,1,0.004,0.005,14,0.002593,0.001474,0.001842
types,pareto,legend_placement,upper left,250,1,0.004,0.003333,1,0.000185,0.000143,0.000119
types,pareto,legend_placement,upper-left scale key plus direct method labels,250,1,0.004,0.003333,1,0.000185,0.00019,0.000159
types,pareto,legend_placement,upper-right in scatter panel; bar labels direct,250,1,0.004,0.005,1,0.000185,0.00025,0.000313
types,pareto,legend_placement,右下角,250,1,0.004,0.003333,1,0.000185,0.000121,0.000101
types,pipeline,legend_placement,above/upper-left token stream and right inset,250,1,0.004,0.003333,1,0.000185,0.00019,0.000159
types,pipeline,legend_placement,below,250,1,0.004,0.005,1,0.000185,0.000108,0.000135
types,pipeline,legend_placement,bottom,250,1,0.004,0.003333,1,0.000185,0.00025,0.000208
types,pipeline,legend_placement,bottom center,250,1,0.004,0.005,1,0.000185,0.000308,0.000385
types,pipeline,legend_placement,"bottom, one shared legend",250,1,0.004,0.005,1,0.000185,0.000333,0.000417
types,pipeline,legend_placement,bottom-left inline arrow/latent key,250,1,0.004,0.003333,1,0.000185,0.000174,0.000145
types,pipeline,legend_placement,chart bottom,250,1,0.004,0.003333,1,0.000185,0.000333,0.000278
types,pipeline,legend_placement,inside lower-left of the right Phenomena chart,250,1,0.004,0.005,1,0.000185,0.001333,0.001667
types,pipeline,legend_placement,inside lower-right of the right plot,250,1,0.004,0.003333,1,0.000185,0.000444,0.00037
types,pipeline,legend_placement,left margin,250,1,0.004,0.003333,1,0.000185,0.00025,0.000208
types,pipeline,legend_placement,left middle,250,1,0.004,0.003333,1,0.000185,0.000143,0.000119
types,pipeline,legend_placement,local plot legends,250,1,0.004,0.003333,1,0.000185,0.000154,0.000128
types,pipeline,legend_placement,lower left legend box,250,1,0.004,0.003333,1,0.000185,0.000133,0.000111
types,pipeline,legend_placement,lower right,250,2,0.008,0.006667,2,0.00037,0.000322,0.000268
types,pipeline,legend_placement,panel (b) upper area,250,1,0.004,0.003333,1,0.000185,0.000286,0.000238
types,pipeline,legend_placement,panel-local,250,1,0.004,0.003333,1,0.000185,6.8e-05,5.6e-05
types,pipeline,legend_placement,red dashed key at upper right,250,1,0.004,0.005,1,0.000185,0.000167,0.000208
types,pipeline,legend_placement,right,250,4,0.016,0.015,5,0.000926,0.001105,0.001
types,pipeline,legend_placement,right and lower classifier area,250,1,0.004,0.005,1,0.000185,0.000211,0.000263
types,pipeline,legend_placement,right of panel b,250,1,0.004,0.005,1,0.000185,0.000235,0.000294
types,pipeline,legend_placement,right of the diagram,250,1,0.004,0.003333,1,0.000185,0.000364,0.000303
types,pipeline,legend_placement,right side,250,1,0.004,0.005,1,0.000185,0.000235,0.000294
types,pipeline,legend_placement,right side below group-computation block,250,1,0.004,0.003333,1,0.000185,0.00025,0.000208
types,pipeline,legend_placement,right side of panel (b),250,1,0.004,0.003333,1,0.000185,0.00025,0.000208
types,pipeline,legend_placement,top center,250,1,0.004,0.005,1,0.000185,0.000235,0.000294
types,pipeline,legend_placement,top of the composite and inside the mini-panels,250,1,0.004,0.005,1,0.000185,0.000235,0.000294
types,pipeline,legend_placement,top right,250,1,0.004,0.005,1,0.000185,0.000125,0.000156
types,pipeline,legend_placement,top-left,250,1,0.004,0.003333,1,0.000185,0.000138,0.000115
types,pipeline,legend_placement,top_center,250,3,0.012,0.011667,3,0.000556,0.000687,0.000637
types,pipeline,legend_placement,trainability legend upper left; data-blending legend to right of pies,250,1,0.004,0.003333,1,0.000185,0.000267,0.000222
types,pipeline,legend_placement,upper-left,250,1,0.004,0.003333,1,0.000185,0.000235,0.000196
types,pipeline,legend_placement,upper-left modality key,250,1,0.004,0.003333,1,0.000185,0.000138,0.000115
types,pipeline,legend_placement,upper-left reward key and panel labels,250,1,0.004,0.005,1,0.000185,0.000167,0.000208
types,pipeline,legend_placement,upper-left/above token sequence,250,1,0.004,0.003333,1,0.000185,0.00019,0.000159
types,pipeline,legend_placement,upper-right beside attention map,250,1,0.004,0.003333,1,0.000185,0.000154,0.000128
types,pipeline,legend_placement,upper-right local legend,250,1,0.004,0.003333,1,0.000185,0.000308,0.000256
types,pipeline,legend_placement,within panel C and local labels,250,1,0.004,0.003333,1,0.000185,0.000154,0.000128
types,pipeline,legend_placement,中间 panel 的说明键,250,1,0.004,0.003333,1,0.000185,0.0004,0.000333
types,pipeline,legend_placement,中面板底部的 Image Embedding Matching / Question Embedding Matching 图例,250,1,0.004,0.003333,1,0.000185,0.000308,0.000256
types,pipeline,legend_placement,右上柱图上方/图内,250,1,0.004,0.005,1,0.000185,0.000138,0.000172
types,pipeline,legend_placement,右下共享 legend,250,1,0.004,0.003333,1,0.000185,0.000154,0.000128
types,pipeline,legend_placement,右侧可靠性柱图右上,250,1,0.004,0.003333,1,0.000185,0.000174,0.000145
types,pipeline,legend_placement,图内 same-class/different-class sample key；无独立 legend 框,250,1,0.004,0.005,1,0.000185,0.000235,0.000294
types,pipeline,legend_placement,图顶部的三色状态 key,250,1,0.004,0.003333,1,0.000185,0.000118,9.8e-05
types,pipeline,legend_placement,左下箭头 key,250,1,0.004,0.003333,1,0.000185,0.00019,0.000159
types,pipeline,legend_placement,底部 token legend,250,1,0.004,0.005,1,0.000185,0.000211,0.000263
types,pipeline,legend_placement,底部/中部,250,1,0.004,0.003333,1,0.000185,0.000121,0.000101
types,pipeline,legend_placement,底部居中 legend,250,1,0.004,0.003333,1,0.000185,0.000154,0.000128
types,pipeline,legend_placement,底部横跨三列的共享图例,250,1,0.004,0.003333,1,0.000185,0.000333,0.000278
types,pipeline,legend_placement,整幅图右侧的竖向图例,250,1,0.004,0.003333,1,0.000185,0.0004,0.000333
types,qualitative_grid,legend_placement,(c) panel 内右上方 U legend,250,1,0.004,0.003333,1,0.000185,0.000333,0.000278
types,qualitative_grid,legend_placement,b panel 下方共享 legend,250,1,0.004,0.005,1,0.000185,0.000211,0.000263
types,qualitative_grid,legend_placement,below each graph,250,1,0.004,0.005,1,0.000185,8.2e-05,0.000102
types,qualitative_grid,legend_placement,below success-rate panels,250,1,0.004,0.003333,1,0.000185,0.000182,0.000152
types,qualitative_grid,legend_placement,bottom,250,1,0.004,0.003333,1,0.000185,0.000333,0.000278
types,qualitative_grid,legend_placement,bottom center,250,2,0.008,0.006667,12,0.002222,0.001393,0.001161
types,qualitative_grid,legend_placement,bottom of composite,250,1,0.004,0.003333,1,0.000185,0.000182,0.000152
types,qualitative_grid,legend_placement,"bottom, three columns",250,1,0.004,0.005,1,0.000185,0.000211,0.000263
types,qualitative_grid,legend_placement,bottom-center below the three structures,250,1,0.004,0.003333,1,0.000185,0.00025,0.000208
types,qualitative_grid,legend_placement,bottom/right,250,1,0.004,0.003333,1,0.000185,0.000121,0.000101
types,qualitative_grid,legend_placement,bottom_center,250,1,0.004,0.003333,1,0.000185,0.000211,0.000175
types,qualitative_grid,legend_placement,colorbar to the right of each triangular panel,250,1,0.004,0.005,1,0.000185,0.000267,0.000333
types,qualitative_grid,legend_placement,each panel right colorbar,250,1,0.004,0.003333,1,0.000185,0.000286,0.000238
types,qualitative_grid,legend_placement,each panel upper/right area,250,1,0.004,0.005,3,0.000556,0.0005,0.000625
types,qualitative_grid,legend_placement,inside histogram and beside scatter,250,1,0.004,0.003333,1,0.000185,0.00025,0.000208
types,qualitative_grid,legend_placement,inside left/right panels,250,1,0.004,0.003333,1,0.000185,0.0004,0.000333
types,qualitative_grid,legend_placement,inside radar and beside lower-left bars,250,1,0.004,0.003333,1,0.000185,0.000174,0.000145
types,qualitative_grid,legend_placement,inside upper-left of A2 and B2; colorbars at heatmap right edges,250,1,0.004,0.005,1,0.000185,0.001333,0.001667
types,qualitative_grid,legend_placement,inside_top_each_panel,250,1,0.004,0.003333,1,0.000185,0.000211,0.000175
types,qualitative_grid,legend_placement,left middle,250,1,0.004,0.003333,1,0.000185,0.000143,0.000119
types,qualitative_grid,legend_placement,local colorbar and panel labels,250,1,0.004,0.005,1,0.000185,0.000167,0.000208
types,qualitative_grid,legend_placement,lower right,250,1,0.004,0.005,1,0.000185,0.00016,0.0002
types,qualitative_grid,legend_placement,lower right inside plot,250,1,0.004,0.005,2,0.00037,0.000216,0.00027
types,qualitative_grid,legend_placement,lower-left for top field; per-panel head titles/colorbars,250,1,0.004,0.005,1,0.000185,0.00019,0.000238
types,qualitative_grid,legend_placement,lower/right side of panel (a); none in panels (b)/(c),250,1,0.004,0.005,1,0.000185,0.000267,0.000333
types,qualitative_grid,legend_placement,"panel (b), upper left",250,1,0.004,0.003333,1,0.000185,0.000105,8.8e-05
types,qualitative_grid,legend_placement,panel-local,250,1,0.004,0.003333,1,0.000185,6.8e-05,5.6e-05
types,qualitative_grid,legend_placement,panel-local; compact legends in (e-f),250,1,0.004,0.005,1,0.000185,0.000143,0.000179
types,qualitative_grid,legend_placement,"radar-chart inset, lower-left",250,1,0.004,0.005,1,0.000185,0.000108,0.000135
types,qualitative_grid,legend_placement,repeated in each panel,250,1,0.004,0.005,1,0.000185,0.00019,0.000238
types,qualitative_grid,legend_placement,right,250,2,0.008,0.006667,2,0.00037,0.000533,0.000444
types,qualitative_grid,legend_placement,right and in-panel,250,1,0.004,0.003333,1,0.000185,0.000148,0.000123
types,qualitative_grid,legend_placement,right color bar,250,1,0.004,0.003333,1,0.000185,0.000308,0.000256
types,qualitative_grid,legend_placement,right of 3D scatter colorbar,250,1,0.004,0.003333,2,0.00037,0.000571,0.000476
types,qualitative_grid,legend_placement,right of each Single-step error heatmap,250,1,0.004,0.005,1,0.000185,0.000308,0.000385
types,qualitative_grid,legend_placement,right-side color keys,250,1,0.004,0.005,1,0.000185,0.000235,0.000294
types,qualitative_grid,legend_placement,right-side role legend,250,1,0.004,0.003333,1,0.000185,0.00019,0.000159
types,qualitative_grid,legend_placement,shared legend appears in upper-middle panel of Figure 1,250,1,0.004,0.003333,1,0.000185,0.000364,0.000303
types,qualitative_grid,legend_placement,time colorbar 与面板标签,250,1,0.004,0.005,1,0.000185,0.000182,0.000227
types,qualitative_grid,legend_placement,top center,250,2,0.008,0.006667,2,0.00037,0.000365,0.000304
types,qualitative_grid,legend_placement,top of each of the two chart panels,250,1,0.004,0.003333,1,0.000185,0.000444,0.00037
types,qualitative_grid,legend_placement,top of grid,250,1,0.004,0.005,1,0.000185,0.000235,0.000294
types,qualitative_grid,legend_placement,"top, shared across the grid",250,1,0.004,0.003333,1,0.000185,0.000222,0.000185
types,qualitative_grid,legend_placement,top-right,250,1,0.004,0.003333,1,0.000185,0.000138,0.000115
types,qualitative_grid,legend_placement,top-right within each chart,250,1,0.004,0.003333,1,0.000185,0.000222,0.000185
types,qualitative_grid,legend_placement,top_left/top_right,250,1,0.004,0.003333,1,0.000185,0.000211,0.000175
types,qualitative_grid,legend_placement,upper left of first panel,250,1,0.004,0.003333,1,0.000185,0.0002,0.000167
types,qualitative_grid,legend_placement,upper left of line panel,250,1,0.004,0.005,2,0.00037,0.00025,0.000313
types,qualitative_grid,legend_placement,upper-left,250,1,0.004,0.003333,1,0.000185,8.3e-05,6.9e-05
types,qualitative_grid,legend_placement,upper-left in each of three chart panels,250,1,0.004,0.003333,1,0.000185,0.000174,0.000145
types,qualitative_grid,legend_placement,upper-left modality key,250,1,0.004,0.003333,1,0.000185,0.000138,0.000115
types,qualitative_grid,legend_placement,upper-middle panel of the shared Figure 1–2 group,250,1,0.004,0.003333,1,0.000185,0.000364,0.000303
types,qualitative_grid,legend_placement,upper-right,250,1,0.004,0.003333,1,0.000185,8.3e-05,6.9e-05
types,qualitative_grid,legend_placement,下部热图右下与条形图右上各有局部 legend,250,1,0.004,0.003333,1,0.000185,0.000308,0.000256
types,qualitative_grid,legend_placement,右 panel upper-right,250,1,0.004,0.003333,1,0.000185,0.000222,0.000185
types,qualitative_grid,legend_placement,右上柱图上方/图内,250,1,0.004,0.005,1,0.000185,0.000138,0.000172
types,qualitative_grid,legend_placement,右侧可靠性柱图右上,250,1,0.004,0.003333,1,0.000185,0.000174,0.000145
types,qualitative_grid,legend_placement,各 panel 右上,250,1,0.004,0.005,1,0.000185,0.000138,0.000172
types,qualitative_grid,legend_placement,各 panel 右侧 APE colorbar,250,1,0.004,0.005,8,0.001481,0.001103,0.001379
types,qualitative_grid,legend_placement,图(a)(b)图内右上，图(c)图内上方；图(d)用直接标签,250,1,0.004,0.003333,1,0.000185,0.000167,0.000139
types,qualitative_grid,legend_placement,左侧/底部直接标签,250,1,0.004,0.005,1,0.000185,0.000138,0.000172
types,qualitative_grid,legend_placement,左侧纵向 Base/Aligned 标签,250,1,0.004,0.005,1,0.000185,0.000138,0.000172
types,qualitative_grid,legend_placement,曲线组上方,250,1,0.004,0.005,1,0.000185,0.000182,0.000227
types,qualitative_grid,legend_placement,每个 tile 右上角,250,1,0.004,0.005,1,0.000185,0.000267,0.000333
types,qualitative_grid,legend_placement,顶部 Ground Truth/Prediction,250,1,0.004,0.005,1,0.000185,0.000211,0.000263
types,scatter,legend_placement,Upper right inside the panel.,250,1,0.004,0.005,1,0.000185,0.000333,0.000417
types,scatter,legend_placement,Upper right of panel (a); panels (b) and (c) omit the legend.,250,1,0.004,0.005,1,0.000185,0.000333,0.000417
types,scatter,legend_placement,a/b upper right and c upper left per architecture block,250,1,0.004,0.005,1,0.000185,0.000286,0.000357
types,scatter,legend_placement,a/b upper right and c upper left per model block,250,1,0.004,0.005,1,0.000185,0.000286,0.000357
types,scatter,legend_placement,a/b upper right for m; c upper left for fit key,250,1,0.004,0.005,1,0.000185,0.000286,0.000357
types,scatter,legend_placement,"above panel (b), spanning its width",250,1,0.004,0.003333,1,0.000185,0.000235,0.000196
types,scatter,legend_placement,"above panels (b,c), with a separate resolution key inside each plot",250,1,0.004,0.003333,1,0.000185,0.000444,0.00037
types,scatter,legend_placement,above panels and right colorbar,250,1,0.004,0.003333,1,0.000185,0.000154,0.000128
types,scatter,legend_placement,"above plot, three-column legend",250,1,0.004,0.003333,1,0.000185,0.000174,0.000145
types,scatter,legend_placement,above/right,250,1,0.004,0.003333,1,0.000185,0.000154,0.000128
types,scatter,legend_placement,above/right of panels,250,1,0.004,0.005,1,0.000185,0.000174,0.000217
types,scatter,legend_placement,above/top of figure,250,1,0.004,0.003333,4,0.000741,0.000615,0.000513
types,scatter,legend_placement,at the top of each backend group,250,1,0.004,0.003333,1,0.000185,0.000444,0.00037
types,scatter,legend_placement,below,250,1,0.004,0.005,7,0.001296,0.000757,0.000946
types,scatter,legend_placement,"below (a), below (c); panel annotations in (b,c)",250,1,0.004,0.003333,1,0.000185,0.000143,0.000119
types,scatter,legend_placement,below each panel,250,1,0.004,0.003333,1,0.000185,0.000143,0.000119
types,scatter,legend_placement,below each subfigure,250,1,0.004,0.003333,1,0.000185,0.000182,0.000152
types,scatter,legend_placement,below panels,250,2,0.008,0.008333,3,0.000556,0.000554,0.000541
types,scatter,legend_placement,below the panels / lower figure margin,250,1,0.004,0.003333,1,0.000185,0.000133,0.000111
types,scatter,legend_placement,bottom,250,3,0.012,0.01,5,0.000926,0.001241,0.001034
types,scatter,legend_placement,bottom and in-panel,250,1,0.004,0.003333,1,0.000185,0.0004,0.000333
types,scatter,legend_placement,bottom center,250,4,0.016,0.015,9,0.001667,0.001992,0.002255
types,scatter,legend_placement,bottom_center,250,1,0.004,0.003333,1,0.000185,0.000211,0.000175
types,scatter,legend_placement,bottom_left_and_upper_left_inside,250,1,0.004,0.003333,1,0.000185,0.00025,0.000208
types,scatter,legend_placement,each panel right colorbar,250,1,0.004,0.003333,1,0.000185,0.000286,0.000238
types,scatter,legend_placement,each panel upper/right area,250,1,0.004,0.005,3,0.000556,0.0005,0.000625
types,scatter,legend_placement,inset colorbar/size key,250,1,0.004,0.005,1,0.000185,0.000174,0.000217
types,scatter,legend_placement,inside A lower-left; inside B and D panels near lower-right/right,250,1,0.004,0.005,1,0.000185,0.001333,0.001667
types,scatter,legend_placement,inside each panel,250,3,0.012,0.011667,4,0.000741,0.000712,0.000641
types,scatter,legend_placement,inside first panel,250,1,0.004,0.005,1,0.000185,0.000235,0.000294
types,scatter,legend_placement,inside histogram and beside scatter,250,1,0.004,0.003333,1,0.000185,0.00025,0.000208
types,scatter,legend_placement,inside individual panels,250,1,0.004,0.005,1,0.000185,0.000125,0.000156
types,scatter,legend_placement,"inside individual panels, lower right",250,1,0.004,0.005,1,0.000185,0.000125,0.000156
types,scatter,legend_placement,"inside individual panels, upper/right",250,1,0.004,0.005,1,0.000185,0.000125,0.000156
types,scatter,legend_placement,inside left/right panels,250,1,0.004,0.003333,1,0.000185,0.0004,0.000333
types,scatter,legend_placement,inside lower-right,250,1,0.004,0.005,1,0.000185,0.000364,0.000455
types,scatter,legend_placement,inside lower-right of accuracy panel and upper-right of entropy panel,250,1,0.004,0.003333,1,0.000185,0.000118,9.8e-05
types,scatter,legend_placement,inside lower-right of the right plot,250,1,0.004,0.003333,1,0.000185,0.000444,0.00037
types,scatter,legend_placement,inside panels,250,1,0.004,0.003333,1,0.000185,0.000118,9.8e-05
types,scatter,legend_placement,inside panels; inset in panel (c),250,1,0.004,0.005,1,0.000185,0.000235,0.000294
types,scatter,legend_placement,inside plot area; legend title m,250,1,0.004,0.005,1,0.000185,0.0004,0.0005
types,scatter,legend_placement,inside right side of the panel,250,1,0.004,0.005,1,0.000185,0.0004,0.0005
types,scatter,legend_placement,inside the lower/side area of each panel,250,1,0.004,0.005,1,0.000185,0.000114,0.000143
types,scatter,legend_placement,inside upper-left in Pareto panels; upper panel legends shared by vertical pairs,250,1,0.004,0.005,1,0.000185,0.0004,0.0005
types,scatter,legend_placement,inside upper-left of each panel,250,1,0.004,0.005,2,0.00037,0.000471,0.000588
types,scatter,legend_placement,inside upper-left/top-left in each main panel; inset legend inside,250,1,0.004,0.005,1,0.000185,0.0004,0.0005
types,scatter,legend_placement,inside upper-right of the class panel,250,1,0.004,0.005,1,0.000185,0.000222,0.000278
types,scatter,legend_placement,inside_each_panel,250,1,0.004,0.005,1,0.000185,0.000308,0.000385
types,scatter,legend_placement,inside_top_each_panel,250,1,0.004,0.003333,1,0.000185,0.000211,0.000175
types,scatter,legend_placement,left upper-right; middle/right upper-right,250,1,0.004,0.003333,1,0.000185,0.000364,0.000303
types,scatter,legend_placement,local colorbar and panel labels,250,1,0.004,0.005,1,0.000185,0.000167,0.000208
types,scatter,legend_placement,lower center,250,1,0.004,0.003333,1,0.000185,0.000105,8.8e-05
types,scatter,legend_placement,lower center/right,250,1,0.004,0.003333,1,0.000185,0.000118,9.8e-05
types,scatter,legend_placement,lower left,250,1,0.004,0.003333,1,0.000185,0.000143,0.000119
types,scatter,legend_placement,lower right,250,3,0.012,0.011667,5,0.000926,0.000655,0.000669
types,scatter,legend_placement,lower right inside plot,250,1,0.004,0.005,2,0.00037,0.000216,0.00027
types,scatter,legend_placement,lower-left,250,1,0.004,0.005,1,0.000185,0.000167,0.000208
types,scatter,legend_placement,lower-left for top field; per-panel head titles/colorbars,250,1,0.004,0.005,1,0.000185,0.00019,0.000238
types,scatter,legend_placement,lower-right,250,1,0.004,0.003333,1,0.000185,0.000118,9.8e-05
types,scatter,legend_placement,lower-right inside each panel,250,1,0.004,0.005,1,0.000185,0.000174,0.000217
types,scatter,legend_placement,lower_left,250,1,0.004,0.003333,1,0.000185,0.000333,0.000278
types,scatter,legend_placement,lower_left_and_lower_right,250,1,0.004,0.005,1,0.000185,0.000174,0.000217
types,scatter,legend_placement,lower_right,250,1,0.004,0.003333,1,0.000185,0.0002,0.000167
types,scatter,legend_placement,outside right of top panel,250,1,0.004,0.005,1,0.000185,3e-05,3.7e-05
types,scatter,legend_placement,panel titles act as key,250,1,0.004,0.003333,1,0.000185,0.000143,0.000119
types,scatter,legend_placement,panel-inset,250,1,0.004,0.003333,1,0.000185,8.3e-05,6.9e-05
types,scatter,legend_placement,panel-local,250,1,0.004,0.005,3,0.000556,0.000667,0.000833
types,scatter,legend_placement,panel-local upper area and top of panel (b),250,1,0.004,0.005,1,0.000185,0.000143,0.000179
types,scatter,legend_placement,panel-specific: lower-left in λ; upper-right or lower-right in the other panels,250,1,0.004,0.005,1,0.000185,0.000571,0.000714
types,scatter,legend_placement,panel-specific: upper-right or lower-right depending on panel,250,1,0.004,0.005,1,0.000185,0.000571,0.000714
types,scatter,legend_placement,per-panel open area,250,1,0.004,0.005,1,0.000185,0.00019,0.000238
types,scatter,legend_placement,repeated below each environment row,250,1,0.004,0.003333,1,0.000185,0.000182,0.000152
types,scatter,legend_placement,right,250,1,0.004,0.003333,1,0.000185,0.0002,0.000167
types,scatter,legend_placement,right colorbars and combined-panel legend,250,1,0.004,0.003333,1,0.000185,0.000154,0.000128
types,scatter,legend_placement,right of 3D scatter colorbar,250,1,0.004,0.003333,2,0.00037,0.000571,0.000476
types,scatter,legend_placement,right of each panel colorbar,250,1,0.004,0.003333,2,0.00037,0.000571,0.000476
types,scatter,legend_placement,"right of grid, with Data~tokens key above/below",250,1,0.004,0.003333,1,0.000185,0.000182,0.000152
types,scatter,legend_placement,right of panels,250,1,0.004,0.003333,1,0.000185,0.000182,0.000152
types,scatter,legend_placement,right of the two panels,250,1,0.004,0.003333,1,0.000185,0.000143,0.000119
types,scatter,legend_placement,right of time panel,250,1,0.004,0.003333,1,0.000185,0.000154,0.000128
types,scatter,legend_placement,right outside plot,250,1,0.004,0.003333,1,0.000185,0.000308,0.000256
types,scatter,legend_placement,right with Models and Humans groups,250,1,0.004,0.003333,1,0.000185,0.000143,0.000119
types,scatter,legend_placement,right with Personas and Models groups,250,1,0.004,0.003333,1,0.000185,0.000143,0.000119
types,scatter,legend_placement,right-center / middle row,250,1,0.004,0.003333,1,0.000185,0.00025,0.000208
types,scatter,legend_placement,shared bottom center,250,1,0.004,0.003333,1,0.000185,0.00025,0.000208
types,scatter,legend_placement,shared legend above the eight panels,250,1,0.004,0.005,1,0.000185,0.000125,0.000156
types,scatter,legend_placement,shared legend above the panels,250,1,0.004,0.005,1,0.000185,0.000125,0.000156
types,scatter,legend_placement,time colorbar 与面板标签,250,1,0.004,0.005,1,0.000185,0.000182,0.000227
types,scatter,legend_placement,top,250,2,0.008,0.01,11,0.002037,0.00066,0.000825
types,scatter,legend_placement,top center and per-hardware plot region,250,1,0.004,0.003333,1,0.000185,0.000105,8.8e-05
types,scatter,legend_placement,top right,250,1,0.004,0.003333,1,0.000185,0.000154,0.000128
types,scatter,legend_placement,top right of each panel,250,1,0.004,0.003333,1,0.000185,0.000154,0.000128
types,scatter,legend_placement,top shared,250,1,0.004,0.005,1,0.000185,0.000105,0.000132
types,scatter,legend_placement,"top, shared across four panels",250,1,0.004,0.003333,1,0.000185,0.000121,0.000101
types,scatter,legend_placement,"top, shared across six panels",250,1,0.004,0.003333,1,0.000185,0.000121,0.000101
types,scatter,legend_placement,top-center,250,1,0.004,0.005,1,0.000185,0.000308,0.000385
types,scatter,legend_placement,top-left,250,1,0.004,0.003333,1,0.000185,0.000138,0.000115
types,scatter,legend_placement,top-left in each panel,250,1,0.004,0.003333,1,0.000185,0.000138,0.000115
types,scatter,legend_placement,top_center,250,2,0.008,0.01,4,0.000741,0.000904,0.00113
types,scatter,legend_placement,top_left/top_right,250,1,0.004,0.003333,1,0.000185,0.000211,0.000175
types,scatter,legend_placement,top_right,250,1,0.004,0.003333,1,0.000185,0.0002,0.000167
types,scatter,legend_placement,upper area of each panel,250,1,0.004,0.003333,1,0.000185,0.00025,0.000208
types,scatter,legend_placement,upper center of left panel,250,1,0.004,0.003333,1,0.000185,0.000154,0.000128
types,scatter,legend_placement,upper left,250,4,0.016,0.018333,7,0.001296,0.001398,0.001686
types,scatter,legend_placement,upper left in each panel,250,1,0.004,0.005,2,0.00037,0.0004,0.0005
types,scatter,legend_placement,upper left inside panel,250,1,0.004,0.005,1,0.000185,0.000125,0.000156
types,scatter,legend_placement,upper left of Bias panel,250,1,0.004,0.003333,1,0.000185,0.000308,0.000256
types,scatter,legend_placement,upper left of each panel,250,1,0.004,0.005,2,0.00037,0.000615,0.000769
types,scatter,legend_placement,upper right,250,3,0.012,0.011667,3,0.000556,0.000439,0.000485
types,scatter,legend_placement,upper right in each panel,250,4,0.016,0.015,6,0.001111,0.001447,0.001463
types,scatter,legend_placement,upper right in most panels; lower left in the centered MNIST n=3·10⁴ panel,250,1,0.004,0.005,1,0.000185,0.000308,0.000385
types,scatter,legend_placement,upper right inside left panel,250,1,0.004,0.003333,2,0.00037,0.000195,0.000163
types,scatter,legend_placement,upper-left,250,1,0.004,0.005,1,0.000185,0.00019,0.000238
types,scatter,legend_placement,upper-left scale key plus direct method labels,250,1,0.004,0.003333,1,0.000185,0.00019,0.000159
types,scatter,legend_placement,upper-right,250,1,0.004,0.005,1,0.000185,0.00019,0.000238
types,scatter,legend_placement,upper-right in both panels and lower-right data-size key,250,1,0.004,0.003333,1,0.000185,0.000182,0.000152
types,scatter,legend_placement,upper-right in each panel,250,1,0.004,0.003333,1,0.000185,0.000308,0.000256
types,scatter,legend_placement,upper-right in each panel plus lower-right data-size key,250,1,0.004,0.003333,1,0.000185,0.000182,0.000152
types,scatter,legend_placement,upper-right in scatter panel; bar labels direct,250,1,0.004,0.005,1,0.000185,0.00025,0.000313
types,scatter,legend_placement,upper-right of each panel,250,1,0.004,0.003333,1,0.000185,0.000118,9.8e-05
types,scatter,legend_placement,upper-right of first panel,250,1,0.004,0.003333,3,0.000556,0.000429,0.000357
types,scatter,legend_placement,upper-right series key and lower/right Data~tokens key,250,1,0.004,0.003333,1,0.000185,0.000182,0.000152
types,scatter,legend_placement,upper_left,250,2,0.008,0.008333,2,0.00037,0.000441,0.000413
types,scatter,legend_placement,upper_left in (c–d),250,1,0.004,0.003333,1,0.000185,0.0002,0.000167
types,scatter,legend_placement,upper_left in ARI panels,250,1,0.004,0.003333,1,0.000185,0.0002,0.000167
types,scatter,legend_placement,upper_left in PCA panels,250,1,0.004,0.003333,1,0.000185,0.0002,0.000167
types,scatter,legend_placement,upper_left_inside,250,1,0.004,0.003333,1,0.000185,0.00025,0.000208
types,scatter,legend_placement,upper_right,250,3,0.012,0.011667,3,0.000556,0.00085,0.000813
types,scatter,legend_placement,upper_right or upper_left per panel,250,1,0.004,0.003333,1,0.000185,0.0002,0.000167
types,scatter,legend_placement,upper_right per panel,250,1,0.004,0.003333,2,0.00037,0.0004,0.000333
types,scatter,legend_placement,上排右侧 panel 的 lower-left interior（共享 d legend）,250,1,0.004,0.003333,1,0.000185,0.0005,0.000417
types,scatter,legend_placement,主图右上；inset 各自上方/上中,250,1,0.004,0.003333,1,0.000185,0.0004,0.000333
types,scatter,legend_placement,主图右下；inset 无 boxed legend、使用 direct text,250,1,0.004,0.003333,1,0.000185,0.0004,0.000333
types,scatter,legend_placement,主图右下；inset 无独立 boxed legend,250,1,0.004,0.003333,1,0.000185,0.0004,0.000333
types,scatter,legend_placement,前三 panel 各自 legend；右下 vertical colorbar,250,1,0.004,0.003333,1,0.000185,0.00019,0.000159
types,scatter,legend_placement,右上,250,1,0.004,0.005,1,0.000185,0.000143,0.000179
types,scatter,legend_placement,右上 panel 的 lower-left interior（共享 d legend）,250,1,0.004,0.003333,1,0.000185,0.0005,0.000417
types,scatter,legend_placement,右上角,250,2,0.008,0.006667,3,0.000556,0.000502,0.000418
types,scatter,legend_placement,右下/图内,250,1,0.004,0.003333,1,0.000185,0.000103,8.5e-05
types,scatter,legend_placement,右下角,250,1,0.004,0.003333,1,0.000185,0.000121,0.000101
types,scatter,legend_placement,右侧 scatter 上方/左下的 SAE 图例与下方 intervention-strength 色带,250,1,0.004,0.003333,1,0.000185,0.000182,0.000152
types,scatter,legend_placement,各 panel 左上,250,1,0.004,0.003333,1,0.000185,0.0004,0.000333
types,scatter,legend_placement,各 panel 独立 legend；p=1 左上，其余多在右下,250,1,0.004,0.003333,1,0.000185,0.0004,0.000333
types,scatter,legend_placement,"各 panel 独立 legend；p=1,2 左上，p=3,4 右下",250,1,0.004,0.003333,1,0.000185,0.0004,0.000333
types,scatter,legend_placement,四 panel 下方多行共享 legend,250,1,0.004,0.005,1,0.000185,0.000211,0.000263
types,scatter,legend_placement,图内 bubble-size key 与直接系列标签,250,1,0.004,0.005,1,0.000185,0.000235,0.000294
types,scatter,legend_placement,左 panel 内/右上 legend,250,1,0.004,0.003333,1,0.000185,0.000182,0.000152
types,scatter,legend_placement,左 panel 内；右侧各 panel 内,250,1,0.004,0.005,1,0.000185,0.000222,0.000278
types,scatter,legend_placement,左、右 panel 各自的上方/内部 legend,250,1,0.004,0.003333,1,0.000185,0.0005,0.000417
types,scatter,legend_placement,左上,250,2,0.008,0.008333,2,0.00037,0.000543,0.000512
types,scatter,legend_placement,左上 + 右侧 colorbar,250,1,0.004,0.005,1,0.000185,0.000143,0.000179
types,scatter,legend_placement,左下,250,1,0.004,0.005,1,0.000185,0.000143,0.000179
types,scatter,legend_placement,左下/中上/右上等各 panel 内；无共享 legend,250,1,0.004,0.003333,1,0.000185,0.00019,0.000159
types,scatter,legend_placement,每个 panel 内上方的 regression legend,250,1,0.004,0.003333,1,0.000185,0.00019,0.000159
types,scatter,legend_placement,每个 panel 右下/下部各自放置 3–4 项 legend,250,1,0.004,0.003333,1,0.000185,0.000308,0.000256
types,scatter,legend_placement,每个右 panel 上方/左 panel 右侧,250,1,0.004,0.003333,1,0.000185,0.00019,0.000159
types,screenshot,legend_placement,"bottom, three columns",250,1,0.004,0.005,1,0.000185,0.000211,0.000263
types,screenshot,legend_placement,upper/inside panel (b),250,1,0.004,0.003333,1,0.000185,0.000308,0.000256
types,tree,legend_placement,bottom_center,250,1,0.004,0.003333,1,0.000185,0.000211,0.000175
types,violin,legend_placement,bottom,250,1,0.004,0.005,1,0.000185,0.00019,0.000238
types,violin,legend_placement,bottom center,250,1,0.004,0.003333,1,0.000185,0.000118,9.8e-05
types,violin,legend_placement,local plot legends,250,1,0.004,0.003333,1,0.000185,0.000154,0.000128
types,violin,legend_placement,lower right in each of the two main panels,250,1,0.004,0.003333,1,0.000185,0.000308,0.000256
types,violin,legend_placement,top center,250,1,0.004,0.005,1,0.000185,0.000235,0.000294
types,violin,legend_placement,top of left panel,250,1,0.004,0.003333,1,0.000185,0.000154,0.000128
types,architecture,uncertainty_display,multiple,250,1,0.004,0.005,1,0.000185,0.00019,0.000238
types,architecture,uncertainty_display,none,250,140,0.56,0.55,204,0.037778,0.042448,0.041413
types,area,uncertainty_display,band,250,31,0.124,0.121667,89,0.016481,0.018033,0.018443
types,area,uncertainty_display,distribution,250,3,0.012,0.011667,4,0.000741,0.00059,0.000564
types,area,uncertainty_display,ellipse,250,1,0.004,0.003333,1,0.000185,0.000211,0.000175
types,area,uncertainty_display,multiple,250,2,0.008,0.006667,2,0.00037,0.000372,0.00031
types,area,uncertainty_display,none,250,20,0.08,0.085,72,0.013333,0.00773,0.008642
types,area,uncertainty_display,unknown,250,1,0.004,0.005,1,0.000185,0.000174,0.000217
types,bar,uncertainty_display,band,250,2,0.008,0.008333,3,0.000556,0.000681,0.00079
types,bar,uncertainty_display,box,250,1,0.004,0.005,4,0.000741,0.001143,0.001429
types,bar,uncertainty_display,error_bar,250,24,0.096,0.095,47,0.008704,0.007663,0.007144
types,bar,uncertainty_display,multiple,250,9,0.036,0.033333,14,0.002593,0.003304,0.002837
types,bar,uncertainty_display,none,250,116,0.464,0.465,273,0.050556,0.047434,0.047722
types,box,uncertainty_display,box,250,15,0.06,0.058333,26,0.004815,0.005658,0.005958
types,box,uncertainty_display,distribution,250,1,0.004,0.005,1,0.000185,0.000148,0.000185
types,box,uncertainty_display,multiple,250,6,0.024,0.025,7,0.001296,0.001296,0.001469
types,conceptual_diagram,uncertainty_display,band,250,1,0.004,0.005,1,0.000185,8.2e-05,0.000102
types,conceptual_diagram,uncertainty_display,distribution,250,1,0.004,0.003333,1,0.000185,0.000118,9.8e-05
types,conceptual_diagram,uncertainty_display,error_bar,250,5,0.02,0.02,5,0.000926,0.000818,0.000819
types,conceptual_diagram,uncertainty_display,multiple,250,2,0.008,0.008333,2,0.00037,0.00059,0.000571
types,conceptual_diagram,uncertainty_display,none,250,219,0.876,0.875,508,0.094074,0.110737,0.110454
types,heatmap,uncertainty_display,box,250,1,0.004,0.005,1,0.000185,0.000364,0.000455
types,heatmap,uncertainty_display,distribution,250,1,0.004,0.005,1,0.000185,0.000174,0.000217
types,heatmap,uncertainty_display,error_bar,250,1,0.004,0.003333,1,0.000185,5.3e-05,4.4e-05
types,heatmap,uncertainty_display,multiple,250,1,0.004,0.005,1,0.000185,0.000364,0.000455
types,heatmap,uncertainty_display,none,250,87,0.348,0.355,242,0.044815,0.044678,0.04572
types,histogram,uncertainty_display,distribution,250,13,0.052,0.046667,26,0.004815,0.005515,0.004756
types,histogram,uncertainty_display,multiple,250,2,0.008,0.006667,2,0.00037,0.000372,0.00031
types,histogram,uncertainty_display,none,250,19,0.076,0.08,31,0.005741,0.007511,0.007303
types,image_montage,uncertainty_display,band,250,2,0.008,0.008333,2,0.00037,0.000364,0.000379
types,image_montage,uncertainty_display,distribution,250,1,0.004,0.003333,1,0.000185,0.00025,0.000208
types,image_montage,uncertainty_display,ellipse,250,1,0.004,0.005,2,0.00037,0.000216,0.00027
types,image_montage,uncertainty_display,none,250,101,0.404,0.396667,489,0.090556,0.087747,0.085733
types,line,uncertainty_display,band,250,61,0.244,0.243333,207,0.038333,0.042601,0.043815
types,line,uncertainty_display,box,250,1,0.004,0.003333,1,0.000185,0.0002,0.000167
types,line,uncertainty_display,distribution,250,5,0.02,0.018333,10,0.001852,0.00211,0.001887
types,line,uncertainty_display,ellipse,250,2,0.008,0.008333,131,0.024259,0.004062,0.00499
types,line,uncertainty_display,error_bar,250,22,0.088,0.09,81,0.015,0.01902,0.018924
types,line,uncertainty_display,multiple,250,15,0.06,0.058333,27,0.005,0.00495,0.004978
types,line,uncertainty_display,none,250,192,0.768,0.775,811,0.150185,0.164502,0.171314
types,line,uncertainty_display,unknown,250,2,0.008,0.008333,2,0.00037,0.000574,0.000551
types,map,uncertainty_display,band,250,1,0.004,0.003333,1,0.000185,0.000182,0.000152
types,map,uncertainty_display,none,250,11,0.044,0.043333,24,0.004444,0.004281,0.004319
types,matrix,uncertainty_display,box,250,1,0.004,0.005,1,0.000185,0.000364,0.000455
types,matrix,uncertainty_display,distribution,250,2,0.008,0.006667,2,0.00037,0.00034,0.000283
types,matrix,uncertainty_display,multiple,250,1,0.004,0.005,1,0.000185,0.000364,0.000455
types,matrix,uncertainty_display,none,250,69,0.276,0.28,161,0.029815,0.029629,0.030807
types,network,uncertainty_display,band,250,2,0.008,0.01,2,0.00037,0.000445,0.000557
types,network,uncertainty_display,none,250,24,0.096,0.095,39,0.007222,0.011013,0.011288
types,other,uncertainty_display,box,250,1,0.004,0.005,1,0.000185,0.000364,0.000455
types,other,uncertainty_display,distribution,250,1,0.004,0.005,1,0.000185,0.000148,0.000185
types,other,uncertainty_display,multiple,250,1,0.004,0.005,2,0.00037,0.00025,0.000313
types,other,uncertainty_display,none,250,59,0.236,0.24,188,0.034815,0.031632,0.033073
types,pareto,uncertainty_display,band,250,1,0.004,0.005,7,0.001296,0.000737,0.000921
types,pareto,uncertainty_display,ellipse,250,1,0.004,0.005,2,0.00037,5.9e-05,7.4e-05
types,pareto,uncertainty_display,error_bar,250,3,0.012,0.013333,5,0.000926,0.00039,0.000356
types,pareto,uncertainty_display,multiple,250,1,0.004,0.005,1,0.000185,0.000105,0.000132
types,pareto,uncertainty_display,none,250,11,0.044,0.046667,45,0.008333,0.0043,0.004998
types,pipeline,uncertainty_display,error_bar,250,2,0.008,0.008333,2,0.00037,0.000358,0.000343
types,pipeline,uncertainty_display,multiple,250,2,0.008,0.008333,2,0.00037,0.000344,0.000366
types,pipeline,uncertainty_display,none,250,178,0.712,0.7,307,0.056852,0.065214,0.063333
types,qualitative_grid,uncertainty_display,band,250,10,0.04,0.04,11,0.002037,0.001929,0.002026
types,qualitative_grid,uncertainty_display,box,250,1,0.004,0.003333,1,0.000185,0.0002,0.000167
types,qualitative_grid,uncertainty_display,distribution,250,5,0.02,0.02,6,0.001111,0.001303,0.001199
types,qualitative_grid,uncertainty_display,ellipse,250,2,0.008,0.008333,3,0.000556,0.000427,0.000446
types,qualitative_grid,uncertainty_display,error_bar,250,2,0.008,0.006667,11,0.002037,0.001303,0.001086
types,qualitative_grid,uncertainty_display,none,250,147,0.588,0.59,629,0.116481,0.113925,0.112951
types,scatter,uncertainty_display,band,250,5,0.02,0.021667,11,0.002037,0.002968,0.003343
types,scatter,uncertainty_display,distribution,250,5,0.02,0.016667,7,0.001296,0.001564,0.001304
types,scatter,uncertainty_display,ellipse,250,2,0.008,0.008333,3,0.000556,0.000427,0.000446
types,scatter,uncertainty_display,error_bar,250,16,0.064,0.061667,30,0.005556,0.00631,0.005942
types,scatter,uncertainty_display,multiple,250,4,0.016,0.016667,5,0.000926,0.001195,0.001252
types,scatter,uncertainty_display,none,250,106,0.424,0.43,247,0.045741,0.05059,0.052061
types,scatter,uncertainty_display,unknown,250,1,0.004,0.003333,1,0.000185,0.0004,0.000333
types,screenshot,uncertainty_display,none,250,55,0.22,0.208333,203,0.037593,0.02854,0.026745
types,tree,uncertainty_display,none,250,9,0.036,0.036667,12,0.002222,0.002661,0.002759
types,violin,uncertainty_display,distribution,250,4,0.016,0.016667,4,0.000741,0.000851,0.000887
types,violin,uncertainty_display,multiple,250,1,0.004,0.003333,2,0.00037,0.000308,0.000256
purpose,ablation,uncertainty_display,band,250,29,0.116,0.115,63,0.011667,0.012941,0.01331
purpose,ablation,uncertainty_display,box,250,7,0.028,0.03,10,0.001852,0.002593,0.003006
purpose,ablation,uncertainty_display,distribution,250,5,0.02,0.018333,8,0.001481,0.002054,0.00181
purpose,ablation,uncertainty_display,ellipse,250,1,0.004,0.005,128,0.023704,0.003793,0.004741
purpose,ablation,uncertainty_display,error_bar,250,17,0.068,0.07,25,0.00463,0.005417,0.005632
purpose,ablation,uncertainty_display,multiple,250,5,0.02,0.02,10,0.001852,0.002802,0.002439
purpose,ablation,uncertainty_display,none,250,143,0.572,0.556667,383,0.070926,0.070722,0.069529
purpose,dataset,uncertainty_display,box,250,1,0.004,0.003333,1,0.000185,0.00025,0.000208
purpose,dataset,uncertainty_display,distribution,250,2,0.008,0.006667,3,0.000556,0.000292,0.000243
purpose,dataset,uncertainty_display,ellipse,250,1,0.004,0.003333,1,0.000185,0.000211,0.000175
purpose,dataset,uncertainty_display,error_bar,250,3,0.012,0.01,3,0.000556,0.0006,0.0005
purpose,dataset,uncertainty_display,none,250,79,0.316,0.316667,163,0.030185,0.030558,0.03064
purpose,efficiency_cost,uncertainty_display,band,250,21,0.084,0.09,49,0.009074,0.010389,0.011712
purpose,efficiency_cost,uncertainty_display,box,250,4,0.016,0.016667,8,0.001481,0.001742,0.00196
purpose,efficiency_cost,uncertainty_display,distribution,250,1,0.004,0.003333,2,0.00037,0.000205,0.000171
purpose,efficiency_cost,uncertainty_display,ellipse,250,1,0.004,0.005,130,0.024074,0.003852,0.004815
purpose,efficiency_cost,uncertainty_display,error_bar,250,14,0.056,0.053333,20,0.003704,0.00293,0.002664
purpose,efficiency_cost,uncertainty_display,multiple,250,4,0.016,0.013333,10,0.001852,0.002573,0.002144
purpose,efficiency_cost,uncertainty_display,none,250,108,0.432,0.435,267,0.049444,0.051332,0.051789
purpose,experimental_design,uncertainty_display,band,250,12,0.048,0.048333,15,0.002778,0.003523,0.003858
purpose,experimental_design,uncertainty_display,distribution,250,2,0.008,0.006667,3,0.000556,0.000815,0.000679
purpose,experimental_design,uncertainty_display,error_bar,250,10,0.04,0.04,13,0.002407,0.002292,0.002358
purpose,experimental_design,uncertainty_display,none,250,169,0.676,0.675,423,0.078333,0.080828,0.080257
purpose,failure,uncertainty_display,band,250,12,0.048,0.053333,30,0.005556,0.004787,0.005198
purpose,failure,uncertainty_display,box,250,2,0.008,0.01,2,0.00037,0.000586,0.000732
purpose,failure,uncertainty_display,distribution,250,3,0.012,0.013333,3,0.000556,0.000698,0.000789
purpose,failure,uncertainty_display,error_bar,250,8,0.032,0.031667,12,0.002222,0.001561,0.00151
purpose,failure,uncertainty_display,multiple,250,2,0.008,0.006667,2,0.00037,0.000287,0.000239
purpose,failure,uncertainty_display,none,250,108,0.432,0.431667,247,0.045741,0.043033,0.042233
purpose,headline,uncertainty_display,band,250,23,0.092,0.093333,28,0.005185,0.006636,0.007023
purpose,headline,uncertainty_display,box,250,2,0.008,0.006667,2,0.00037,0.000248,0.000207
purpose,headline,uncertainty_display,distribution,250,3,0.012,0.011667,3,0.000556,0.000508,0.000503
purpose,headline,uncertainty_display,ellipse,250,2,0.008,0.008333,3,0.000556,0.00027,0.00025
purpose,headline,uncertainty_display,error_bar,250,19,0.076,0.073333,26,0.004815,0.005357,0.005118
purpose,headline,uncertainty_display,multiple,250,5,0.02,0.018333,5,0.000926,0.001316,0.001248
purpose,headline,uncertainty_display,none,250,195,0.78,0.78,346,0.064074,0.077259,0.078165
purpose,headline,uncertainty_display,unknown,250,1,0.004,0.003333,1,0.000185,0.0004,0.000333
purpose,main_comparison,uncertainty_display,band,250,39,0.156,0.155,103,0.019074,0.022517,0.022849
purpose,main_comparison,uncertainty_display,box,250,6,0.024,0.023333,13,0.002407,0.003157,0.003259
purpose,main_comparison,uncertainty_display,distribution,250,4,0.016,0.015,5,0.000926,0.001399,0.001245
purpose,main_comparison,uncertainty_display,ellipse,250,1,0.004,0.005,2,0.00037,5.9e-05,7.4e-05
purpose,main_comparison,uncertainty_display,error_bar,250,32,0.128,0.125,97,0.017963,0.018726,0.017633
purpose,main_comparison,uncertainty_display,multiple,250,9,0.036,0.033333,14,0.002593,0.003179,0.002905
purpose,main_comparison,uncertainty_display,none,250,194,0.776,0.775,696,0.128889,0.135809,0.137214
purpose,main_comparison,uncertainty_display,unknown,250,1,0.004,0.003333,1,0.000185,0.0004,0.000333
purpose,mechanism,uncertainty_display,band,250,34,0.136,0.138333,74,0.013704,0.013859,0.014011
purpose,mechanism,uncertainty_display,box,250,7,0.028,0.028333,9,0.001667,0.002022,0.002116
purpose,mechanism,uncertainty_display,distribution,250,13,0.052,0.05,23,0.004259,0.005268,0.004729
purpose,mechanism,uncertainty_display,ellipse,250,1,0.004,0.005,2,0.00037,0.000216,0.00027
purpose,mechanism,uncertainty_display,error_bar,250,24,0.096,0.095,55,0.010185,0.009727,0.009227
purpose,mechanism,uncertainty_display,multiple,250,12,0.048,0.045,20,0.003704,0.004173,0.00403
purpose,mechanism,uncertainty_display,none,250,185,0.74,0.745,662,0.122593,0.1134,0.116704
purpose,mechanism,uncertainty_display,unknown,250,2,0.008,0.008333,2,0.00037,0.000574,0.000551
purpose,method_interface,uncertainty_display,band,250,2,0.008,0.006667,2,0.00037,0.000356,0.000296
purpose,method_interface,uncertainty_display,error_bar,250,2,0.008,0.008333,2,0.00037,0.000508,0.000468
purpose,method_interface,uncertainty_display,multiple,250,3,0.012,0.011667,3,0.000556,0.000744,0.0007
purpose,method_interface,uncertainty_display,none,250,220,0.88,0.881667,637,0.117963,0.126207,0.124503
purpose,other,uncertainty_display,box,250,1,0.004,0.005,1,0.000185,9.8e-05,0.000122
purpose,other,uncertainty_display,none,250,14,0.056,0.056667,19,0.003519,0.003416,0.003514
purpose,qualitative_evidence,uncertainty_display,band,250,16,0.064,0.065,21,0.003889,0.005415,0.005374
purpose,qualitative_evidence,uncertainty_display,box,250,2,0.008,0.008333,3,0.000556,0.000631,0.000566
purpose,qualitative_evidence,uncertainty_display,distribution,250,11,0.044,0.043333,15,0.002778,0.002924,0.002776
purpose,qualitative_evidence,uncertainty_display,ellipse,250,2,0.008,0.008333,3,0.000556,0.000427,0.000446
purpose,qualitative_evidence,uncertainty_display,error_bar,250,11,0.044,0.04,17,0.003148,0.004446,0.003956
purpose,qualitative_evidence,uncertainty_display,multiple,250,5,0.02,0.02,6,0.001111,0.000992,0.001018
purpose,qualitative_evidence,uncertainty_display,none,250,184,0.736,0.735,857,0.158704,0.167793,0.168192
purpose,qualitative_evidence,uncertainty_display,unknown,250,1,0.004,0.005,1,0.000185,0.000174,0.000217
purpose,reproduction,uncertainty_display,band,250,8,0.032,0.031667,19,0.003519,0.003191,0.003147
purpose,reproduction,uncertainty_display,box,250,1,0.004,0.005,1,0.000185,0.000286,0.000357
purpose,reproduction,uncertainty_display,distribution,250,3,0.012,0.011667,4,0.000741,0.000908,0.000876
purpose,reproduction,uncertainty_display,error_bar,250,3,0.012,0.01,3,0.000556,0.000725,0.000604
purpose,reproduction,uncertainty_display,multiple,250,1,0.004,0.005,1,0.000185,0.000235,0.000294
purpose,reproduction,uncertainty_display,none,250,99,0.396,0.396667,345,0.063889,0.052364,0.052027
purpose,robustness,uncertainty_display,band,250,50,0.2,0.201667,130,0.024074,0.026467,0.027243
purpose,robustness,uncertainty_display,box,250,13,0.052,0.048333,23,0.004259,0.004911,0.005024
purpose,robustness,uncertainty_display,distribution,250,14,0.056,0.055,21,0.003889,0.00363,0.003454
purpose,robustness,uncertainty_display,ellipse,250,2,0.008,0.01,129,0.023889,0.003901,0.004876
purpose,robustness,uncertainty_display,error_bar,250,29,0.116,0.113333,81,0.015,0.017315,0.01678
purpose,robustness,uncertainty_display,multiple,250,11,0.044,0.045,25,0.00463,0.005085,0.00498
purpose,robustness,uncertainty_display,none,250,183,0.732,0.736667,815,0.150926,0.141018,0.144381
purpose,theory_mechanism,uncertainty_display,band,250,9,0.036,0.035,10,0.001852,0.002354,0.002238
purpose,theory_mechanism,uncertainty_display,box,250,3,0.012,0.01,3,0.000556,0.000532,0.000443
purpose,theory_mechanism,uncertainty_display,distribution,250,5,0.02,0.018333,6,0.001111,0.001523,0.001388
purpose,theory_mechanism,uncertainty_display,error_bar,250,5,0.02,0.023333,8,0.001481,0.003319,0.003816
purpose,theory_mechanism,uncertainty_display,multiple,250,4,0.016,0.018333,5,0.000926,0.001004,0.001172
purpose,theory_mechanism,uncertainty_display,none,250,201,0.804,0.808333,520,0.096296,0.120459,0.122125
kind,figure,caption_moves,abbreviation_definition,250,59,0.236,0.243333,187,0.03463,0.032477,0.034706
kind,figure,caption_moves,appendix_pointer,250,95,0.38,0.386667,350,0.064815,0.043412,0.043717
kind,figure,caption_moves,comparison,250,233,0.932,0.928333,1556,0.288148,0.305508,0.309414
kind,figure,caption_moves,encoding_key,250,228,0.912,0.918333,1301,0.240926,0.256876,0.261086
kind,figure,caption_moves,main_finding,250,201,0.804,0.801667,1139,0.210926,0.226681,0.228975
kind,figure,caption_moves,setup,250,242,0.968,0.968333,2519,0.466481,0.461213,0.465202
kind,figure,caption_moves,title,250,246,0.984,0.983333,3054,0.565556,0.557672,0.563353
kind,figure,caption_moves,uncertainty_definition,250,64,0.256,0.268333,152,0.028148,0.031872,0.033897
kind,table,caption_moves,abbreviation_definition,250,120,0.48,0.481667,375,0.069444,0.065673,0.06685
kind,table,caption_moves,appendix_pointer,250,57,0.228,0.223333,113,0.020926,0.024081,0.023711
kind,table,caption_moves,comparison,250,204,0.816,0.81,1208,0.223704,0.223819,0.221766
kind,table,caption_moves,encoding_key,250,171,0.684,0.676667,706,0.130741,0.13647,0.134196
kind,table,caption_moves,main_finding,250,105,0.42,0.413333,346,0.064074,0.060627,0.059527
kind,table,caption_moves,setup,250,234,0.936,0.935,1946,0.36037,0.35103,0.346806
kind,table,caption_moves,title,250,237,0.948,0.946667,2323,0.430185,0.425008,0.417749
kind,table,caption_moves,uncertainty_definition,250,78,0.312,0.315,212,0.039259,0.036443,0.0366
placement,appendix,caption_moves,abbreviation_definition,250,100,0.4,0.401667,313,0.057963,0.049979,0.051091
placement,appendix,caption_moves,appendix_pointer,250,72,0.288,0.28,331,0.061296,0.038872,0.038143
placement,appendix,caption_moves,comparison,250,209,0.836,0.83,1474,0.272963,0.249877,0.249256
placement,appendix,caption_moves,encoding_key,250,201,0.804,0.796667,1074,0.198889,0.184172,0.183621
placement,appendix,caption_moves,main_finding,250,150,0.6,0.596667,758,0.14037,0.124917,0.123153
placement,appendix,caption_moves,setup,250,231,0.924,0.916667,2733,0.506111,0.435596,0.431553
placement,appendix,caption_moves,title,250,239,0.956,0.955,3339,0.618333,0.538185,0.533864
placement,appendix,caption_moves,uncertainty_definition,250,87,0.348,0.355,238,0.044074,0.042239,0.043237
placement,main,caption_moves,abbreviation_definition,250,102,0.408,0.418333,249,0.046111,0.048171,0.050465
placement,main,caption_moves,appendix_pointer,250,82,0.328,0.336667,132,0.024444,0.028621,0.029284
placement,main,caption_moves,comparison,250,238,0.952,0.946667,1290,0.238889,0.27945,0.281924
placement,main,caption_moves,encoding_key,250,233,0.932,0.931667,933,0.172778,0.209174,0.211661
placement,main,caption_moves,main_finding,250,191,0.764,0.761667,727,0.13463,0.162391,0.165349
placement,main,caption_moves,setup,250,245,0.98,0.978333,1732,0.320741,0.376647,0.380455
placement,main,caption_moves,title,250,247,0.988,0.986667,2038,0.377407,0.444495,0.447238
placement,main,caption_moves,uncertainty_definition,250,81,0.324,0.336667,126,0.023333,0.026076,0.02726
purpose,ablation,caption_moves,abbreviation_definition,250,47,0.188,0.191667,88,0.016296,0.016781,0.017274
purpose,ablation,caption_moves,appendix_pointer,250,36,0.144,0.138333,190,0.035185,0.016734,0.01663
purpose,ablation,caption_moves,comparison,250,191,0.764,0.761667,637,0.117963,0.120265,0.120454
purpose,ablation,caption_moves,encoding_key,250,129,0.516,0.513333,337,0.062407,0.06328,0.061946
purpose,ablation,caption_moves,main_finding,250,109,0.436,0.435,316,0.058519,0.059484,0.059331
purpose,ablation,caption_moves,setup,250,206,0.824,0.815,962,0.178148,0.161175,0.160241
purpose,ablation,caption_moves,title,250,219,0.876,0.866667,1132,0.20963,0.193977,0.192323
purpose,ablation,caption_moves,uncertainty_definition,250,40,0.16,0.163333,72,0.013333,0.01346,0.013888
purpose,dataset,caption_moves,abbreviation_definition,250,30,0.12,0.116667,51,0.009444,0.00911,0.008546
purpose,dataset,caption_moves,appendix_pointer,250,8,0.032,0.028333,13,0.002407,0.00172,0.001572
purpose,dataset,caption_moves,comparison,250,55,0.22,0.211667,105,0.019444,0.020789,0.019859
purpose,dataset,caption_moves,encoding_key,250,66,0.264,0.253333,154,0.028519,0.027914,0.026122
purpose,dataset,caption_moves,main_finding,250,32,0.128,0.128333,49,0.009074,0.00845,0.008472
purpose,dataset,caption_moves,setup,250,119,0.476,0.468333,352,0.065185,0.058631,0.056166
purpose,dataset,caption_moves,title,250,139,0.556,0.55,437,0.080926,0.077251,0.07522
purpose,dataset,caption_moves,uncertainty_definition,250,8,0.032,0.028333,15,0.002778,0.00278,0.002611
purpose,efficiency_cost,caption_moves,abbreviation_definition,250,40,0.16,0.168333,88,0.016296,0.016956,0.017764
purpose,efficiency_cost,caption_moves,appendix_pointer,250,29,0.116,0.115,168,0.031111,0.012581,0.01328
purpose,efficiency_cost,caption_moves,comparison,250,144,0.576,0.581667,490,0.090741,0.094451,0.096231
purpose,efficiency_cost,caption_moves,encoding_key,250,104,0.416,0.416667,254,0.047037,0.051283,0.052303
purpose,efficiency_cost,caption_moves,main_finding,250,84,0.336,0.346667,199,0.036852,0.04107,0.042145
purpose,efficiency_cost,caption_moves,setup,250,174,0.696,0.701667,737,0.136481,0.12215,0.123813
purpose,efficiency_cost,caption_moves,title,250,185,0.74,0.743333,852,0.157778,0.144425,0.145679
purpose,efficiency_cost,caption_moves,uncertainty_definition,250,36,0.144,0.145,61,0.011296,0.013458,0.013925
purpose,experimental_design,caption_moves,abbreviation_definition,250,49,0.196,0.201667,89,0.016481,0.01499,0.015025
purpose,experimental_design,caption_moves,appendix_pointer,250,28,0.112,0.11,37,0.006852,0.00735,0.007522
purpose,experimental_design,caption_moves,comparison,250,126,0.504,0.501667,296,0.054815,0.057054,0.05684
purpose,experimental_design,caption_moves,encoding_key,250,150,0.6,0.605,361,0.066852,0.068471,0.067888
purpose,experimental_design,caption_moves,main_finding,250,89,0.356,0.353333,136,0.025185,0.029031,0.028762
purpose,experimental_design,caption_moves,setup,250,193,0.772,0.773333,727,0.13463,0.131263,0.130921
purpose,experimental_design,caption_moves,title,250,204,0.816,0.821667,854,0.158148,0.158345,0.157839
purpose,experimental_design,caption_moves,uncertainty_definition,250,17,0.068,0.07,21,0.003889,0.003105,0.003182
purpose,failure,caption_moves,abbreviation_definition,250,22,0.088,0.096667,33,0.006111,0.005323,0.006036
purpose,failure,caption_moves,appendix_pointer,250,18,0.072,0.068333,20,0.003704,0.004089,0.003833
purpose,failure,caption_moves,comparison,250,118,0.472,0.486667,249,0.046111,0.048982,0.049602
purpose,failure,caption_moves,encoding_key,250,78,0.312,0.318333,138,0.025556,0.026364,0.026231
purpose,failure,caption_moves,main_finding,250,96,0.384,0.388333,195,0.036111,0.035461,0.035247
purpose,failure,caption_moves,setup,250,142,0.568,0.573333,358,0.066296,0.065822,0.065026
purpose,failure,caption_moves,title,250,147,0.588,0.593333,412,0.076296,0.074652,0.073543
purpose,failure,caption_moves,uncertainty_definition,250,22,0.088,0.098333,32,0.005926,0.006766,0.007236
purpose,headline,caption_moves,abbreviation_definition,250,61,0.244,0.253333,90,0.016667,0.016781,0.017548
purpose,headline,caption_moves,appendix_pointer,250,41,0.164,0.168333,62,0.011481,0.013281,0.01403
purpose,headline,caption_moves,comparison,250,209,0.836,0.835,482,0.089259,0.108756,0.10929
purpose,headline,caption_moves,encoding_key,250,182,0.728,0.723333,332,0.061481,0.07772,0.077632
purpose,headline,caption_moves,main_finding,250,160,0.64,0.636667,300,0.055556,0.066744,0.06774
purpose,headline,caption_moves,setup,250,233,0.932,0.931667,570,0.105556,0.127912,0.128507
purpose,headline,caption_moves,title,250,239,0.956,0.956667,641,0.118704,0.143744,0.143922
purpose,headline,caption_moves,uncertainty_definition,250,51,0.204,0.215,74,0.013704,0.015613,0.016572
purpose,main_comparison,caption_moves,abbreviation_definition,250,113,0.452,0.455,345,0.063889,0.058968,0.060538
purpose,main_comparison,caption_moves,appendix_pointer,250,76,0.304,0.305,139,0.025741,0.029096,0.029448
purpose,main_comparison,caption_moves,comparison,250,235,0.94,0.935,1604,0.297037,0.311455,0.309593
purpose,main_comparison,caption_moves,encoding_key,250,204,0.816,0.813333,836,0.154815,0.16722,0.165331
purpose,main_comparison,caption_moves,main_finding,250,156,0.624,0.62,646,0.11963,0.123831,0.124521
purpose,main_comparison,caption_moves,setup,250,241,0.964,0.96,1870,0.346296,0.360041,0.354975
purpose,main_comparison,caption_moves,title,250,245,0.98,0.976667,2168,0.401481,0.419418,0.413925
purpose,main_comparison,caption_moves,uncertainty_definition,250,87,0.348,0.358333,229,0.042407,0.041169,0.041852
purpose,mechanism,caption_moves,abbreviation_definition,250,56,0.224,0.226667,119,0.022037,0.02053,0.021281
purpose,mechanism,caption_moves,appendix_pointer,250,47,0.188,0.183333,105,0.019444,0.016349,0.016108
purpose,mechanism,caption_moves,comparison,250,180,0.72,0.723333,697,0.129074,0.121653,0.122696
purpose,mechanism,caption_moves,encoding_key,250,159,0.636,0.638333,486,0.09,0.0893,0.090991
purpose,mechanism,caption_moves,main_finding,250,132,0.528,0.526667,449,0.083148,0.080274,0.080584
purpose,mechanism,caption_moves,setup,250,208,0.832,0.83,944,0.174815,0.172561,0.17381
purpose,mechanism,caption_moves,title,250,221,0.884,0.883333,1156,0.214074,0.206433,0.208002
purpose,mechanism,caption_moves,uncertainty_definition,250,45,0.18,0.181667,82,0.015185,0.014762,0.015247
purpose,method_interface,caption_moves,abbreviation_definition,250,33,0.132,0.133333,44,0.008148,0.008657,0.008814
purpose,method_interface,caption_moves,appendix_pointer,250,33,0.132,0.13,40,0.007407,0.008221,0.007819
purpose,method_interface,caption_moves,comparison,250,158,0.632,0.633333,251,0.046481,0.057441,0.05704
purpose,method_interface,caption_moves,encoding_key,250,193,0.772,0.783333,404,0.074815,0.086454,0.08751
purpose,method_interface,caption_moves,main_finding,250,141,0.564,0.568333,237,0.043889,0.055174,0.055677
purpose,method_interface,caption_moves,setup,250,217,0.868,0.87,638,0.118148,0.125175,0.124521
purpose,method_interface,caption_moves,title,250,228,0.912,0.91,776,0.143704,0.151194,0.149496
purpose,method_interface,caption_moves,uncertainty_definition,250,5,0.02,0.021667,5,0.000926,0.001132,0.001267
purpose,other,caption_moves,abbreviation_definition,250,3,0.012,0.011667,3,0.000556,0.000691,0.000638
purpose,other,caption_moves,appendix_pointer,250,2,0.008,0.006667,2,0.00037,0.00053,0.000442
purpose,other,caption_moves,comparison,250,9,0.036,0.035,18,0.003333,0.002919,0.00304
purpose,other,caption_moves,encoding_key,250,14,0.056,0.055,18,0.003333,0.003091,0.002993
purpose,other,caption_moves,main_finding,250,3,0.012,0.011667,5,0.000926,0.000682,0.00069
purpose,other,caption_moves,setup,250,22,0.088,0.086667,30,0.005556,0.005654,0.005597
purpose,other,caption_moves,title,250,30,0.12,0.115,42,0.007778,0.008055,0.007809
purpose,other,caption_moves,uncertainty_definition,250,2,0.008,0.006667,2,0.00037,0.000474,0.000395
purpose,qualitative_evidence,caption_moves,abbreviation_definition,250,27,0.108,0.113333,50,0.009259,0.008849,0.008931
purpose,qualitative_evidence,caption_moves,appendix_pointer,250,42,0.168,0.166667,64,0.011852,0.014688,0.014189
purpose,qualitative_evidence,caption_moves,comparison,250,156,0.624,0.62,514,0.095185,0.107944,0.106479
purpose,qualitative_evidence,caption_moves,encoding_key,250,148,0.592,0.593333,412,0.076296,0.086243,0.08638
purpose,qualitative_evidence,caption_moves,main_finding,250,139,0.556,0.55,415,0.076852,0.085767,0.084376
purpose,qualitative_evidence,caption_moves,setup,250,189,0.756,0.753333,882,0.163333,0.168379,0.16679
purpose,qualitative_evidence,caption_moves,title,250,198,0.792,0.793333,1048,0.194074,0.20486,0.203437
purpose,qualitative_evidence,caption_moves,uncertainty_definition,250,18,0.072,0.071667,25,0.00463,0.005846,0.006078
purpose,reproduction,caption_moves,abbreviation_definition,250,61,0.244,0.245,143,0.026481,0.023233,0.023432
purpose,reproduction,caption_moves,appendix_pointer,250,48,0.192,0.186667,79,0.01463,0.016932,0.016343
purpose,reproduction,caption_moves,comparison,250,106,0.424,0.421667,268,0.04963,0.047959,0.048145
purpose,reproduction,caption_moves,encoding_key,250,125,0.5,0.495,372,0.068889,0.063687,0.063616
purpose,reproduction,caption_moves,main_finding,250,49,0.196,0.195,119,0.022037,0.018175,0.017847
purpose,reproduction,caption_moves,setup,250,185,0.74,0.74,845,0.156481,0.13971,0.139557
purpose,reproduction,caption_moves,title,250,201,0.804,0.805,1090,0.201852,0.180427,0.17798
purpose,reproduction,caption_moves,uncertainty_definition,250,34,0.136,0.14,88,0.016296,0.012486,0.012591
purpose,robustness,caption_moves,abbreviation_definition,250,80,0.32,0.32,218,0.04037,0.038001,0.039076
purpose,robustness,caption_moves,appendix_pointer,250,59,0.236,0.233333,264,0.048889,0.026643,0.027375
purpose,robustness,caption_moves,comparison,250,218,0.872,0.87,1214,0.224815,0.228017,0.231594
purpose,robustness,caption_moves,encoding_key,250,173,0.692,0.696667,699,0.129444,0.130636,0.13207
purpose,robustness,caption_moves,main_finding,250,144,0.576,0.576667,582,0.107778,0.108077,0.10938
purpose,robustness,caption_moves,setup,250,235,0.94,0.94,1748,0.323704,0.307919,0.308399
purpose,robustness,caption_moves,title,250,236,0.944,0.943333,2046,0.378889,0.355129,0.355613
purpose,robustness,caption_moves,uncertainty_definition,250,82,0.328,0.335,194,0.035926,0.040727,0.04172
purpose,theory_mechanism,caption_moves,abbreviation_definition,250,35,0.14,0.15,51,0.009444,0.011232,0.012435
purpose,theory_mechanism,caption_moves,appendix_pointer,250,33,0.132,0.146667,49,0.009074,0.012977,0.01362
purpose,theory_mechanism,caption_moves,comparison,250,153,0.612,0.62,306,0.056667,0.076008,0.078137
purpose,theory_mechanism,caption_moves,encoding_key,250,180,0.72,0.723333,399,0.073889,0.097055,0.09932
purpose,theory_mechanism,caption_moves,main_finding,250,137,0.548,0.546667,282,0.052222,0.067896,0.069202
purpose,theory_mechanism,caption_moves,setup,250,203,0.812,0.813333,556,0.102963,0.130815,0.133194
purpose,theory_mechanism,caption_moves,title,250,213,0.852,0.856667,649,0.120185,0.153447,0.156771
purpose,theory_mechanism,caption_moves,uncertainty_definition,250,20,0.08,0.09,25,0.00463,0.006862,0.007814
purpose,ablation,width,double_column,250,35,0.14,0.131667,105,0.019444,0.023812,0.022076
purpose,ablation,width,inset,250,38,0.152,0.153333,80,0.014815,0.015385,0.015121
purpose,ablation,width,page_width,250,144,0.576,0.565,506,0.093704,0.090779,0.086855
purpose,ablation,width,single_column,250,122,0.488,0.501667,446,0.082593,0.064801,0.068938
purpose,dataset,width,double_column,250,17,0.068,0.061667,32,0.005926,0.007513,0.006701
purpose,dataset,width,inset,250,15,0.06,0.061667,31,0.005741,0.007149,0.007958
purpose,dataset,width,page_width,250,103,0.412,0.405,280,0.051852,0.047604,0.04618
purpose,dataset,width,single_column,250,53,0.212,0.216667,99,0.018333,0.016523,0.016305
purpose,efficiency_cost,width,double_column,250,29,0.116,0.113333,85,0.015741,0.018962,0.018034
purpose,efficiency_cost,width,inset,250,32,0.128,0.126667,57,0.010556,0.011423,0.011038
purpose,efficiency_cost,width,page_width,250,123,0.492,0.495,344,0.063704,0.066534,0.066744
purpose,efficiency_cost,width,single_column,250,94,0.376,0.385,366,0.067778,0.047508,0.049863
purpose,experimental_design,width,double_column,250,35,0.14,0.138333,76,0.014074,0.017331,0.016988
purpose,experimental_design,width,inset,250,32,0.128,0.126667,64,0.011852,0.013808,0.013438
purpose,experimental_design,width,page_width,250,155,0.62,0.618333,503,0.093148,0.087697,0.085966
purpose,experimental_design,width,single_column,250,107,0.428,0.446667,214,0.03963,0.040176,0.042131
purpose,failure,width,double_column,250,20,0.08,0.076667,32,0.005926,0.008007,0.007399
purpose,failure,width,inset,250,19,0.076,0.078333,28,0.005185,0.005672,0.006103
purpose,failure,width,page_width,250,110,0.44,0.445,284,0.052593,0.048033,0.0469
purpose,failure,width,single_column,250,47,0.188,0.196667,73,0.013519,0.013819,0.013875
purpose,headline,width,double_column,250,44,0.176,0.17,87,0.016111,0.026312,0.026415
purpose,headline,width,inset,250,16,0.064,0.065,21,0.003889,0.005068,0.005432
purpose,headline,width,page_width,250,174,0.696,0.683333,404,0.074815,0.08495,0.0823
purpose,headline,width,single_column,250,88,0.352,0.385,130,0.024074,0.027747,0.030192
purpose,main_comparison,width,double_column,250,66,0.264,0.261667,266,0.049259,0.060843,0.058369
purpose,main_comparison,width,inset,250,49,0.196,0.196667,119,0.022037,0.024603,0.025331
purpose,main_comparison,width,page_width,250,197,0.788,0.785,1269,0.235,0.233729,0.224696
purpose,main_comparison,width,single_column,250,163,0.652,0.676667,516,0.095556,0.100563,0.105795
purpose,mechanism,width,double_column,250,42,0.168,0.161667,130,0.024074,0.027396,0.027152
purpose,mechanism,width,inset,250,35,0.14,0.141667,60,0.011111,0.012523,0.01216
purpose,mechanism,width,page_width,250,158,0.632,0.63,674,0.124815,0.113811,0.114265
purpose,mechanism,width,single_column,250,123,0.492,0.506667,297,0.055,0.053502,0.055091
purpose,method_interface,width,double_column,250,42,0.168,0.163333,82,0.015185,0.021246,0.020002
purpose,method_interface,width,inset,250,22,0.088,0.083333,25,0.00463,0.005716,0.005437
purpose,method_interface,width,page_width,250,166,0.664,0.655,519,0.096111,0.092276,0.089109
purpose,method_interface,width,single_column,250,86,0.344,0.365,152,0.028148,0.032735,0.035735
purpose,other,width,double_column,250,3,0.012,0.01,3,0.000556,0.000822,0.000685
purpose,other,width,inset,250,2,0.008,0.01,2,0.00037,0.000206,0.000257
purpose,other,width,page_width,250,27,0.108,0.106667,35,0.006481,0.006634,0.006542
purpose,other,width,single_column,250,3,0.012,0.013333,4,0.000741,0.000929,0.000995
purpose,qualitative_evidence,width,double_column,250,30,0.12,0.12,88,0.016296,0.021794,0.022164
purpose,qualitative_evidence,width,inset,250,29,0.116,0.115,55,0.010185,0.013918,0.014733
purpose,qualitative_evidence,width,page_width,250,164,0.656,0.658333,763,0.141296,0.138879,0.135342
purpose,qualitative_evidence,width,single_column,250,78,0.312,0.326667,157,0.029074,0.033663,0.034891
purpose,reproduction,width,double_column,250,30,0.12,0.116667,71,0.013148,0.013512,0.013103
purpose,reproduction,width,inset,250,37,0.148,0.148333,75,0.013889,0.015158,0.015164
purpose,reproduction,width,page_width,250,146,0.584,0.578333,710,0.131481,0.109328,0.106941
purpose,reproduction,width,single_column,250,98,0.392,0.411667,235,0.043519,0.042738,0.043156
purpose,robustness,width,double_column,250,47,0.188,0.181667,209,0.038704,0.047264,0.046589
purpose,robustness,width,inset,250,40,0.16,0.161667,91,0.016852,0.019539,0.018848
purpose,robustness,width,page_width,250,188,0.752,0.758333,1184,0.219259,0.203679,0.201534
purpose,robustness,width,single_column,250,136,0.544,0.556667,566,0.104815,0.085492,0.089466
purpose,theory_mechanism,width,double_column,250,40,0.16,0.156667,84,0.015556,0.023659,0.023395
purpose,theory_mechanism,width,inset,250,27,0.108,0.103333,40,0.007407,0.009634,0.009535
purpose,theory_mechanism,width,page_width,250,159,0.636,0.638333,350,0.064815,0.077842,0.077595
purpose,theory_mechanism,width,single_column,250,88,0.352,0.376667,179,0.033148,0.04345,0.047333
table_rules,booktabs,highlighting,arrows,250,11,0.044,0.041667,25,0.00463,0.007219,0.006231
table_rules,booktabs,highlighting,best_second_best,250,55,0.22,0.215,280,0.051852,0.044744,0.044228
table_rules,booktabs,highlighting,bold,250,152,0.608,0.61,822,0.152222,0.150379,0.149545
table_rules,booktabs,highlighting,cell_color,250,56,0.224,0.221667,209,0.038704,0.040428,0.038529
table_rules,booktabs,highlighting,italic,250,22,0.088,0.091667,45,0.008333,0.011102,0.011915
table_rules,booktabs,highlighting,none,250,152,0.608,0.601667,555,0.102778,0.112022,0.106777
table_rules,booktabs,highlighting,text_color,250,36,0.144,0.146667,75,0.013889,0.01406,0.013368
table_rules,booktabs,highlighting,underline,250,43,0.172,0.16,186,0.034444,0.026812,0.024972
table_rules,grid,highlighting,bold,250,7,0.028,0.03,14,0.002593,0.002417,0.002575
table_rules,grid,highlighting,cell_color,250,3,0.012,0.015,6,0.001111,0.001328,0.00166
table_rules,grid,highlighting,italic,250,1,0.004,0.005,1,0.000185,0.00019,0.000238
table_rules,grid,highlighting,none,250,4,0.016,0.016667,10,0.001852,0.001318,0.001371
table_rules,grid,highlighting,text_color,250,1,0.004,0.005,2,0.00037,0.000615,0.000769
table_rules,minimal,highlighting,arrows,250,1,0.004,0.003333,1,0.000185,0.00025,0.000208
table_rules,minimal,highlighting,best_second_best,250,3,0.012,0.013333,6,0.001111,0.001156,0.001362
table_rules,minimal,highlighting,bold,250,20,0.08,0.081667,76,0.014074,0.007805,0.008026
table_rules,minimal,highlighting,cell_color,250,8,0.032,0.031667,24,0.004444,0.002227,0.002068
table_rules,minimal,highlighting,italic,250,2,0.008,0.01,2,0.00037,0.000498,0.000623
table_rules,minimal,highlighting,none,250,35,0.14,0.141667,99,0.018333,0.012932,0.013728
table_rules,minimal,highlighting,text_color,250,7,0.028,0.028333,9,0.001667,0.001608,0.001551
table_rules,minimal,highlighting,underline,250,2,0.008,0.006667,3,0.000556,0.000411,0.000342
table_rules,none,highlighting,bold,250,1,0.004,0.003333,1,0.000185,0.000333,0.000278
table_rules,none,highlighting,none,250,1,0.004,0.003333,1,0.000185,0.00019,0.000159
table_rules,partial_grid,highlighting,arrows,250,7,0.028,0.026667,12,0.002222,0.002213,0.002296
table_rules,partial_grid,highlighting,best_second_best,250,30,0.12,0.116667,133,0.02463,0.021035,0.01968
table_rules,partial_grid,highlighting,bold,250,83,0.332,0.328333,451,0.083519,0.084771,0.084226
table_rules,partial_grid,highlighting,cell_color,250,41,0.164,0.166667,131,0.024259,0.023968,0.023291
table_rules,partial_grid,highlighting,italic,250,10,0.04,0.043333,23,0.004259,0.005022,0.005521
table_rules,partial_grid,highlighting,none,250,51,0.204,0.193333,152,0.028148,0.025276,0.024324
table_rules,partial_grid,highlighting,text_color,250,31,0.124,0.128333,90,0.016667,0.016027,0.016346
table_rules,partial_grid,highlighting,underline,250,23,0.092,0.088333,61,0.011296,0.010445,0.009997
purpose,ablation,table_rules,booktabs,250,125,0.5,0.488333,351,0.065,0.065077,0.06363
purpose,ablation,table_rules,grid,250,3,0.012,0.011667,4,0.000741,0.001022,0.00098
purpose,ablation,table_rules,minimal,250,17,0.068,0.07,24,0.004444,0.004162,0.004198
purpose,ablation,table_rules,partial_grid,250,52,0.208,0.203333,131,0.024259,0.024193,0.023716
purpose,dataset,table_rules,booktabs,250,72,0.288,0.285,135,0.025,0.027164,0.026254
purpose,dataset,table_rules,grid,250,1,0.004,0.003333,1,0.000185,0.000167,0.000139
purpose,dataset,table_rules,minimal,250,18,0.072,0.071667,46,0.008519,0.005164,0.005524
purpose,dataset,table_rules,none,250,1,0.004,0.003333,1,0.000185,0.00019,0.000159
purpose,dataset,table_rules,partial_grid,250,35,0.14,0.131667,88,0.016296,0.014194,0.0133
purpose,efficiency_cost,table_rules,booktabs,250,102,0.408,0.403333,237,0.043889,0.046544,0.045741
purpose,efficiency_cost,table_rules,grid,250,4,0.016,0.018333,12,0.002222,0.00193,0.002293
purpose,efficiency_cost,table_rules,minimal,250,14,0.056,0.058333,26,0.004815,0.004119,0.004508
purpose,efficiency_cost,table_rules,none,250,1,0.004,0.003333,1,0.000185,0.000333,0.000278
purpose,efficiency_cost,table_rules,partial_grid,250,38,0.152,0.15,90,0.016667,0.018478,0.017603
purpose,experimental_design,table_rules,booktabs,250,101,0.404,0.41,224,0.041481,0.042892,0.043608
purpose,experimental_design,table_rules,grid,250,3,0.012,0.013333,5,0.000926,0.000641,0.000703
purpose,experimental_design,table_rules,minimal,250,18,0.072,0.071667,40,0.007407,0.004414,0.004292
purpose,experimental_design,table_rules,none,250,1,0.004,0.003333,1,0.000185,0.00019,0.000159
purpose,experimental_design,table_rules,partial_grid,250,54,0.216,0.213333,133,0.02463,0.023418,0.022611
purpose,failure,table_rules,booktabs,250,42,0.168,0.168333,68,0.012593,0.015462,0.015058
purpose,failure,table_rules,grid,250,1,0.004,0.005,1,0.000185,0.000125,0.000156
purpose,failure,table_rules,minimal,250,5,0.02,0.023333,6,0.001111,0.001009,0.001182
purpose,failure,table_rules,partial_grid,250,22,0.088,0.083333,46,0.008519,0.007983,0.007179
purpose,headline,table_rules,booktabs,250,95,0.38,0.376667,140,0.025926,0.03161,0.03086
purpose,headline,table_rules,grid,250,3,0.012,0.013333,5,0.000926,0.00092,0.001011
purpose,headline,table_rules,minimal,250,2,0.008,0.01,2,0.00037,0.000325,0.000406
purpose,headline,table_rules,partial_grid,250,54,0.216,0.215,81,0.015,0.019229,0.019214
purpose,main_comparison,table_rules,booktabs,250,167,0.668,0.658333,795,0.147222,0.152171,0.147817
purpose,main_comparison,table_rules,grid,250,5,0.02,0.021667,15,0.002778,0.002684,0.002998
purpose,main_comparison,table_rules,minimal,250,17,0.068,0.071667,46,0.008519,0.006244,0.006623
purpose,main_comparison,table_rules,partial_grid,250,87,0.348,0.341667,383,0.070926,0.073391,0.071242
purpose,mechanism,table_rules,booktabs,250,90,0.36,0.351667,183,0.033889,0.035618,0.034326
purpose,mechanism,table_rules,grid,250,4,0.016,0.018333,6,0.001111,0.000979,0.001165
purpose,mechanism,table_rules,minimal,250,9,0.036,0.038333,24,0.004444,0.002648,0.0027
purpose,mechanism,table_rules,partial_grid,250,42,0.168,0.16,101,0.018704,0.018749,0.018839
purpose,method_interface,table_rules,booktabs,250,30,0.12,0.118333,43,0.007963,0.009926,0.009765
purpose,method_interface,table_rules,grid,250,2,0.008,0.01,2,0.00037,0.000315,0.000394
purpose,method_interface,table_rules,minimal,250,14,0.056,0.056667,39,0.007222,0.003578,0.003514
purpose,method_interface,table_rules,partial_grid,250,26,0.104,0.106667,50,0.009259,0.010338,0.010641
purpose,other,table_rules,booktabs,250,11,0.044,0.041667,14,0.002593,0.002991,0.002841
purpose,other,table_rules,minimal,250,3,0.012,0.013333,3,0.000556,0.000581,0.000598
purpose,other,table_rules,none,250,1,0.004,0.003333,1,0.000185,0.000333,0.000278
purpose,other,table_rules,partial_grid,250,6,0.024,0.023333,6,0.001111,0.001173,0.001127
purpose,qualitative_evidence,table_rules,booktabs,250,38,0.152,0.141667,63,0.011667,0.012368,0.011204
purpose,qualitative_evidence,table_rules,grid,250,2,0.008,0.008333,2,0.00037,0.000297,0.000311
purpose,qualitative_evidence,table_rules,minimal,250,6,0.024,0.025,19,0.003519,0.002914,0.003211
purpose,qualitative_evidence,table_rules,partial_grid,250,24,0.096,0.093333,56,0.01037,0.009874,0.009857
purpose,reproduction,table_rules,booktabs,250,131,0.524,0.521667,420,0.077778,0.07837,0.076107
purpose,reproduction,table_rules,grid,250,5,0.02,0.021667,9,0.001667,0.001182,0.00131
purpose,reproduction,table_rules,minimal,250,28,0.112,0.111667,75,0.013889,0.009602,0.009679
purpose,reproduction,table_rules,none,250,1,0.004,0.003333,1,0.000185,0.00019,0.000159
purpose,reproduction,table_rules,partial_grid,250,66,0.264,0.263333,213,0.039444,0.033681,0.033805
purpose,robustness,table_rules,booktabs,250,139,0.556,0.546667,519,0.096111,0.097059,0.093886
purpose,robustness,table_rules,grid,250,4,0.016,0.016667,11,0.002037,0.001743,0.001881
purpose,robustness,table_rules,minimal,250,22,0.088,0.086667,52,0.00963,0.007499,0.007583
purpose,robustness,table_rules,partial_grid,250,67,0.268,0.263333,244,0.045185,0.047348,0.046349
purpose,theory_mechanism,table_rules,booktabs,250,44,0.176,0.18,62,0.011481,0.015005,0.015805
purpose,theory_mechanism,table_rules,grid,250,3,0.012,0.013333,3,0.000556,0.000649,0.000672
purpose,theory_mechanism,table_rules,minimal,250,10,0.04,0.041667,13,0.002407,0.002583,0.002624
purpose,theory_mechanism,table_rules,partial_grid,250,17,0.068,0.07,23,0.004259,0.007157,0.007575
