statistic,value,figure_count,figure_share,papers_present,paper_prevalence,conference_equal_paper_prevalence
hex,#000000,784,0.255291,142,0.568,0.571667
hex,#FFFFFF,709,0.230869,140,0.56,0.551667
hex,#1F77B4,388,0.126343,70,0.28,0.288333
hex,#2CA02C,324,0.105503,66,0.264,0.271667
hex,#FF7F0E,317,0.103224,62,0.248,0.256667
hex,#D62728,277,0.090199,55,0.22,0.23
hex,#FF0000,211,0.068707,56,0.224,0.228333
hex,#222222,181,0.058938,36,0.144,0.141667
hex,#D9D9D9,138,0.044937,60,0.24,0.231667
hex,#5254A3,132,0.042983,1,0.004,0.005
hex,#F28E2B,131,0.042657,43,0.172,0.166667
hex,#0000FF,125,0.040703,27,0.108,0.111667
hex,#F2F2F2,114,0.037121,32,0.128,0.126667
hex,#FDE725,93,0.030283,34,0.136,0.136667
hex,#111111,83,0.027027,17,0.068,0.068333
hex,#808080,81,0.026376,32,0.128,0.133333
hex,#F0443E,80,0.02605,2,0.008,0.01
hex,#440154,78,0.025399,27,0.108,0.111667
hex,#E15759,78,0.025399,22,0.088,0.09
hex,#59A14F,75,0.024422,21,0.084,0.085
hex,#666666,74,0.024096,23,0.092,0.096667
hex,#7F7F7F,70,0.022794,34,0.136,0.145
hex,#9467BD,67,0.021817,30,0.12,0.126667
hex,#B0B0B0,64,0.02084,20,0.08,0.078333
hex,#333333,63,0.020514,23,0.092,0.091667
hex,#8C564B,61,0.019863,30,0.12,0.128333
hex,#D9EAD3,58,0.018886,17,0.068,0.068333
hex,#31688E,56,0.018235,20,0.08,0.076667
hex,#35B779,55,0.017909,19,0.076,0.073333
hex,#008000,53,0.017258,20,0.08,0.081667
hex,#4C78A8,52,0.016933,22,0.088,0.085
hex,#FFF2CC,50,0.016281,16,0.064,0.065
hex,#377EB8,49,0.015956,12,0.048,0.048333
hex,#777777,49,0.015956,23,0.092,0.095
hex,#4E79A7,48,0.01563,12,0.048,0.05
hex,#BDBDBD,48,0.01563,27,0.108,0.108333
hex,#2166AC,47,0.015304,10,0.04,0.041667
hex,#7E57C2,47,0.015304,3,0.012,0.011667
hex,#4285F4,45,0.014653,2,0.008,0.008333
hex,#E377C2,45,0.014653,24,0.096,0.1
hex,#32B7C9,44,0.014328,1,0.004,0.005
hex,#E6B83F,44,0.014328,1,0.004,0.005
hex,#34A853,42,0.013676,2,0.008,0.01
hex,#6BAED6,42,0.013676,14,0.056,0.056667
hex,#C00000,39,0.012699,12,0.048,0.045
hex,#70AD47,38,0.012374,15,0.06,0.065
hex,#404040,35,0.011397,7,0.028,0.026667
hex,#9ECAE1,35,0.011397,8,0.032,0.035
hex,#17BECF,34,0.011071,16,0.064,0.063333
hex,#B07AA1,34,0.011071,13,0.052,0.048333
hex,#B2182B,34,0.011071,8,0.032,0.035
hex,#FCE4D6,34,0.011071,7,0.028,0.028333
hex,#F4B183,32,0.01042,17,0.068,0.071667
hex,#FFA500,32,0.01042,12,0.048,0.05
hex,#6B6B6B,31,0.010094,4,0.016,0.015
hex,#D73027,31,0.010094,9,0.036,0.04
hex,#E2F0D9,31,0.010094,7,0.028,0.028333
hex,#E69F00,31,0.010094,11,0.044,0.046667
hex,#EADCF8,31,0.010094,3,0.012,0.013333
hex,#F7F7F7,31,0.010094,16,0.064,0.06
hex,#21918C,30,0.009769,11,0.044,0.05
hex,#FFA07A,30,0.009769,3,0.012,0.013333
hex,#2F5974,28,0.009118,1,0.004,0.005
hex,#79AF78,28,0.009118,1,0.004,0.005
hex,#D9EAF7,28,0.009118,17,0.068,0.071667
hex,#FF6257,28,0.009118,1,0.004,0.005
hex,#A6A6A6,27,0.008792,12,0.048,0.048333
hex,#E41A1C,27,0.008792,11,0.044,0.043333
hex,#F6C453,27,0.008792,1,0.004,0.005
hex,#08306B,26,0.008466,9,0.036,0.036667
hex,#202020,26,0.008466,8,0.032,0.028333
hex,#5B9BD5,26,0.008466,16,0.064,0.071667
hex,#76B7B2,26,0.008466,10,0.04,0.038333
hex,#DDEBF7,26,0.008466,4,0.016,0.015
hex,#E67E22,26,0.008466,4,0.016,0.015
hex,#2CA25F,25,0.008141,5,0.02,0.02
hex,#2F75B5,25,0.008141,11,0.044,0.048333
hex,#4292C6,25,0.008141,3,0.012,0.015
hex,#482878,25,0.008141,9,0.036,0.033333
hex,#4DAF4A,25,0.008141,10,0.04,0.043333
hex,#BCBD22,25,0.008141,13,0.052,0.055
hex,#E45756,25,0.008141,10,0.04,0.036667
hex,#EDC948,25,0.008141,8,0.032,0.03
hex,#0072B2,24,0.007815,7,0.028,0.028333
hex,#F4F4F4,24,0.007815,8,0.032,0.03
hex,#2171B5,23,0.007489,7,0.028,0.028333
hex,#5AAE61,23,0.007489,5,0.02,0.018333
hex,#762A83,23,0.007489,3,0.012,0.011667
hex,#9C755F,23,0.007489,7,0.028,0.028333
hex,#9E9E9E,23,0.007489,8,0.032,0.033333
hex,#F7FBFF,23,0.007489,6,0.024,0.026667
hex,#C6DBEF,22,0.007164,6,0.024,0.025
hex,#55A868,21,0.006838,11,0.044,0.046667
hex,#74ADD1,21,0.006838,5,0.02,0.02
hex,#80B1D3,21,0.006838,5,0.02,0.018333
hex,#F04438,21,0.006838,2,0.008,0.006667
hex,#FCEFF0,21,0.006838,1,0.004,0.005
hex,#1F9E89,20,0.006513,5,0.02,0.02
hex,#26828E,20,0.006513,6,0.024,0.023333
hex,#2878B5,20,0.006513,2,0.008,0.006667
hex,#8DD3C7,20,0.006513,5,0.02,0.016667
hex,#E6E6E6,20,0.006513,12,0.048,0.048333
hex,#F4CCCC,20,0.006513,10,0.04,0.043333
hex,#F8766D,20,0.006513,6,0.024,0.025
hex,#FB8072,20,0.006513,5,0.02,0.018333
hex,#FDB462,20,0.006513,4,0.016,0.013333
hex,#FFC000,20,0.006513,12,0.048,0.051667
hex,#008080,19,0.006187,1,0.004,0.005
hex,#3B528B,19,0.006187,5,0.02,0.021667
hex,#3E4989,19,0.006187,6,0.024,0.023333
hex,#4C72B0,19,0.006187,8,0.032,0.031667
hex,#6A6A6A,19,0.006187,1,0.004,0.003333
hex,#800080,19,0.006187,8,0.032,0.031667
hex,#8FA6D8,19,0.006187,1,0.004,0.005
hex,#999999,19,0.006187,11,0.044,0.043333
hex,#BBD7EE,19,0.006187,2,0.008,0.01
hex,#1B9E77,18,0.005861,11,0.044,0.043333
hex,#2E8B57,18,0.005861,10,0.04,0.041667
hex,#4393C3,18,0.005861,3,0.012,0.011667
hex,#A6CEE3,18,0.005861,8,0.032,0.031667
hex,#BC80BD,18,0.005861,3,0.012,0.01
hex,#E31A1C,18,0.005861,11,0.044,0.04
hex,#F2A47D,18,0.005861,1,0.004,0.005
hex,#FFFF00,18,0.005861,6,0.024,0.023333
hex,#1B7837,17,0.005536,3,0.012,0.01
hex,#2E7D32,17,0.005536,3,0.012,0.01
hex,#2F6DB2,17,0.005536,2,0.008,0.008333
hex,#4DB6AC,17,0.005536,2,0.008,0.01
hex,#555555,17,0.005536,10,0.04,0.038333
hex,#DEEBF7,17,0.005536,4,0.016,0.016667
hex,#ED7D31,17,0.005536,10,0.04,0.043333
hex,#F5C542,17,0.005536,2,0.008,0.008333
hex,#0A73B7,16,0.00521,1,0.004,0.003333
hex,#313695,16,0.00521,3,0.012,0.011667
hex,#45A049,16,0.00521,1,0.004,0.003333
hex,#5B8FF9,16,0.00521,5,0.02,0.02
hex,#65B86E,16,0.00521,1,0.004,0.003333
hex,#7B4FA3,16,0.00521,1,0.004,0.005
hex,#8D6AAE,16,0.00521,1,0.004,0.005
hex,#B9DDF1,16,0.00521,1,0.004,0.003333
hex,#D9534F,16,0.00521,10,0.04,0.04
hex,#E33E3E,16,0.00521,1,0.004,0.003333
hex,#E74C3C,16,0.00521,12,0.048,0.048333
hex,#F4D3BF,16,0.00521,1,0.004,0.003333
hex,#084594,15,0.004884,2,0.008,0.01
hex,#2A9D8F,15,0.004884,8,0.032,0.028333
hex,#4575B4,15,0.004884,4,0.016,0.016667
hex,#4CAF50,15,0.004884,10,0.04,0.04
hex,#67A9CF,15,0.004884,4,0.016,0.016667
hex,#73CCB5,15,0.004884,1,0.004,0.005
hex,#8A2BE2,15,0.004884,2,0.008,0.006667
hex,#A0A0A0,15,0.004884,8,0.032,0.035
hex,#A9D18E,15,0.004884,8,0.032,0.031667
hex,#B279A2,15,0.004884,9,0.036,0.033333
hex,#C9C9C9,15,0.004884,5,0.02,0.018333
hex,#D1E5F0,15,0.004884,5,0.02,0.02
hex,#EF6548,15,0.004884,1,0.004,0.005
hex,#F46D43,15,0.004884,3,0.012,0.01
hex,#FDAE61,15,0.004884,4,0.016,0.015
hex,#009E73,14,0.004559,5,0.02,0.02
hex,#1F4E79,14,0.004559,6,0.024,0.025
hex,#54A24B,14,0.004559,6,0.024,0.021667
hex,#7FBF7B,14,0.004559,1,0.004,0.003333
hex,#8B0000,14,0.004559,5,0.02,0.021667
hex,#984EA3,14,0.004559,4,0.016,0.018333
hex,#9970AB,14,0.004559,1,0.004,0.003333
hex,#B8D4EF,14,0.004559,1,0.004,0.003333
hex,#BEBADA,14,0.004559,4,0.016,0.013333
hex,#C44E52,14,0.004559,8,0.032,0.033333
hex,#D5D5D5,14,0.004559,3,0.012,0.011667
hex,#D9574D,14,0.004559,1,0.004,0.003333
hex,#E78AC3,14,0.004559,5,0.02,0.02
hex,#F4A261,14,0.004559,10,0.04,0.035
hex,#F58518,14,0.004559,9,0.036,0.035
hex,#00008B,13,0.004233,3,0.012,0.015
hex,#3665BF,13,0.004233,1,0.004,0.005
hex,#8DA0CB,13,0.004233,5,0.02,0.02
hex,#A50026,13,0.004233,2,0.008,0.006667
hex,#A5A5A5,13,0.004233,7,0.028,0.026667
hex,#C2A5CF,13,0.004233,1,0.004,0.003333
hex,#CE2D2C,13,0.004233,1,0.004,0.005
hex,#D6D6D6,13,0.004233,4,0.016,0.015
hex,#D95F02,13,0.004233,7,0.028,0.028333
hex,#D9A441,13,0.004233,2,0.008,0.01
hex,#E47B7B,13,0.004233,1,0.004,0.003333
hex,#E53935,13,0.004233,10,0.04,0.041667
hex,#E66C16,13,0.004233,1,0.004,0.003333
hex,#EA9B80,13,0.004233,1,0.004,0.003333
hex,#F2C4B4,13,0.004233,1,0.004,0.003333
hex,#F3B26F,13,0.004233,1,0.004,0.003333
hex,#F4A582,13,0.004233,4,0.016,0.015
hex,#FF7F00,13,0.004233,6,0.024,0.023333
hex,#FF8C00,13,0.004233,7,0.028,0.03
hex,#00BFC4,12,0.003908,1,0.004,0.003333
hex,#00FF00,12,0.003908,5,0.02,0.021667
hex,#0173B2,12,0.003908,3,0.012,0.01
hex,#2F80ED,12,0.003908,5,0.02,0.018333
hex,#3A8C52,12,0.003908,2,0.008,0.006667
hex,#3B4CC0,12,0.003908,6,0.024,0.021667
hex,#3D62C9,12,0.003908,1,0.004,0.003333
hex,#3E8EBA,12,0.003908,1,0.004,0.003333
hex,#4472C4,12,0.003908,8,0.032,0.033333
hex,#4682B4,12,0.003908,2,0.008,0.01
hex,#55A56A,12,0.003908,1,0.004,0.003333
hex,#7570B3,12,0.003908,4,0.016,0.015
hex,#8FB1EE,12,0.003908,1,0.004,0.003333
hex,#9C765B,12,0.003908,1,0.004,0.003333
hex,#9DC3E6,12,0.003908,4,0.016,0.018333
hex,#ABD9E9,12,0.003908,3,0.012,0.011667
hex,#B4D9F5,12,0.003908,1,0.004,0.003333
hex,#B99778,12,0.003908,1,0.004,0.003333
hex,#D04D99,12,0.003908,1,0.004,0.003333
hex,#D3D3D3,12,0.003908,6,0.024,0.023333
hex,#DC143C,12,0.003908,3,0.012,0.013333
hex,#E34A4A,12,0.003908,3,0.012,0.01
hex,#E8C33C,12,0.003908,1,0.004,0.003333
hex,#F5F5F5,12,0.003908,8,0.032,0.031667
hex,#FF9900,12,0.003908,2,0.008,0.006667
hex,#FFF0C7,12,0.003908,4,0.016,0.016667
hex,#1F78B4,11,0.003582,8,0.032,0.03
hex,#2AA876,11,0.003582,1,0.004,0.003333
hex,#33A02C,11,0.003582,6,0.024,0.021667
hex,#3778B2,11,0.003582,1,0.004,0.003333
hex,#41B6C4,11,0.003582,3,0.012,0.011667
hex,#55B99A,11,0.003582,1,0.004,0.003333
hex,#56B4E9,11,0.003582,7,0.028,0.03
hex,#5DC863,11,0.003582,2,0.008,0.008333
hex,#B40426,11,0.003582,5,0.02,0.018333
hex,#D55E00,11,0.003582,6,0.024,0.023333
hex,#DCE6F7,11,0.003582,2,0.008,0.01
hex,#DD8452,11,0.003582,5,0.02,0.02
hex,#E83E8C,11,0.003582,1,0.004,0.003333
hex,#EAEAF2,11,0.003582,2,0.008,0.008333
hex,#F4B7AA,11,0.003582,1,0.004,0.003333
hex,#F5E6B7,11,0.003582,1,0.004,0.003333
hex,#00A6D6,10,0.003256,2,0.008,0.006667
hex,#1E90FF,10,0.003256,3,0.012,0.013333
hex,#2F5597,10,0.003256,5,0.02,0.018333
hex,#66C2A5,10,0.003256,7,0.028,0.026667
hex,#6FA8DC,10,0.003256,7,0.028,0.031667
hex,#8C8C8C,10,0.003256,7,0.028,0.028333
hex,#A8D5C1,10,0.003256,1,0.004,0.003333
hex,#A9D36E,10,0.003256,1,0.004,0.003333
hex,#CC79A7,10,0.003256,5,0.02,0.018333
hex,#D95F5F,10,0.003256,4,0.016,0.015
hex,#F1F1F1,10,0.003256,3,0.012,0.01
hex,#F4A3A3,10,0.003256,3,0.012,0.01
hex,#F6D55C,10,0.003256,5,0.02,0.02
hex,#FEE090,10,0.003256,2,0.008,0.008333
hex,#FF7F0D,10,0.003256,1,0.004,0.005
hex,#FFFFBF,10,0.003256,3,0.012,0.01
hex,#00A000,9,0.002931,1,0.004,0.003333
hex,#00A6A6,9,0.002931,2,0.008,0.01
hex,#00BFFF,9,0.002931,2,0.008,0.008333
hex,#1684D5,9,0.002931,1,0.004,0.003333
hex,#1F1F1F,9,0.002931,5,0.02,0.021667
hex,#3976B8,9,0.002931,1,0.004,0.003333
hex,#4D4D4D,9,0.002931,5,0.02,0.018333
hex,#888888,9,0.002931,4,0.016,0.016667
hex,#A8A8A8,9,0.002931,4,0.016,0.018333
hex,#A9A9A9,9,0.002931,5,0.02,0.018333
hex,#C52A8C,9,0.002931,1,0.004,0.003333
hex,#CCB900,9,0.002931,1,0.004,0.003333
hex,#D22F27,9,0.002931,1,0.004,0.003333
hex,#E0F3F8,9,0.002931,3,0.012,0.01
hex,#E33B3B,9,0.002931,2,0.008,0.008333
hex,#E8E8E8,9,0.002931,7,0.028,0.025
hex,#EEEEEE,9,0.002931,5,0.02,0.018333
hex,#F02727,9,0.002931,1,0.004,0.003333
hex,#F04B3C,9,0.002931,1,0.004,0.003333
hex,#F39C12,9,0.002931,6,0.024,0.023333
hex,#F3F3F3,9,0.002931,6,0.024,0.02
hex,#FCE5CD,9,0.002931,4,0.016,0.016667
hex,#081D58,8,0.002605,1,0.004,0.003333
hex,#096B9C,8,0.002605,1,0.004,0.003333
hex,#120C30,8,0.002605,1,0.004,0.003333
hex,#1A1A1A,8,0.002605,1,0.004,0.005
hex,#1E88E5,8,0.002605,2,0.008,0.006667
hex,#2C7BE5,8,0.002605,1,0.004,0.005
hex,#2C7FB8,8,0.002605,6,0.024,0.023333
hex,#4186AA,8,0.002605,1,0.004,0.003333
hex,#66A61E,8,0.002605,4,0.016,0.016667
hex,#6A1B9A,8,0.002605,2,0.008,0.008333
hex,#7F2A78,8,0.002605,1,0.004,0.003333
hex,#7F3F98,8,0.002605,1,0.004,0.003333
hex,#7FB3D5,8,0.002605,3,0.012,0.011667
hex,#A6B2BC,8,0.002605,1,0.004,0.003333
hex,#AA2D75,8,0.002605,1,0.004,0.003333
hex,#CCCCCC,8,0.002605,2,0.008,0.006667
hex,#D6604D,8,0.002605,2,0.008,0.008333
hex,#D9DCDF,8,0.002605,1,0.004,0.003333
hex,#DC7350,8,0.002605,1,0.004,0.003333
hex,#DCEEFF,8,0.002605,3,0.012,0.013333
hex,#DE8F05,8,0.002605,3,0.012,0.01
hex,#EB00E0,8,0.002605,1,0.004,0.005
hex,#ECA1BF,8,0.002605,1,0.004,0.003333
hex,#EF8A62,8,0.002605,3,0.012,0.011667
hex,#F0F0F0,8,0.002605,7,0.028,0.028333
hex,#F4A300,8,0.002605,1,0.004,0.005
hex,#F58A65,8,0.002605,1,0.004,0.003333
hex,#FADCCD,8,0.002605,1,0.004,0.003333
hex,#FB6A6A,8,0.002605,1,0.004,0.003333
hex,#FBE7E5,8,0.002605,1,0.004,0.003333
hex,#FFD92F,8,0.002605,3,0.012,0.013333
hex,#FFF2B2,8,0.002605,1,0.004,0.003333
hex,#FFF59D,8,0.002605,1,0.004,0.005
hex,#FFFFCC,8,0.002605,3,0.012,0.015
hex,#FFFFD9,8,0.002605,1,0.004,0.003333
hex,#042433,7,0.002279,4,0.016,0.015
hex,#0D0887,7,0.002279,4,0.016,0.018333
hex,#3BA3EC,7,0.002279,2,0.008,0.008333
hex,#4A90E2,7,0.002279,5,0.02,0.02
hex,#4C9BD3,7,0.002279,1,0.004,0.003333
hex,#4F81BD,7,0.002279,4,0.016,0.016667
hex,#4F9BCB,7,0.002279,2,0.008,0.006667
hex,#50B131,7,0.002279,2,0.008,0.008333
hex,#5B5B5B,7,0.002279,2,0.008,0.006667
hex,#5EC962,7,0.002279,3,0.012,0.013333
hex,#6A3D9A,7,0.002279,6,0.024,0.023333
hex,#6BE0B2,7,0.002279,1,0.004,0.003333
hex,#6DCD59,7,0.002279,3,0.012,0.011667
hex,#73D055,7,0.002279,1,0.004,0.003333
hex,#74A8DC,7,0.002279,1,0.004,0.003333
hex,#76B900,7,0.002279,1,0.004,0.005
hex,#7BC96F,7,0.002279,4,0.016,0.018333
hex,#80C987,7,0.002279,1,0.004,0.003333
hex,#8E44AD,7,0.002279,4,0.016,0.016667
hex,#9C9C9C,7,0.002279,1,0.004,0.003333
hex,#B8DE29,7,0.002279,1,0.004,0.003333
hex,#B9D7EA,7,0.002279,2,0.008,0.006667
hex,#BFBFBF,7,0.002279,6,0.024,0.023333
hex,#C9DAF8,7,0.002279,2,0.008,0.008333
hex,#CF3B3B,7,0.002279,1,0.004,0.005
hex,#CFE2F3,7,0.002279,3,0.012,0.011667
hex,#D0A62A,7,0.002279,1,0.004,0.005
hex,#D0D0D0,7,0.002279,6,0.024,0.026667
hex,#D7F0C8,7,0.002279,1,0.004,0.005
hex,#DCEAF7,7,0.002279,2,0.008,0.006667
hex,#E5E5E5,7,0.002279,6,0.024,0.023333
hex,#E6AB02,7,0.002279,5,0.02,0.018333
hex,#E79A1B,7,0.002279,1,0.004,0.003333
hex,#E98A54,7,0.002279,1,0.004,0.005
hex,#EF5350,7,0.002279,2,0.008,0.006667
hex,#EF8D8D,7,0.002279,1,0.004,0.003333
hex,#F26A86,7,0.002279,1,0.004,0.003333
hex,#F2A900,7,0.002279,3,0.012,0.01
hex,#F2C14E,7,0.002279,4,0.016,0.013333
hex,#F8E5D9,7,0.002279,1,0.004,0.005
hex,#FC8D62,7,0.002279,4,0.016,0.016667
hex,#FDDBC7,7,0.002279,3,0.012,0.011667
hex,#FDDDAA,7,0.002279,1,0.004,0.005
hex,#FEE08B,7,0.002279,3,0.012,0.01
hex,#FFA63D,7,0.002279,1,0.004,0.003333
hex,#FFD700,7,0.002279,4,0.016,0.013333
hex,#097969,6,0.001954,1,0.004,0.003333
hex,#0A0A0A,6,0.001954,1,0.004,0.003333
hex,#12A65A,6,0.001954,1,0.004,0.003333
hex,#228B22,6,0.001954,3,0.012,0.01
hex,#2F80C0,6,0.001954,2,0.008,0.006667
hex,#3E5FBA,6,0.001954,1,0.004,0.003333
hex,#58B947,6,0.001954,1,0.004,0.003333
hex,#5AB4AC,6,0.001954,2,0.008,0.008333
hex,#65A96B,6,0.001954,1,0.004,0.003333
hex,#66BB6A,6,0.001954,1,0.004,0.003333
hex,#6C6C6C,6,0.001954,1,0.004,0.003333
hex,#6E4D8A,6,0.001954,1,0.004,0.003333
hex,#6FC36B,6,0.001954,1,0.004,0.005
hex,#9104AC,6,0.001954,1,0.004,0.005
hex,#92C5DE,6,0.001954,3,0.012,0.01
hex,#99000D,6,0.001954,2,0.008,0.008333
hex,#99C7E0,6,0.001954,1,0.004,0.003333
hex,#9FD8E7,6,0.001954,1,0.004,0.003333
hex,#A8B7C7,6,0.001954,1,0.004,0.003333
hex,#B71C1C,6,0.001954,1,0.004,0.003333
hex,#B8E1B0,6,0.001954,1,0.004,0.003333
hex,#BAB0AC,6,0.001954,5,0.02,0.021667
hex,#BFD7EA,6,0.001954,5,0.02,0.02
hex,#C0C0C0,6,0.001954,2,0.008,0.01
hex,#C77CFF,6,0.001954,2,0.008,0.006667
hex,#C9B7E9,6,0.001954,1,0.004,0.003333
hex,#CDEFD8,6,0.001954,1,0.004,0.003333
hex,#D5E8D4,6,0.001954,4,0.016,0.013333
hex,#D9F0D3,6,0.001954,2,0.008,0.008333
hex,#E0E0E0,6,0.001954,5,0.02,0.018333
hex,#E5E5FF,6,0.001954,2,0.008,0.008333
hex,#E8E8F0,6,0.001954,1,0.004,0.003333
hex,#E8F5E9,6,0.001954,3,0.012,0.01
hex,#E9C2D0,6,0.001954,1,0.004,0.003333
hex,#E9C46A,6,0.001954,4,0.016,0.013333
hex,#F00000,6,0.001954,2,0.008,0.006667
hex,#F0F921,6,0.001954,3,0.012,0.013333
hex,#F26B38,6,0.001954,1,0.004,0.005
hex,#F2C94C,6,0.001954,3,0.012,0.01
hex,#F59E0B,6,0.001954,3,0.012,0.01
hex,#F5B7A1,6,0.001954,1,0.004,0.003333
hex,#F6D56E,6,0.001954,1,0.004,0.003333
hex,#F77189,6,0.001954,2,0.008,0.008333
hex,#FB6A4A,6,0.001954,2,0.008,0.008333
hex,#FF6F61,6,0.001954,3,0.012,0.013333
hex,#FF8F00,6,0.001954,1,0.004,0.005
hex,#FFD966,6,0.001954,2,0.008,0.01
hex,#029E73,5,0.001628,3,0.012,0.01
hex,#2F77B5,5,0.001628,3,0.012,0.011667
hex,#3B0F70,5,0.001628,2,0.008,0.006667
hex,#3B82F6,5,0.001628,3,0.012,0.011667
hex,#4B4B4B,5,0.001628,3,0.012,0.013333
hex,#4C4C4C,5,0.001628,4,0.016,0.015
hex,#4E7ED9,5,0.001628,1,0.004,0.003333
hex,#4EA72E,5,0.001628,2,0.008,0.006667
hex,#54A8DD,5,0.001628,1,0.004,0.005
hex,#5B83B7,5,0.001628,1,0.004,0.003333
hex,#63B86B,5,0.001628,1,0.004,0.003333
hex,#6495ED,5,0.001628,3,0.012,0.01
hex,#6E8B6E,5,0.001628,1,0.004,0.003333
hex,#7A5A3A,5,0.001628,1,0.004,0.003333
hex,#7BA7E8,5,0.001628,1,0.004,0.003333
hex,#7DB38D,5,0.001628,1,0.004,0.003333
hex,#82C6E2,5,0.001628,1,0.004,0.003333
hex,#8A63C7,5,0.001628,1,0.004,0.003333
hex,#9400D3,5,0.001628,1,0.004,0.005
hex,#98DAA7,5,0.001628,1,0.004,0.003333
hex,#9A4DCC,5,0.001628,1,0.004,0.003333
hex,#9BCB8A,5,0.001628,2,0.008,0.008333
hex,#A9CFE5,5,0.001628,2,0.008,0.008333
hex,#B8B8B8,5,0.001628,5,0.02,0.02
hex,#BC6BCB,5,0.001628,1,0.004,0.005
hex,#BF572E,5,0.001628,1,0.004,0.003333
hex,#C0504D,5,0.001628,2,0.008,0.01
hex,#C55A11,5,0.001628,2,0.008,0.006667
hex,#CC78BC,5,0.001628,3,0.012,0.01
hex,#D1495B,5,0.001628,2,0.008,0.006667
hex,#D8D8D8,5,0.001628,4,0.016,0.016667
hex,#D95F59,5,0.001628,2,0.008,0.008333
hex,#DCEBFA,5,0.001628,3,0.012,0.01
hex,#E36F4F,5,0.001628,1,0.004,0.005
hex,#E7298A,5,0.001628,3,0.012,0.013333
hex,#E76F51,5,0.001628,3,0.012,0.01
hex,#E7E6E6,5,0.001628,3,0.012,0.01
hex,#E8D4B0,5,0.001628,1,0.004,0.003333
hex,#E97132,5,0.001628,2,0.008,0.006667
hex,#EA2D24,5,0.001628,1,0.004,0.003333
hex,#EF6F61,5,0.001628,1,0.004,0.003333
hex,#F0A15A,5,0.001628,1,0.004,0.003333
hex,#F0A500,5,0.001628,2,0.008,0.008333
hex,#F28C00,5,0.001628,2,0.008,0.01
hex,#F28C38,5,0.001628,1,0.004,0.003333
hex,#F28E8E,5,0.001628,3,0.012,0.013333
hex,#F3B52E,5,0.001628,1,0.004,0.003333
hex,#F6B26B,5,0.001628,4,0.016,0.016667
hex,#F781BF,5,0.001628,2,0.008,0.008333
hex,#006D5B,4,0.001303,1,0.004,0.003333
hex,#0070C0,4,0.001303,2,0.008,0.008333
hex,#008F90,4,0.001303,1,0.004,0.005
hex,#009900,4,0.001303,2,0.008,0.01
hex,#0611B9,4,0.001303,1,0.004,0.005
hex,#0756AD,4,0.001303,1,0.004,0.005
hex,#0B0020,4,0.001303,1,0.004,0.003333
hex,#1683B8,4,0.001303,1,0.004,0.003333
hex,#1769AA,4,0.001303,1,0.004,0.005
hex,#1976D2,4,0.001303,1,0.004,0.003333
hex,#1A67D0,4,0.001303,1,0.004,0.005
hex,#1B4332,4,0.001303,1,0.004,0.005
hex,#1B5E3A,4,0.001303,1,0.004,0.003333
hex,#2A788E,4,0.001303,3,0.012,0.011667
hex,#2B2B2B,4,0.001303,3,0.012,0.013333
hex,#303030,4,0.001303,1,0.004,0.003333
hex,#3514F5,4,0.001303,1,0.004,0.003333
hex,#3B82C4,4,0.001303,3,0.012,0.011667
hex,#3C78B4,4,0.001303,1,0.004,0.003333
hex,#3D4A5B,4,0.001303,1,0.004,0.003333
hex,#3FA77A,4,0.001303,1,0.004,0.003333
hex,#477FC7,4,0.001303,1,0.004,0.005
hex,#4782A6,4,0.001303,2,0.008,0.006667
hex,#49A078,4,0.001303,1,0.004,0.003333
hex,#4F86C6,4,0.001303,1,0.004,0.003333
hex,#52B788,4,0.001303,1,0.004,0.005
hex,#57A2CC,4,0.001303,1,0.004,0.003333
hex,#595959,4,0.001303,2,0.008,0.008333
hex,#5B4B8A,4,0.001303,1,0.004,0.003333
hex,#5C8FE8,4,0.001303,2,0.008,0.008333
hex,#5CB85C,4,0.001303,3,0.012,0.011667
hex,#5DADE2,4,0.001303,3,0.012,0.011667
hex,#5FB4E5,4,0.001303,1,0.004,0.003333
hex,#65C2A5,4,0.001303,1,0.004,0.003333
hex,#696969,4,0.001303,1,0.004,0.005
hex,#6A00A8,4,0.001303,2,0.008,0.008333
hex,#6F1D8E,4,0.001303,1,0.004,0.005
hex,#6F2F9F,4,0.001303,1,0.004,0.003333
hex,#71359E,4,0.001303,1,0.004,0.003333
hex,#756BB1,4,0.001303,1,0.004,0.003333
hex,#75AADB,4,0.001303,2,0.008,0.008333
hex,#7A24FF,4,0.001303,1,0.004,0.003333
hex,#7C3F96,4,0.001303,1,0.004,0.003333
hex,#7C6BC4,4,0.001303,1,0.004,0.003333
hex,#7E63B8,4,0.001303,1,0.004,0.003333
hex,#7FA27D,4,0.001303,1,0.004,0.005
hex,#7FB1D1,4,0.001303,1,0.004,0.003333
hex,#800026,4,0.001303,1,0.004,0.005
hex,#8064A2,4,0.001303,2,0.008,0.008333
hex,#808000,4,0.001303,1,0.004,0.003333
hex,#8BC34A,4,0.001303,3,0.012,0.013333
hex,#8C2981,4,0.001303,1,0.004,0.003333
hex,#8CC17E,4,0.001303,1,0.004,0.003333
hex,#8E8E8E,4,0.001303,1,0.004,0.003333
hex,#938185,4,0.001303,1,0.004,0.005
hex,#9A9A9A,4,0.001303,2,0.008,0.008333
hex,#9BBEDB,4,0.001303,1,0.004,0.005
hex,#9FC9E8,4,0.001303,1,0.004,0.003333
hex,#A65628,4,0.001303,1,0.004,0.003333
hex,#A6761D,4,0.001303,2,0.008,0.008333
hex,#A6D854,4,0.001303,1,0.004,0.005
hex,#A7A7A7,4,0.001303,3,0.012,0.013333
hex,#A8D8B0,4,0.001303,1,0.004,0.003333
hex,#A9D0EA,4,0.001303,1,0.004,0.005
hex,#B12A90,4,0.001303,2,0.008,0.008333
hex,#B3DE69,4,0.001303,3,0.012,0.01
hex,#B4DE2C,4,0.001303,1,0.004,0.003333
hex,#B4E5A2,4,0.001303,2,0.008,0.006667
hex,#B59A7A,4,0.001303,1,0.004,0.005
hex,#B5B5B5,4,0.001303,3,0.012,0.011667
hex,#B7D7F1,4,0.001303,1,0.004,0.005
hex,#B7DEB9,4,0.001303,1,0.004,0.005
hex,#B7E4C7,4,0.001303,1,0.004,0.005
hex,#BD0026,4,0.001303,1,0.004,0.005
hex,#C0EBE9,4,0.001303,1,0.004,0.003333
hex,#C40000,4,0.001303,1,0.004,0.005
hex,#C43C39,4,0.001303,1,0.004,0.005
hex,#C8D8FA,4,0.001303,1,0.004,0.005
hex,#C8EBF9,4,0.001303,1,0.004,0.003333
hex,#CA9161,4,0.001303,2,0.008,0.006667
hex,#CB181D,4,0.001303,2,0.008,0.01
hex,#D0E0E3,4,0.001303,2,0.008,0.01
hex,#D2691E,4,0.001303,2,0.008,0.006667
hex,#D3C3F6,4,0.001303,1,0.004,0.003333
hex,#D7191C,4,0.001303,3,0.012,0.01
hex,#D77BCB,4,0.001303,1,0.004,0.003333
hex,#D94E8C,4,0.001303,1,0.004,0.003333
hex,#D94F4F,4,0.001303,1,0.004,0.005
hex,#D9E8F5,4,0.001303,2,0.008,0.008333
hex,#DD3C3C,4,0.001303,1,0.004,0.005
hex,#DDEEFF,4,0.001303,1,0.004,0.005
hex,#DE4968,4,0.001303,1,0.004,0.003333
hex,#E06666,4,0.001303,1,0.004,0.005
hex,#E16462,4,0.001303,2,0.008,0.008333
hex,#E24A33,4,0.001303,1,0.004,0.005
hex,#E5C494,4,0.001303,1,0.004,0.005
hex,#E5EEF8,4,0.001303,1,0.004,0.005
hex,#E6A06F,4,0.001303,1,0.004,0.003333
hex,#E79570,4,0.001303,1,0.004,0.003333
hex,#E7969C,4,0.001303,1,0.004,0.005
hex,#E7C7A3,4,0.001303,1,0.004,0.005
hex,#E7DDEE,4,0.001303,1,0.004,0.003333
hex,#E7E7E7,4,0.001303,4,0.016,0.016667
hex,#E8F0E2,4,0.001303,1,0.004,0.005
hex,#E99694,4,0.001303,1,0.004,0.005
hex,#E9DEFF,4,0.001303,1,0.004,0.005
hex,#EAF4D3,4,0.001303,1,0.004,0.003333
hex,#EDEDED,4,0.001303,3,0.012,0.011667
hex,#EF4035,4,0.001303,1,0.004,0.003333
hex,#EFE5F5,4,0.001303,1,0.004,0.005
hex,#F03B20,4,0.001303,1,0.004,0.005
hex,#F08080,4,0.001303,3,0.012,0.01
hex,#F14CC1,4,0.001303,1,0.004,0.003333
hex,#F1DFA5,4,0.001303,1,0.004,0.005
hex,#F24E4E,4,0.001303,1,0.004,0.003333
hex,#F2A65A,4,0.001303,4,0.016,0.016667
hex,#F2AAA7,4,0.001303,1,0.004,0.003333
hex,#F2CF5B,4,0.001303,3,0.012,0.01
hex,#F39A8A,4,0.001303,1,0.004,0.003333
hex,#F3F4F6,4,0.001303,3,0.012,0.011667
hex,#F4B6DD,4,0.001303,1,0.004,0.003333
hex,#F4C6C6,4,0.001303,1,0.004,0.005
hex,#F4CACA,4,0.001303,2,0.008,0.008333
hex,#F5A623,4,0.001303,4,0.016,0.016667
hex,#F5B400,4,0.001303,2,0.008,0.008333
hex,#F5D99A,4,0.001303,1,0.004,0.003333
hex,#F5D9C4,4,0.001303,1,0.004,0.003333
hex,#F6BD16,4,0.001303,1,0.004,0.003333
hex,#F89540,4,0.001303,1,0.004,0.003333
hex,#F8E6E6,4,0.001303,1,0.004,0.005
hex,#F9EEDB,4,0.001303,1,0.004,0.005
hex,#F9F9F9,4,0.001303,2,0.008,0.008333
hex,#FAC8EC,4,0.001303,1,0.004,0.003333
hex,#FCCDE5,4,0.001303,3,0.012,0.01
hex,#FD8D3C,4,0.001303,1,0.004,0.005
hex,#FECC5C,4,0.001303,1,0.004,0.005
hex,#FF4C4C,4,0.001303,2,0.008,0.01
hex,#FF6B6B,4,0.001303,2,0.008,0.008333
hex,#FF8C61,4,0.001303,1,0.004,0.003333
hex,#FF9DA6,4,0.001303,3,0.012,0.01
hex,#FFDDEB,4,0.001303,1,0.004,0.005
hex,#FFFF33,4,0.001303,1,0.004,0.003333
hex,#000004,3,0.000977,1,0.004,0.003333
hex,#000099,3,0.000977,1,0.004,0.005
hex,#0000A0,3,0.000977,1,0.004,0.005
hex,#00518F,3,0.000977,1,0.004,0.003333
hex,#006FC0,3,0.000977,1,0.004,0.003333
hex,#0076BA,3,0.000977,1,0.004,0.003333
hex,#0098F8,3,0.000977,1,0.004,0.003333
hex,#00AF50,3,0.000977,1,0.004,0.003333
hex,#00BA38,3,0.000977,2,0.008,0.008333
hex,#017100,3,0.000977,2,0.008,0.006667
hex,#032C60,3,0.000977,1,0.004,0.005
hex,#0B4F9C,3,0.000977,1,0.004,0.003333
hex,#0B5FA5,3,0.000977,1,0.004,0.003333
hex,#0D9DDA,3,0.000977,1,0.004,0.005
hex,#0F172A,3,0.000977,1,0.004,0.003333
hex,#10B981,3,0.000977,1,0.004,0.003333
hex,#1122FF,3,0.000977,1,0.004,0.003333
hex,#1746D1,3,0.000977,1,0.004,0.003333
hex,#180F3D,3,0.000977,1,0.004,0.005
hex,#1B9E4B,3,0.000977,1,0.004,0.003333
hex,#1DB100,3,0.000977,2,0.008,0.006667
hex,#1E293B,3,0.000977,1,0.004,0.003333
hex,#1E78B5,3,0.000977,1,0.004,0.005
hex,#1F3B5B,3,0.000977,1,0.004,0.003333
hex,#2177B3,3,0.000977,1,0.004,0.003333
hex,#225EA8,3,0.000977,1,0.004,0.005
hex,#22A884,3,0.000977,2,0.008,0.008333
hex,#238B45,3,0.000977,1,0.004,0.003333
hex,#264653,3,0.000977,1,0.004,0.003333
hex,#267CB8,3,0.000977,1,0.004,0.003333
hex,#2A9D45,3,0.000977,1,0.004,0.003333
hex,#2D89AC,3,0.000977,1,0.004,0.005
hex,#2D90E5,3,0.000977,1,0.004,0.003333
hex,#2E35B5,3,0.000977,1,0.004,0.003333
hex,#2E75B6,3,0.000977,1,0.004,0.005
hex,#2E86AB,3,0.000977,3,0.012,0.013333
hex,#2E86C1,3,0.000977,2,0.008,0.006667
hex,#2E9B45,3,0.000977,1,0.004,0.003333
hex,#2F6FA3,3,0.000977,2,0.008,0.008333
hex,#2F6FD0,3,0.000977,1,0.004,0.005
hex,#2F80D0,3,0.000977,3,0.012,0.011667
hex,#3182CE,3,0.000977,2,0.008,0.008333
hex,#32CD32,3,0.000977,3,0.012,0.015
hex,#334155,3,0.000977,1,0.004,0.003333
hex,#35A84B,3,0.000977,1,0.004,0.003333
hex,#36A7A3,3,0.000977,1,0.004,0.005
hex,#376380,3,0.000977,1,0.004,0.003333
hex,#38761D,3,0.000977,1,0.004,0.005
hex,#3888B0,3,0.000977,1,0.004,0.003333
hex,#39A33B,3,0.000977,1,0.004,0.003333
hex,#3A3A3A,3,0.000977,1,0.004,0.003333
hex,#3A5431,3,0.000977,1,0.004,0.005
hex,#3CCB69,3,0.000977,1,0.004,0.003333
hex,#3F8EDB,3,0.000977,2,0.008,0.008333
hex,#414487,3,0.000977,2,0.008,0.008333
hex,#4169E1,3,0.000977,2,0.008,0.01
hex,#43B86B,3,0.000977,2,0.008,0.008333
hex,#440F76,3,0.000977,1,0.004,0.005
hex,#457B9D,3,0.000977,1,0.004,0.003333
hex,#46B8A6,3,0.000977,1,0.004,0.003333
hex,#4A8BC5,3,0.000977,1,0.004,0.003333
hex,#4A98C9,3,0.000977,1,0.004,0.005
hex,#4B8BC2,3,0.000977,1,0.004,0.003333
hex,#4D398E,3,0.000977,1,0.004,0.003333
hex,#4DFF00,3,0.000977,1,0.004,0.003333
hex,#4E3BCB,3,0.000977,1,0.004,0.003333
hex,#4E84B4,3,0.000977,1,0.004,0.003333
hex,#4E8B35,3,0.000977,1,0.004,0.003333
hex,#57B1A9,3,0.000977,1,0.004,0.003333
hex,#594C80,3,0.000977,1,0.004,0.003333
hex,#5B5DEB,3,0.000977,1,0.004,0.003333
hex,#5C6BC0,3,0.000977,1,0.004,0.003333
hex,#5CD1DD,3,0.000977,1,0.004,0.005
hex,#5E3C99,3,0.000977,3,0.012,0.01
hex,#5F9FCB,3,0.000977,1,0.004,0.003333
hex,#619CFF,3,0.000977,2,0.008,0.008333
hex,#619FCA,3,0.000977,1,0.004,0.005
hex,#629A90,3,0.000977,1,0.004,0.003333
hex,#67B84B,3,0.000977,1,0.004,0.003333
hex,#68B45B,3,0.000977,1,0.004,0.003333
hex,#6ABC6A,3,0.000977,1,0.004,0.005
hex,#6C8EBF,3,0.000977,3,0.012,0.01
hex,#6D8EDB,3,0.000977,1,0.004,0.003333
hex,#6E6E6E,3,0.000977,3,0.012,0.011667
hex,#6ECE58,3,0.000977,2,0.008,0.008333
hex,#6F9D4E,3,0.000977,1,0.004,0.005
hex,#721F81,3,0.000977,1,0.004,0.005
hex,#72D98B,3,0.000977,1,0.004,0.003333
hex,#76C7E5,3,0.000977,1,0.004,0.003333
hex,#7950A2,3,0.000977,1,0.004,0.003333
hex,#7A7A7A,3,0.000977,3,0.012,0.01
hex,#7AA1D2,3,0.000977,1,0.004,0.003333
hex,#7AD151,3,0.000977,2,0.008,0.008333
hex,#7C73E6,3,0.000977,1,0.004,0.005
hex,#7C7776,3,0.000977,1,0.004,0.003333
hex,#7EA1E3,3,0.000977,1,0.004,0.005
hex,#7EA1FA,3,0.000977,1,0.004,0.003333
hex,#7F7B72,3,0.000977,1,0.004,0.005
hex,#8299C9,3,0.000977,1,0.004,0.003333
hex,#86BCB6,3,0.000977,2,0.008,0.008333
hex,#898989,3,0.000977,1,0.004,0.003333
hex,#8A8A8A,3,0.000977,3,0.012,0.013333
hex,#8B1E3F,3,0.000977,1,0.004,0.003333
hex,#8BAE3B,3,0.000977,1,0.004,0.003333
hex,#8BAF2B,3,0.000977,1,0.004,0.003333
hex,#8BC56F,3,0.000977,1,0.004,0.003333
hex,#8C969E,3,0.000977,1,0.004,0.003333
hex,#8DCB58,3,0.000977,1,0.004,0.003333
hex,#8E6CBE,3,0.000977,1,0.004,0.003333
hex,#8ECDF1,3,0.000977,1,0.004,0.003333
hex,#8FD2EB,3,0.000977,1,0.004,0.005
hex,#93C47D,3,0.000977,2,0.008,0.01
hex,#9A24D8,3,0.000977,1,0.004,0.003333
hex,#9A9D23,3,0.000977,1,0.004,0.003333
hex,#9D755D,3,0.000977,3,0.012,0.01
hex,#9E2F7F,3,0.000977,1,0.004,0.005
hex,#A05BB5,3,0.000977,1,0.004,0.005
hex,#A1CCE6,3,0.000977,1,0.004,0.003333
hex,#A4C4E4,3,0.000977,1,0.004,0.005
hex,#A60000,3,0.000977,1,0.004,0.003333
hex,#A6CAEC,3,0.000977,2,0.008,0.006667
hex,#A84878,3,0.000977,1,0.004,0.003333
hex,#A8C98F,3,0.000977,1,0.004,0.005
hex,#A8CBE9,3,0.000977,1,0.004,0.005
hex,#A8CFA4,3,0.000977,1,0.004,0.003333
hex,#A9D7D8,3,0.000977,1,0.004,0.003333
hex,#A9D8F5,3,0.000977,1,0.004,0.005
hex,#ABDDA4,3,0.000977,1,0.004,0.003333
hex,#ADD8E6,3,0.000977,2,0.008,0.006667
hex,#AE8880,3,0.000977,1,0.004,0.005
hex,#AEDDF1,3,0.000977,1,0.004,0.003333
hex,#AFC2E6,3,0.000977,1,0.004,0.003333
hex,#B15928,3,0.000977,2,0.008,0.006667
hex,#B29B86,3,0.000977,1,0.004,0.003333
hex,#B3B3FF,3,0.000977,1,0.004,0.003333
hex,#B3BFCE,3,0.000977,1,0.004,0.003333
hex,#B4463A,3,0.000977,1,0.004,0.003333
hex,#B73779,3,0.000977,1,0.004,0.003333
hex,#B7B7B7,3,0.000977,3,0.012,0.013333
hex,#B7DDF2,3,0.000977,1,0.004,0.003333
hex,#B8A8E1,3,0.000977,1,0.004,0.005
hex,#B8E0F2,3,0.000977,1,0.004,0.003333
hex,#BFBF00,3,0.000977,1,0.004,0.005
hex,#C0392B,3,0.000977,1,0.004,0.005
hex,#C49A6C,3,0.000977,1,0.004,0.003333
hex,#C5AFE9,3,0.000977,1,0.004,0.005
hex,#C5E9F7,3,0.000977,1,0.004,0.003333
hex,#C6C8EE,3,0.000977,1,0.004,0.003333
hex,#C6D9F1,3,0.000977,1,0.004,0.003333
hex,#C6E0B4,3,0.000977,2,0.008,0.008333
hex,#C8B4F0,3,0.000977,1,0.004,0.005
hex,#C8C54C,3,0.000977,1,0.004,0.005
hex,#CC6600,3,0.000977,1,0.004,0.005
hex,#CCCCFF,3,0.000977,3,0.012,0.011667
hex,#CD4071,3,0.000977,1,0.004,0.005
hex,#CDCDCD,3,0.000977,3,0.012,0.01
hex,#D00000,3,0.000977,1,0.004,0.003333
hex,#D2C1AE,3,0.000977,1,0.004,0.003333
hex,#D36ACB,3,0.000977,1,0.004,0.003333
hex,#D4B893,3,0.000977,1,0.004,0.005
hex,#D4D4D4,3,0.000977,3,0.012,0.011667
hex,#D4E1F4,3,0.000977,1,0.004,0.005
hex,#D55E5E,3,0.000977,1,0.004,0.003333
hex,#D7D7D7,3,0.000977,3,0.012,0.011667
hex,#D83B3B,3,0.000977,1,0.004,0.003333
hex,#D8E8F0,3,0.000977,1,0.004,0.003333
hex,#D95F9A,3,0.000977,2,0.008,0.008333
hex,#D9EEF5,3,0.000977,1,0.004,0.003333
hex,#D9EF8B,3,0.000977,2,0.008,0.01
hex,#D9EFE2,3,0.000977,1,0.004,0.003333
hex,#DAE3F3,3,0.000977,2,0.008,0.008333
hex,#DAE8FC,3,0.000977,3,0.012,0.01
hex,#DBE5FA,3,0.000977,1,0.004,0.003333
hex,#DCE6FF,3,0.000977,1,0.004,0.003333
hex,#DE2D26,3,0.000977,1,0.004,0.003333
hex,#DEF0F8,3,0.000977,1,0.004,0.003333
hex,#E07E39,3,0.000977,1,0.004,0.003333
hex,#E17ABE,3,0.000977,1,0.004,0.003333
hex,#E17C05,3,0.000977,1,0.004,0.003333
hex,#E2B4D2,3,0.000977,1,0.004,0.003333
hex,#E4DFEC,3,0.000977,1,0.004,0.003333
hex,#E5E7EB,3,0.000977,2,0.008,0.01
hex,#E64B35,3,0.000977,1,0.004,0.003333
hex,#E6E6F0,3,0.000977,1,0.004,0.003333
hex,#E6ECF7,3,0.000977,1,0.004,0.003333
hex,#E6F3FF,3,0.000977,1,0.004,0.003333
hex,#E84A3C,3,0.000977,2,0.008,0.008333
hex,#E84A4A,3,0.000977,2,0.008,0.008333
hex,#E88584,3,0.000977,1,0.004,0.005
hex,#E8C38E,3,0.000977,1,0.004,0.003333
hex,#E8E0D6,3,0.000977,1,0.004,0.003333
hex,#E91E63,3,0.000977,1,0.004,0.003333
hex,#E97C79,3,0.000977,1,0.004,0.003333
hex,#E980E8,3,0.000977,1,0.004,0.003333
hex,#E9904A,3,0.000977,1,0.004,0.005
hex,#E9B4B4,3,0.000977,1,0.004,0.003333
hex,#EAB0A7,3,0.000977,1,0.004,0.003333
hex,#EAFEFD,3,0.000977,1,0.004,0.005
hex,#ECE133,3,0.000977,2,0.008,0.006667
hex,#EE220C,3,0.000977,3,0.012,0.01
hex,#EF0000,3,0.000977,1,0.004,0.003333
hex,#EF3B2C,3,0.000977,1,0.004,0.005
hex,#EF4444,3,0.000977,1,0.004,0.003333
hex,#EF5959,3,0.000977,1,0.004,0.003333
hex,#F09010,3,0.000977,1,0.004,0.003333
hex,#F0AFC0,3,0.000977,1,0.004,0.003333
hex,#F1605D,3,0.000977,1,0.004,0.005
hex,#F1A340,3,0.000977,1,0.004,0.003333
hex,#F1B38E,3,0.000977,1,0.004,0.003333
hex,#F2844B,3,0.000977,1,0.004,0.005
hex,#F29B79,3,0.000977,1,0.004,0.003333
hex,#F2AC7F,3,0.000977,1,0.004,0.003333
hex,#F2B134,3,0.000977,2,0.008,0.008333
hex,#F2C27B,3,0.000977,1,0.004,0.003333
hex,#F2C4B0,3,0.000977,1,0.004,0.003333
hex,#F2C80F,3,0.000977,1,0.004,0.005
hex,#F2F2FF,3,0.000977,1,0.004,0.005
hex,#F49B8E,3,0.000977,1,0.004,0.003333
hex,#F4A340,3,0.000977,2,0.008,0.008333
hex,#F4B348,3,0.000977,1,0.004,0.003333
hex,#F4E1B7,3,0.000977,1,0.004,0.003333
hex,#F4E9A8,3,0.000977,1,0.004,0.003333
hex,#F5A000,3,0.000977,1,0.004,0.003333
hex,#F5A65B,3,0.000977,1,0.004,0.005
hex,#F5B51B,3,0.000977,1,0.004,0.003333
hex,#F5C7BF,3,0.000977,1,0.004,0.003333
hex,#F6C6AD,3,0.000977,1,0.004,0.003333
hex,#F6CFC3,3,0.000977,1,0.004,0.003333
hex,#F6E7CB,3,0.000977,2,0.008,0.008333
hex,#F7E8A7,3,0.000977,1,0.004,0.003333
hex,#F8FAFC,3,0.000977,1,0.004,0.003333
hex,#FC9272,3,0.000977,1,0.004,0.005
hex,#FCFDBF,3,0.000977,1,0.004,0.003333
hex,#FD9668,3,0.000977,1,0.004,0.005
hex,#FDD0C0,3,0.000977,1,0.004,0.003333
hex,#FE6A00,3,0.000977,1,0.004,0.005
hex,#FE8010,3,0.000977,1,0.004,0.005
hex,#FECA8D,3,0.000977,1,0.004,0.005
hex,#FF00B8,3,0.000977,1,0.004,0.003333
hex,#FF00FF,3,0.000977,2,0.008,0.008333
hex,#FF6F6F,3,0.000977,1,0.004,0.005
hex,#FF8000,3,0.000977,3,0.012,0.011667
hex,#FF8A65,3,0.000977,1,0.004,0.003333
hex,#FFA94D,3,0.000977,1,0.004,0.005
hex,#FFCCCB,3,0.000977,1,0.004,0.003333
hex,#FFE5CC,3,0.000977,2,0.008,0.008333
hex,#FFE6CD,3,0.000977,1,0.004,0.005
hex,#FFE6E6,3,0.000977,1,0.004,0.003333
hex,#FFF5D6,3,0.000977,1,0.004,0.003333
hex,#FFFFB3,3,0.000977,2,0.008,0.006667
hex,#000080,2,0.000651,2,0.008,0.008333
hex,#0000CC,2,0.000651,2,0.008,0.01
hex,#002FD8,2,0.000651,1,0.004,0.005
hex,#006400,2,0.000651,1,0.004,0.005
hex,#0074C8,2,0.000651,1,0.004,0.005
hex,#00B050,2,0.000651,1,0.004,0.003333
hex,#00FFFF,2,0.000651,1,0.004,0.003333
hex,#053061,2,0.000651,1,0.004,0.003333
hex,#0C1E79,2,0.000651,1,0.004,0.005
hex,#0CD79F,2,0.000651,1,0.004,0.003333
hex,#0F1628,2,0.000651,1,0.004,0.003333
hex,#0F8B4C,2,0.000651,1,0.004,0.003333
hex,#112438,2,0.000651,1,0.004,0.003333
hex,#13A9E8,2,0.000651,1,0.004,0.005
hex,#156082,2,0.000651,2,0.008,0.006667
hex,#159BD7,2,0.000651,1,0.004,0.003333
hex,#159FD0,2,0.000651,1,0.004,0.005
hex,#17648A,2,0.000651,1,0.004,0.005
hex,#188E2C,2,0.000651,1,0.004,0.005
hex,#18A9D8,2,0.000651,1,0.004,0.005
hex,#1A9850,2,0.000651,2,0.008,0.01
hex,#1C1C1C,2,0.000651,1,0.004,0.003333
hex,#1C219E,2,0.000651,1,0.004,0.005
hex,#1E2B32,2,0.000651,1,0.004,0.005
hex,#1E37F5,2,0.000651,1,0.004,0.005
hex,#1E383F,2,0.000651,1,0.004,0.003333
hex,#1F3A5F,2,0.000651,2,0.008,0.008333
hex,#203040,2,0.000651,1,0.004,0.003333
hex,#252525,2,0.000651,2,0.008,0.006667
hex,#262626,2,0.000651,1,0.004,0.003333
hex,#263494,2,0.000651,1,0.004,0.005
hex,#27AE60,2,0.000651,2,0.008,0.008333
hex,#283593,2,0.000651,1,0.004,0.005
hex,#2878A8,2,0.000651,1,0.004,0.003333
hex,#2B6CB0,2,0.000651,2,0.008,0.008333
hex,#2B6ED2,2,0.000651,1,0.004,0.005
hex,#2B8C2B,2,0.000651,1,0.004,0.003333
hex,#2C3172,2,0.000651,1,0.004,0.005
hex,#2C3E50,2,0.000651,1,0.004,0.003333
hex,#2C5282,2,0.000651,1,0.004,0.005
hex,#2D75B6,2,0.000651,1,0.004,0.003333
hex,#2D81C5,2,0.000651,1,0.004,0.005
hex,#2D8CDB,2,0.000651,1,0.004,0.005
hex,#2E5D8A,2,0.000651,1,0.004,0.005
hex,#2E86DE,2,0.000651,2,0.008,0.006667
hex,#2E8ABE,2,0.000651,1,0.004,0.003333
hex,#2F6DB0,2,0.000651,2,0.008,0.008333
hex,#2F6EA5,2,0.000651,2,0.008,0.006667
hex,#2F74B5,2,0.000651,1,0.004,0.003333
hex,#2F7DB7,2,0.000651,1,0.004,0.005
hex,#2FA846,2,0.000651,1,0.004,0.005
hex,#314B77,2,0.000651,1,0.004,0.003333
hex,#3182BD,2,0.000651,2,0.008,0.008333
hex,#31A354,2,0.000651,2,0.008,0.01
hex,#31A752,2,0.000651,1,0.004,0.003333
hex,#326C87,2,0.000651,1,0.004,0.003333
hex,#334EA9,2,0.000651,1,0.004,0.003333
hex,#33858D,2,0.000651,1,0.004,0.005
hex,#34495E,2,0.000651,1,0.004,0.003333
hex,#348ABD,2,0.000651,1,0.004,0.005
hex,#3498DB,2,0.000651,2,0.008,0.006667
hex,#36A5C4,2,0.000651,1,0.004,0.005
hex,#377FA8,2,0.000651,2,0.008,0.006667
hex,#37AFD8,2,0.000651,1,0.004,0.003333
hex,#397BA5,2,0.000651,1,0.004,0.003333
hex,#39A852,2,0.000651,2,0.008,0.01
hex,#39A98A,2,0.000651,1,0.004,0.003333
hex,#39B8B1,2,0.000651,1,0.004,0.003333
hex,#39BFEA,2,0.000651,1,0.004,0.003333
hex,#3A97E8,2,0.000651,1,0.004,0.003333
hex,#3B608C,2,0.000651,1,0.004,0.003333
hex,#3BA3BE,2,0.000651,1,0.004,0.005
hex,#3BA68E,2,0.000651,1,0.004,0.003333
hex,#3D9BD3,2,0.000651,1,0.004,0.003333
hex,#3E8ED0,2,0.000651,1,0.004,0.003333
hex,#3E963B,2,0.000651,1,0.004,0.005
hex,#3F8B42,2,0.000651,1,0.004,0.003333
hex,#3FA4A8,2,0.000651,1,0.004,0.005
hex,#3FB987,2,0.000651,1,0.004,0.003333
hex,#409074,2,0.000651,1,0.004,0.003333
hex,#41C1A8,2,0.000651,1,0.004,0.003333
hex,#4285C5,2,0.000651,1,0.004,0.005
hex,#42A85F,2,0.000651,1,0.004,0.003333
hex,#42D8D8,2,0.000651,1,0.004,0.005
hex,#43AA8B,2,0.000651,2,0.008,0.008333
hex,#444444,2,0.000651,2,0.008,0.008333
hex,#449A3B,2,0.000651,1,0.004,0.003333
hex,#44A7A1,2,0.000651,1,0.004,0.005
hex,#468FD8,2,0.000651,1,0.004,0.005
hex,#46A6B3,2,0.000651,1,0.004,0.005
hex,#475C63,2,0.000651,1,0.004,0.005
hex,#48D058,2,0.000651,1,0.004,0.003333
hex,#4A4A4A,2,0.000651,1,0.004,0.003333
hex,#4A5492,2,0.000651,1,0.004,0.005
hex,#4A90D9,2,0.000651,1,0.004,0.005
hex,#4A9BD0,2,0.000651,1,0.004,0.003333
hex,#4B00A8,2,0.000651,1,0.004,0.003333
hex,#4B6EC4,2,0.000651,1,0.004,0.005
hex,#4B7B29,2,0.000651,1,0.004,0.003333
hex,#4C2C82,2,0.000651,1,0.004,0.003333
hex,#4C4CFF,2,0.000651,1,0.004,0.005
hex,#4C78E8,2,0.000651,1,0.004,0.003333
hex,#4C92C3,2,0.000651,2,0.008,0.006667
hex,#4D5AA8,2,0.000651,1,0.004,0.003333
hex,#4D79A7,2,0.000651,1,0.004,0.005
hex,#4D8075,2,0.000651,1,0.004,0.005
hex,#4D90FE,2,0.000651,1,0.004,0.003333
hex,#4D9BC0,2,0.000651,1,0.004,0.003333
hex,#4DAF50,2,0.000651,1,0.004,0.005
hex,#4E9A65,2,0.000651,1,0.004,0.003333
hex,#4E9AD6,2,0.000651,1,0.004,0.005
hex,#4F88FF,2,0.000651,2,0.008,0.006667
hex,#4F9D69,2,0.000651,2,0.008,0.008333
hex,#506277,2,0.000651,1,0.004,0.005
hex,#5078B5,2,0.000651,1,0.004,0.005
hex,#5095C4,2,0.000651,1,0.004,0.005
hex,#50B9A8,2,0.000651,1,0.004,0.003333
hex,#53AA67,2,0.000651,1,0.004,0.005
hex,#53B5A7,2,0.000651,1,0.004,0.005
hex,#548235,2,0.000651,2,0.008,0.006667
hex,#55A8E8,2,0.000651,1,0.004,0.005
hex,#55B6AB,2,0.000651,1,0.004,0.003333
hex,#564A4D,2,0.000651,1,0.004,0.005
hex,#56857B,2,0.000651,1,0.004,0.005
hex,#56C6BA,2,0.000651,1,0.004,0.003333
hex,#56C878,2,0.000651,1,0.004,0.005
hex,#577590,2,0.000651,2,0.008,0.008333
hex,#5793C6,2,0.000651,1,0.004,0.003333
hex,#5794CB,2,0.000651,1,0.004,0.005
hex,#59669D,2,0.000651,1,0.004,0.005
hex,#5A8F62,2,0.000651,1,0.004,0.003333
hex,#5A9EC9,2,0.000651,1,0.004,0.005
hex,#5A9F5A,2,0.000651,1,0.004,0.003333
hex,#5A9F9F,2,0.000651,1,0.004,0.005
hex,#5AB55A,2,0.000651,1,0.004,0.005
hex,#5B6573,2,0.000651,1,0.004,0.003333
hex,#5B8DB8,2,0.000651,1,0.004,0.003333
hex,#5B9BCB,2,0.000651,1,0.004,0.003333
hex,#5BC0EB,2,0.000651,2,0.008,0.01
hex,#5C3221,2,0.000651,1,0.004,0.003333
hex,#5D86B3,2,0.000651,1,0.004,0.003333
hex,#5D8A64,2,0.000651,1,0.004,0.003333
hex,#5DC962,2,0.000651,1,0.004,0.005
hex,#5E5E5E,2,0.000651,2,0.008,0.006667
hex,#646464,2,0.000651,1,0.004,0.005
hex,#64B5AA,2,0.000651,1,0.004,0.005
hex,#669AB0,2,0.000651,1,0.004,0.003333
hex,#68BDB7,2,0.000651,1,0.004,0.005
hex,#68BFA8,2,0.000651,1,0.004,0.003333
hex,#68C0A9,2,0.000651,1,0.004,0.003333
hex,#6A96C1,2,0.000651,1,0.004,0.003333
hex,#6A9BA3,2,0.000651,1,0.004,0.003333
hex,#6AA56A,2,0.000651,1,0.004,0.005
hex,#6AA84F,2,0.000651,2,0.008,0.01
hex,#6BB4D9,2,0.000651,1,0.004,0.005
hex,#6BCB77,2,0.000651,2,0.008,0.008333
hex,#6BDF73,2,0.000651,1,0.004,0.005
hex,#6C5CE7,2,0.000651,1,0.004,0.003333
hex,#6C63FF,2,0.000651,1,0.004,0.005
hex,#6D147A,2,0.000651,1,0.004,0.005
hex,#6D92B4,2,0.000651,1,0.004,0.003333
hex,#6E9D51,2,0.000651,1,0.004,0.003333
hex,#6EAFD2,2,0.000651,1,0.004,0.003333
hex,#6EBB50,2,0.000651,1,0.004,0.003333
hex,#7030A0,2,0.000651,2,0.008,0.008333
hex,#707070,2,0.000651,2,0.008,0.006667
hex,#70A886,2,0.000651,1,0.004,0.003333
hex,#70B58D,2,0.000651,1,0.004,0.003333
hex,#70B7D8,2,0.000651,1,0.004,0.003333
hex,#727272,2,0.000651,2,0.008,0.006667
hex,#72B7B2,2,0.000651,2,0.008,0.006667
hex,#72C5E5,2,0.000651,1,0.004,0.005
hex,#72E19F,2,0.000651,1,0.004,0.003333
hex,#73C7A8,2,0.000651,1,0.004,0.005
hex,#74C476,2,0.000651,2,0.008,0.008333
hex,#74C7D1,2,0.000651,1,0.004,0.003333
hex,#74CFA9,2,0.000651,1,0.004,0.003333
hex,#75B96A,2,0.000651,1,0.004,0.003333
hex,#78C6BF,2,0.000651,1,0.004,0.003333
hex,#79A7E3,2,0.000651,1,0.004,0.003333
hex,#79B8D3,2,0.000651,1,0.004,0.003333
hex,#7A2E83,2,0.000651,1,0.004,0.003333
hex,#7AA5D8,2,0.000651,1,0.004,0.005
hex,#7AC943,2,0.000651,1,0.004,0.003333
hex,#7B2CBF,2,0.000651,1,0.004,0.003333
hex,#7B4AB5,2,0.000651,2,0.008,0.006667
hex,#7B5AA6,2,0.000651,2,0.008,0.006667
hex,#7B83D5,2,0.000651,1,0.004,0.005
hex,#7CCB6A,2,0.000651,1,0.004,0.005
hex,#7D7D7D,2,0.000651,2,0.008,0.008333
hex,#7EC8E3,2,0.000651,1,0.004,0.003333
hex,#7FCDBB,2,0.000651,2,0.008,0.006667
hex,#8172B3,2,0.000651,2,0.008,0.008333
hex,#82B366,2,0.000651,2,0.008,0.006667
hex,#83B875,2,0.000651,1,0.004,0.003333
hex,#83CBEB,2,0.000651,2,0.008,0.008333
hex,#84A4C4,2,0.000651,1,0.004,0.005
hex,#87CEEB,2,0.000651,2,0.008,0.006667
hex,#8970AA,2,0.000651,1,0.004,0.003333
hex,#8AB6E6,2,0.000651,1,0.004,0.003333
hex,#8B430A,2,0.000651,1,0.004,0.003333
hex,#8B5AAE,2,0.000651,1,0.004,0.005
hex,#8BB7F0,2,0.000651,1,0.004,0.003333
hex,#8C705F,2,0.000651,1,0.004,0.005
hex,#8C83BD,2,0.000651,1,0.004,0.005
hex,#8D6BB3,2,0.000651,1,0.004,0.005
hex,#8D6CCB,2,0.000651,1,0.004,0.005
hex,#8E2A8E,2,0.000651,1,0.004,0.003333
hex,#8E63CE,2,0.000651,1,0.004,0.005
hex,#8E6AA8,2,0.000651,1,0.004,0.003333
hex,#8E6BBE,2,0.000651,2,0.008,0.008333
hex,#8EA9C1,2,0.000651,2,0.008,0.008333
hex,#8EC7E0,2,0.000651,1,0.004,0.005
hex,#8FB08F,2,0.000651,1,0.004,0.003333
hex,#8FB5F1,2,0.000651,1,0.004,0.005
hex,#8FB7F0,2,0.000651,1,0.004,0.003333
hex,#8FC1DB,2,0.000651,1,0.004,0.003333
hex,#8FD3E8,2,0.000651,1,0.004,0.003333
hex,#908EA9,2,0.000651,1,0.004,0.005
hex,#90D743,2,0.000651,2,0.008,0.006667
hex,#90EE90,2,0.000651,1,0.004,0.003333
hex,#9367BC,2,0.000651,2,0.008,0.01
hex,#9370DB,2,0.000651,1,0.004,0.005
hex,#94C7F2,2,0.000651,1,0.004,0.003333
hex,#96CEB4,2,0.000651,1,0.004,0.003333
hex,#973CA3,2,0.000651,1,0.004,0.003333
hex,#990000,2,0.000651,2,0.008,0.008333
hex,#992335,2,0.000651,1,0.004,0.003333
hex,#9A76D1,2,0.000651,1,0.004,0.003333
hex,#9A776F,2,0.000651,1,0.004,0.005
hex,#9B59B6,2,0.000651,2,0.008,0.008333
hex,#9B70C7,2,0.000651,1,0.004,0.003333
hex,#9BC7D1,2,0.000651,1,0.004,0.005
hex,#9BCB45,2,0.000651,1,0.004,0.003333
hex,#9CC9E2,2,0.000651,1,0.004,0.003333
hex,#9E480E,2,0.000651,1,0.004,0.005
hex,#9EC5E5,2,0.000651,2,0.008,0.01
hex,#9FB5F2,2,0.000651,1,0.004,0.003333
hex,#9FD356,2,0.000651,1,0.004,0.005
hex,#A05AC7,2,0.000651,1,0.004,0.005
hex,#A0C0E0,2,0.000651,1,0.004,0.003333
hex,#A1D76A,2,0.000651,2,0.008,0.006667
hex,#A1DAB4,2,0.000651,1,0.004,0.005
hex,#A23B72,2,0.000651,2,0.008,0.008333
hex,#A2D1FD,2,0.000651,1,0.004,0.003333
hex,#A2D1FF,2,0.000651,1,0.004,0.003333
hex,#A383A7,2,0.000651,1,0.004,0.003333
hex,#A4D68C,2,0.000651,1,0.004,0.003333
hex,#A56744,2,0.000651,1,0.004,0.003333
hex,#A56E4D,2,0.000651,1,0.004,0.005
hex,#A5CD90,2,0.000651,1,0.004,0.005
hex,#A5D7EA,2,0.000651,1,0.004,0.003333
hex,#A6611A,2,0.000651,1,0.004,0.003333
hex,#A6A33A,2,0.000651,1,0.004,0.005
hex,#A6D4C3,2,0.000651,1,0.004,0.003333
hex,#A6D8A8,2,0.000651,1,0.004,0.003333
hex,#A7CDF2,2,0.000651,1,0.004,0.003333
hex,#A7D2EE,2,0.000651,1,0.004,0.005
hex,#A7D39A,2,0.000651,1,0.004,0.003333
hex,#A7D854,2,0.000651,1,0.004,0.003333
hex,#A7D8FF,2,0.000651,1,0.004,0.003333
hex,#A7D99B,2,0.000651,1,0.004,0.003333
hex,#A7DBB9,2,0.000651,1,0.004,0.005
hex,#A8C8F0,2,0.000651,2,0.008,0.006667
hex,#A97CC4,2,0.000651,1,0.004,0.005
hex,#A9D48C,2,0.000651,1,0.004,0.005
hex,#A9D6E5,2,0.000651,1,0.004,0.003333
hex,#AA3A11,2,0.000651,1,0.004,0.003333
hex,#AAC8E1,2,0.000651,1,0.004,0.003333
hex,#ADDC30,2,0.000651,2,0.008,0.008333
hex,#AEAEAE,2,0.000651,2,0.008,0.006667
hex,#AFC5EA,2,0.000651,1,0.004,0.005
hex,#AFCB81,2,0.000651,1,0.004,0.003333
hex,#B0D0B8,2,0.000651,1,0.004,0.003333
hex,#B1D3E1,2,0.000651,1,0.004,0.003333
hex,#B2B2B2,2,0.000651,1,0.004,0.003333
hex,#B2DF8A,2,0.000651,1,0.004,0.005
hex,#B43B7D,2,0.000651,1,0.004,0.005
hex,#B4C7E7,2,0.000651,1,0.004,0.005
hex,#B4D8F0,2,0.000651,1,0.004,0.005
hex,#B4E8C8,2,0.000651,1,0.004,0.005
hex,#B5DE2B,2,0.000651,1,0.004,0.005
hex,#B5EAE0,2,0.000651,1,0.004,0.003333
hex,#B66F3C,2,0.000651,1,0.004,0.003333
hex,#B6C5E6,2,0.000651,1,0.004,0.003333
hex,#B6D76A,2,0.000651,1,0.004,0.003333
hex,#B6D7A8,2,0.000651,1,0.004,0.005
hex,#B6D98B,2,0.000651,1,0.004,0.005
hex,#B74545,2,0.000651,1,0.004,0.003333
hex,#B79A32,2,0.000651,1,0.004,0.003333
hex,#B7B8B8,2,0.000651,1,0.004,0.005
hex,#B7C4C9,2,0.000651,1,0.004,0.003333
hex,#B7E3C4,2,0.000651,1,0.004,0.003333
hex,#B8D3A8,2,0.000651,1,0.004,0.005
hex,#B8D8F1,2,0.000651,1,0.004,0.005
hex,#B94E3B,2,0.000651,1,0.004,0.005
hex,#B9654E,2,0.000651,1,0.004,0.005
hex,#B9B2E3,2,0.000651,1,0.004,0.003333
hex,#B9B9B9,2,0.000651,1,0.004,0.003333
hex,#B9C5EA,2,0.000651,1,0.004,0.003333
hex,#B9CBEA,2,0.000651,1,0.004,0.003333
hex,#B9DCF4,2,0.000651,1,0.004,0.005
hex,#BCD6F5,2,0.000651,1,0.004,0.003333
hex,#BDECF8,2,0.000651,1,0.004,0.005
hex,#BFD3E6,2,0.000651,2,0.008,0.008333
hex,#BFD8EE,2,0.000651,1,0.004,0.005
hex,#BFE7C8,2,0.000651,1,0.004,0.003333
hex,#C070D0,2,0.000651,1,0.004,0.003333
hex,#C26BAA,2,0.000651,1,0.004,0.005
hex,#C2D4C6,2,0.000651,1,0.004,0.005
hex,#C3C5D2,2,0.000651,1,0.004,0.005
hex,#C43B7F,2,0.000651,1,0.004,0.003333
hex,#C52B2B,2,0.000651,1,0.004,0.003333
hex,#C6BA69,2,0.000651,1,0.004,0.003333
hex,#C6CFE5,2,0.000651,1,0.004,0.003333
hex,#C6DDF4,2,0.000651,1,0.004,0.003333
hex,#C7D1D4,2,0.000651,2,0.008,0.008333
hex,#C7D2E2,2,0.000651,1,0.004,0.003333
hex,#C7EAF9,2,0.000651,1,0.004,0.003333
hex,#C8E6C9,2,0.000651,2,0.008,0.006667
hex,#C8EAF8,2,0.000651,1,0.004,0.003333
hex,#C8EAF9,2,0.000651,1,0.004,0.003333
hex,#C93F38,2,0.000651,1,0.004,0.005
hex,#C9A66B,2,0.000651,1,0.004,0.005
hex,#C9D7EE,2,0.000651,1,0.004,0.003333
hex,#C9DA6A,2,0.000651,1,0.004,0.003333
hex,#C9E1F4,2,0.000651,1,0.004,0.003333
hex,#C9E5B5,2,0.000651,1,0.004,0.005
hex,#CA5911,2,0.000651,1,0.004,0.003333
hex,#CBE5C1,2,0.000651,1,0.004,0.003333
hex,#CBEFF1,2,0.000651,1,0.004,0.003333
hex,#CC4778,2,0.000651,2,0.008,0.01
hex,#CC9999,2,0.000651,1,0.004,0.003333
hex,#CCEBC5,2,0.000651,1,0.004,0.003333
hex,#CD43FF,2,0.000651,1,0.004,0.005
hex,#CDEFF1,2,0.000651,1,0.004,0.005
hex,#CEB4E8,2,0.000651,1,0.004,0.005
hex,#CF6DAA,2,0.000651,1,0.004,0.005
hex,#CFE7A8,2,0.000651,2,0.008,0.008333
hex,#D2EBA9,2,0.000651,1,0.004,0.003333
hex,#D32F2F,2,0.000651,1,0.004,0.003333
hex,#D37295,2,0.000651,1,0.004,0.005
hex,#D3D2D0,2,0.000651,1,0.004,0.005
hex,#D5EAFB,2,0.000651,1,0.004,0.005
hex,#D62770,2,0.000651,1,0.004,0.005
hex,#D64B35,2,0.000651,1,0.004,0.005
hex,#D65F5F,2,0.000651,1,0.004,0.003333
hex,#D6A6E8,2,0.000651,1,0.004,0.005
hex,#D6B656,2,0.000651,2,0.008,0.006667
hex,#D77CFF,2,0.000651,1,0.004,0.003333
hex,#D7C3EA,2,0.000651,1,0.004,0.003333
hex,#D7E8F1,2,0.000651,1,0.004,0.005
hex,#D7E8F6,2,0.000651,1,0.004,0.003333
hex,#D7EAF7,2,0.000651,2,0.008,0.008333
hex,#D84A4A,2,0.000651,2,0.008,0.006667
hex,#D8A27A,2,0.000651,1,0.004,0.005
hex,#D8ED8B,2,0.000651,1,0.004,0.005
hex,#D94B89,2,0.000651,1,0.004,0.003333
hex,#D94E4E,2,0.000651,1,0.004,0.003333
hex,#D94F70,2,0.000651,1,0.004,0.003333
hex,#D96B6B,2,0.000651,2,0.008,0.008333
hex,#D98F45,2,0.000651,1,0.004,0.005
hex,#D9D2E9,2,0.000651,2,0.008,0.008333
hex,#D9E7F8,2,0.000651,1,0.004,0.003333
hex,#D9F0A3,2,0.000651,2,0.008,0.008333
hex,#D9F0F2,2,0.000651,1,0.004,0.003333
hex,#DAF0FE,2,0.000651,1,0.004,0.003333
hex,#DBAB6B,2,0.000651,1,0.004,0.003333
hex,#DCCCE8,2,0.000651,1,0.004,0.003333
hex,#DCE5F3,2,0.000651,1,0.004,0.003333
hex,#DCE8F2,2,0.000651,2,0.008,0.008333
hex,#DCE8F7,2,0.000651,2,0.008,0.006667
hex,#DCEFFC,2,0.000651,1,0.004,0.003333
hex,#DDA5BC,2,0.000651,1,0.004,0.003333
hex,#DDEAF6,2,0.000651,1,0.004,0.003333
hex,#DDEFD6,2,0.000651,1,0.004,0.003333
hex,#DF5657,2,0.000651,1,0.004,0.005
hex,#E07048,2,0.000651,1,0.004,0.003333
hex,#E0F2F5,2,0.000651,1,0.004,0.003333
hex,#E14465,2,0.000651,1,0.004,0.003333
hex,#E16132,2,0.000651,1,0.004,0.003333
hex,#E17A3C,2,0.000651,1,0.004,0.003333
hex,#E1812C,2,0.000651,1,0.004,0.005
hex,#E1914D,2,0.000651,1,0.004,0.003333
hex,#E23B3B,2,0.000651,1,0.004,0.003333
hex,#E2BFD9,2,0.000651,1,0.004,0.003333
hex,#E2EFF8,2,0.000651,1,0.004,0.005
hex,#E33A3A,2,0.000651,1,0.004,0.005
hex,#E33E43,2,0.000651,1,0.004,0.005
hex,#E35E69,2,0.000651,1,0.004,0.003333
hex,#E37944,2,0.000651,1,0.004,0.003333
hex,#E3832A,2,0.000651,1,0.004,0.003333
hex,#E3E3E3,2,0.000651,1,0.004,0.003333
hex,#E45C50,2,0.000651,1,0.004,0.003333
hex,#E4DDBA,2,0.000651,1,0.004,0.003333
hex,#E4E1D1,2,0.000651,1,0.004,0.005
hex,#E58627,2,0.000651,1,0.004,0.005
hex,#E59BD7,2,0.000651,1,0.004,0.005
hex,#E5BB9A,2,0.000651,1,0.004,0.005
hex,#E5E518,2,0.000651,1,0.004,0.005
hex,#E5F2DD,2,0.000651,1,0.004,0.005
hex,#E67E65,2,0.000651,1,0.004,0.003333
hex,#E6B8AF,2,0.000651,2,0.008,0.008333
hex,#E6F2E7,2,0.000651,1,0.004,0.005
hex,#E77925,2,0.000651,1,0.004,0.003333
hex,#E77C8E,2,0.000651,1,0.004,0.005
hex,#E7981A,2,0.000651,1,0.004,0.003333
hex,#E7A14E,2,0.000651,1,0.004,0.005
hex,#E7AFC6,2,0.000651,1,0.004,0.003333
hex,#E7B416,2,0.000651,1,0.004,0.005
hex,#E7F5F8,2,0.000651,1,0.004,0.003333
hex,#E85D75,2,0.000651,2,0.008,0.006667
hex,#E85F42,2,0.000651,1,0.004,0.003333
hex,#E8700C,2,0.000651,1,0.004,0.005
hex,#E89C72,2,0.000651,1,0.004,0.003333
hex,#E8D5BA,2,0.000651,1,0.004,0.005
hex,#E8D6A3,2,0.000651,1,0.004,0.003333
hex,#E8F3D9,2,0.000651,1,0.004,0.005
hex,#E9705B,2,0.000651,1,0.004,0.005
hex,#E9F2DC,2,0.000651,1,0.004,0.003333
hex,#EA3FA8,2,0.000651,1,0.004,0.003333
hex,#EA4335,2,0.000651,2,0.008,0.008333
hex,#EA6B81,2,0.000651,1,0.004,0.003333
hex,#EAD1DC,2,0.000651,1,0.004,0.003333
hex,#EAEAEA,2,0.000651,2,0.008,0.006667
hex,#EAF6EA,2,0.000651,1,0.004,0.005
hex,#EB0060,2,0.000651,1,0.004,0.005
hex,#EBB839,2,0.000651,1,0.004,0.003333
hex,#EBEBEB,2,0.000651,2,0.008,0.006667
hex,#ECE4FF,2,0.000651,1,0.004,0.005
hex,#ED4D3D,2,0.000651,1,0.004,0.003333
hex,#EE9A8C,2,0.000651,1,0.004,0.003333
hex,#EF2D3F,2,0.000651,1,0.004,0.003333
hex,#EF476F,2,0.000651,1,0.004,0.005
hex,#F03A2F,2,0.000651,1,0.004,0.003333
hex,#F0496E,2,0.000651,1,0.004,0.003333
hex,#F05B4D,2,0.000651,1,0.004,0.003333
hex,#F06464,2,0.000651,1,0.004,0.005
hex,#F06A55,2,0.000651,1,0.004,0.005
hex,#F06C78,2,0.000651,1,0.004,0.005
hex,#F07E82,2,0.000651,1,0.004,0.005
hex,#F09A3E,2,0.000651,1,0.004,0.003333
hex,#F0A04B,2,0.000651,1,0.004,0.003333
hex,#F0B6C3,2,0.000651,1,0.004,0.003333
hex,#F0D56A,2,0.000651,1,0.004,0.003333
hex,#F0E442,2,0.000651,2,0.008,0.006667
hex,#F15A24,2,0.000651,1,0.004,0.005
hex,#F15A4A,2,0.000651,1,0.004,0.003333
hex,#F17D3C,2,0.000651,1,0.004,0.003333
hex,#F18F01,2,0.000651,2,0.008,0.008333
hex,#F19A2A,2,0.000651,1,0.004,0.003333
hex,#F19C99,2,0.000651,1,0.004,0.003333
hex,#F1B95C,2,0.000651,1,0.004,0.003333
hex,#F1C40F,2,0.000651,2,0.008,0.008333
hex,#F1D36B,2,0.000651,1,0.004,0.003333
hex,#F1DDBB,2,0.000651,1,0.004,0.003333
hex,#F26F6A,2,0.000651,1,0.004,0.005
hex,#F2A03B,2,0.000651,1,0.004,0.005
hex,#F2B06B,2,0.000651,1,0.004,0.005
hex,#F2B1B7,2,0.000651,1,0.004,0.005
hex,#F2B2B2,2,0.000651,1,0.004,0.005
hex,#F2B5C8,2,0.000651,1,0.004,0.005
hex,#F2B6C8,2,0.000651,1,0.004,0.003333
hex,#F2D19B,2,0.000651,1,0.004,0.003333
hex,#F2D3B3,2,0.000651,2,0.008,0.01
hex,#F2D97D,2,0.000651,1,0.004,0.005
hex,#F2FFF2,2,0.000651,1,0.004,0.005
hex,#F3715B,2,0.000651,1,0.004,0.003333
hex,#F3A27A,2,0.000651,1,0.004,0.003333
hex,#F3A35C,2,0.000651,2,0.008,0.008333
hex,#F3A6C5,2,0.000651,1,0.004,0.003333
hex,#F3A83B,2,0.000651,1,0.004,0.003333
hex,#F3B41B,2,0.000651,1,0.004,0.005
hex,#F3B6C6,2,0.000651,1,0.004,0.003333
hex,#F3C55E,2,0.000651,1,0.004,0.003333
hex,#F3C8B5,2,0.000651,1,0.004,0.003333
hex,#F3C95B,2,0.000651,1,0.004,0.003333
hex,#F3D345,2,0.000651,1,0.004,0.003333
hex,#F40000,2,0.000651,2,0.008,0.006667
hex,#F4513B,2,0.000651,1,0.004,0.005
hex,#F4B400,2,0.000651,1,0.004,0.003333
hex,#F4B6B6,2,0.000651,2,0.008,0.008333
hex,#F4BC00,2,0.000651,1,0.004,0.003333
hex,#F4C2C2,2,0.000651,2,0.008,0.006667
hex,#F4C4A6,2,0.000651,1,0.004,0.005
hex,#F4C542,2,0.000651,2,0.008,0.008333
hex,#F4CDD4,2,0.000651,1,0.004,0.003333
hex,#F4D35E,2,0.000651,2,0.008,0.006667
hex,#F4D3BA,2,0.000651,1,0.004,0.003333
hex,#F57C00,2,0.000651,1,0.004,0.003333
hex,#F59A45,2,0.000651,1,0.004,0.003333
hex,#F5A04A,2,0.000651,1,0.004,0.003333
hex,#F5C4B3,2,0.000651,1,0.004,0.003333
hex,#F5C518,2,0.000651,1,0.004,0.003333
hex,#F5D37A,2,0.000651,2,0.008,0.006667
hex,#F6A6A6,2,0.000651,1,0.004,0.003333
hex,#F6C6A7,2,0.000651,1,0.004,0.005
hex,#F6C98D,2,0.000651,1,0.004,0.003333
hex,#F6D365,2,0.000651,2,0.008,0.008333
hex,#F6D7B7,2,0.000651,2,0.008,0.008333
hex,#F6DBFE,2,0.000651,1,0.004,0.003333
hex,#F78D47,2,0.000651,1,0.004,0.003333
hex,#F7C6A3,2,0.000651,2,0.008,0.008333
hex,#F7D5B7,2,0.000651,1,0.004,0.005
hex,#F8D7D9,2,0.000651,1,0.004,0.005
hex,#F8E9C8,2,0.000651,1,0.004,0.003333
hex,#F8ECA4,2,0.000651,1,0.004,0.005
hex,#F9C20B,2,0.000651,1,0.004,0.003333
hex,#F9DA78,2,0.000651,1,0.004,0.005
hex,#F9DCD7,2,0.000651,1,0.004,0.005
hex,#F9DDCF,2,0.000651,1,0.004,0.005
hex,#F9E29A,2,0.000651,1,0.004,0.005
hex,#F9E2D2,2,0.000651,1,0.004,0.005
hex,#F9E7E7,2,0.000651,1,0.004,0.005
hex,#FAC8CC,2,0.000651,1,0.004,0.005
hex,#FAD4A5,2,0.000651,1,0.004,0.003333
hex,#FAE6E6,2,0.000651,1,0.004,0.003333
hex,#FB9A99,2,0.000651,2,0.008,0.008333
hex,#FBAFE4,2,0.000651,1,0.004,0.003333
hex,#FBE3D2,2,0.000651,1,0.004,0.003333
hex,#FC6A73,2,0.000651,1,0.004,0.003333
hex,#FCA636,2,0.000651,2,0.008,0.008333
hex,#FCDEA4,2,0.000651,1,0.004,0.005
hex,#FCE4EC,2,0.000651,2,0.008,0.008333
hex,#FDA16B,2,0.000651,1,0.004,0.003333
hex,#FDB863,2,0.000651,1,0.004,0.003333
hex,#FDBF6F,2,0.000651,1,0.004,0.005
hex,#FDEEB9,2,0.000651,1,0.004,0.005
hex,#FDF5E8,2,0.000651,1,0.004,0.005
hex,#FEF8A5,2,0.000651,1,0.004,0.005
hex,#FF1493,2,0.000651,2,0.008,0.01
hex,#FF5252,2,0.000651,1,0.004,0.005
hex,#FF5A5A,2,0.000651,1,0.004,0.005
hex,#FF5A64,2,0.000651,1,0.004,0.003333
hex,#FF7D0C,2,0.000651,1,0.004,0.005
hex,#FF9700,2,0.000651,1,0.004,0.005
hex,#FF9800,2,0.000651,1,0.004,0.005
hex,#FF9B43,2,0.000651,1,0.004,0.005
hex,#FF9D82,2,0.000651,1,0.004,0.003333
hex,#FF9DA7,2,0.000651,2,0.008,0.006667
hex,#FFB3B3,2,0.000651,1,0.004,0.003333
hex,#FFB82E,2,0.000651,1,0.004,0.003333
hex,#FFBF00,2,0.000651,1,0.004,0.005
hex,#FFCCCC,2,0.000651,2,0.008,0.006667
hex,#FFD66B,2,0.000651,1,0.004,0.003333
hex,#FFDEEF,2,0.000651,1,0.004,0.003333
hex,#FFE4B5,2,0.000651,1,0.004,0.003333
hex,#FFEC97,2,0.000651,1,0.004,0.003333
hex,#FFECE3,2,0.000651,1,0.004,0.005
hex,#FFED6F,2,0.000651,1,0.004,0.003333
hex,#FFF200,2,0.000651,1,0.004,0.003333
hex,#FFF2CD,2,0.000651,1,0.004,0.005
hex,#FFFEE6,2,0.000651,2,0.008,0.008333
hex,#00007B,1,0.000326,1,0.004,0.003333
hex,#001473,1,0.000326,1,0.004,0.003333
hex,#0017B6,1,0.000326,1,0.004,0.003333
hex,#001A57,1,0.000326,1,0.004,0.003333
hex,#001BCE,1,0.000326,1,0.004,0.003333
hex,#002030,1,0.000326,1,0.004,0.003333
hex,#003B73,1,0.000326,1,0.004,0.005
hex,#004AAD,1,0.000326,1,0.004,0.003333
hex,#004C99,1,0.000326,1,0.004,0.003333
hex,#004D80,1,0.000326,1,0.004,0.003333
hex,#006633,1,0.000326,1,0.004,0.003333
hex,#006837,1,0.000326,1,0.004,0.003333
hex,#0070B0,1,0.000326,1,0.004,0.003333
hex,#008564,1,0.000326,1,0.004,0.003333
hex,#0089CF,1,0.000326,1,0.004,0.005
hex,#008BFB,1,0.000326,1,0.004,0.005
hex,#008E40,1,0.000326,1,0.004,0.003333
hex,#009FE3,1,0.000326,1,0.004,0.003333
hex,#00A4EF,1,0.000326,1,0.004,0.005
hex,#00A651,1,0.000326,1,0.004,0.003333
hex,#00A6B2,1,0.000326,1,0.004,0.003333
hex,#00A800,1,0.000326,1,0.004,0.003333
hex,#00A8A8,1,0.000326,1,0.004,0.003333
hex,#00A9A5,1,0.000326,1,0.004,0.005
hex,#00B0F0,1,0.000326,1,0.004,0.003333
hex,#00B7E6,1,0.000326,1,0.004,0.003333
hex,#00BCD4,1,0.000326,1,0.004,0.005
hex,#00C7D9,1,0.000326,1,0.004,0.003333
hex,#00C7E6,1,0.000326,1,0.004,0.003333
hex,#00CED1,1,0.000326,1,0.004,0.005
hex,#00D5A5,1,0.000326,1,0.004,0.003333
hex,#00D8D8,1,0.000326,1,0.004,0.003333
hex,#010000,1,0.000326,1,0.004,0.005
hex,#03051A,1,0.000326,1,0.004,0.005
hex,#04246F,1,0.000326,1,0.004,0.003333
hex,#0432FF,1,0.000326,1,0.004,0.003333
hex,#0643E0,1,0.000326,1,0.004,0.003333
hex,#070507,1,0.000326,1,0.004,0.005
hex,#084B94,1,0.000326,1,0.004,0.003333
hex,#08519C,1,0.000326,1,0.004,0.005
hex,#0996FF,1,0.000326,1,0.004,0.005
hex,#0A0F5A,1,0.000326,1,0.004,0.003333
hex,#0B0C13,1,0.000326,1,0.004,0.005
hex,#0B2E6B,1,0.000326,1,0.004,0.003333
hex,#0B356B,1,0.000326,1,0.004,0.003333
hex,#0B3C5D,1,0.000326,1,0.004,0.005
hex,#0B3C6F,1,0.000326,1,0.004,0.005
hex,#0B75B1,1,0.000326,1,0.004,0.005
hex,#0B7D2B,1,0.000326,1,0.004,0.005
hex,#0C3C50,1,0.000326,1,0.004,0.005
hex,#0D00BF,1,0.000326,1,0.004,0.005
hex,#0D2332,1,0.000326,1,0.004,0.003333
hex,#0D5F3C,1,0.000326,1,0.004,0.003333
hex,#0E2841,1,0.000326,1,0.004,0.003333
hex,#0E7490,1,0.000326,1,0.004,0.003333
hex,#0F2437,1,0.000326,1,0.004,0.003333
hex,#0F4179,1,0.000326,1,0.004,0.005
hex,#0F6BAF,1,0.000326,1,0.004,0.003333
hex,#0F9D58,1,0.000326,1,0.004,0.003333
hex,#0F9ED5,1,0.000326,1,0.004,0.003333
hex,#10100F,1,0.000326,1,0.004,0.005
hex,#101010,1,0.000326,1,0.004,0.003333
hex,#106632,1,0.000326,1,0.004,0.003333
hex,#111827,1,0.000326,1,0.004,0.003333
hex,#112735,1,0.000326,1,0.004,0.003333
hex,#1170F5,1,0.000326,1,0.004,0.003333
hex,#123A8C,1,0.000326,1,0.004,0.005
hex,#123B63,1,0.000326,1,0.004,0.003333
hex,#126833,1,0.000326,1,0.004,0.003333
hex,#12D29F,1,0.000326,1,0.004,0.003333
hex,#130B2E,1,0.000326,1,0.004,0.003333
hex,#132A40,1,0.000326,1,0.004,0.003333
hex,#134B80,1,0.000326,1,0.004,0.005
hex,#134F88,1,0.000326,1,0.004,0.005
hex,#1386C8,1,0.000326,1,0.004,0.005
hex,#13A72B,1,0.000326,1,0.004,0.003333
hex,#14007E,1,0.000326,1,0.004,0.003333
hex,#14267E,1,0.000326,1,0.004,0.005
hex,#153BFF,1,0.000326,1,0.004,0.003333
hex,#156184,1,0.000326,1,0.004,0.003333
hex,#159B82,1,0.000326,1,0.004,0.003333
hex,#15D8A5,1,0.000326,1,0.004,0.005
hex,#161616,1,0.000326,1,0.004,0.003333
hex,#1616C8,1,0.000326,1,0.004,0.003333
hex,#163341,1,0.000326,1,0.004,0.005
hex,#163E64,1,0.000326,1,0.004,0.003333
hex,#164A5B,1,0.000326,1,0.004,0.005
hex,#164BE0,1,0.000326,1,0.004,0.003333
hex,#1686C7,1,0.000326,1,0.004,0.003333
hex,#16A085,1,0.000326,1,0.004,0.003333
hex,#16A9E0,1,0.000326,1,0.004,0.003333
hex,#17191A,1,0.000326,1,0.004,0.003333
hex,#172C51,1,0.000326,1,0.004,0.005
hex,#173B7A,1,0.000326,1,0.004,0.003333
hex,#17688D,1,0.000326,1,0.004,0.003333
hex,#177517,1,0.000326,1,0.004,0.005
hex,#177EB8,1,0.000326,1,0.004,0.003333
hex,#17872D,1,0.000326,1,0.004,0.003333
hex,#178A16,1,0.000326,1,0.004,0.003333
hex,#181D21,1,0.000326,1,0.004,0.005
hex,#183D78,1,0.000326,1,0.004,0.003333
hex,#183F52,1,0.000326,1,0.004,0.003333
hex,#1845FB,1,0.000326,1,0.004,0.005
hex,#1864AB,1,0.000326,1,0.004,0.003333
hex,#188B2E,1,0.000326,1,0.004,0.005
hex,#18A57F,1,0.000326,1,0.004,0.003333
hex,#18B5C6,1,0.000326,1,0.004,0.003333
hex,#194473,1,0.000326,1,0.004,0.005
hex,#195AA8,1,0.000326,1,0.004,0.005
hex,#1A3380,1,0.000326,1,0.004,0.005
hex,#1B1B1B,1,0.000326,1,0.004,0.005
hex,#1B2A4D,1,0.000326,1,0.004,0.003333
hex,#1B4965,1,0.000326,1,0.004,0.005
hex,#1B4B87,1,0.000326,1,0.004,0.005
hex,#1B7E34,1,0.000326,1,0.004,0.005
hex,#1B9E8A,1,0.000326,1,0.004,0.005
hex,#1C09CC,1,0.000326,1,0.004,0.005
hex,#1C229E,1,0.000326,1,0.004,0.005
hex,#1C71B7,1,0.000326,1,0.004,0.003333
hex,#1D112C,1,0.000326,1,0.004,0.005
hex,#1D3E4F,1,0.000326,1,0.004,0.003333
hex,#1D4ED8,1,0.000326,1,0.004,0.005
hex,#1D6C8E,1,0.000326,1,0.004,0.003333
hex,#1D705A,1,0.000326,1,0.004,0.003333
hex,#1DAFEA,1,0.000326,1,0.004,0.005
hex,#1E2C1E,1,0.000326,1,0.004,0.003333
hex,#1E2C9E,1,0.000326,1,0.004,0.005
hex,#1E2D3D,1,0.000326,1,0.004,0.003333
hex,#1E3557,1,0.000326,1,0.004,0.005
hex,#1E3850,1,0.000326,1,0.004,0.003333
hex,#1E3B4A,1,0.000326,1,0.004,0.003333
hex,#1E3C6E,1,0.000326,1,0.004,0.005
hex,#1E40AF,1,0.000326,1,0.004,0.005
hex,#1E6D92,1,0.000326,1,0.004,0.003333
hex,#1E8449,1,0.000326,1,0.004,0.005
hex,#1E8F47,1,0.000326,1,0.004,0.005
hex,#1E9E3A,1,0.000326,1,0.004,0.003333
hex,#1EA054,1,0.000326,1,0.004,0.005
hex,#1F3143,1,0.000326,1,0.004,0.003333
hex,#1F3A4D,1,0.000326,1,0.004,0.003333
hex,#1F5A75,1,0.000326,1,0.004,0.005
hex,#1F5A8A,1,0.000326,1,0.004,0.005
hex,#1F5A9D,1,0.000326,1,0.004,0.005
hex,#1F5EA5,1,0.000326,1,0.004,0.005
hex,#1F5F4D,1,0.000326,1,0.004,0.003333
hex,#1FA187,1,0.000326,1,0.004,0.003333
hex,#1FA4E0,1,0.000326,1,0.004,0.003333
hex,#203555,1,0.000326,1,0.004,0.003333
hex,#203864,1,0.000326,1,0.004,0.003333
hex,#2077B4,1,0.000326,1,0.004,0.005
hex,#2078B0,1,0.000326,1,0.004,0.003333
hex,#209080,1,0.000326,1,0.004,0.003333
hex,#20968A,1,0.000326,1,0.004,0.005
hex,#209FD3,1,0.000326,1,0.004,0.005
hex,#20A859,1,0.000326,1,0.004,0.003333
hex,#20A9E9,1,0.000326,1,0.004,0.003333
hex,#20B7F5,1,0.000326,1,0.004,0.003333
hex,#20BFC4,1,0.000326,1,0.004,0.003333
hex,#213B9A,1,0.000326,1,0.004,0.003333
hex,#21558C,1,0.000326,1,0.004,0.003333
hex,#215E8C,1,0.000326,1,0.004,0.005
hex,#216B61,1,0.000326,1,0.004,0.003333
hex,#2274A5,1,0.000326,1,0.004,0.003333
hex,#2279B5,1,0.000326,1,0.004,0.003333
hex,#229CB7,1,0.000326,1,0.004,0.003333
hex,#22A3B9,1,0.000326,1,0.004,0.003333
hex,#23115E,1,0.000326,1,0.004,0.003333
hex,#23372D,1,0.000326,1,0.004,0.003333
hex,#233B8E,1,0.000326,1,0.004,0.003333
hex,#2358D6,1,0.000326,1,0.004,0.003333
hex,#237AB6,1,0.000326,1,0.004,0.005
hex,#238F8C,1,0.000326,1,0.004,0.005
hex,#239389,1,0.000326,1,0.004,0.003333
hex,#243447,1,0.000326,1,0.004,0.003333
hex,#24358A,1,0.000326,1,0.004,0.003333
hex,#2454D6,1,0.000326,1,0.004,0.005
hex,#2474C5,1,0.000326,1,0.004,0.003333
hex,#249189,1,0.000326,1,0.004,0.005
hex,#252A3A,1,0.000326,1,0.004,0.003333
hex,#253494,1,0.000326,1,0.004,0.005
hex,#25377B,1,0.000326,1,0.004,0.005
hex,#254E80,1,0.000326,1,0.004,0.005
hex,#25D1EC,1,0.000326,1,0.004,0.005
hex,#263A22,1,0.000326,1,0.004,0.003333
hex,#263B6A,1,0.000326,1,0.004,0.003333
hex,#263EFF,1,0.000326,1,0.004,0.003333
hex,#2677B8,1,0.000326,1,0.004,0.005
hex,#267BB6,1,0.000326,1,0.004,0.005
hex,#27333A,1,0.000326,1,0.004,0.005
hex,#276EAF,1,0.000326,1,0.004,0.005
hex,#277DA1,1,0.000326,1,0.004,0.003333
hex,#277F8E,1,0.000326,1,0.004,0.003333
hex,#27B9C8,1,0.000326,1,0.004,0.003333
hex,#284C5F,1,0.000326,1,0.004,0.003333
hex,#284C86,1,0.000326,1,0.004,0.005
hex,#286091,1,0.000326,1,0.004,0.003333
hex,#2878B8,1,0.000326,1,0.004,0.005
hex,#28798D,1,0.000326,1,0.004,0.005
hex,#28848C,1,0.000326,1,0.004,0.005
hex,#28A838,1,0.000326,1,0.004,0.005
hex,#28AE80,1,0.000326,1,0.004,0.003333
hex,#292929,1,0.000326,1,0.004,0.005
hex,#297A8D,1,0.000326,1,0.004,0.005
hex,#29A8C0,1,0.000326,1,0.004,0.005
hex,#29B8D0,1,0.000326,1,0.004,0.005
hex,#2A66AA,1,0.000326,1,0.004,0.005
hex,#2A8FD4,1,0.000326,1,0.004,0.005
hex,#2AA02A,1,0.000326,1,0.004,0.003333
hex,#2B5A9B,1,0.000326,1,0.004,0.003333
hex,#2B5D72,1,0.000326,1,0.004,0.003333
hex,#2B5E70,1,0.000326,1,0.004,0.003333
hex,#2B6E9E,1,0.000326,1,0.004,0.003333
hex,#2B78C5,1,0.000326,1,0.004,0.005
hex,#2B79A8,1,0.000326,1,0.004,0.003333
hex,#2B83B7,1,0.000326,1,0.004,0.005
hex,#2B94D6,1,0.000326,1,0.004,0.003333
hex,#2BAA67,1,0.000326,1,0.004,0.005
hex,#2BAF93,1,0.000326,1,0.004,0.003333
hex,#2BB673,1,0.000326,1,0.004,0.003333
hex,#2C6DB2,1,0.000326,1,0.004,0.005
hex,#2C6FAC,1,0.000326,1,0.004,0.005
hex,#2C6FB5,1,0.000326,1,0.004,0.005
hex,#2C718D,1,0.000326,1,0.004,0.005
hex,#2C7193,1,0.000326,1,0.004,0.003333
hex,#2C728E,1,0.000326,1,0.004,0.003333
hex,#2C7BB6,1,0.000326,1,0.004,0.003333
hex,#2C82BE,1,0.000326,1,0.004,0.003333
hex,#2C9B5A,1,0.000326,1,0.004,0.003333
hex,#2C9BD6,1,0.000326,1,0.004,0.003333
hex,#2C9F2C,1,0.000326,1,0.004,0.005
hex,#2CA24C,1,0.000326,1,0.004,0.005
hex,#2CA6A4,1,0.000326,1,0.004,0.005
hex,#2D4A9E,1,0.000326,1,0.004,0.005
hex,#2D5D86,1,0.000326,1,0.004,0.003333
hex,#2D63B8,1,0.000326,1,0.004,0.003333
hex,#2D668A,1,0.000326,1,0.004,0.003333
hex,#2D6CDF,1,0.000326,1,0.004,0.003333
hex,#2D8CDE,1,0.000326,1,0.004,0.003333
hex,#2D977C,1,0.000326,1,0.004,0.003333
hex,#2DBCEB,1,0.000326,1,0.004,0.003333
hex,#2E0F6D,1,0.000326,1,0.004,0.003333
hex,#2E3194,1,0.000326,1,0.004,0.003333
hex,#2E3440,1,0.000326,1,0.004,0.003333
hex,#2E528F,1,0.000326,1,0.004,0.003333
hex,#2E5A85,1,0.000326,1,0.004,0.003333
hex,#2E5F7F,1,0.000326,1,0.004,0.005
hex,#2E6DB4,1,0.000326,1,0.004,0.003333
hex,#2E6F40,1,0.000326,1,0.004,0.005
hex,#2E6FAD,1,0.000326,1,0.004,0.005
hex,#2E6FCC,1,0.000326,1,0.004,0.003333
hex,#2E7DB5,1,0.000326,1,0.004,0.003333
hex,#2E897F,1,0.000326,1,0.004,0.003333
hex,#2E8B3C,1,0.000326,1,0.004,0.003333
hex,#2E8D8B,1,0.000326,1,0.004,0.005
hex,#2E8F32,1,0.000326,1,0.004,0.003333
hex,#2E9A8A,1,0.000326,1,0.004,0.005
hex,#2E9F4B,1,0.000326,1,0.004,0.005
hex,#2EAD63,1,0.000326,1,0.004,0.003333
hex,#2EAD8C,1,0.000326,1,0.004,0.003333
hex,#2F3242,1,0.000326,1,0.004,0.003333
hex,#2F3E79,1,0.000326,1,0.004,0.005
hex,#2F4B7C,1,0.000326,1,0.004,0.005
hex,#2F5DCE,1,0.000326,1,0.004,0.003333
hex,#2F6447,1,0.000326,1,0.004,0.003333
hex,#2F659D,1,0.000326,1,0.004,0.003333
hex,#2F6CB5,1,0.000326,1,0.004,0.005
hex,#2F6FD6,1,0.000326,1,0.004,0.003333
hex,#2F6FDE,1,0.000326,1,0.004,0.003333
hex,#2F70C0,1,0.000326,1,0.004,0.003333
hex,#2F71AE,1,0.000326,1,0.004,0.003333
hex,#2F72B5,1,0.000326,1,0.004,0.003333
hex,#2F78B0,1,0.000326,1,0.004,0.003333
hex,#2F7EBA,1,0.000326,1,0.004,0.003333
hex,#2F7F55,1,0.000326,1,0.004,0.003333
hex,#2F7FA7,1,0.000326,1,0.004,0.005
hex,#2F80B7,1,0.000326,1,0.004,0.003333
hex,#2F80B8,1,0.000326,1,0.004,0.003333
hex,#2F80CE,1,0.000326,1,0.004,0.003333
hex,#2F855A,1,0.000326,1,0.004,0.005
hex,#2F86C7,1,0.000326,1,0.004,0.003333
hex,#2F8DF5,1,0.000326,1,0.004,0.003333
hex,#2F8F2F,1,0.000326,1,0.004,0.003333
hex,#2F94D0,1,0.000326,1,0.004,0.003333
hex,#2F9BF4,1,0.000326,1,0.004,0.003333
hex,#2F9EBB,1,0.000326,1,0.004,0.005
hex,#2FA5A5,1,0.000326,1,0.004,0.003333
hex,#2FBF71,1,0.000326,1,0.004,0.003333
hex,#2FE4AE,1,0.000326,1,0.004,0.005
hex,#300604,1,0.000326,1,0.004,0.005
hex,#303877,1,0.000326,1,0.004,0.003333
hex,#304455,1,0.000326,1,0.004,0.005
hex,#30658D,1,0.000326,1,0.004,0.005
hex,#306694,1,0.000326,1,0.004,0.005
hex,#30B873,1,0.000326,1,0.004,0.005
hex,#315BEA,1,0.000326,1,0.004,0.005
hex,#315D5C,1,0.000326,1,0.004,0.003333
hex,#3165A7,1,0.000326,1,0.004,0.003333
hex,#31688B,1,0.000326,1,0.004,0.005
hex,#3174BB,1,0.000326,1,0.004,0.005
hex,#31778E,1,0.000326,1,0.004,0.003333
hex,#3182B5,1,0.000326,1,0.004,0.003333
hex,#31D5AD,1,0.000326,1,0.004,0.005
hex,#323D35,1,0.000326,1,0.004,0.003333
hex,#324FAA,1,0.000326,1,0.004,0.003333
hex,#3288BD,1,0.000326,1,0.004,0.003333
hex,#32A035,1,0.000326,1,0.004,0.005
hex,#32A67B,1,0.000326,1,0.004,0.003333
hex,#32B897,1,0.000326,1,0.004,0.005
hex,#332D2B,1,0.000326,1,0.004,0.003333
hex,#334BFF,1,0.000326,1,0.004,0.005
hex,#339999,1,0.000326,1,0.004,0.003333
hex,#3399FF,1,0.000326,1,0.004,0.003333
hex,#339D83,1,0.000326,1,0.004,0.003333
hex,#33A665,1,0.000326,1,0.004,0.005
hex,#33B07A,1,0.000326,1,0.004,0.003333
hex,#342F8E,1,0.000326,1,0.004,0.003333
hex,#343434,1,0.000326,1,0.004,0.005
hex,#34352C,1,0.000326,1,0.004,0.003333
hex,#345D8C,1,0.000326,1,0.004,0.005
hex,#34749C,1,0.000326,1,0.004,0.003333
hex,#3478B8,1,0.000326,1,0.004,0.003333
hex,#3478D1,1,0.000326,1,0.004,0.003333
hex,#34A6D8,1,0.000326,1,0.004,0.003333
hex,#355751,1,0.000326,1,0.004,0.003333
hex,#3565FF,1,0.000326,1,0.004,0.003333
hex,#356F88,1,0.000326,1,0.004,0.003333
hex,#3577D4,1,0.000326,1,0.004,0.003333
hex,#357BA3,1,0.000326,1,0.004,0.003333
hex,#358E58,1,0.000326,1,0.004,0.003333
hex,#35D88F,1,0.000326,1,0.004,0.003333
hex,#364650,1,0.000326,1,0.004,0.003333
hex,#364E5A,1,0.000326,1,0.004,0.005
hex,#365987,1,0.000326,1,0.004,0.005
hex,#365C8D,1,0.000326,1,0.004,0.003333
hex,#365CC7,1,0.000326,1,0.004,0.003333
hex,#365E8D,1,0.000326,1,0.004,0.005
hex,#36618C,1,0.000326,1,0.004,0.005
hex,#3666FF,1,0.000326,1,0.004,0.003333
hex,#367660,1,0.000326,1,0.004,0.003333
hex,#3678B5,1,0.000326,1,0.004,0.005
hex,#36A852,1,0.000326,1,0.004,0.005
hex,#36ADA4,1,0.000326,1,0.004,0.003333
hex,#3724C4,1,0.000326,1,0.004,0.005
hex,#374151,1,0.000326,1,0.004,0.005
hex,#37719F,1,0.000326,1,0.004,0.003333
hex,#3776AB,1,0.000326,1,0.004,0.003333
hex,#377D21,1,0.000326,1,0.004,0.003333
hex,#37A89C,1,0.000326,1,0.004,0.003333
hex,#37B6D2,1,0.000326,1,0.004,0.005
hex,#384651,1,0.000326,1,0.004,0.005
hex,#38503B,1,0.000326,1,0.004,0.003333
hex,#38598C,1,0.000326,1,0.004,0.003333
hex,#38A048,1,0.000326,1,0.004,0.003333
hex,#38A169,1,0.000326,1,0.004,0.005
hex,#38AD58,1,0.000326,1,0.004,0.005
hex,#38D8D8,1,0.000326,1,0.004,0.003333
hex,#393626,1,0.000326,1,0.004,0.003333
hex,#39518A,1,0.000326,1,0.004,0.005
hex,#395750,1,0.000326,1,0.004,0.003333
hex,#3987C0,1,0.000326,1,0.004,0.003333
hex,#3A4C85,1,0.000326,1,0.004,0.003333
hex,#3A518A,1,0.000326,1,0.004,0.005
hex,#3A565F,1,0.000326,1,0.004,0.003333
hex,#3A5A98,1,0.000326,1,0.004,0.003333
hex,#3A6FB5,1,0.000326,1,0.004,0.005
hex,#3A78C2,1,0.000326,1,0.004,0.005
hex,#3A84BE,1,0.000326,1,0.004,0.005
hex,#3A8BC2,1,0.000326,1,0.004,0.003333
hex,#3A8CCB,1,0.000326,1,0.004,0.005
hex,#3A91C1,1,0.000326,1,0.004,0.005
hex,#3A9775,1,0.000326,1,0.004,0.003333
hex,#3A9E6F,1,0.000326,1,0.004,0.005
hex,#3A9ED7,1,0.000326,1,0.004,0.005
hex,#3B0F9F,1,0.000326,1,0.004,0.003333
hex,#3B1F2B,1,0.000326,1,0.004,0.005
hex,#3B1FC5,1,0.000326,1,0.004,0.003333
hex,#3B3BFF,1,0.000326,1,0.004,0.003333
hex,#3B5873,1,0.000326,1,0.004,0.005
hex,#3B688C,1,0.000326,1,0.004,0.005
hex,#3B78A1,1,0.000326,1,0.004,0.005
hex,#3B78B5,1,0.000326,1,0.004,0.005
hex,#3B78B8,1,0.000326,1,0.004,0.003333
hex,#3B7CA5,1,0.000326,1,0.004,0.003333
hex,#3B82B6,1,0.000326,1,0.004,0.003333
hex,#3B8F76,1,0.000326,1,0.004,0.003333
hex,#3BAB75,1,0.000326,1,0.004,0.005
hex,#3BAC62,1,0.000326,1,0.004,0.003333
hex,#3BAF4C,1,0.000326,1,0.004,0.003333
hex,#3BB876,1,0.000326,1,0.004,0.003333
hex,#3C343B,1,0.000326,1,0.004,0.005
hex,#3C4C89,1,0.000326,1,0.004,0.005
hex,#3C6682,1,0.000326,1,0.004,0.003333
hex,#3C7800,1,0.000326,1,0.004,0.005
hex,#3C8DCE,1,0.000326,1,0.004,0.003333
hex,#3D2F2A,1,0.000326,1,0.004,0.005
hex,#3D3D3D,1,0.000326,1,0.004,0.003333
hex,#3D4C94,1,0.000326,1,0.004,0.005
hex,#3D76E6,1,0.000326,1,0.004,0.003333
hex,#3D7F44,1,0.000326,1,0.004,0.003333
hex,#3D81B3,1,0.000326,1,0.004,0.005
hex,#3D82EA,1,0.000326,1,0.004,0.003333
hex,#3D85C6,1,0.000326,1,0.004,0.005
hex,#3D8CC1,1,0.000326,1,0.004,0.003333
hex,#3D9A5A,1,0.000326,1,0.004,0.003333
hex,#3D9BE9,1,0.000326,1,0.004,0.005
hex,#3DE2AD,1,0.000326,1,0.004,0.003333
hex,#3E3025,1,0.000326,1,0.004,0.003333
hex,#3E315F,1,0.000326,1,0.004,0.003333
hex,#3E356B,1,0.000326,1,0.004,0.003333
hex,#3E4E8A,1,0.000326,1,0.004,0.003333
hex,#3E6FEA,1,0.000326,1,0.004,0.003333
hex,#3E7E2D,1,0.000326,1,0.004,0.003333
hex,#3E7EBB,1,0.000326,1,0.004,0.003333
hex,#3E8C87,1,0.000326,1,0.004,0.003333
hex,#3E8E55,1,0.000326,1,0.004,0.003333
hex,#3E9ED7,1,0.000326,1,0.004,0.005
hex,#3F087D,1,0.000326,1,0.004,0.005
hex,#3F4887,1,0.000326,1,0.004,0.005
hex,#3F4888,1,0.000326,1,0.004,0.005
hex,#3F5060,1,0.000326,1,0.004,0.005
hex,#3F79D5,1,0.000326,1,0.004,0.003333
hex,#3F7FEA,1,0.000326,1,0.004,0.003333
hex,#3F80C5,1,0.000326,1,0.004,0.005
hex,#3F83CC,1,0.000326,1,0.004,0.005
hex,#3F85EA,1,0.000326,1,0.004,0.003333
hex,#3F88C5,1,0.000326,1,0.004,0.003333
hex,#3F8E42,1,0.000326,1,0.004,0.003333
hex,#3F8EC5,1,0.000326,1,0.004,0.003333
hex,#3FAE67,1,0.000326,1,0.004,0.003333
hex,#3FAE72,1,0.000326,1,0.004,0.005
hex,#40307A,1,0.000326,1,0.004,0.003333
hex,#4074D6,1,0.000326,1,0.004,0.005
hex,#4079AE,1,0.000326,1,0.004,0.005
hex,#407BB2,1,0.000326,1,0.004,0.005
hex,#408A72,1,0.000326,1,0.004,0.003333
hex,#40A050,1,0.000326,1,0.004,0.003333
hex,#40A84B,1,0.000326,1,0.004,0.005
hex,#414A8D,1,0.000326,1,0.004,0.003333
hex,#41658E,1,0.000326,1,0.004,0.003333
hex,#4168E1,1,0.000326,1,0.004,0.003333
hex,#419A72,1,0.000326,1,0.004,0.005
hex,#41AB5D,1,0.000326,1,0.004,0.003333
hex,#423B82,1,0.000326,1,0.004,0.005
hex,#423E83,1,0.000326,1,0.004,0.005
hex,#424242,1,0.000326,1,0.004,0.003333
hex,#426DB3,1,0.000326,1,0.004,0.003333
hex,#426F9C,1,0.000326,1,0.004,0.005
hex,#42A5A5,1,0.000326,1,0.004,0.005
hex,#42A5F5,1,0.000326,1,0.004,0.003333
hex,#42B172,1,0.000326,1,0.004,0.005
hex,#434343,1,0.000326,1,0.004,0.005
hex,#43682A,1,0.000326,1,0.004,0.003333
hex,#436CC5,1,0.000326,1,0.004,0.003333
hex,#43A047,1,0.000326,1,0.004,0.003333
hex,#43A2D4,1,0.000326,1,0.004,0.003333
hex,#43C6E0,1,0.000326,1,0.004,0.005
hex,#440155,1,0.000326,1,0.004,0.003333
hex,#443983,1,0.000326,1,0.004,0.003333
hex,#446791,1,0.000326,1,0.004,0.003333
hex,#4479B6,1,0.000326,1,0.004,0.005
hex,#449364,1,0.000326,1,0.004,0.003333
hex,#44A29D,1,0.000326,1,0.004,0.003333
hex,#44A447,1,0.000326,1,0.004,0.005
hex,#452270,1,0.000326,1,0.004,0.005
hex,#45545A,1,0.000326,1,0.004,0.003333
hex,#4575A6,1,0.000326,1,0.004,0.003333
hex,#4588D9,1,0.000326,1,0.004,0.005
hex,#458EC3,1,0.000326,1,0.004,0.005
hex,#45A1E2,1,0.000326,1,0.004,0.005
hex,#45A778,1,0.000326,1,0.004,0.003333
hex,#461566,1,0.000326,1,0.004,0.005
hex,#461869,1,0.000326,1,0.004,0.005
hex,#462975,1,0.000326,1,0.004,0.005
hex,#462F7D,1,0.000326,1,0.004,0.005
hex,#46327E,1,0.000326,1,0.004,0.003333
hex,#46458A,1,0.000326,1,0.004,0.005
hex,#464A45,1,0.000326,1,0.004,0.005
hex,#46A64B,1,0.000326,1,0.004,0.003333
hex,#46AA46,1,0.000326,1,0.004,0.005
hex,#46B678,1,0.000326,1,0.004,0.005
hex,#472D7B,1,0.000326,1,0.004,0.003333
hex,#474473,1,0.000326,1,0.004,0.003333
hex,#476B7E,1,0.000326,1,0.004,0.003333
hex,#4774CA,1,0.000326,1,0.004,0.005
hex,#47AB73,1,0.000326,1,0.004,0.005
hex,#47B978,1,0.000326,1,0.004,0.005
hex,#4845A8,1,0.000326,1,0.004,0.003333
hex,#48522A,1,0.000326,1,0.004,0.003333
hex,#487BB3,1,0.000326,1,0.004,0.003333
hex,#4888C8,1,0.000326,1,0.004,0.005
hex,#489568,1,0.000326,1,0.004,0.003333
hex,#48A868,1,0.000326,1,0.004,0.003333
hex,#48C774,1,0.000326,1,0.004,0.003333
hex,#493E60,1,0.000326,1,0.004,0.003333
hex,#4981B9,1,0.000326,1,0.004,0.003333
hex,#498BA7,1,0.000326,1,0.004,0.003333
hex,#498FE1,1,0.000326,1,0.004,0.005
hex,#4A00A8,1,0.000326,1,0.004,0.005
hex,#4A0D54,1,0.000326,1,0.004,0.003333
hex,#4A4B53,1,0.000326,1,0.004,0.005
hex,#4A55FF,1,0.000326,1,0.004,0.003333
hex,#4A76A8,1,0.000326,1,0.004,0.003333
hex,#4A78B5,1,0.000326,1,0.004,0.003333
hex,#4A81B2,1,0.000326,1,0.004,0.003333
hex,#4A82B5,1,0.000326,1,0.004,0.003333
hex,#4A83DD,1,0.000326,1,0.004,0.003333
hex,#4A8457,1,0.000326,1,0.004,0.003333
hex,#4A8CC1,1,0.000326,1,0.004,0.003333
hex,#4A90C6,1,0.000326,1,0.004,0.005
hex,#4A95C3,1,0.000326,1,0.004,0.005
hex,#4A98EA,1,0.000326,1,0.004,0.003333
hex,#4A9B63,1,0.000326,1,0.004,0.003333
hex,#4A9C97,1,0.000326,1,0.004,0.003333
hex,#4AAC7B,1,0.000326,1,0.004,0.005
hex,#4AAE9F,1,0.000326,1,0.004,0.003333
hex,#4AAED6,1,0.000326,1,0.004,0.005
hex,#4AAEEA,1,0.000326,1,0.004,0.003333
hex,#4AC16D,1,0.000326,1,0.004,0.003333
hex,#4AC2AD,1,0.000326,1,0.004,0.003333
hex,#4B3973,1,0.000326,1,0.004,0.003333
hex,#4B4B9D,1,0.000326,1,0.004,0.005
hex,#4B5C9D,1,0.000326,1,0.004,0.003333
hex,#4B67B1,1,0.000326,1,0.004,0.003333
hex,#4B79A5,1,0.000326,1,0.004,0.005
hex,#4B8ED5,1,0.000326,1,0.004,0.003333
hex,#4B92C3,1,0.000326,1,0.004,0.005
hex,#4B92C5,1,0.000326,1,0.004,0.003333
hex,#4B92D8,1,0.000326,1,0.004,0.005
hex,#4B9CC9,1,0.000326,1,0.004,0.003333
hex,#4B9E99,1,0.000326,1,0.004,0.003333
hex,#4BA4E5,1,0.000326,1,0.004,0.003333
hex,#4BAE7B,1,0.000326,1,0.004,0.005
hex,#4BAF4F,1,0.000326,1,0.004,0.003333
hex,#4BC9D4,1,0.000326,1,0.004,0.005
hex,#4C1D95,1,0.000326,1,0.004,0.003333
hex,#4C4CD9,1,0.000326,1,0.004,0.003333
hex,#4C636D,1,0.000326,1,0.004,0.005
hex,#4C72DF,1,0.000326,1,0.004,0.003333
hex,#4C7AA6,1,0.000326,1,0.004,0.003333
hex,#4C7EA7,1,0.000326,1,0.004,0.003333
hex,#4C84B7,1,0.000326,1,0.004,0.003333
hex,#4C84D9,1,0.000326,1,0.004,0.005
hex,#4C8982,1,0.000326,1,0.004,0.005
hex,#4C8BF5,1,0.000326,1,0.004,0.003333
hex,#4C8FB3,1,0.000326,1,0.004,0.005
hex,#4C91D7,1,0.000326,1,0.004,0.003333
hex,#4C91D8,1,0.000326,1,0.004,0.003333
hex,#4C956C,1,0.000326,1,0.004,0.003333
hex,#4C9CC9,1,0.000326,1,0.004,0.005
hex,#4C9F43,1,0.000326,1,0.004,0.005
hex,#4C9F70,1,0.000326,1,0.004,0.003333
hex,#4CC5E7,1,0.000326,1,0.004,0.003333
hex,#4CC7E8,1,0.000326,1,0.004,0.003333
hex,#4CCB61,1,0.000326,1,0.004,0.003333
hex,#4D4B49,1,0.000326,1,0.004,0.005
hex,#4D5A9D,1,0.000326,1,0.004,0.005
hex,#4D71BE,1,0.000326,1,0.004,0.005
hex,#4D7A50,1,0.000326,1,0.004,0.003333
hex,#4D8175,1,0.000326,1,0.004,0.005
hex,#4D82D9,1,0.000326,1,0.004,0.003333
hex,#4D86C4,1,0.000326,1,0.004,0.003333
hex,#4D8FCE,1,0.000326,1,0.004,0.003333
hex,#4D92C7,1,0.000326,1,0.004,0.005
hex,#4DBB77,1,0.000326,1,0.004,0.003333
hex,#4DBBCB,1,0.000326,1,0.004,0.005
hex,#4DC7ED,1,0.000326,1,0.004,0.003333
hex,#4E579E,1,0.000326,1,0.004,0.005
hex,#4E6C80,1,0.000326,1,0.004,0.003333
hex,#4E86B5,1,0.000326,1,0.004,0.003333
hex,#4E8A3A,1,0.000326,1,0.004,0.003333
hex,#4E95D9,1,0.000326,1,0.004,0.003333
hex,#4E9E85,1,0.000326,1,0.004,0.003333
hex,#4E9F3D,1,0.000326,1,0.004,0.003333
hex,#4EA468,1,0.000326,1,0.004,0.003333
hex,#4EA6D5,1,0.000326,1,0.004,0.005
hex,#4EA8DE,1,0.000326,1,0.004,0.003333
hex,#4ECDC4,1,0.000326,1,0.004,0.003333
hex,#4F506D,1,0.000326,1,0.004,0.005
hex,#4F88E8,1,0.000326,1,0.004,0.003333
hex,#4F8BC9,1,0.000326,1,0.004,0.005
hex,#4F8E0A,1,0.000326,1,0.004,0.003333
hex,#4F91B5,1,0.000326,1,0.004,0.003333
hex,#4F9DB8,1,0.000326,1,0.004,0.003333
hex,#4FB67C,1,0.000326,1,0.004,0.005
hex,#4FB7A9,1,0.000326,1,0.004,0.003333
hex,#4FC3C1,1,0.000326,1,0.004,0.005
hex,#4FD17F,1,0.000326,1,0.004,0.003333
hex,#50382D,1,0.000326,1,0.004,0.005
hex,#5098D8,1,0.000326,1,0.004,0.003333
hex,#50A830,1,0.000326,1,0.004,0.003333
hex,#50AB7D,1,0.000326,1,0.004,0.003333
hex,#51127C,1,0.000326,1,0.004,0.003333
hex,#51342F,1,0.000326,1,0.004,0.003333
hex,#518434,1,0.000326,1,0.004,0.003333
hex,#5186AA,1,0.000326,1,0.004,0.005
hex,#518AB2,1,0.000326,1,0.004,0.005
hex,#525D68,1,0.000326,1,0.004,0.005
hex,#52B7C9,1,0.000326,1,0.004,0.005
hex,#53215B,1,0.000326,1,0.004,0.003333
hex,#533196,1,0.000326,1,0.004,0.005
hex,#53727E,1,0.000326,1,0.004,0.003333
hex,#5384ED,1,0.000326,1,0.004,0.003333
hex,#539A5A,1,0.000326,1,0.004,0.003333
hex,#53B3CB,1,0.000326,1,0.004,0.003333
hex,#54278F,1,0.000326,1,0.004,0.003333
hex,#546AF5,1,0.000326,1,0.004,0.003333
hex,#547AB8,1,0.000326,1,0.004,0.005
hex,#548B59,1,0.000326,1,0.004,0.003333
hex,#549183,1,0.000326,1,0.004,0.003333
hex,#54A231,1,0.000326,1,0.004,0.003333
hex,#55258E,1,0.000326,1,0.004,0.003333
hex,#554D40,1,0.000326,1,0.004,0.005
hex,#556683,1,0.000326,1,0.004,0.003333
hex,#557FAE,1,0.000326,1,0.004,0.003333
hex,#558B3F,1,0.000326,1,0.004,0.003333
hex,#5596D0,1,0.000326,1,0.004,0.005
hex,#55A2A4,1,0.000326,1,0.004,0.003333
hex,#55A89C,1,0.000326,1,0.004,0.005
hex,#55AFC4,1,0.000326,1,0.004,0.005
hex,#55B455,1,0.000326,1,0.004,0.003333
hex,#55B78A,1,0.000326,1,0.004,0.005
hex,#55B95A,1,0.000326,1,0.004,0.003333
hex,#55C7EA,1,0.000326,1,0.004,0.003333
hex,#564D36,1,0.000326,1,0.004,0.003333
hex,#566598,1,0.000326,1,0.004,0.003333
hex,#5680B2,1,0.000326,1,0.004,0.005
hex,#56874A,1,0.000326,1,0.004,0.003333
hex,#56A65C,1,0.000326,1,0.004,0.005
hex,#56A7A7,1,0.000326,1,0.004,0.005
hex,#56B356,1,0.000326,1,0.004,0.005
hex,#57208C,1,0.000326,1,0.004,0.003333
hex,#574D37,1,0.000326,1,0.004,0.005
hex,#5792C8,1,0.000326,1,0.004,0.003333
hex,#5799D2,1,0.000326,1,0.004,0.003333
hex,#57AF7A,1,0.000326,1,0.004,0.003333
hex,#57B986,1,0.000326,1,0.004,0.003333
hex,#58A65D,1,0.000326,1,0.004,0.003333
hex,#58A95D,1,0.000326,1,0.004,0.005
hex,#58B9D2,1,0.000326,1,0.004,0.005
hex,#58C7E8,1,0.000326,1,0.004,0.003333
hex,#58C9D7,1,0.000326,1,0.004,0.005
hex,#58D98D,1,0.000326,1,0.004,0.003333
hex,#5996BB,1,0.000326,1,0.004,0.003333
hex,#5999C4,1,0.000326,1,0.004,0.003333
hex,#59A79C,1,0.000326,1,0.004,0.003333
hex,#59A7D9,1,0.000326,1,0.004,0.005
hex,#59AC59,1,0.000326,1,0.004,0.003333
hex,#59B56C,1,0.000326,1,0.004,0.003333
hex,#59B5AC,1,0.000326,1,0.004,0.003333
hex,#59BFAE,1,0.000326,1,0.004,0.003333
hex,#5A6064,1,0.000326,1,0.004,0.005
hex,#5A6B3B,1,0.000326,1,0.004,0.003333
hex,#5A6D7D,1,0.000326,1,0.004,0.005
hex,#5A7584,1,0.000326,1,0.004,0.003333
hex,#5A7FB6,1,0.000326,1,0.004,0.005
hex,#5A8AF3,1,0.000326,1,0.004,0.003333
hex,#5A8DB8,1,0.000326,1,0.004,0.003333
hex,#5A8EF0,1,0.000326,1,0.004,0.003333
hex,#5A8F00,1,0.000326,1,0.004,0.005
hex,#5A93CA,1,0.000326,1,0.004,0.005
hex,#5A9838,1,0.000326,1,0.004,0.003333
hex,#5A9F45,1,0.000326,1,0.004,0.003333
hex,#5A9FC7,1,0.000326,1,0.004,0.003333
hex,#5AA6C8,1,0.000326,1,0.004,0.003333
hex,#5AA9E6,1,0.000326,1,0.004,0.005
hex,#5B2A86,1,0.000326,1,0.004,0.003333
hex,#5B4636,1,0.000326,1,0.004,0.003333
hex,#5B6470,1,0.000326,1,0.004,0.005
hex,#5B6C65,1,0.000326,1,0.004,0.003333
hex,#5B7FD1,1,0.000326,1,0.004,0.003333
hex,#5B83BA,1,0.000326,1,0.004,0.003333
hex,#5B86C5,1,0.000326,1,0.004,0.005
hex,#5B8CCB,1,0.000326,1,0.004,0.005
hex,#5B8FB9,1,0.000326,1,0.004,0.005
hex,#5B8FCB,1,0.000326,1,0.004,0.003333
hex,#5B91D0,1,0.000326,1,0.004,0.005
hex,#5B93C5,1,0.000326,1,0.004,0.005
hex,#5B9EC4,1,0.000326,1,0.004,0.005
hex,#5B9F3A,1,0.000326,1,0.004,0.005
hex,#5BAC9E,1,0.000326,1,0.004,0.003333
hex,#5BB65B,1,0.000326,1,0.004,0.003333
hex,#5BC8BC,1,0.000326,1,0.004,0.003333
hex,#5BE36A,1,0.000326,1,0.004,0.003333
hex,#5C4B8A,1,0.000326,1,0.004,0.005
hex,#5C5BC0,1,0.000326,1,0.004,0.003333
hex,#5C85C5,1,0.000326,1,0.004,0.005
hex,#5C88A8,1,0.000326,1,0.004,0.005
hex,#5C8D3A,1,0.000326,1,0.004,0.005
hex,#5D4634,1,0.000326,1,0.004,0.003333
hex,#5D83BD,1,0.000326,1,0.004,0.003333
hex,#5D9DDB,1,0.000326,1,0.004,0.003333
hex,#5DBE7A,1,0.000326,1,0.004,0.005
hex,#5DDA74,1,0.000326,1,0.004,0.003333
hex,#5E1612,1,0.000326,1,0.004,0.005
hex,#5E1B7E,1,0.000326,1,0.004,0.003333
hex,#5E2A91,1,0.000326,1,0.004,0.003333
hex,#5E35B1,1,0.000326,1,0.004,0.003333
hex,#5E42D0,1,0.000326,1,0.004,0.003333
hex,#5E5D3C,1,0.000326,1,0.004,0.003333
hex,#5E7869,1,0.000326,1,0.004,0.003333
hex,#5E86B4,1,0.000326,1,0.004,0.005
hex,#5EA4CC,1,0.000326,1,0.004,0.003333
hex,#5EAE73,1,0.000326,1,0.004,0.003333
hex,#5EC4D5,1,0.000326,1,0.004,0.005
hex,#5F3600,1,0.000326,1,0.004,0.003333
hex,#5F3E9B,1,0.000326,1,0.004,0.003333
hex,#5F4C71,1,0.000326,1,0.004,0.003333
hex,#5F4FD6,1,0.000326,1,0.004,0.003333
hex,#5F5F5F,1,0.000326,1,0.004,0.003333
hex,#5F6665,1,0.000326,1,0.004,0.005
hex,#5F6D50,1,0.000326,1,0.004,0.005
hex,#5F8FE5,1,0.000326,1,0.004,0.005
hex,#5F9BC5,1,0.000326,1,0.004,0.003333
hex,#5F9CF8,1,0.000326,1,0.004,0.005
hex,#5F9F3D,1,0.000326,1,0.004,0.005
hex,#5FA5D8,1,0.000326,1,0.004,0.005
hex,#5FA69D,1,0.000326,1,0.004,0.003333
hex,#6001A6,1,0.000326,1,0.004,0.005
hex,#602527,1,0.000326,1,0.004,0.003333
hex,#604A7B,1,0.000326,1,0.004,0.003333
hex,#606060,1,0.000326,1,0.004,0.005
hex,#6060FF,1,0.000326,1,0.004,0.005
hex,#607D8B,1,0.000326,1,0.004,0.003333
hex,#6088EA,1,0.000326,1,0.004,0.003333
hex,#60B38F,1,0.000326,1,0.004,0.003333
hex,#60B9E8,1,0.000326,1,0.004,0.003333
hex,#6161FF,1,0.000326,1,0.004,0.005
hex,#61A94F,1,0.000326,1,0.004,0.005
hex,#61B87A,1,0.000326,1,0.004,0.005
hex,#61CAD3,1,0.000326,1,0.004,0.005
hex,#61DDAA,1,0.000326,1,0.004,0.005
hex,#6200EE,1,0.000326,1,0.004,0.003333
hex,#629FCA,1,0.000326,1,0.004,0.005
hex,#62A87E,1,0.000326,1,0.004,0.003333
hex,#62A94B,1,0.000326,1,0.004,0.005
hex,#62A9A6,1,0.000326,1,0.004,0.003333
hex,#62ADF8,1,0.000326,1,0.004,0.003333
hex,#62B79D,1,0.000326,1,0.004,0.003333
hex,#62C3D2,1,0.000326,1,0.004,0.003333
hex,#632570,1,0.000326,1,0.004,0.003333
hex,#634FA2,1,0.000326,1,0.004,0.003333
hex,#6366E8,1,0.000326,1,0.004,0.003333
hex,#6387BB,1,0.000326,1,0.004,0.003333
hex,#638DB3,1,0.000326,1,0.004,0.003333
hex,#638E95,1,0.000326,1,0.004,0.005
hex,#63A5B5,1,0.000326,1,0.004,0.003333
hex,#63A6C8,1,0.000326,1,0.004,0.005
hex,#63A86B,1,0.000326,1,0.004,0.003333
hex,#63B357,1,0.000326,1,0.004,0.003333
hex,#63B692,1,0.000326,1,0.004,0.003333
hex,#63BE3C,1,0.000326,1,0.004,0.003333
hex,#63BE6C,1,0.000326,1,0.004,0.003333
hex,#63C174,1,0.000326,1,0.004,0.003333
hex,#63C1AB,1,0.000326,1,0.004,0.005
hex,#63C9D7,1,0.000326,1,0.004,0.005
hex,#64756C,1,0.000326,1,0.004,0.003333
hex,#64A681,1,0.000326,1,0.004,0.005
hex,#64AAFA,1,0.000326,1,0.004,0.005
hex,#64B96B,1,0.000326,1,0.004,0.003333
hex,#65789B,1,0.000326,1,0.004,0.005
hex,#657B9B,1,0.000326,1,0.004,0.003333
hex,#65AE3A,1,0.000326,1,0.004,0.003333
hex,#65AE93,1,0.000326,1,0.004,0.003333
hex,#65B282,1,0.000326,1,0.004,0.003333
hex,#65BE6B,1,0.000326,1,0.004,0.003333
hex,#65BFA2,1,0.000326,1,0.004,0.003333
hex,#665191,1,0.000326,1,0.004,0.005
hex,#66756E,1,0.000326,1,0.004,0.005
hex,#66B57A,1,0.000326,1,0.004,0.003333
hex,#66BD63,1,0.000326,1,0.004,0.005
hex,#66C4C4,1,0.000326,1,0.004,0.005
hex,#66CBD2,1,0.000326,1,0.004,0.005
hex,#67533E,1,0.000326,1,0.004,0.005
hex,#675A74,1,0.000326,1,0.004,0.003333
hex,#676767,1,0.000326,1,0.004,0.003333
hex,#679DC9,1,0.000326,1,0.004,0.003333
hex,#67B7D4,1,0.000326,1,0.004,0.003333
hex,#67C46A,1,0.000326,1,0.004,0.003333
hex,#67C9B2,1,0.000326,1,0.004,0.005
hex,#683F3F,1,0.000326,1,0.004,0.005
hex,#68753B,1,0.000326,1,0.004,0.003333
hex,#688AEB,1,0.000326,1,0.004,0.003333
hex,#68B98D,1,0.000326,1,0.004,0.003333
hex,#69783D,1,0.000326,1,0.004,0.003333
hex,#69B35A,1,0.000326,1,0.004,0.005
hex,#69B6E2,1,0.000326,1,0.004,0.003333
hex,#69B7FF,1,0.000326,1,0.004,0.003333
hex,#69BE62,1,0.000326,1,0.004,0.003333
hex,#69D1C3,1,0.000326,1,0.004,0.005
hex,#6A49C4,1,0.000326,1,0.004,0.003333
hex,#6A6FD5,1,0.000326,1,0.004,0.005
hex,#6A816F,1,0.000326,1,0.004,0.003333
hex,#6A994E,1,0.000326,1,0.004,0.005
hex,#6AAE47,1,0.000326,1,0.004,0.003333
hex,#6B1D3C,1,0.000326,1,0.004,0.005
hex,#6B2B8E,1,0.000326,1,0.004,0.003333
hex,#6B4F2A,1,0.000326,1,0.004,0.005
hex,#6B4F3A,1,0.000326,1,0.004,0.003333
hex,#6B5141,1,0.000326,1,0.004,0.003333
hex,#6B5D55,1,0.000326,1,0.004,0.005
hex,#6B7280,1,0.000326,1,0.004,0.003333
hex,#6B7F8A,1,0.000326,1,0.004,0.003333
hex,#6B8ECA,1,0.000326,1,0.004,0.003333
hex,#6B8FB3,1,0.000326,1,0.004,0.003333
hex,#6B9951,1,0.000326,1,0.004,0.003333
hex,#6B9D59,1,0.000326,1,0.004,0.003333
hex,#6B9FD0,1,0.000326,1,0.004,0.003333
hex,#6BA36E,1,0.000326,1,0.004,0.005
hex,#6BA4F8,1,0.000326,1,0.004,0.003333
hex,#6BA501,1,0.000326,1,0.004,0.005
hex,#6BBD72,1,0.000326,1,0.004,0.005
hex,#6BC5B3,1,0.000326,1,0.004,0.003333
hex,#6C757D,1,0.000326,1,0.004,0.005
hex,#6C8D66,1,0.000326,1,0.004,0.005
hex,#6C8FAD,1,0.000326,1,0.004,0.005
hex,#6C8FD1,1,0.000326,1,0.004,0.003333
hex,#6C8FF0,1,0.000326,1,0.004,0.003333
hex,#6C91BE,1,0.000326,1,0.004,0.005
hex,#6C95C8,1,0.000326,1,0.004,0.003333
hex,#6C9BC1,1,0.000326,1,0.004,0.005
hex,#6CA1D2,1,0.000326,1,0.004,0.005
hex,#6CA9D0,1,0.000326,1,0.004,0.003333
hex,#6CAED5,1,0.000326,1,0.004,0.003333
hex,#6CC7A6,1,0.000326,1,0.004,0.005
hex,#6CCB77,1,0.000326,1,0.004,0.003333
hex,#6D3FD1,1,0.000326,1,0.004,0.005
hex,#6D47E8,1,0.000326,1,0.004,0.003333
hex,#6D5052,1,0.000326,1,0.004,0.005
hex,#6D5A97,1,0.000326,1,0.004,0.003333
hex,#6D87A1,1,0.000326,1,0.004,0.005
hex,#6D91A7,1,0.000326,1,0.004,0.003333
hex,#6D98F4,1,0.000326,1,0.004,0.003333
hex,#6DB79E,1,0.000326,1,0.004,0.003333
hex,#6DB9D7,1,0.000326,1,0.004,0.005
hex,#6DBE6B,1,0.000326,1,0.004,0.003333
hex,#6DBE77,1,0.000326,1,0.004,0.003333
hex,#6DC6C8,1,0.000326,1,0.004,0.003333
hex,#6E4E3D,1,0.000326,1,0.004,0.003333
hex,#6E6FD2,1,0.000326,1,0.004,0.003333
hex,#6E7176,1,0.000326,1,0.004,0.003333
hex,#6E8295,1,0.000326,1,0.004,0.003333
hex,#6E875F,1,0.000326,1,0.004,0.005
hex,#6E9071,1,0.000326,1,0.004,0.005
hex,#6E9BD8,1,0.000326,1,0.004,0.005
hex,#6E9F6A,1,0.000326,1,0.004,0.003333
hex,#6E9FC8,1,0.000326,1,0.004,0.005
hex,#6E9FD1,1,0.000326,1,0.004,0.005
hex,#6EA8C4,1,0.000326,1,0.004,0.003333
hex,#6EAD4B,1,0.000326,1,0.004,0.005
hex,#6EAEDB,1,0.000326,1,0.004,0.005
hex,#6EC4B2,1,0.000326,1,0.004,0.003333
hex,#6EC7D4,1,0.000326,1,0.004,0.003333
hex,#6F2DBD,1,0.000326,1,0.004,0.003333
hex,#6F4AA8,1,0.000326,1,0.004,0.003333
hex,#6F6547,1,0.000326,1,0.004,0.005
hex,#6F6F6F,1,0.000326,1,0.004,0.003333
hex,#6F787E,1,0.000326,1,0.004,0.005
hex,#6F8390,1,0.000326,1,0.004,0.005
hex,#6F8C4A,1,0.000326,1,0.004,0.005
hex,#6F8F6A,1,0.000326,1,0.004,0.005
hex,#6F94C6,1,0.000326,1,0.004,0.005
hex,#6F97D3,1,0.000326,1,0.004,0.003333
hex,#6F9DC6,1,0.000326,1,0.004,0.003333
hex,#6F9E5C,1,0.000326,1,0.004,0.005
hex,#6FA3D8,1,0.000326,1,0.004,0.003333
hex,#6FA6C9,1,0.000326,1,0.004,0.005
hex,#6FAE6A,1,0.000326,1,0.004,0.003333
hex,#6FAE71,1,0.000326,1,0.004,0.003333
hex,#6FAED6,1,0.000326,1,0.004,0.005
hex,#6FAFE0,1,0.000326,1,0.004,0.003333
hex,#6FB584,1,0.000326,1,0.004,0.003333
hex,#6FB5D6,1,0.000326,1,0.004,0.003333
hex,#6FB9A6,1,0.000326,1,0.004,0.005
hex,#6FBE00,1,0.000326,1,0.004,0.003333
hex,#6FC26B,1,0.000326,1,0.004,0.005
hex,#6FCBCE,1,0.000326,1,0.004,0.005
hex,#7095B6,1,0.000326,1,0.004,0.003333
hex,#7096C7,1,0.000326,1,0.004,0.005
hex,#7098D0,1,0.000326,1,0.004,0.003333
hex,#709A70,1,0.000326,1,0.004,0.005
hex,#70A524,1,0.000326,1,0.004,0.005
hex,#70AB95,1,0.000326,1,0.004,0.003333
hex,#70AC54,1,0.000326,1,0.004,0.003333
hex,#70AD90,1,0.000326,1,0.004,0.003333
hex,#70B0F0,1,0.000326,1,0.004,0.003333
hex,#70C6C8,1,0.000326,1,0.004,0.005
hex,#716763,1,0.000326,1,0.004,0.005
hex,#718095,1,0.000326,1,0.004,0.003333
hex,#718096,1,0.000326,1,0.004,0.005
hex,#71B470,1,0.000326,1,0.004,0.003333
hex,#71D29F,1,0.000326,1,0.004,0.003333
hex,#727DB2,1,0.000326,1,0.004,0.005
hex,#72A86C,1,0.000326,1,0.004,0.005
hex,#72A875,1,0.000326,1,0.004,0.003333
hex,#72B0DE,1,0.000326,1,0.004,0.003333
hex,#72B77A,1,0.000326,1,0.004,0.005
hex,#72B7A1,1,0.000326,1,0.004,0.003333
hex,#72B947,1,0.000326,1,0.004,0.005
hex,#72D98A,1,0.000326,1,0.004,0.003333
hex,#73834A,1,0.000326,1,0.004,0.003333
hex,#7387A9,1,0.000326,1,0.004,0.005
hex,#7389A5,1,0.000326,1,0.004,0.005
hex,#738F72,1,0.000326,1,0.004,0.005
hex,#7391A8,1,0.000326,1,0.004,0.005
hex,#73ADD0,1,0.000326,1,0.004,0.005
hex,#73B076,1,0.000326,1,0.004,0.003333
hex,#73BF69,1,0.000326,1,0.004,0.005
hex,#73D98B,1,0.000326,1,0.004,0.003333
hex,#74282A,1,0.000326,1,0.004,0.005
hex,#74667C,1,0.000326,1,0.004,0.003333
hex,#7475FF,1,0.000326,1,0.004,0.005
hex,#74A647,1,0.000326,1,0.004,0.003333
hex,#74A9CF,1,0.000326,1,0.004,0.003333
hex,#74A9D0,1,0.000326,1,0.004,0.005
hex,#74ACD2,1,0.000326,1,0.004,0.003333
hex,#74B4A5,1,0.000326,1,0.004,0.003333
hex,#74B6A3,1,0.000326,1,0.004,0.003333
hex,#74BF00,1,0.000326,1,0.004,0.003333
hex,#74C69D,1,0.000326,1,0.004,0.003333
hex,#74C7B8,1,0.000326,1,0.004,0.003333
hex,#7500AF,1,0.000326,1,0.004,0.005
hex,#756556,1,0.000326,1,0.004,0.003333
hex,#757575,1,0.000326,1,0.004,0.003333
hex,#758174,1,0.000326,1,0.004,0.003333
hex,#758DA8,1,0.000326,1,0.004,0.003333
hex,#75BC42,1,0.000326,1,0.004,0.005
hex,#75C4B4,1,0.000326,1,0.004,0.005
hex,#75CAB2,1,0.000326,1,0.004,0.005
hex,#762A8A,1,0.000326,1,0.004,0.003333
hex,#7650A4,1,0.000326,1,0.004,0.003333
hex,#7665A7,1,0.000326,1,0.004,0.005
hex,#76689E,1,0.000326,1,0.004,0.005
hex,#76768D,1,0.000326,1,0.004,0.003333
hex,#76A5AF,1,0.000326,1,0.004,0.005
hex,#76A978,1,0.000326,1,0.004,0.003333
hex,#76A9E8,1,0.000326,1,0.004,0.005
hex,#76ABBD,1,0.000326,1,0.004,0.003333
hex,#76ABCF,1,0.000326,1,0.004,0.003333
hex,#76B5D3,1,0.000326,1,0.004,0.005
hex,#76B947,1,0.000326,1,0.004,0.003333
hex,#76C5A5,1,0.000326,1,0.004,0.003333
hex,#76C7FF,1,0.000326,1,0.004,0.005
hex,#7701A8,1,0.000326,1,0.004,0.005
hex,#7772B7,1,0.000326,1,0.004,0.003333
hex,#778495,1,0.000326,1,0.004,0.003333
hex,#778658,1,0.000326,1,0.004,0.003333
hex,#7786F0,1,0.000326,1,0.004,0.003333
hex,#778B6E,1,0.000326,1,0.004,0.005
hex,#77A6E2,1,0.000326,1,0.004,0.003333
hex,#77A84B,1,0.000326,1,0.004,0.003333
hex,#77B6E1,1,0.000326,1,0.004,0.005
hex,#77B8B5,1,0.000326,1,0.004,0.003333
hex,#77B9EF,1,0.000326,1,0.004,0.005
hex,#77BEF0,1,0.000326,1,0.004,0.003333
hex,#77C2BC,1,0.000326,1,0.004,0.003333
hex,#77C4F2,1,0.000326,1,0.004,0.003333
hex,#78909C,1,0.000326,1,0.004,0.005
hex,#7893A8,1,0.000326,1,0.004,0.005
hex,#7897A8,1,0.000326,1,0.004,0.003333
hex,#78A7D9,1,0.000326,1,0.004,0.005
hex,#78B239,1,0.000326,1,0.004,0.003333
hex,#78B7E8,1,0.000326,1,0.004,0.005
hex,#78B85A,1,0.000326,1,0.004,0.003333
hex,#78B8D8,1,0.000326,1,0.004,0.005
hex,#78BE20,1,0.000326,1,0.004,0.003333
hex,#78C679,1,0.000326,1,0.004,0.005
hex,#790D75,1,0.000326,1,0.004,0.003333
hex,#79706E,1,0.000326,1,0.004,0.005
hex,#7971C0,1,0.000326,1,0.004,0.003333
hex,#79B0D1,1,0.000326,1,0.004,0.005
hex,#79B86D,1,0.000326,1,0.004,0.003333
hex,#79BCEB,1,0.000326,1,0.004,0.003333
hex,#79BFA4,1,0.000326,1,0.004,0.003333
hex,#79C3AC,1,0.000326,1,0.004,0.005
hex,#79C76B,1,0.000326,1,0.004,0.005
hex,#7A0177,1,0.000326,1,0.004,0.003333
hex,#7A2CBF,1,0.000326,1,0.004,0.005
hex,#7A3EB1,1,0.000326,1,0.004,0.003333
hex,#7A3FA2,1,0.000326,1,0.004,0.003333
hex,#7A5F39,1,0.000326,1,0.004,0.003333
hex,#7A69D8,1,0.000326,1,0.004,0.005
hex,#7A7FD6,1,0.000326,1,0.004,0.003333
hex,#7A8896,1,0.000326,1,0.004,0.003333
hex,#7A8F94,1,0.000326,1,0.004,0.003333
hex,#7AAAD0,1,0.000326,1,0.004,0.003333
hex,#7AAAD1,1,0.000326,1,0.004,0.005
hex,#7AADD4,1,0.000326,1,0.004,0.005
hex,#7B3294,1,0.000326,1,0.004,0.003333
hex,#7B3E1F,1,0.000326,1,0.004,0.005
hex,#7B3F9E,1,0.000326,1,0.004,0.003333
hex,#7B4AB3,1,0.000326,1,0.004,0.003333
hex,#7B4FA0,1,0.000326,1,0.004,0.003333
hex,#7B5451,1,0.000326,1,0.004,0.005
hex,#7B55A6,1,0.000326,1,0.004,0.003333
hex,#7B5BB5,1,0.000326,1,0.004,0.003333
hex,#7B61A8,1,0.000326,1,0.004,0.003333
hex,#7B6E64,1,0.000326,1,0.004,0.005
hex,#7B6FD0,1,0.000326,1,0.004,0.003333
hex,#7B70C4,1,0.000326,1,0.004,0.003333
hex,#7B77A7,1,0.000326,1,0.004,0.003333
hex,#7B7B7B,1,0.000326,1,0.004,0.005
hex,#7B7C8A,1,0.000326,1,0.004,0.005
hex,#7BA8C9,1,0.000326,1,0.004,0.005
hex,#7BAFD4,1,0.000326,1,0.004,0.005
hex,#7BCB6B,1,0.000326,1,0.004,0.005
hex,#7BCB7B,1,0.000326,1,0.004,0.003333
hex,#7BDFF2,1,0.000326,1,0.004,0.003333
hex,#7C4DFF,1,0.000326,1,0.004,0.005
hex,#7C83FD,1,0.000326,1,0.004,0.003333
hex,#7C8792,1,0.000326,1,0.004,0.005
hex,#7CAE00,1,0.000326,1,0.004,0.003333
hex,#7CAE5D,1,0.000326,1,0.004,0.005
hex,#7CB9B4,1,0.000326,1,0.004,0.005
hex,#7CD992,1,0.000326,1,0.004,0.005
hex,#7D3E33,1,0.000326,1,0.004,0.003333
hex,#7D4E29,1,0.000326,1,0.004,0.003333
hex,#7D6442,1,0.000326,1,0.004,0.003333
hex,#7D7E84,1,0.000326,1,0.004,0.005
hex,#7D7F7B,1,0.000326,1,0.004,0.005
hex,#7D8C9C,1,0.000326,1,0.004,0.003333
hex,#7D8FA0,1,0.000326,1,0.004,0.003333
hex,#7D9DB9,1,0.000326,1,0.004,0.005
hex,#7DAF9E,1,0.000326,1,0.004,0.003333
hex,#7DB1A6,1,0.000326,1,0.004,0.005
hex,#7DBA6C,1,0.000326,1,0.004,0.003333
hex,#7DC6CC,1,0.000326,1,0.004,0.005
hex,#7E03A8,1,0.000326,1,0.004,0.005
hex,#7E4C27,1,0.000326,1,0.004,0.003333
hex,#7E9583,1,0.000326,1,0.004,0.003333
hex,#7E9AC8,1,0.000326,1,0.004,0.003333
hex,#7E9EBC,1,0.000326,1,0.004,0.005
hex,#7EC19B,1,0.000326,1,0.004,0.003333
hex,#7F007F,1,0.000326,1,0.004,0.003333
hex,#7F1FA2,1,0.000326,1,0.004,0.003333
hex,#7F4E26,1,0.000326,1,0.004,0.003333
hex,#7F60A8,1,0.000326,1,0.004,0.005
hex,#7F77A8,1,0.000326,1,0.004,0.005
hex,#7F7F7C,1,0.000326,1,0.004,0.005
hex,#7F8C3A,1,0.000326,1,0.004,0.005
hex,#7F96B9,1,0.000326,1,0.004,0.005
hex,#7F9FC2,1,0.000326,1,0.004,0.005
hex,#7FA8C9,1,0.000326,1,0.004,0.005
hex,#7FAA96,1,0.000326,1,0.004,0.003333
hex,#7FB2D4,1,0.000326,1,0.004,0.003333
hex,#7FB3E3,1,0.000326,1,0.004,0.005
hex,#7FB8A8,1,0.000326,1,0.004,0.003333
hex,#7FB8D8,1,0.000326,1,0.004,0.005
hex,#7FBD4B,1,0.000326,1,0.004,0.005
hex,#803E44,1,0.000326,1,0.004,0.003333
hex,#804020,1,0.000326,1,0.004,0.003333
hex,#8058C7,1,0.000326,1,0.004,0.003333
hex,#805A4A,1,0.000326,1,0.004,0.005
hex,#805AD5,1,0.000326,1,0.004,0.005
hex,#80613C,1,0.000326,1,0.004,0.003333
hex,#806B54,1,0.000326,1,0.004,0.003333
hex,#80A0DB,1,0.000326,1,0.004,0.005
hex,#80A626,1,0.000326,1,0.004,0.003333
hex,#80AEC2,1,0.000326,1,0.004,0.005
hex,#80AFA2,1,0.000326,1,0.004,0.003333
hex,#80B4C4,1,0.000326,1,0.004,0.005
hex,#80C8E8,1,0.000326,1,0.004,0.003333
hex,#80CD62,1,0.000326,1,0.004,0.003333
hex,#80CDC1,1,0.000326,1,0.004,0.003333
hex,#81391D,1,0.000326,1,0.004,0.003333
hex,#813F53,1,0.000326,1,0.004,0.003333
hex,#81C2B2,1,0.000326,1,0.004,0.003333
hex,#81C995,1,0.000326,1,0.004,0.005
hex,#825555,1,0.000326,1,0.004,0.003333
hex,#827A5A,1,0.000326,1,0.004,0.003333
hex,#8291A8,1,0.000326,1,0.004,0.003333
hex,#82A2C1,1,0.000326,1,0.004,0.005
hex,#82A9E3,1,0.000326,1,0.004,0.003333
hex,#82B4D8,1,0.000326,1,0.004,0.003333
hex,#82B8D5,1,0.000326,1,0.004,0.005
hex,#82C596,1,0.000326,1,0.004,0.003333
hex,#83605F,1,0.000326,1,0.004,0.005
hex,#8360A7,1,0.000326,1,0.004,0.005
hex,#83B55A,1,0.000326,1,0.004,0.003333
hex,#83BB8B,1,0.000326,1,0.004,0.005
hex,#83C55A,1,0.000326,1,0.004,0.005
hex,#83C6E5,1,0.000326,1,0.004,0.005
hex,#83CBE5,1,0.000326,1,0.004,0.003333
hex,#843C0C,1,0.000326,1,0.004,0.003333
hex,#845553,1,0.000326,1,0.004,0.005
hex,#8455EB,1,0.000326,1,0.004,0.003333
hex,#8459E8,1,0.000326,1,0.004,0.003333
hex,#84BBA6,1,0.000326,1,0.004,0.003333
hex,#84E291,1,0.000326,1,0.004,0.003333
hex,#855A8A,1,0.000326,1,0.004,0.003333
hex,#85A8CC,1,0.000326,1,0.004,0.003333
hex,#85A8D0,1,0.000326,1,0.004,0.005
hex,#85B737,1,0.000326,1,0.004,0.003333
hex,#85B96A,1,0.000326,1,0.004,0.003333
hex,#85C1E9,1,0.000326,1,0.004,0.003333
hex,#85C8C8,1,0.000326,1,0.004,0.005
hex,#85CC85,1,0.000326,1,0.004,0.003333
hex,#85CCA8,1,0.000326,1,0.004,0.003333
hex,#85CCCC,1,0.000326,1,0.004,0.003333
hex,#8661A5,1,0.000326,1,0.004,0.005
hex,#8686C6,1,0.000326,1,0.004,0.003333
hex,#869A98,1,0.000326,1,0.004,0.003333
hex,#86B7E5,1,0.000326,1,0.004,0.003333
hex,#86C5E6,1,0.000326,1,0.004,0.003333
hex,#86C98D,1,0.000326,1,0.004,0.005
hex,#86D89B,1,0.000326,1,0.004,0.005
hex,#878482,1,0.000326,1,0.004,0.005
hex,#87A7C4,1,0.000326,1,0.004,0.003333
hex,#87ADF0,1,0.000326,1,0.004,0.005
hex,#87B5CD,1,0.000326,1,0.004,0.003333
hex,#88322F,1,0.000326,1,0.004,0.005
hex,#883818,1,0.000326,1,0.004,0.005
hex,#88543F,1,0.000326,1,0.004,0.005
hex,#885848,1,0.000326,1,0.004,0.003333
hex,#887BD7,1,0.000326,1,0.004,0.005
hex,#88C0F7,1,0.000326,1,0.004,0.003333
hex,#88C7E8,1,0.000326,1,0.004,0.003333
hex,#897E74,1,0.000326,1,0.004,0.005
hex,#89A8B2,1,0.000326,1,0.004,0.003333
hex,#89B6D6,1,0.000326,1,0.004,0.003333
hex,#8A159F,1,0.000326,1,0.004,0.005
hex,#8A2D74,1,0.000326,1,0.004,0.005
hex,#8A3D90,1,0.000326,1,0.004,0.005
hex,#8A4D2D,1,0.000326,1,0.004,0.005
hex,#8A608E,1,0.000326,1,0.004,0.003333
hex,#8A66C2,1,0.000326,1,0.004,0.005
hex,#8A6BBE,1,0.000326,1,0.004,0.005
hex,#8A8177,1,0.000326,1,0.004,0.003333
hex,#8A8987,1,0.000326,1,0.004,0.005
hex,#8AB4F8,1,0.000326,1,0.004,0.005
hex,#8AB8E8,1,0.000326,1,0.004,0.003333
hex,#8AC0EF,1,0.000326,1,0.004,0.003333
hex,#8ACB7A,1,0.000326,1,0.004,0.003333
hex,#8B554A,1,0.000326,1,0.004,0.005
hex,#8B6F47,1,0.000326,1,0.004,0.003333
hex,#8B6FD1,1,0.000326,1,0.004,0.005
hex,#8B7A3E,1,0.000326,1,0.004,0.005
hex,#8BAD24,1,0.000326,1,0.004,0.003333
hex,#8BC0DD,1,0.000326,1,0.004,0.005
hex,#8BC49B,1,0.000326,1,0.004,0.005
hex,#8BC4E8,1,0.000326,1,0.004,0.003333
hex,#8BC5DE,1,0.000326,1,0.004,0.005
hex,#8BCB4A,1,0.000326,1,0.004,0.003333
hex,#8C4000,1,0.000326,1,0.004,0.003333
hex,#8C5A2B,1,0.000326,1,0.004,0.003333
hex,#8C5E58,1,0.000326,1,0.004,0.005
hex,#8C69C4,1,0.000326,1,0.004,0.005
hex,#8C6A52,1,0.000326,1,0.004,0.003333
hex,#8C6BB1,1,0.000326,1,0.004,0.005
hex,#8C8CB3,1,0.000326,1,0.004,0.003333
hex,#8C8CF5,1,0.000326,1,0.004,0.005
hex,#8CB6AA,1,0.000326,1,0.004,0.003333
hex,#8CB6D5,1,0.000326,1,0.004,0.005
hex,#8CBF26,1,0.000326,1,0.004,0.005
hex,#8CBF8D,1,0.000326,1,0.004,0.005
hex,#8CC0E8,1,0.000326,1,0.004,0.005
hex,#8CC6B5,1,0.000326,1,0.004,0.003333
hex,#8CD6C8,1,0.000326,1,0.004,0.005
hex,#8D3B19,1,0.000326,1,0.004,0.003333
hex,#8D5CEB,1,0.000326,1,0.004,0.003333
hex,#8D6FB0,1,0.000326,1,0.004,0.005
hex,#8D79A8,1,0.000326,1,0.004,0.005
hex,#8D7CC7,1,0.000326,1,0.004,0.003333
hex,#8D8D8D,1,0.000326,1,0.004,0.003333
hex,#8D90A4,1,0.000326,1,0.004,0.005
hex,#8DA1D1,1,0.000326,1,0.004,0.003333
hex,#8DAFB5,1,0.000326,1,0.004,0.003333
hex,#8DB6E8,1,0.000326,1,0.004,0.005
hex,#8DB7D9,1,0.000326,1,0.004,0.005
hex,#8DB8D5,1,0.000326,1,0.004,0.005
hex,#8DB8EB,1,0.000326,1,0.004,0.003333
hex,#8DB9E5,1,0.000326,1,0.004,0.005
hex,#8DBA6B,1,0.000326,1,0.004,0.005
hex,#8DC6E8,1,0.000326,1,0.004,0.003333
hex,#8E1438,1,0.000326,1,0.004,0.003333
hex,#8E354A,1,0.000326,1,0.004,0.003333
hex,#8E54A6,1,0.000326,1,0.004,0.005
hex,#8E5AA7,1,0.000326,1,0.004,0.003333
hex,#8E5CB8,1,0.000326,1,0.004,0.003333
hex,#8E63B4,1,0.000326,1,0.004,0.003333
hex,#8E6C5D,1,0.000326,1,0.004,0.005
hex,#8E79B8,1,0.000326,1,0.004,0.005
hex,#8E7DBE,1,0.000326,1,0.004,0.003333
hex,#8E83BE,1,0.000326,1,0.004,0.005
hex,#8E9BAB,1,0.000326,1,0.004,0.005
hex,#8EC0DE,1,0.000326,1,0.004,0.003333
hex,#8EC9F0,1,0.000326,1,0.004,0.003333
hex,#8F0DA4,1,0.000326,1,0.004,0.005
hex,#8F3C14,1,0.000326,1,0.004,0.003333
hex,#8F56E8,1,0.000326,1,0.004,0.003333
hex,#8F79C9,1,0.000326,1,0.004,0.003333
hex,#8F8B65,1,0.000326,1,0.004,0.003333
hex,#8F9ACF,1,0.000326,1,0.004,0.003333
hex,#8FA9DB,1,0.000326,1,0.004,0.003333
hex,#8FA9FF,1,0.000326,1,0.004,0.003333
hex,#8FAADC,1,0.000326,1,0.004,0.003333
hex,#8FAADD,1,0.000326,1,0.004,0.003333
hex,#8FB8DE,1,0.000326,1,0.004,0.005
hex,#8FBCE6,1,0.000326,1,0.004,0.005
hex,#8FBFD5,1,0.000326,1,0.004,0.003333
hex,#8FC28A,1,0.000326,1,0.004,0.005
hex,#8FC66E,1,0.000326,1,0.004,0.005
hex,#8FC7D8,1,0.000326,1,0.004,0.005
hex,#8FD06E,1,0.000326,1,0.004,0.003333
hex,#8FD3A8,1,0.000326,1,0.004,0.005
hex,#8FD3FF,1,0.000326,1,0.004,0.003333
hex,#8FE38F,1,0.000326,1,0.004,0.005
hex,#8FF28F,1,0.000326,1,0.004,0.003333
hex,#9068C0,1,0.000326,1,0.004,0.003333
hex,#908064,1,0.000326,1,0.004,0.005
hex,#909090,1,0.000326,1,0.004,0.003333
hex,#90B090,1,0.000326,1,0.004,0.003333
hex,#90BE6D,1,0.000326,1,0.004,0.003333
hex,#90C2AF,1,0.000326,1,0.004,0.005
hex,#90C3DD,1,0.000326,1,0.004,0.003333
hex,#90E0A8,1,0.000326,1,0.004,0.003333
hex,#9185CE,1,0.000326,1,0.004,0.005
hex,#9188CC,1,0.000326,1,0.004,0.005
hex,#91936D,1,0.000326,1,0.004,0.003333
hex,#919E83,1,0.000326,1,0.004,0.003333
hex,#91BF7C,1,0.000326,1,0.004,0.003333
hex,#91C4E4,1,0.000326,1,0.004,0.003333
hex,#91D0BC,1,0.000326,1,0.004,0.003333
hex,#91D5E8,1,0.000326,1,0.004,0.005
hex,#923097,1,0.000326,1,0.004,0.003333
hex,#9270D7,1,0.000326,1,0.004,0.005
hex,#928B8E,1,0.000326,1,0.004,0.005
hex,#929292,1,0.000326,1,0.004,0.003333
hex,#9299A8,1,0.000326,1,0.004,0.005
hex,#929FAD,1,0.000326,1,0.004,0.003333
hex,#92B4C6,1,0.000326,1,0.004,0.003333
hex,#934118,1,0.000326,1,0.004,0.003333
hex,#934FD3,1,0.000326,1,0.004,0.005
hex,#9367BD,1,0.000326,1,0.004,0.003333
hex,#937860,1,0.000326,1,0.004,0.003333
hex,#93915E,1,0.000326,1,0.004,0.003333
hex,#93A9D7,1,0.000326,1,0.004,0.003333
hex,#93C8C5,1,0.000326,1,0.004,0.003333
hex,#93C989,1,0.000326,1,0.004,0.003333
hex,#93D06B,1,0.000326,1,0.004,0.005
hex,#93D2B6,1,0.000326,1,0.004,0.005
hex,#94346E,1,0.000326,1,0.004,0.003333
hex,#94A5C8,1,0.000326,1,0.004,0.003333
hex,#94A9CE,1,0.000326,1,0.004,0.005
hex,#94B6D7,1,0.000326,1,0.004,0.005
hex,#94B9D6,1,0.000326,1,0.004,0.005
hex,#94BBDC,1,0.000326,1,0.004,0.005
hex,#95261F,1,0.000326,1,0.004,0.003333
hex,#953735,1,0.000326,1,0.004,0.003333
hex,#95A5A6,1,0.000326,1,0.004,0.003333
hex,#95B2A6,1,0.000326,1,0.004,0.005
hex,#95BEA4,1,0.000326,1,0.004,0.005
hex,#966869,1,0.000326,1,0.004,0.005
hex,#968C81,1,0.000326,1,0.004,0.005
hex,#96AAA9,1,0.000326,1,0.004,0.005
hex,#9773C6,1,0.000326,1,0.004,0.005
hex,#983943,1,0.000326,1,0.004,0.005
hex,#989898,1,0.000326,1,0.004,0.005
hex,#98AA92,1,0.000326,1,0.004,0.003333
hex,#98AC9F,1,0.000326,1,0.004,0.003333
hex,#98B8D8,1,0.000326,1,0.004,0.005
hex,#98BBB5,1,0.000326,1,0.004,0.003333
hex,#991B1B,1,0.000326,1,0.004,0.005
hex,#9932CC,1,0.000326,1,0.004,0.005
hex,#994316,1,0.000326,1,0.004,0.003333
hex,#998280,1,0.000326,1,0.004,0.003333
hex,#9999FF,1,0.000326,1,0.004,0.003333
hex,#99BBAC,1,0.000326,1,0.004,0.003333
hex,#99CC9E,1,0.000326,1,0.004,0.003333
hex,#99DCD1,1,0.000326,1,0.004,0.005
hex,#9A3412,1,0.000326,1,0.004,0.005
hex,#9A3D17,1,0.000326,1,0.004,0.003333
hex,#9A64B7,1,0.000326,1,0.004,0.005
hex,#9A79C4,1,0.000326,1,0.004,0.003333
hex,#9A8FD4,1,0.000326,1,0.004,0.003333
hex,#9AA9B8,1,0.000326,1,0.004,0.003333
hex,#9AB4DD,1,0.000326,1,0.004,0.005
hex,#9AC9DB,1,0.000326,1,0.004,0.005
hex,#9ACB66,1,0.000326,1,0.004,0.003333
hex,#9ACD78,1,0.000326,1,0.004,0.005
hex,#9ACD8B,1,0.000326,1,0.004,0.003333
hex,#9B1C1F,1,0.000326,1,0.004,0.003333
hex,#9B2002,1,0.000326,1,0.004,0.003333
hex,#9B3D0B,1,0.000326,1,0.004,0.003333
hex,#9B4418,1,0.000326,1,0.004,0.003333
hex,#9B4C37,1,0.000326,1,0.004,0.003333
hex,#9B5521,1,0.000326,1,0.004,0.005
hex,#9B5DE5,1,0.000326,1,0.004,0.005
hex,#9B6C00,1,0.000326,1,0.004,0.003333
hex,#9B6FB4,1,0.000326,1,0.004,0.005
hex,#9B7BC4,1,0.000326,1,0.004,0.003333
hex,#9B7BD5,1,0.000326,1,0.004,0.005
hex,#9B7E70,1,0.000326,1,0.004,0.005
hex,#9B9B9B,1,0.000326,1,0.004,0.005
hex,#9BB6D6,1,0.000326,1,0.004,0.003333
hex,#9BB7A6,1,0.000326,1,0.004,0.003333
hex,#9BBB59,1,0.000326,1,0.004,0.005
hex,#9BC4FA,1,0.000326,1,0.004,0.005
hex,#9BC5E8,1,0.000326,1,0.004,0.003333
hex,#9BC78B,1,0.000326,1,0.004,0.005
hex,#9BC8B8,1,0.000326,1,0.004,0.003333
hex,#9BCB83,1,0.000326,1,0.004,0.003333
hex,#9BCB9D,1,0.000326,1,0.004,0.003333
hex,#9BCBF1,1,0.000326,1,0.004,0.005
hex,#9BCDF4,1,0.000326,1,0.004,0.003333
hex,#9BCF8A,1,0.000326,1,0.004,0.003333
hex,#9C6ADE,1,0.000326,1,0.004,0.003333
hex,#9C79B8,1,0.000326,1,0.004,0.005
hex,#9C7BFF,1,0.000326,1,0.004,0.003333
hex,#9CB2CF,1,0.000326,1,0.004,0.003333
hex,#9CB4D3,1,0.000326,1,0.004,0.005
hex,#9CB6D5,1,0.000326,1,0.004,0.005
hex,#9CB8D8,1,0.000326,1,0.004,0.005
hex,#9CC9EA,1,0.000326,1,0.004,0.003333
hex,#9CCB62,1,0.000326,1,0.004,0.003333
hex,#9DBADA,1,0.000326,1,0.004,0.005
hex,#9DBDAF,1,0.000326,1,0.004,0.003333
hex,#9DBFDA,1,0.000326,1,0.004,0.005
hex,#9DD39E,1,0.000326,1,0.004,0.005
hex,#9DD4C4,1,0.000326,1,0.004,0.003333
hex,#9DD9B7,1,0.000326,1,0.004,0.003333
hex,#9E1B32,1,0.000326,1,0.004,0.005
hex,#9E1F50,1,0.000326,1,0.004,0.003333
hex,#9E9BCB,1,0.000326,1,0.004,0.005
hex,#9EA6A3,1,0.000326,1,0.004,0.005
hex,#9EA8B5,1,0.000326,1,0.004,0.003333
hex,#9EB974,1,0.000326,1,0.004,0.005
hex,#9EC64A,1,0.000326,1,0.004,0.003333
hex,#9ECBD8,1,0.000326,1,0.004,0.005
hex,#9ED0CF,1,0.000326,1,0.004,0.005
hex,#9ED2F5,1,0.000326,1,0.004,0.003333
hex,#9EDBEA,1,0.000326,1,0.004,0.003333
hex,#9F9F88,1,0.000326,1,0.004,0.003333
hex,#9FAA91,1,0.000326,1,0.004,0.005
hex,#9FB9D4,1,0.000326,1,0.004,0.005
hex,#9FC3C4,1,0.000326,1,0.004,0.003333
hex,#9FC5E8,1,0.000326,1,0.004,0.003333
hex,#9FD18A,1,0.000326,1,0.004,0.005
hex,#9FD29E,1,0.000326,1,0.004,0.005
hex,#9FD49F,1,0.000326,1,0.004,0.003333
hex,#A00000,1,0.000326,1,0.004,0.003333
hex,#A05A49,1,0.000326,1,0.004,0.005
hex,#A07AE9,1,0.000326,1,0.004,0.003333
hex,#A0A577,1,0.000326,1,0.004,0.003333
hex,#A0C2DF,1,0.000326,1,0.004,0.003333
hex,#A0CBE8,1,0.000326,1,0.004,0.003333
hex,#A0CFDE,1,0.000326,1,0.004,0.003333
hex,#A0DA39,1,0.000326,1,0.004,0.003333
hex,#A11B9B,1,0.000326,1,0.004,0.005
hex,#A13D13,1,0.000326,1,0.004,0.003333
hex,#A1C0D8,1,0.000326,1,0.004,0.003333
hex,#A21515,1,0.000326,1,0.004,0.003333
hex,#A23E9F,1,0.000326,1,0.004,0.003333
hex,#A2978A,1,0.000326,1,0.004,0.005
hex,#A2A3A1,1,0.000326,1,0.004,0.005
hex,#A2D2FF,1,0.000326,1,0.004,0.003333
hex,#A31D34,1,0.000326,1,0.004,0.003333
hex,#A36CC9,1,0.000326,1,0.004,0.003333
hex,#A375D1,1,0.000326,1,0.004,0.005
hex,#A37C63,1,0.000326,1,0.004,0.005
hex,#A3988E,1,0.000326,1,0.004,0.005
hex,#A3C9DF,1,0.000326,1,0.004,0.003333
hex,#A3D6C7,1,0.000326,1,0.004,0.003333
hex,#A43B8A,1,0.000326,1,0.004,0.003333
hex,#A4563A,1,0.000326,1,0.004,0.003333
hex,#A48CF4,1,0.000326,1,0.004,0.003333
hex,#A49B91,1,0.000326,1,0.004,0.005
hex,#A4B48D,1,0.000326,1,0.004,0.005
hex,#A4C1E2,1,0.000326,1,0.004,0.003333
hex,#A4CAE2,1,0.000326,1,0.004,0.003333
hex,#A4D7BE,1,0.000326,1,0.004,0.003333
hex,#A4D95B,1,0.000326,1,0.004,0.003333
hex,#A52A2A,1,0.000326,1,0.004,0.005
hex,#A56C55,1,0.000326,1,0.004,0.003333
hex,#A56F50,1,0.000326,1,0.004,0.003333
hex,#A5897F,1,0.000326,1,0.004,0.005
hex,#A594B9,1,0.000326,1,0.004,0.005
hex,#A5B6B0,1,0.000326,1,0.004,0.005
hex,#A5B97A,1,0.000326,1,0.004,0.003333
hex,#A5CEDF,1,0.000326,1,0.004,0.005
hex,#A5D7D6,1,0.000326,1,0.004,0.005
hex,#A5D854,1,0.000326,1,0.004,0.003333
hex,#A5DCCD,1,0.000326,1,0.004,0.005
hex,#A5E0E0,1,0.000326,1,0.004,0.005
hex,#A5E4DF,1,0.000326,1,0.004,0.005
hex,#A60605,1,0.000326,1,0.004,0.003333
hex,#A6193F,1,0.000326,1,0.004,0.003333
hex,#A62098,1,0.000326,1,0.004,0.005
hex,#A63603,1,0.000326,1,0.004,0.003333
hex,#A64AC9,1,0.000326,1,0.004,0.005
hex,#A65E2E,1,0.000326,1,0.004,0.005
hex,#A66663,1,0.000326,1,0.004,0.005
hex,#A66FB5,1,0.000326,1,0.004,0.005
hex,#A67C52,1,0.000326,1,0.004,0.003333
hex,#A680FF,1,0.000326,1,0.004,0.003333
hex,#A6CE39,1,0.000326,1,0.004,0.005
hex,#A6D16A,1,0.000326,1,0.004,0.003333
hex,#A6D3E5,1,0.000326,1,0.004,0.003333
hex,#A6D7A2,1,0.000326,1,0.004,0.003333
hex,#A6D7F7,1,0.000326,1,0.004,0.003333
hex,#A6E5E3,1,0.000326,1,0.004,0.005
hex,#A73145,1,0.000326,1,0.004,0.003333
hex,#A77A54,1,0.000326,1,0.004,0.003333
hex,#A77F00,1,0.000326,1,0.004,0.003333
hex,#A78BC3,1,0.000326,1,0.004,0.003333
hex,#A79B45,1,0.000326,1,0.004,0.005
hex,#A7A7A8,1,0.000326,1,0.004,0.005
hex,#A7A9E6,1,0.000326,1,0.004,0.003333
hex,#A7AAAD,1,0.000326,1,0.004,0.005
hex,#A7C7E7,1,0.000326,1,0.004,0.003333
hex,#A7C7E8,1,0.000326,1,0.004,0.005
hex,#A7C995,1,0.000326,1,0.004,0.003333
hex,#A7CBE8,1,0.000326,1,0.004,0.005
hex,#A7CD72,1,0.000326,1,0.004,0.003333
hex,#A7D5B1,1,0.000326,1,0.004,0.005
hex,#A7D69A,1,0.000326,1,0.004,0.003333
hex,#A7D7A3,1,0.000326,1,0.004,0.003333
hex,#A7D8A5,1,0.000326,1,0.004,0.005
hex,#A7D8EF,1,0.000326,1,0.004,0.003333
hex,#A7DCD7,1,0.000326,1,0.004,0.003333
hex,#A7DCE8,1,0.000326,1,0.004,0.003333
hex,#A7DFA5,1,0.000326,1,0.004,0.003333
hex,#A855F7,1,0.000326,1,0.004,0.005
hex,#A88162,1,0.000326,1,0.004,0.005
hex,#A885CC,1,0.000326,1,0.004,0.003333
hex,#A88810,1,0.000326,1,0.004,0.003333
hex,#A88AD2,1,0.000326,1,0.004,0.003333
hex,#A89083,1,0.000326,1,0.004,0.005
hex,#A8A9CB,1,0.000326,1,0.004,0.005
hex,#A8B0BC,1,0.000326,1,0.004,0.003333
hex,#A8B58B,1,0.000326,1,0.004,0.005
hex,#A8B5CB,1,0.000326,1,0.004,0.005
hex,#A8BDD9,1,0.000326,1,0.004,0.003333
hex,#A8C5E1,1,0.000326,1,0.004,0.003333
hex,#A8C8A6,1,0.000326,1,0.004,0.005
hex,#A8CB97,1,0.000326,1,0.004,0.003333
hex,#A8CBE3,1,0.000326,1,0.004,0.005
hex,#A8CBE8,1,0.000326,1,0.004,0.005
hex,#A8CC85,1,0.000326,1,0.004,0.003333
hex,#A8D5BA,1,0.000326,1,0.004,0.003333
hex,#A8D8F0,1,0.000326,1,0.004,0.005
hex,#A8D995,1,0.000326,1,0.004,0.003333
hex,#A8DADC,1,0.000326,1,0.004,0.003333
hex,#A8DCC5,1,0.000326,1,0.004,0.005
hex,#A8E7A3,1,0.000326,1,0.004,0.005
hex,#A8E7C6,1,0.000326,1,0.004,0.003333
hex,#A8EAD2,1,0.000326,1,0.004,0.003333
hex,#A8F0A3,1,0.000326,1,0.004,0.003333
hex,#A90061,1,0.000326,1,0.004,0.005
hex,#A94817,1,0.000326,1,0.004,0.003333
hex,#A98859,1,0.000326,1,0.004,0.003333
hex,#A994CA,1,0.000326,1,0.004,0.003333
hex,#A9B0B7,1,0.000326,1,0.004,0.003333
hex,#A9C4D7,1,0.000326,1,0.004,0.005
hex,#A9C8E3,1,0.000326,1,0.004,0.005
hex,#A9C98F,1,0.000326,1,0.004,0.005
hex,#A9C9E4,1,0.000326,1,0.004,0.005
hex,#A9CBE5,1,0.000326,1,0.004,0.005
hex,#A9D09C,1,0.000326,1,0.004,0.003333
hex,#A9D5DC,1,0.000326,1,0.004,0.003333
hex,#A9D9A3,1,0.000326,1,0.004,0.003333
hex,#A9DCDC,1,0.000326,1,0.004,0.003333
hex,#A9DDDD,1,0.000326,1,0.004,0.005
hex,#AA4646,1,0.000326,1,0.004,0.005
hex,#AA4CC6,1,0.000326,1,0.004,0.005
hex,#AA5555,1,0.000326,1,0.004,0.005
hex,#AA999E,1,0.000326,1,0.004,0.005
hex,#AA9F8F,1,0.000326,1,0.004,0.003333
hex,#AAA4CE,1,0.000326,1,0.004,0.003333
hex,#AAA7C7,1,0.000326,1,0.004,0.003333
hex,#AAB7D4,1,0.000326,1,0.004,0.005
hex,#AADCF0,1,0.000326,1,0.004,0.003333
hex,#ABA198,1,0.000326,1,0.004,0.005
hex,#ABC4D8,1,0.000326,1,0.004,0.003333
hex,#ABC9C3,1,0.000326,1,0.004,0.003333
hex,#ABCBE2,1,0.000326,1,0.004,0.003333
hex,#ABE08F,1,0.000326,1,0.004,0.003333
hex,#ACB7B3,1,0.000326,1,0.004,0.005
hex,#ACC1AA,1,0.000326,1,0.004,0.003333
hex,#ACCDFF,1,0.000326,1,0.004,0.005
hex,#ACD7E4,1,0.000326,1,0.004,0.005
hex,#ACDDBC,1,0.000326,1,0.004,0.005
hex,#AD4354,1,0.000326,1,0.004,0.005
hex,#AD848C,1,0.000326,1,0.004,0.003333
hex,#ADD5F0,1,0.000326,1,0.004,0.003333
hex,#AE1C20,1,0.000326,1,0.004,0.003333
hex,#AE78D6,1,0.000326,1,0.004,0.003333
hex,#AEA6B2,1,0.000326,1,0.004,0.003333
hex,#AEB5C0,1,0.000326,1,0.004,0.003333
hex,#AEB7BE,1,0.000326,1,0.004,0.005
hex,#AEC2C4,1,0.000326,1,0.004,0.003333
hex,#AEC9E3,1,0.000326,1,0.004,0.005
hex,#AECCE2,1,0.000326,1,0.004,0.003333
hex,#AED1B1,1,0.000326,1,0.004,0.005
hex,#AED1E6,1,0.000326,1,0.004,0.005
hex,#AED6F1,1,0.000326,1,0.004,0.003333
hex,#AF0040,1,0.000326,1,0.004,0.005
hex,#AF2024,1,0.000326,1,0.004,0.003333
hex,#AF7AA1,1,0.000326,1,0.004,0.005
hex,#AFAFAF,1,0.000326,1,0.004,0.003333
hex,#AFC0D8,1,0.000326,1,0.004,0.003333
hex,#AFC1E3,1,0.000326,1,0.004,0.003333
hex,#AFC2D2,1,0.000326,1,0.004,0.005
hex,#AFC4A8,1,0.000326,1,0.004,0.003333
hex,#AFC7E8,1,0.000326,1,0.004,0.005
hex,#AFE4C3,1,0.000326,1,0.004,0.005
hex,#B018B8,1,0.000326,1,0.004,0.003333
hex,#B03949,1,0.000326,1,0.004,0.003333
hex,#B04A4A,1,0.000326,1,0.004,0.003333
hex,#B05020,1,0.000326,1,0.004,0.003333
hex,#B06EB4,1,0.000326,1,0.004,0.005
hex,#B07C2E,1,0.000326,1,0.004,0.005
hex,#B0907A,1,0.000326,1,0.004,0.005
hex,#B0A89C,1,0.000326,1,0.004,0.005
hex,#B0B5D2,1,0.000326,1,0.004,0.005
hex,#B0BEB5,1,0.000326,1,0.004,0.003333
hex,#B0C19F,1,0.000326,1,0.004,0.003333
hex,#B0C4BF,1,0.000326,1,0.004,0.003333
hex,#B0C8E8,1,0.000326,1,0.004,0.003333
hex,#B0D0E6,1,0.000326,1,0.004,0.003333
hex,#B0D0F0,1,0.000326,1,0.004,0.003333
hex,#B0D1E6,1,0.000326,1,0.004,0.005
hex,#B0DCA0,1,0.000326,1,0.004,0.005
hex,#B10026,1,0.000326,1,0.004,0.005
hex,#B12421,1,0.000326,1,0.004,0.003333
hex,#B1A69C,1,0.000326,1,0.004,0.005
hex,#B22222,1,0.000326,1,0.004,0.003333
hex,#B24D3C,1,0.000326,1,0.004,0.005
hex,#B28765,1,0.000326,1,0.004,0.005
hex,#B28CD9,1,0.000326,1,0.004,0.005
hex,#B29BC3,1,0.000326,1,0.004,0.005
hex,#B2A7CC,1,0.000326,1,0.004,0.003333
hex,#B2A89E,1,0.000326,1,0.004,0.005
hex,#B2B0DE,1,0.000326,1,0.004,0.005
hex,#B31800,1,0.000326,1,0.004,0.005
hex,#B32D35,1,0.000326,1,0.004,0.005
hex,#B34A3C,1,0.000326,1,0.004,0.003333
hex,#B39DDB,1,0.000326,1,0.004,0.003333
hex,#B3B1DE,1,0.000326,1,0.004,0.005
hex,#B3B300,1,0.000326,1,0.004,0.003333
hex,#B3B3B3,1,0.000326,1,0.004,0.003333
hex,#B3CEE3,1,0.000326,1,0.004,0.005
hex,#B3D882,1,0.000326,1,0.004,0.003333
hex,#B3D9E6,1,0.000326,1,0.004,0.005
hex,#B41658,1,0.000326,1,0.004,0.005
hex,#B43B3E,1,0.000326,1,0.004,0.003333
hex,#B47D7F,1,0.000326,1,0.004,0.003333
hex,#B48AE5,1,0.000326,1,0.004,0.005
hex,#B48FAE,1,0.000326,1,0.004,0.003333
hex,#B49F96,1,0.000326,1,0.004,0.005
hex,#B4B0D2,1,0.000326,1,0.004,0.003333
hex,#B4B19E,1,0.000326,1,0.004,0.005
hex,#B4B7B1,1,0.000326,1,0.004,0.005
hex,#B4C3D8,1,0.000326,1,0.004,0.003333
hex,#B4C5E4,1,0.000326,1,0.004,0.005
hex,#B4CBDF,1,0.000326,1,0.004,0.003333
hex,#B4CEC7,1,0.000326,1,0.004,0.003333
hex,#B4D1E5,1,0.000326,1,0.004,0.003333
hex,#B4D4EA,1,0.000326,1,0.004,0.005
hex,#B4D7B8,1,0.000326,1,0.004,0.005
hex,#B4D9EF,1,0.000326,1,0.004,0.005
hex,#B4DDB4,1,0.000326,1,0.004,0.005
hex,#B500A5,1,0.000326,1,0.004,0.003333
hex,#B51700,1,0.000326,1,0.004,0.003333
hex,#B5342B,1,0.000326,1,0.004,0.005
hex,#B54F5A,1,0.000326,1,0.004,0.003333
hex,#B58ABB,1,0.000326,1,0.004,0.003333
hex,#B58CB8,1,0.000326,1,0.004,0.005
hex,#B58DE0,1,0.000326,1,0.004,0.003333
hex,#B5B53A,1,0.000326,1,0.004,0.003333
hex,#B5D2F2,1,0.000326,1,0.004,0.003333
hex,#B5D6C0,1,0.000326,1,0.004,0.003333
hex,#B5D8F3,1,0.000326,1,0.004,0.003333
hex,#B5DDF1,1,0.000326,1,0.004,0.003333
hex,#B5E3B6,1,0.000326,1,0.004,0.003333
hex,#B63679,1,0.000326,1,0.004,0.003333
hex,#B65A54,1,0.000326,1,0.004,0.005
hex,#B66A27,1,0.000326,1,0.004,0.003333
hex,#B66B24,1,0.000326,1,0.004,0.003333
hex,#B66B33,1,0.000326,1,0.004,0.003333
hex,#B68B63,1,0.000326,1,0.004,0.005
hex,#B6A5CC,1,0.000326,1,0.004,0.005
hex,#B6ACB9,1,0.000326,1,0.004,0.005
hex,#B6B6B6,1,0.000326,1,0.004,0.003333
hex,#B6BBBF,1,0.000326,1,0.004,0.005
hex,#B6C9E8,1,0.000326,1,0.004,0.003333
hex,#B6D72A,1,0.000326,1,0.004,0.003333
hex,#B6D8F2,1,0.000326,1,0.004,0.003333
hex,#B6D9C7,1,0.000326,1,0.004,0.003333
hex,#B6DA7A,1,0.000326,1,0.004,0.005
hex,#B6DF84,1,0.000326,1,0.004,0.005
hex,#B6E1F2,1,0.000326,1,0.004,0.003333
hex,#B6FCB6,1,0.000326,1,0.004,0.003333
hex,#B7242A,1,0.000326,1,0.004,0.005
hex,#B73786,1,0.000326,1,0.004,0.003333
hex,#B77C45,1,0.000326,1,0.004,0.005
hex,#B79AD8,1,0.000326,1,0.004,0.003333
hex,#B79F95,1,0.000326,1,0.004,0.005
hex,#B7A8E8,1,0.000326,1,0.004,0.003333
hex,#B7A98A,1,0.000326,1,0.004,0.003333
hex,#B7A9A2,1,0.000326,1,0.004,0.005
hex,#B7ACA3,1,0.000326,1,0.004,0.005
hex,#B7BEBB,1,0.000326,1,0.004,0.005
hex,#B7C4C8,1,0.000326,1,0.004,0.005
hex,#B7C6C9,1,0.000326,1,0.004,0.003333
hex,#B7CBE8,1,0.000326,1,0.004,0.003333
hex,#B7CBF4,1,0.000326,1,0.004,0.003333
hex,#B7CDE8,1,0.000326,1,0.004,0.003333
hex,#B7D1F0,1,0.000326,1,0.004,0.003333
hex,#B7D35B,1,0.000326,1,0.004,0.003333
hex,#B7D4F2,1,0.000326,1,0.004,0.003333
hex,#B7D5F0,1,0.000326,1,0.004,0.005
hex,#B7D69B,1,0.000326,1,0.004,0.003333
hex,#B7D6F3,1,0.000326,1,0.004,0.005
hex,#B7D7B9,1,0.000326,1,0.004,0.003333
hex,#B7D7E8,1,0.000326,1,0.004,0.003333
hex,#B7D7F0,1,0.000326,1,0.004,0.003333
hex,#B7D8CC,1,0.000326,1,0.004,0.003333
hex,#B7D9F3,1,0.000326,1,0.004,0.003333
hex,#B7DDE2,1,0.000326,1,0.004,0.005
hex,#B7DDF5,1,0.000326,1,0.004,0.003333
hex,#B7DEE8,1,0.000326,1,0.004,0.003333
hex,#B7E095,1,0.000326,1,0.004,0.003333
hex,#B7E2F5,1,0.000326,1,0.004,0.005
hex,#B7E5A5,1,0.000326,1,0.004,0.005
hex,#B7E8B7,1,0.000326,1,0.004,0.005
hex,#B7EBD8,1,0.000326,1,0.004,0.005
hex,#B82024,1,0.000326,1,0.004,0.003333
hex,#B85D60,1,0.000326,1,0.004,0.003333
hex,#B8946E,1,0.000326,1,0.004,0.003333
hex,#B8A0D9,1,0.000326,1,0.004,0.003333
hex,#B8A1CE,1,0.000326,1,0.004,0.003333
hex,#B8A7E9,1,0.000326,1,0.004,0.005
hex,#B8C7DE,1,0.000326,1,0.004,0.003333
hex,#B8CDE8,1,0.000326,1,0.004,0.005
hex,#B8D78F,1,0.000326,1,0.004,0.003333
hex,#B8D7C8,1,0.000326,1,0.004,0.003333
hex,#B8D8EC,1,0.000326,1,0.004,0.005
hex,#B8D8F2,1,0.000326,1,0.004,0.003333
hex,#B8D9D2,1,0.000326,1,0.004,0.003333
hex,#B8DC9E,1,0.000326,1,0.004,0.005
hex,#B8DDAF,1,0.000326,1,0.004,0.003333
hex,#B8DFAE,1,0.000326,1,0.004,0.005
hex,#B8DFF0,1,0.000326,1,0.004,0.005
hex,#B8E6B8,1,0.000326,1,0.004,0.003333
hex,#B8E8D4,1,0.000326,1,0.004,0.003333
hex,#B93048,1,0.000326,1,0.004,0.005
hex,#B96C22,1,0.000326,1,0.004,0.003333
hex,#B96D5A,1,0.000326,1,0.004,0.005
hex,#B98B48,1,0.000326,1,0.004,0.005
hex,#B98F68,1,0.000326,1,0.004,0.003333
hex,#B9AC9F,1,0.000326,1,0.004,0.005
hex,#B9ADD1,1,0.000326,1,0.004,0.005
hex,#B9ADD9,1,0.000326,1,0.004,0.005
hex,#B9B0A7,1,0.000326,1,0.004,0.005
hex,#B9B6B7,1,0.000326,1,0.004,0.005
hex,#B9C9D9,1,0.000326,1,0.004,0.005
hex,#B9CDE5,1,0.000326,1,0.004,0.003333
hex,#B9D9EC,1,0.000326,1,0.004,0.003333
hex,#B9D9EE,1,0.000326,1,0.004,0.005
hex,#B9D9F4,1,0.000326,1,0.004,0.003333
hex,#B9DCCB,1,0.000326,1,0.004,0.003333
hex,#B9DCE9,1,0.000326,1,0.004,0.005
hex,#B9DDF2,1,0.000326,1,0.004,0.005
hex,#B9DDF7,1,0.000326,1,0.004,0.003333
hex,#B9DED9,1,0.000326,1,0.004,0.003333
hex,#B9E1F2,1,0.000326,1,0.004,0.005
hex,#BA3388,1,0.000326,1,0.004,0.005
hex,#BAC1D4,1,0.000326,1,0.004,0.003333
hex,#BAEAF7,1,0.000326,1,0.004,0.005
hex,#BAEDD4,1,0.000326,1,0.004,0.005
hex,#BB576F,1,0.000326,1,0.004,0.003333
hex,#BB6719,1,0.000326,1,0.004,0.003333
hex,#BB6B6D,1,0.000326,1,0.004,0.005
hex,#BB9832,1,0.000326,1,0.004,0.003333
hex,#BBEBF6,1,0.000326,1,0.004,0.003333
hex,#BC1A24,1,0.000326,1,0.004,0.005
hex,#BC4D4D,1,0.000326,1,0.004,0.005
hex,#BCA9E8,1,0.000326,1,0.004,0.005
hex,#BCB1A8,1,0.000326,1,0.004,0.005
hex,#BCB9AF,1,0.000326,1,0.004,0.005
hex,#BCD4F7,1,0.000326,1,0.004,0.005
hex,#BCD5E3,1,0.000326,1,0.004,0.003333
hex,#BCD7E9,1,0.000326,1,0.004,0.003333
hex,#BCD8D1,1,0.000326,1,0.004,0.003333
hex,#BD374A,1,0.000326,1,0.004,0.003333
hex,#BD3E84,1,0.000326,1,0.004,0.003333
hex,#BD8D8B,1,0.000326,1,0.004,0.003333
hex,#BDB000,1,0.000326,1,0.004,0.003333
hex,#BDD6DB,1,0.000326,1,0.004,0.003333
hex,#BDD7E7,1,0.000326,1,0.004,0.003333
hex,#BDDBD3,1,0.000326,1,0.004,0.003333
hex,#BDE0FE,1,0.000326,1,0.004,0.003333
hex,#BDE4DA,1,0.000326,1,0.004,0.005
hex,#BE32E1,1,0.000326,1,0.004,0.005
hex,#BE5A54,1,0.000326,1,0.004,0.005
hex,#BED5D0,1,0.000326,1,0.004,0.003333
hex,#BED8C8,1,0.000326,1,0.004,0.005
hex,#BEE7F1,1,0.000326,1,0.004,0.003333
hex,#BF4649,1,0.000326,1,0.004,0.003333
hex,#BF9000,1,0.000326,1,0.004,0.003333
hex,#BFA9EE,1,0.000326,1,0.004,0.003333
hex,#BFAFE0,1,0.000326,1,0.004,0.003333
hex,#BFB8B3,1,0.000326,1,0.004,0.005
hex,#BFCDE8,1,0.000326,1,0.004,0.003333
hex,#BFCFEC,1,0.000326,1,0.004,0.005
hex,#BFD3E8,1,0.000326,1,0.004,0.005
hex,#BFD5E8,1,0.000326,1,0.004,0.003333
hex,#BFD7FF,1,0.000326,1,0.004,0.005
hex,#BFD8C7,1,0.000326,1,0.004,0.003333
hex,#BFD8F2,1,0.000326,1,0.004,0.003333
hex,#BFD966,1,0.000326,1,0.004,0.003333
hex,#BFD9DE,1,0.000326,1,0.004,0.003333
hex,#BFD9EE,1,0.000326,1,0.004,0.005
hex,#BFDAF7,1,0.000326,1,0.004,0.005
hex,#BFDCCF,1,0.000326,1,0.004,0.003333
hex,#BFDCEE,1,0.000326,1,0.004,0.005
hex,#BFE0F3,1,0.000326,1,0.004,0.005
hex,#BFE1D8,1,0.000326,1,0.004,0.003333
hex,#BFE3F2,1,0.000326,1,0.004,0.003333
hex,#BFE4F3,1,0.000326,1,0.004,0.003333
hex,#BFE7CF,1,0.000326,1,0.004,0.005
hex,#BFE7F5,1,0.000326,1,0.004,0.003333
hex,#BFE8F7,1,0.000326,1,0.004,0.003333
hex,#BFFFBF,1,0.000326,1,0.004,0.003333
hex,#C06020,1,0.000326,1,0.004,0.003333
hex,#C0C7AE,1,0.000326,1,0.004,0.005
hex,#C0E6F5,1,0.000326,1,0.004,0.003333
hex,#C0E98A,1,0.000326,1,0.004,0.005
hex,#C0EFDB,1,0.000326,1,0.004,0.005
hex,#C12A2A,1,0.000326,1,0.004,0.005
hex,#C12D36,1,0.000326,1,0.004,0.005
hex,#C17A2C,1,0.000326,1,0.004,0.003333
hex,#C17AC9,1,0.000326,1,0.004,0.003333
hex,#C17F4E,1,0.000326,1,0.004,0.003333
hex,#C18B5A,1,0.000326,1,0.004,0.003333
hex,#C1C1C1,1,0.000326,1,0.004,0.003333
hex,#C1D6EC,1,0.000326,1,0.004,0.005
hex,#C1D9EA,1,0.000326,1,0.004,0.003333
hex,#C1E5F5,1,0.000326,1,0.004,0.003333
hex,#C23A88,1,0.000326,1,0.004,0.003333
hex,#C23B78,1,0.000326,1,0.004,0.003333
hex,#C2410C,1,0.000326,1,0.004,0.005
hex,#C24BC2,1,0.000326,1,0.004,0.005
hex,#C2A9EA,1,0.000326,1,0.004,0.005
hex,#C2E6FF,1,0.000326,1,0.004,0.003333
hex,#C2E8F7,1,0.000326,1,0.004,0.003333
hex,#C33CDF,1,0.000326,1,0.004,0.003333
hex,#C33CE5,1,0.000326,1,0.004,0.003333
hex,#C33D80,1,0.000326,1,0.004,0.005
hex,#C3A5A6,1,0.000326,1,0.004,0.005
hex,#C3D2B8,1,0.000326,1,0.004,0.005
hex,#C434E8,1,0.000326,1,0.004,0.005
hex,#C43AD6,1,0.000326,1,0.004,0.003333
hex,#C43D4B,1,0.000326,1,0.004,0.003333
hex,#C43F4D,1,0.000326,1,0.004,0.003333
hex,#C44748,1,0.000326,1,0.004,0.005
hex,#C4871F,1,0.000326,1,0.004,0.003333
hex,#C49A00,1,0.000326,1,0.004,0.005
hex,#C4B5E9,1,0.000326,1,0.004,0.005
hex,#C4B79C,1,0.000326,1,0.004,0.003333
hex,#C4B9E1,1,0.000326,1,0.004,0.005
hex,#C4C4C4,1,0.000326,1,0.004,0.005
hex,#C4CE96,1,0.000326,1,0.004,0.003333
hex,#C4D7BD,1,0.000326,1,0.004,0.005
hex,#C4D7E7,1,0.000326,1,0.004,0.003333
hex,#C4DDEE,1,0.000326,1,0.004,0.005
hex,#C4E8BA,1,0.000326,1,0.004,0.003333
hex,#C56848,1,0.000326,1,0.004,0.005
hex,#C5AFB1,1,0.000326,1,0.004,0.003333
hex,#C5B2CC,1,0.000326,1,0.004,0.005
hex,#C5B39A,1,0.000326,1,0.004,0.003333
hex,#C5BC4C,1,0.000326,1,0.004,0.003333
hex,#C5DFFF,1,0.000326,1,0.004,0.003333
hex,#C5E0B6,1,0.000326,1,0.004,0.003333
hex,#C62828,1,0.000326,1,0.004,0.005
hex,#C63636,1,0.000326,1,0.004,0.003333
hex,#C63C96,1,0.000326,1,0.004,0.003333
hex,#C64D43,1,0.000326,1,0.004,0.005
hex,#C67993,1,0.000326,1,0.004,0.005
hex,#C6C5E2,1,0.000326,1,0.004,0.005
hex,#C6C8CC,1,0.000326,1,0.004,0.003333
hex,#C6CFB5,1,0.000326,1,0.004,0.003333
hex,#C6D0B7,1,0.000326,1,0.004,0.005
hex,#C6D4E0,1,0.000326,1,0.004,0.003333
hex,#C6DDF1,1,0.000326,1,0.004,0.003333
hex,#C73E1D,1,0.000326,1,0.004,0.005
hex,#C7437A,1,0.000326,1,0.004,0.005
hex,#C7656D,1,0.000326,1,0.004,0.005
hex,#C77DFF,1,0.000326,1,0.004,0.005
hex,#C7A86B,1,0.000326,1,0.004,0.005
hex,#C7B0F2,1,0.000326,1,0.004,0.005
hex,#C7B7E8,1,0.000326,1,0.004,0.003333
hex,#C7CDD1,1,0.000326,1,0.004,0.005
hex,#C7D1F8,1,0.000326,1,0.004,0.003333
hex,#C7D6C7,1,0.000326,1,0.004,0.003333
hex,#C7D8E8,1,0.000326,1,0.004,0.003333
hex,#C7DDEE,1,0.000326,1,0.004,0.005
hex,#C7DFF2,1,0.000326,1,0.004,0.005
hex,#C7E3FC,1,0.000326,1,0.004,0.003333
hex,#C7EBD2,1,0.000326,1,0.004,0.003333
hex,#C7EBED,1,0.000326,1,0.004,0.003333
hex,#C7F0C2,1,0.000326,1,0.004,0.005
hex,#C7FD62,1,0.000326,1,0.004,0.003333
hex,#C83E4D,1,0.000326,1,0.004,0.005
hex,#C84C4C,1,0.000326,1,0.004,0.003333
hex,#C86808,1,0.000326,1,0.004,0.005
hex,#C88352,1,0.000326,1,0.004,0.003333
hex,#C885C8,1,0.000326,1,0.004,0.003333
hex,#C8A52A,1,0.000326,1,0.004,0.005
hex,#C8B3D9,1,0.000326,1,0.004,0.005
hex,#C8B5E3,1,0.000326,1,0.004,0.005
hex,#C8B6C6,1,0.000326,1,0.004,0.003333
hex,#C8C8C8,1,0.000326,1,0.004,0.005
hex,#C8C8E6,1,0.000326,1,0.004,0.005
hex,#C8CDD3,1,0.000326,1,0.004,0.003333
hex,#C8CED1,1,0.000326,1,0.004,0.005
hex,#C8D6E5,1,0.000326,1,0.004,0.003333
hex,#C8D7F0,1,0.000326,1,0.004,0.005
hex,#C8DADE,1,0.000326,1,0.004,0.005
hex,#C8DCE4,1,0.000326,1,0.004,0.005
hex,#C8DDED,1,0.000326,1,0.004,0.003333
hex,#C8E8FF,1,0.000326,1,0.004,0.003333
hex,#C8F2D5,1,0.000326,1,0.004,0.003333
hex,#C92828,1,0.000326,1,0.004,0.003333
hex,#C95B4C,1,0.000326,1,0.004,0.005
hex,#C97C7C,1,0.000326,1,0.004,0.005
hex,#C9855B,1,0.000326,1,0.004,0.005
hex,#C98989,1,0.000326,1,0.004,0.003333
hex,#C99158,1,0.000326,1,0.004,0.003333
hex,#C99859,1,0.000326,1,0.004,0.003333
hex,#C9B3DE,1,0.000326,1,0.004,0.003333
hex,#C9B59A,1,0.000326,1,0.004,0.003333
hex,#C9B6DE,1,0.000326,1,0.004,0.005
hex,#C9B7CA,1,0.000326,1,0.004,0.003333
hex,#C9B7E4,1,0.000326,1,0.004,0.005
hex,#C9B8DD,1,0.000326,1,0.004,0.005
hex,#C9B9E6,1,0.000326,1,0.004,0.003333
hex,#C9C5FF,1,0.000326,1,0.004,0.005
hex,#C9C987,1,0.000326,1,0.004,0.003333
hex,#C9D0FF,1,0.000326,1,0.004,0.005
hex,#C9D5DF,1,0.000326,1,0.004,0.003333
hex,#C9D9E8,1,0.000326,1,0.004,0.005
hex,#C9D9ED,1,0.000326,1,0.004,0.003333
hex,#C9DADE,1,0.000326,1,0.004,0.003333
hex,#C9DAF0,1,0.000326,1,0.004,0.005
hex,#C9DDE8,1,0.000326,1,0.004,0.005
hex,#C9DDF5,1,0.000326,1,0.004,0.003333
hex,#C9DDF7,1,0.000326,1,0.004,0.003333
hex,#C9E4B5,1,0.000326,1,0.004,0.005
hex,#C9E4F6,1,0.000326,1,0.004,0.003333
hex,#C9E7C0,1,0.000326,1,0.004,0.003333
hex,#C9EFE8,1,0.000326,1,0.004,0.003333
hex,#CA35D7,1,0.000326,1,0.004,0.003333
hex,#CA6A6A,1,0.000326,1,0.004,0.003333
hex,#CA9D79,1,0.000326,1,0.004,0.003333
hex,#CAABC2,1,0.000326,1,0.004,0.005
hex,#CAD2CB,1,0.000326,1,0.004,0.003333
hex,#CAD6DF,1,0.000326,1,0.004,0.003333
hex,#CADDEE,1,0.000326,1,0.004,0.005
hex,#CADDFD,1,0.000326,1,0.004,0.003333
hex,#CAF5DE,1,0.000326,1,0.004,0.003333
hex,#CB6CE6,1,0.000326,1,0.004,0.003333
hex,#CB7237,1,0.000326,1,0.004,0.003333
hex,#CBC6D5,1,0.000326,1,0.004,0.003333
hex,#CBCCD7,1,0.000326,1,0.004,0.005
hex,#CBCEDD,1,0.000326,1,0.004,0.003333
hex,#CBDDAF,1,0.000326,1,0.004,0.003333
hex,#CBDEAF,1,0.000326,1,0.004,0.003333
hex,#CBDFF0,1,0.000326,1,0.004,0.005
hex,#CBE7CF,1,0.000326,1,0.004,0.003333
hex,#CC009C,1,0.000326,1,0.004,0.005
hex,#CC1111,1,0.000326,1,0.004,0.005
hex,#CC7417,1,0.000326,1,0.004,0.003333
hex,#CC8026,1,0.000326,1,0.004,0.003333
hex,#CC8585,1,0.000326,1,0.004,0.003333
hex,#CC85A8,1,0.000326,1,0.004,0.003333
hex,#CC8A5B,1,0.000326,1,0.004,0.005
hex,#CCA885,1,0.000326,1,0.004,0.003333
hex,#CCB974,1,0.000326,1,0.004,0.003333
hex,#CCCC85,1,0.000326,1,0.004,0.003333
hex,#CCDAC5,1,0.000326,1,0.004,0.005
hex,#CCE5EE,1,0.000326,1,0.004,0.005
hex,#CCE7E0,1,0.000326,1,0.004,0.003333
hex,#CCE9F4,1,0.000326,1,0.004,0.003333
hex,#CCFFCC,1,0.000326,1,0.004,0.005
hex,#CD7C5E,1,0.000326,1,0.004,0.003333
hex,#CD996F,1,0.000326,1,0.004,0.003333
hex,#CDAEB0,1,0.000326,1,0.004,0.003333
hex,#CDC2D9,1,0.000326,1,0.004,0.003333
hex,#CDC3E5,1,0.000326,1,0.004,0.005
hex,#CDD2D4,1,0.000326,1,0.004,0.003333
hex,#CDDCF3,1,0.000326,1,0.004,0.003333
hex,#CDE5B9,1,0.000326,1,0.004,0.003333
hex,#CDE5ED,1,0.000326,1,0.004,0.005
hex,#CDE8D2,1,0.000326,1,0.004,0.005
hex,#CDECCF,1,0.000326,1,0.004,0.003333
hex,#CDEECE,1,0.000326,1,0.004,0.005
hex,#CE4A4A,1,0.000326,1,0.004,0.005
hex,#CE83C1,1,0.000326,1,0.004,0.003333
hex,#CED4D5,1,0.000326,1,0.004,0.003333
hex,#CED7A1,1,0.000326,1,0.004,0.003333
hex,#CED7E1,1,0.000326,1,0.004,0.003333
hex,#CEE6D4,1,0.000326,1,0.004,0.005
hex,#CF7800,1,0.000326,1,0.004,0.005
hex,#CFB2FA,1,0.000326,1,0.004,0.003333
hex,#CFB79C,1,0.000326,1,0.004,0.003333
hex,#CFCFCF,1,0.000326,1,0.004,0.003333
hex,#CFE1F3,1,0.000326,1,0.004,0.005
hex,#CFE3F6,1,0.000326,1,0.004,0.003333
hex,#CFE6B9,1,0.000326,1,0.004,0.003333
hex,#CFE6F2,1,0.000326,1,0.004,0.005
hex,#CFE8C8,1,0.000326,1,0.004,0.003333
hex,#CFE8CE,1,0.000326,1,0.004,0.003333
hex,#CFE8CF,1,0.000326,1,0.004,0.005
hex,#CFECE7,1,0.000326,1,0.004,0.003333
hex,#D06902,1,0.000326,1,0.004,0.003333
hex,#D08020,1,0.000326,1,0.004,0.003333
hex,#D0A080,1,0.000326,1,0.004,0.003333
hex,#D0E0F0,1,0.000326,1,0.004,0.003333
hex,#D0E2C9,1,0.000326,1,0.004,0.003333
hex,#D0E4B6,1,0.000326,1,0.004,0.003333
hex,#D0EDF9,1,0.000326,1,0.004,0.003333
hex,#D0EEF0,1,0.000326,1,0.004,0.003333
hex,#D11FA3,1,0.000326,1,0.004,0.005
hex,#D13E38,1,0.000326,1,0.004,0.005
hex,#D14E72,1,0.000326,1,0.004,0.005
hex,#D1B6B0,1,0.000326,1,0.004,0.005
hex,#D1CED3,1,0.000326,1,0.004,0.005
hex,#D1D1D1,1,0.000326,1,0.004,0.003333
hex,#D1E3EB,1,0.000326,1,0.004,0.003333
hex,#D1EDF9,1,0.000326,1,0.004,0.003333
hex,#D22B31,1,0.000326,1,0.004,0.005
hex,#D24C47,1,0.000326,1,0.004,0.005
hex,#D25312,1,0.000326,1,0.004,0.003333
hex,#D2797C,1,0.000326,1,0.004,0.005
hex,#D27E8A,1,0.000326,1,0.004,0.003333
hex,#D2897E,1,0.000326,1,0.004,0.005
hex,#D2B48C,1,0.000326,1,0.004,0.003333
hex,#D2D3D4,1,0.000326,1,0.004,0.005
hex,#D2E1F3,1,0.000326,1,0.004,0.005
hex,#D2E6EE,1,0.000326,1,0.004,0.005
hex,#D2E9FE,1,0.000326,1,0.004,0.005
hex,#D2EAFB,1,0.000326,1,0.004,0.003333
hex,#D34968,1,0.000326,1,0.004,0.005
hex,#D37466,1,0.000326,1,0.004,0.005
hex,#D38C62,1,0.000326,1,0.004,0.003333
hex,#D3A84F,1,0.000326,1,0.004,0.003333
hex,#D3D4D6,1,0.000326,1,0.004,0.003333
hex,#D3D9D8,1,0.000326,1,0.004,0.003333
hex,#D3DDF1,1,0.000326,1,0.004,0.003333
hex,#D3E2F1,1,0.000326,1,0.004,0.003333
hex,#D3E9FA,1,0.000326,1,0.004,0.005
hex,#D3F9D8,1,0.000326,1,0.004,0.005
hex,#D3F9E5,1,0.000326,1,0.004,0.005
hex,#D4559E,1,0.000326,1,0.004,0.003333
hex,#D4B2A6,1,0.000326,1,0.004,0.005
hex,#D4B34C,1,0.000326,1,0.004,0.005
hex,#D4C5BA,1,0.000326,1,0.004,0.005
hex,#D4D4FE,1,0.000326,1,0.004,0.005
hex,#D4D4FF,1,0.000326,1,0.004,0.003333
hex,#D4D8DE,1,0.000326,1,0.004,0.005
hex,#D4DEF1,1,0.000326,1,0.004,0.003333
hex,#D4DEF3,1,0.000326,1,0.004,0.003333
hex,#D4E2F4,1,0.000326,1,0.004,0.005
hex,#D4E3F0,1,0.000326,1,0.004,0.003333
hex,#D4EFF8,1,0.000326,1,0.004,0.003333
hex,#D4F0E8,1,0.000326,1,0.004,0.003333
hex,#D52728,1,0.000326,1,0.004,0.005
hex,#D55BC4,1,0.000326,1,0.004,0.003333
hex,#D57B3B,1,0.000326,1,0.004,0.005
hex,#D58E43,1,0.000326,1,0.004,0.005
hex,#D5A05C,1,0.000326,1,0.004,0.005
hex,#D5A77B,1,0.000326,1,0.004,0.005
hex,#D5B083,1,0.000326,1,0.004,0.005
hex,#D5E4F5,1,0.000326,1,0.004,0.005
hex,#D5E596,1,0.000326,1,0.004,0.003333
hex,#D5E6F5,1,0.000326,1,0.004,0.005
hex,#D5F0C7,1,0.000326,1,0.004,0.003333
hex,#D5F0D5,1,0.000326,1,0.004,0.003333
hex,#D5F229,1,0.000326,1,0.004,0.003333
hex,#D5F6FF,1,0.000326,1,0.004,0.005
hex,#D62727,1,0.000326,1,0.004,0.003333
hex,#D62F2F,1,0.000326,1,0.004,0.003333
hex,#D64B4B,1,0.000326,1,0.004,0.003333
hex,#D64C47,1,0.000326,1,0.004,0.003333
hex,#D64DA3,1,0.000326,1,0.004,0.003333
hex,#D65A64,1,0.000326,1,0.004,0.005
hex,#D65A9A,1,0.000326,1,0.004,0.005
hex,#D65F3D,1,0.000326,1,0.004,0.003333
hex,#D66E49,1,0.000326,1,0.004,0.003333
hex,#D69A22,1,0.000326,1,0.004,0.005
hex,#D6BCE7,1,0.000326,1,0.004,0.003333
hex,#D6C88B,1,0.000326,1,0.004,0.003333
hex,#D6C8A5,1,0.000326,1,0.004,0.003333
hex,#D6E4F7,1,0.000326,1,0.004,0.003333
hex,#D6E4FF,1,0.000326,1,0.004,0.005
hex,#D6E5CF,1,0.000326,1,0.004,0.005
hex,#D6E5F5,1,0.000326,1,0.004,0.003333
hex,#D6E6E3,1,0.000326,1,0.004,0.005
hex,#D6F0D8,1,0.000326,1,0.004,0.003333
hex,#D7301F,1,0.000326,1,0.004,0.003333
hex,#D73037,1,0.000326,1,0.004,0.005
hex,#D74083,1,0.000326,1,0.004,0.005
hex,#D76B17,1,0.000326,1,0.004,0.003333
hex,#D77A3A,1,0.000326,1,0.004,0.003333
hex,#D77E73,1,0.000326,1,0.004,0.005
hex,#D7B28A,1,0.000326,1,0.004,0.003333
hex,#D7BCE1,1,0.000326,1,0.004,0.003333
hex,#D7E2EF,1,0.000326,1,0.004,0.005
hex,#D7E4D2,1,0.000326,1,0.004,0.003333
hex,#D7E6D0,1,0.000326,1,0.004,0.003333
hex,#D7E6F2,1,0.000326,1,0.004,0.003333
hex,#D7E6F4,1,0.000326,1,0.004,0.003333
hex,#D7E6F5,1,0.000326,1,0.004,0.005
hex,#D7E8D1,1,0.000326,1,0.004,0.005
hex,#D7E9B0,1,0.000326,1,0.004,0.005
hex,#D7E9B5,1,0.000326,1,0.004,0.003333
hex,#D7EBCB,1,0.000326,1,0.004,0.005
hex,#D7EEF8,1,0.000326,1,0.004,0.003333
hex,#D838C0,1,0.000326,1,0.004,0.003333
hex,#D8423A,1,0.000326,1,0.004,0.003333
hex,#D84A72,1,0.000326,1,0.004,0.003333
hex,#D84C48,1,0.000326,1,0.004,0.005
hex,#D870D0,1,0.000326,1,0.004,0.003333
hex,#D87416,1,0.000326,1,0.004,0.003333
hex,#D87418,1,0.000326,1,0.004,0.003333
hex,#D87845,1,0.000326,1,0.004,0.003333
hex,#D87912,1,0.000326,1,0.004,0.003333
hex,#D88420,1,0.000326,1,0.004,0.005
hex,#D88932,1,0.000326,1,0.004,0.005
hex,#D88C3A,1,0.000326,1,0.004,0.003333
hex,#D89A58,1,0.000326,1,0.004,0.003333
hex,#D8B17D,1,0.000326,1,0.004,0.003333
hex,#D8B365,1,0.000326,1,0.004,0.003333
hex,#D8B58C,1,0.000326,1,0.004,0.005
hex,#D8B8E8,1,0.000326,1,0.004,0.005
hex,#D8BFD8,1,0.000326,1,0.004,0.003333
hex,#D8C28F,1,0.000326,1,0.004,0.005
hex,#D8C4EC,1,0.000326,1,0.004,0.005
hex,#D8C8B5,1,0.000326,1,0.004,0.005
hex,#D8C8E8,1,0.000326,1,0.004,0.005
hex,#D8C9A7,1,0.000326,1,0.004,0.005
hex,#D8C9F2,1,0.000326,1,0.004,0.005
hex,#D8CCC5,1,0.000326,1,0.004,0.005
hex,#D8D7E9,1,0.000326,1,0.004,0.005
hex,#D8DDE4,1,0.000326,1,0.004,0.005
hex,#D8DDF8,1,0.000326,1,0.004,0.003333
hex,#D8E1ED,1,0.000326,1,0.004,0.003333
hex,#D8E1EF,1,0.000326,1,0.004,0.003333
hex,#D8E1F6,1,0.000326,1,0.004,0.005
hex,#D8E1FF,1,0.000326,1,0.004,0.003333
hex,#D8E5F0,1,0.000326,1,0.004,0.003333
hex,#D8E5F5,1,0.000326,1,0.004,0.005
hex,#D8E6EF,1,0.000326,1,0.004,0.005
hex,#D8E9F8,1,0.000326,1,0.004,0.005
hex,#D8EAF7,1,0.000326,1,0.004,0.003333
hex,#D8EBDD,1,0.000326,1,0.004,0.003333
hex,#D8ECE7,1,0.000326,1,0.004,0.003333
hex,#D8ECF4,1,0.000326,1,0.004,0.003333
hex,#D8EFD8,1,0.000326,1,0.004,0.003333
hex,#D8F0C8,1,0.000326,1,0.004,0.003333
hex,#D8F0D8,1,0.000326,1,0.004,0.005
hex,#D8F2AF,1,0.000326,1,0.004,0.005
hex,#D94A50,1,0.000326,1,0.004,0.005
hex,#D94B45,1,0.000326,1,0.004,0.005
hex,#D94F57,1,0.000326,1,0.004,0.003333
hex,#D94F67,1,0.000326,1,0.004,0.005
hex,#D95049,1,0.000326,1,0.004,0.005
hex,#D95420,1,0.000326,1,0.004,0.003333
hex,#D9544D,1,0.000326,1,0.004,0.003333
hex,#D95865,1,0.000326,1,0.004,0.003333
hex,#D95B63,1,0.000326,1,0.004,0.003333
hex,#D95C45,1,0.000326,1,0.004,0.005
hex,#D95C5C,1,0.000326,1,0.004,0.003333
hex,#D95C8B,1,0.000326,1,0.004,0.005
hex,#D95F3F,1,0.000326,1,0.004,0.003333
hex,#D95F6A,1,0.000326,1,0.004,0.005
hex,#D96247,1,0.000326,1,0.004,0.005
hex,#D96518,1,0.000326,1,0.004,0.003333
hex,#D9651A,1,0.000326,1,0.004,0.003333
hex,#D96F70,1,0.000326,1,0.004,0.003333
hex,#D97451,1,0.000326,1,0.004,0.005
hex,#D9772B,1,0.000326,1,0.004,0.003333
hex,#D97841,1,0.000326,1,0.004,0.005
hex,#D9821B,1,0.000326,1,0.004,0.005
hex,#D983C8,1,0.000326,1,0.004,0.003333
hex,#D98449,1,0.000326,1,0.004,0.005
hex,#D985D9,1,0.000326,1,0.004,0.003333
hex,#D98768,1,0.000326,1,0.004,0.005
hex,#D98791,1,0.000326,1,0.004,0.005
hex,#D987D8,1,0.000326,1,0.004,0.003333
hex,#D98958,1,0.000326,1,0.004,0.005
hex,#D98AD8,1,0.000326,1,0.004,0.003333
hex,#D98B3A,1,0.000326,1,0.004,0.005
hex,#D98BC5,1,0.000326,1,0.004,0.003333
hex,#D9903D,1,0.000326,1,0.004,0.003333
hex,#D99B43,1,0.000326,1,0.004,0.005
hex,#D99B95,1,0.000326,1,0.004,0.005
hex,#D9A060,1,0.000326,1,0.004,0.003333
hex,#D9A1A0,1,0.000326,1,0.004,0.003333
hex,#D9A1EC,1,0.000326,1,0.004,0.003333
hex,#D9A35B,1,0.000326,1,0.004,0.003333
hex,#D9A595,1,0.000326,1,0.004,0.003333
hex,#D9B26F,1,0.000326,1,0.004,0.005
hex,#D9B38C,1,0.000326,1,0.004,0.003333
hex,#D9B400,1,0.000326,1,0.004,0.005
hex,#D9C0A8,1,0.000326,1,0.004,0.005
hex,#D9C6A9,1,0.000326,1,0.004,0.003333
hex,#D9C7E8,1,0.000326,1,0.004,0.005
hex,#D9C7FF,1,0.000326,1,0.004,0.003333
hex,#D9C8C0,1,0.000326,1,0.004,0.005
hex,#D9C8E9,1,0.000326,1,0.004,0.003333
hex,#D9C947,1,0.000326,1,0.004,0.005
hex,#D9CBB7,1,0.000326,1,0.004,0.003333
hex,#D9CBE8,1,0.000326,1,0.004,0.003333
hex,#D9CFC7,1,0.000326,1,0.004,0.005
hex,#D9D0DE,1,0.000326,1,0.004,0.003333
hex,#D9D7E8,1,0.000326,1,0.004,0.005
hex,#D9E1F1,1,0.000326,1,0.004,0.005
hex,#D9E2EC,1,0.000326,1,0.004,0.005
hex,#D9E3F2,1,0.000326,1,0.004,0.003333
hex,#D9E4EF,1,0.000326,1,0.004,0.003333
hex,#D9E6C7,1,0.000326,1,0.004,0.003333
hex,#D9E7F3,1,0.000326,1,0.004,0.003333
hex,#D9E8FA,1,0.000326,1,0.004,0.003333
hex,#D9E9F7,1,0.000326,1,0.004,0.005
hex,#D9EAF4,1,0.000326,1,0.004,0.003333
hex,#D9EEF8,1,0.000326,1,0.004,0.005
hex,#D9EFD0,1,0.000326,1,0.004,0.003333
hex,#D9EFD2,1,0.000326,1,0.004,0.005
hex,#D9F2D0,1,0.000326,1,0.004,0.005
hex,#D9F2EE,1,0.000326,1,0.004,0.005
hex,#D9F5D6,1,0.000326,1,0.004,0.003333
hex,#DA3232,1,0.000326,1,0.004,0.003333
hex,#DA3433,1,0.000326,1,0.004,0.005
hex,#DA554F,1,0.000326,1,0.004,0.003333
hex,#DA5B69,1,0.000326,1,0.004,0.005
hex,#DA7842,1,0.000326,1,0.004,0.003333
hex,#DA8B3E,1,0.000326,1,0.004,0.005
hex,#DA8BC3,1,0.000326,1,0.004,0.003333
hex,#DAE3F4,1,0.000326,1,0.004,0.005
hex,#DAEBE8,1,0.000326,1,0.004,0.003333
hex,#DAF0EE,1,0.000326,1,0.004,0.003333
hex,#DAF1CC,1,0.000326,1,0.004,0.005
hex,#DAF1F9,1,0.000326,1,0.004,0.003333
hex,#DB4437,1,0.000326,1,0.004,0.003333
hex,#DB5D67,1,0.000326,1,0.004,0.003333
hex,#DB8B68,1,0.000326,1,0.004,0.005
hex,#DBA860,1,0.000326,1,0.004,0.003333
hex,#DBDBDB,1,0.000326,1,0.004,0.005
hex,#DBE6F4,1,0.000326,1,0.004,0.005
hex,#DBE9ED,1,0.000326,1,0.004,0.003333
hex,#DBE9F6,1,0.000326,1,0.004,0.005
hex,#DCC78D,1,0.000326,1,0.004,0.003333
hex,#DCC9E9,1,0.000326,1,0.004,0.003333
hex,#DCC9EA,1,0.000326,1,0.004,0.005
hex,#DCCC83,1,0.000326,1,0.004,0.003333
hex,#DCCFC0,1,0.000326,1,0.004,0.003333
hex,#DCDCFB,1,0.000326,1,0.004,0.005
hex,#DCDFF0,1,0.000326,1,0.004,0.003333
hex,#DCE4F2,1,0.000326,1,0.004,0.003333
hex,#DCE6F1,1,0.000326,1,0.004,0.005
hex,#DCE6F2,1,0.000326,1,0.004,0.003333
hex,#DCE8F8,1,0.000326,1,0.004,0.003333
hex,#DCE9F5,1,0.000326,1,0.004,0.003333
hex,#DCE9F7,1,0.000326,1,0.004,0.005
hex,#DCEAD5,1,0.000326,1,0.004,0.003333
hex,#DCEAEE,1,0.000326,1,0.004,0.003333
hex,#DCEAF4,1,0.000326,1,0.004,0.003333
hex,#DCEAF5,1,0.000326,1,0.004,0.003333
hex,#DCEBF7,1,0.000326,1,0.004,0.003333
hex,#DCEBFF,1,0.000326,1,0.004,0.003333
hex,#DCECF7,1,0.000326,1,0.004,0.003333
hex,#DCECFB,1,0.000326,1,0.004,0.003333
hex,#DCEFD8,1,0.000326,1,0.004,0.003333
hex,#DCF1F0,1,0.000326,1,0.004,0.003333
hex,#DD554E,1,0.000326,1,0.004,0.005
hex,#DD6E0E,1,0.000326,1,0.004,0.005
hex,#DD7A90,1,0.000326,1,0.004,0.003333
hex,#DDCC77,1,0.000326,1,0.004,0.005
hex,#DDE0B1,1,0.000326,1,0.004,0.003333
hex,#DDE6D4,1,0.000326,1,0.004,0.003333
hex,#DDE7F2,1,0.000326,1,0.004,0.003333
hex,#DDE8F8,1,0.000326,1,0.004,0.003333
hex,#DDEAF4,1,0.000326,1,0.004,0.005
hex,#DDEAF7,1,0.000326,1,0.004,0.003333
hex,#DDEBD8,1,0.000326,1,0.004,0.003333
hex,#DDEBFA,1,0.000326,1,0.004,0.003333
hex,#DDECFB,1,0.000326,1,0.004,0.003333
hex,#DDEDE0,1,0.000326,1,0.004,0.003333
hex,#DDEEDB,1,0.000326,1,0.004,0.003333
hex,#DDF0D2,1,0.000326,1,0.004,0.003333
hex,#DDF0F9,1,0.000326,1,0.004,0.003333
hex,#DDF1F9,1,0.000326,1,0.004,0.003333
hex,#DDF1FA,1,0.000326,1,0.004,0.003333
hex,#DDF3EA,1,0.000326,1,0.004,0.003333
hex,#DE5151,1,0.000326,1,0.004,0.003333
hex,#DE5867,1,0.000326,1,0.004,0.005
hex,#DE7387,1,0.000326,1,0.004,0.003333
hex,#DEB584,1,0.000326,1,0.004,0.003333
hex,#DEC3F2,1,0.000326,1,0.004,0.003333
hex,#DEE7F4,1,0.000326,1,0.004,0.003333
hex,#DEEFEB,1,0.000326,1,0.004,0.003333
hex,#DEF3E4,1,0.000326,1,0.004,0.005
hex,#DF5A64,1,0.000326,1,0.004,0.003333
hex,#DF6B6B,1,0.000326,1,0.004,0.003333
hex,#DF971C,1,0.000326,1,0.004,0.003333
hex,#DFA863,1,0.000326,1,0.004,0.003333
hex,#DFF0D8,1,0.000326,1,0.004,0.003333
hex,#DFF0FC,1,0.000326,1,0.004,0.005
hex,#DFF2D8,1,0.000326,1,0.004,0.003333
hex,#DFF3D9,1,0.000326,1,0.004,0.003333
hex,#DFF3FB,1,0.000326,1,0.004,0.005
hex,#E02020,1,0.000326,1,0.004,0.003333
hex,#E04A98,1,0.000326,1,0.004,0.005
hex,#E04B5A,1,0.000326,1,0.004,0.003333
hex,#E06060,1,0.000326,1,0.004,0.003333
hex,#E06464,1,0.000326,1,0.004,0.003333
hex,#E06966,1,0.000326,1,0.004,0.005
hex,#E07AC2,1,0.000326,1,0.004,0.003333
hex,#E07B18,1,0.000326,1,0.004,0.003333
hex,#E07B39,1,0.000326,1,0.004,0.005
hex,#E0A040,1,0.000326,1,0.004,0.003333
hex,#E0A31A,1,0.000326,1,0.004,0.005
hex,#E0A35A,1,0.000326,1,0.004,0.003333
hex,#E0A63B,1,0.000326,1,0.004,0.003333
hex,#E0A985,1,0.000326,1,0.004,0.003333
hex,#E0B060,1,0.000326,1,0.004,0.003333
hex,#E0B06A,1,0.000326,1,0.004,0.003333
hex,#E0B3FF,1,0.000326,1,0.004,0.005
hex,#E0C84A,1,0.000326,1,0.004,0.005
hex,#E0D5D1,1,0.000326,1,0.004,0.005
hex,#E0E0F0,1,0.000326,1,0.004,0.003333
hex,#E0EFFF,1,0.000326,1,0.004,0.005
hex,#E0F2F9,1,0.000326,1,0.004,0.003333
hex,#E13BD6,1,0.000326,1,0.004,0.005
hex,#E14B3A,1,0.000326,1,0.004,0.005
hex,#E15151,1,0.000326,1,0.004,0.003333
hex,#E15B5B,1,0.000326,1,0.004,0.003333
hex,#E17A75,1,0.000326,1,0.004,0.005
hex,#E18D7B,1,0.000326,1,0.004,0.005
hex,#E1BEE7,1,0.000326,1,0.004,0.003333
hex,#E1D1AE,1,0.000326,1,0.004,0.003333
hex,#E1EDF7,1,0.000326,1,0.004,0.005
hex,#E1EFD9,1,0.000326,1,0.004,0.003333
hex,#E1F3DB,1,0.000326,1,0.004,0.005
hex,#E23838,1,0.000326,1,0.004,0.005
hex,#E23C37,1,0.000326,1,0.004,0.005
hex,#E23C3C,1,0.000326,1,0.004,0.005
hex,#E26E68,1,0.000326,1,0.004,0.005
hex,#E277C2,1,0.000326,1,0.004,0.005
hex,#E29679,1,0.000326,1,0.004,0.005
hex,#E2A278,1,0.000326,1,0.004,0.005
hex,#E2B30E,1,0.000326,1,0.004,0.005
hex,#E2E2E2,1,0.000326,1,0.004,0.003333
hex,#E2EAD5,1,0.000326,1,0.004,0.003333
hex,#E2EDD9,1,0.000326,1,0.004,0.003333
hex,#E2F3FA,1,0.000326,1,0.004,0.003333
hex,#E32B2B,1,0.000326,1,0.004,0.005
hex,#E33E31,1,0.000326,1,0.004,0.003333
hex,#E34A9F,1,0.000326,1,0.004,0.003333
hex,#E34B3C,1,0.000326,1,0.004,0.005
hex,#E36A54,1,0.000326,1,0.004,0.003333
hex,#E36B60,1,0.000326,1,0.004,0.003333
hex,#E381C1,1,0.000326,1,0.004,0.003333
hex,#E3A054,1,0.000326,1,0.004,0.005
hex,#E3A870,1,0.000326,1,0.004,0.005
hex,#E3AE24,1,0.000326,1,0.004,0.003333
hex,#E3B94D,1,0.000326,1,0.004,0.005
hex,#E3B98D,1,0.000326,1,0.004,0.005
hex,#E3D3B9,1,0.000326,1,0.004,0.003333
hex,#E3D7C1,1,0.000326,1,0.004,0.005
hex,#E3D7C3,1,0.000326,1,0.004,0.003333
hex,#E3E3ED,1,0.000326,1,0.004,0.005
hex,#E3EBF4,1,0.000326,1,0.004,0.003333
hex,#E3ECE9,1,0.000326,1,0.004,0.005
hex,#E3ECF8,1,0.000326,1,0.004,0.003333
hex,#E3EEF8,1,0.000326,1,0.004,0.005
hex,#E3F2FD,1,0.000326,1,0.004,0.003333
hex,#E3F4F5,1,0.000326,1,0.004,0.003333
hex,#E42C2C,1,0.000326,1,0.004,0.003333
hex,#E44332,1,0.000326,1,0.004,0.005
hex,#E44E3E,1,0.000326,1,0.004,0.005
hex,#E4554D,1,0.000326,1,0.004,0.005
hex,#E47973,1,0.000326,1,0.004,0.005
hex,#E4862C,1,0.000326,1,0.004,0.005
hex,#E4A3DC,1,0.000326,1,0.004,0.005
hex,#E4A47E,1,0.000326,1,0.004,0.003333
hex,#E4B35A,1,0.000326,1,0.004,0.003333
hex,#E4B66D,1,0.000326,1,0.004,0.005
hex,#E4B6DA,1,0.000326,1,0.004,0.005
hex,#E4E4E4,1,0.000326,1,0.004,0.003333
hex,#E4E93B,1,0.000326,1,0.004,0.003333
hex,#E4EEF4,1,0.000326,1,0.004,0.003333
hex,#E4EEF7,1,0.000326,1,0.004,0.003333
hex,#E4EFF8,1,0.000326,1,0.004,0.003333
hex,#E4F1B7,1,0.000326,1,0.004,0.003333
hex,#E52A2A,1,0.000326,1,0.004,0.003333
hex,#E53E3E,1,0.000326,1,0.004,0.005
hex,#E55549,1,0.000326,1,0.004,0.005
hex,#E55A4E,1,0.000326,1,0.004,0.005
hex,#E57AA1,1,0.000326,1,0.004,0.003333
hex,#E58A3A,1,0.000326,1,0.004,0.003333
hex,#E58F2A,1,0.000326,1,0.004,0.003333
hex,#E59045,1,0.000326,1,0.004,0.005
hex,#E59A16,1,0.000326,1,0.004,0.005
hex,#E59A9C,1,0.000326,1,0.004,0.003333
hex,#E59EDD,1,0.000326,1,0.004,0.003333
hex,#E5A275,1,0.000326,1,0.004,0.003333
hex,#E5A55B,1,0.000326,1,0.004,0.005
hex,#E5A934,1,0.000326,1,0.004,0.005
hex,#E5AE00,1,0.000326,1,0.004,0.003333
hex,#E5AE3F,1,0.000326,1,0.004,0.003333
hex,#E5B46A,1,0.000326,1,0.004,0.005
hex,#E5B84A,1,0.000326,1,0.004,0.005
hex,#E5D31A,1,0.000326,1,0.004,0.003333
hex,#E5D5F2,1,0.000326,1,0.004,0.003333
hex,#E5D8C7,1,0.000326,1,0.004,0.003333
hex,#E5DEDC,1,0.000326,1,0.004,0.005
hex,#E5E0D3,1,0.000326,1,0.004,0.003333
hex,#E5E89A,1,0.000326,1,0.004,0.005
hex,#E5EEF5,1,0.000326,1,0.004,0.005
hex,#E5F2DE,1,0.000326,1,0.004,0.003333
hex,#E5FFE5,1,0.000326,1,0.004,0.005
hex,#E5FFFF,1,0.000326,1,0.004,0.005
hex,#E63946,1,0.000326,1,0.004,0.003333
hex,#E64A3B,1,0.000326,1,0.004,0.003333
hex,#E64B4B,1,0.000326,1,0.004,0.005
hex,#E66101,1,0.000326,1,0.004,0.003333
hex,#E66C9B,1,0.000326,1,0.004,0.003333
hex,#E6822B,1,0.000326,1,0.004,0.003333
hex,#E6832F,1,0.000326,1,0.004,0.003333
hex,#E6842A,1,0.000326,1,0.004,0.003333
hex,#E6862A,1,0.000326,1,0.004,0.005
hex,#E68BC5,1,0.000326,1,0.004,0.005
hex,#E68E74,1,0.000326,1,0.004,0.005
hex,#E6A5C7,1,0.000326,1,0.004,0.005
hex,#E6A6C7,1,0.000326,1,0.004,0.003333
hex,#E6A72E,1,0.000326,1,0.004,0.005
hex,#E6A8BF,1,0.000326,1,0.004,0.005
hex,#E6B36A,1,0.000326,1,0.004,0.003333
hex,#E6B73C,1,0.000326,1,0.004,0.003333
hex,#E6B8D7,1,0.000326,1,0.004,0.005
hex,#E6B9C8,1,0.000326,1,0.004,0.005
hex,#E6C229,1,0.000326,1,0.004,0.005
hex,#E6C7E2,1,0.000326,1,0.004,0.003333
hex,#E6D28B,1,0.000326,1,0.004,0.005
hex,#E6D4F1,1,0.000326,1,0.004,0.003333
hex,#E6D8C7,1,0.000326,1,0.004,0.003333
hex,#E6E0EC,1,0.000326,1,0.004,0.003333
hex,#E6E2EF,1,0.000326,1,0.004,0.003333
hex,#E6E4F5,1,0.000326,1,0.004,0.003333
hex,#E6E6FA,1,0.000326,1,0.004,0.005
hex,#E6EEFB,1,0.000326,1,0.004,0.003333
hex,#E6F1D1,1,0.000326,1,0.004,0.005
hex,#E6F2FA,1,0.000326,1,0.004,0.005
hex,#E72A95,1,0.000326,1,0.004,0.003333
hex,#E72E4B,1,0.000326,1,0.004,0.003333
hex,#E74C35,1,0.000326,1,0.004,0.005
hex,#E74D4D,1,0.000326,1,0.004,0.003333
hex,#E75F0C,1,0.000326,1,0.004,0.003333
hex,#E76F5A,1,0.000326,1,0.004,0.005
hex,#E76F6A,1,0.000326,1,0.004,0.005
hex,#E76F9A,1,0.000326,1,0.004,0.003333
hex,#E77C66,1,0.000326,1,0.004,0.003333
hex,#E77C6B,1,0.000326,1,0.004,0.003333
hex,#E77E82,1,0.000326,1,0.004,0.005
hex,#E7834B,1,0.000326,1,0.004,0.003333
hex,#E78520,1,0.000326,1,0.004,0.003333
hex,#E78954,1,0.000326,1,0.004,0.003333
hex,#E79A3B,1,0.000326,1,0.004,0.005
hex,#E7A2F8,1,0.000326,1,0.004,0.003333
hex,#E7A3A3,1,0.000326,1,0.004,0.005
hex,#E7A6F8,1,0.000326,1,0.004,0.003333
hex,#E7A72B,1,0.000326,1,0.004,0.005
hex,#E7A765,1,0.000326,1,0.004,0.005
hex,#E7A7C7,1,0.000326,1,0.004,0.005
hex,#E7A833,1,0.000326,1,0.004,0.003333
hex,#E7B06A,1,0.000326,1,0.004,0.003333
hex,#E7B7D2,1,0.000326,1,0.004,0.003333
hex,#E7C0C0,1,0.000326,1,0.004,0.005
hex,#E7D1CF,1,0.000326,1,0.004,0.003333
hex,#E7D5EC,1,0.000326,1,0.004,0.003333
hex,#E7D9F2,1,0.000326,1,0.004,0.003333
hex,#E7DCF5,1,0.000326,1,0.004,0.003333
hex,#E7DDD2,1,0.000326,1,0.004,0.003333
hex,#E7DDDE,1,0.000326,1,0.004,0.003333
hex,#E7E7FC,1,0.000326,1,0.004,0.005
hex,#E7E9EC,1,0.000326,1,0.004,0.003333
hex,#E7EBEC,1,0.000326,1,0.004,0.005
hex,#E7F2E3,1,0.000326,1,0.004,0.003333
hex,#E80000,1,0.000326,1,0.004,0.003333
hex,#E83B3B,1,0.000326,1,0.004,0.003333
hex,#E83E3E,1,0.000326,1,0.004,0.005
hex,#E84775,1,0.000326,1,0.004,0.003333
hex,#E84949,1,0.000326,1,0.004,0.003333
hex,#E84A2A,1,0.000326,1,0.004,0.003333
hex,#E85424,1,0.000326,1,0.004,0.005
hex,#E8598A,1,0.000326,1,0.004,0.005
hex,#E85B66,1,0.000326,1,0.004,0.005
hex,#E85D63,1,0.000326,1,0.004,0.003333
hex,#E86666,1,0.000326,1,0.004,0.003333
hex,#E866F4,1,0.000326,1,0.004,0.003333
hex,#E86E19,1,0.000326,1,0.004,0.003333
hex,#E87030,1,0.000326,1,0.004,0.003333
hex,#E8750C,1,0.000326,1,0.004,0.005
hex,#E87511,1,0.000326,1,0.004,0.005
hex,#E8783A,1,0.000326,1,0.004,0.003333
hex,#E88484,1,0.000326,1,0.004,0.003333
hex,#E88B8B,1,0.000326,1,0.004,0.003333
hex,#E88C3E,1,0.000326,1,0.004,0.005
hex,#E88D39,1,0.000326,1,0.004,0.005
hex,#E88D88,1,0.000326,1,0.004,0.005
hex,#E89000,1,0.000326,1,0.004,0.003333
hex,#E89050,1,0.000326,1,0.004,0.005
hex,#E89B17,1,0.000326,1,0.004,0.003333
hex,#E8A0A0,1,0.000326,1,0.004,0.005
hex,#E8A14A,1,0.000326,1,0.004,0.005
hex,#E8A32B,1,0.000326,1,0.004,0.003333
hex,#E8A41C,1,0.000326,1,0.004,0.003333
hex,#E8B535,1,0.000326,1,0.004,0.003333
hex,#E8B66E,1,0.000326,1,0.004,0.005
hex,#E8B85F,1,0.000326,1,0.004,0.005
hex,#E8C17D,1,0.000326,1,0.004,0.005
hex,#E8C4DE,1,0.000326,1,0.004,0.003333
hex,#E8C547,1,0.000326,1,0.004,0.003333
hex,#E8C5C5,1,0.000326,1,0.004,0.005
hex,#E8C84A,1,0.000326,1,0.004,0.005
hex,#E8CBE5,1,0.000326,1,0.004,0.003333
hex,#E8CEEC,1,0.000326,1,0.004,0.003333
hex,#E8D99A,1,0.000326,1,0.004,0.003333
hex,#E8DDF2,1,0.000326,1,0.004,0.003333
hex,#E8E1C8,1,0.000326,1,0.004,0.003333
hex,#E8EEE9,1,0.000326,1,0.004,0.005
hex,#E8F1EE,1,0.000326,1,0.004,0.003333
hex,#E8F1FA,1,0.000326,1,0.004,0.005
hex,#E8F4D1,1,0.000326,1,0.004,0.003333
hex,#E8FBE8,1,0.000326,1,0.004,0.005
hex,#E94A4A,1,0.000326,1,0.004,0.003333
hex,#E95657,1,0.000326,1,0.004,0.005
hex,#E9574C,1,0.000326,1,0.004,0.003333
hex,#E95950,1,0.000326,1,0.004,0.005
hex,#E95A43,1,0.000326,1,0.004,0.005
hex,#E95F4D,1,0.000326,1,0.004,0.003333
hex,#E9681A,1,0.000326,1,0.004,0.003333
hex,#E96B76,1,0.000326,1,0.004,0.005
hex,#E96D68,1,0.000326,1,0.004,0.005
hex,#E98250,1,0.000326,1,0.004,0.003333
hex,#E98989,1,0.000326,1,0.004,0.003333
hex,#E98A5A,1,0.000326,1,0.004,0.003333
hex,#E98C4A,1,0.000326,1,0.004,0.005
hex,#E98E8E,1,0.000326,1,0.004,0.005
hex,#E9916D,1,0.000326,1,0.004,0.003333
hex,#E994B9,1,0.000326,1,0.004,0.003333
hex,#E99675,1,0.000326,1,0.004,0.003333
hex,#E99698,1,0.000326,1,0.004,0.003333
hex,#E99A39,1,0.000326,1,0.004,0.005
hex,#E99A5A,1,0.000326,1,0.004,0.003333
hex,#E99A9A,1,0.000326,1,0.004,0.005
hex,#E99B97,1,0.000326,1,0.004,0.005
hex,#E99BA5,1,0.000326,1,0.004,0.005
hex,#E9A04B,1,0.000326,1,0.004,0.005
hex,#E9A66F,1,0.000326,1,0.004,0.005
hex,#E9A8C5,1,0.000326,1,0.004,0.005
hex,#E9B3C5,1,0.000326,1,0.004,0.005
hex,#E9B51B,1,0.000326,1,0.004,0.005
hex,#E9B51F,1,0.000326,1,0.004,0.005
hex,#E9B949,1,0.000326,1,0.004,0.003333
hex,#E9C2D6,1,0.000326,1,0.004,0.005
hex,#E9DDFB,1,0.000326,1,0.004,0.005
hex,#E9EEF0,1,0.000326,1,0.004,0.005
hex,#E9EEF5,1,0.000326,1,0.004,0.003333
hex,#E9F1FC,1,0.000326,1,0.004,0.003333
hex,#E9F4F7,1,0.000326,1,0.004,0.005
hex,#E9F5DC,1,0.000326,1,0.004,0.003333
hex,#E9F6FB,1,0.000326,1,0.004,0.003333
hex,#EA3323,1,0.000326,1,0.004,0.003333
hex,#EA4A4A,1,0.000326,1,0.004,0.003333
hex,#EA5E5B,1,0.000326,1,0.004,0.003333
hex,#EA7C78,1,0.000326,1,0.004,0.003333
hex,#EA7C79,1,0.000326,1,0.004,0.003333
hex,#EAAA00,1,0.000326,1,0.004,0.003333
hex,#EAC5CA,1,0.000326,1,0.004,0.005
hex,#EADED6,1,0.000326,1,0.004,0.005
hex,#EAE9E9,1,0.000326,1,0.004,0.003333
hex,#EAEEAC,1,0.000326,1,0.004,0.005
hex,#EAF0FC,1,0.000326,1,0.004,0.003333
hex,#EAF2F8,1,0.000326,1,0.004,0.003333
hex,#EAF2FF,1,0.000326,1,0.004,0.005
hex,#EAF4D8,1,0.000326,1,0.004,0.005
hex,#EAF4E6,1,0.000326,1,0.004,0.003333
hex,#EAF4F4,1,0.000326,1,0.004,0.003333
hex,#EAF4FC,1,0.000326,1,0.004,0.005
hex,#EAF4FF,1,0.000326,1,0.004,0.003333
hex,#EAF7EE,1,0.000326,1,0.004,0.003333
hex,#EB005F,1,0.000326,1,0.004,0.005
hex,#EB0061,1,0.000326,1,0.004,0.005
hex,#EB3472,1,0.000326,1,0.004,0.005
hex,#EB423E,1,0.000326,1,0.004,0.003333
hex,#EB5B5E,1,0.000326,1,0.004,0.003333
hex,#EBA8A5,1,0.000326,1,0.004,0.005
hex,#EBC98D,1,0.000326,1,0.004,0.003333
hex,#EBC9DA,1,0.000326,1,0.004,0.003333
hex,#EBC9E9,1,0.000326,1,0.004,0.003333
hex,#EBD7B4,1,0.000326,1,0.004,0.003333
hex,#EBE145,1,0.000326,1,0.004,0.003333
hex,#EBF8E8,1,0.000326,1,0.004,0.003333
hex,#EBFEC4,1,0.000326,1,0.004,0.003333
hex,#EC002C,1,0.000326,1,0.004,0.003333
hex,#EC2F23,1,0.000326,1,0.004,0.005
hex,#EC6A73,1,0.000326,1,0.004,0.005
hex,#EC8230,1,0.000326,1,0.004,0.005
hex,#EC8333,1,0.000326,1,0.004,0.005
hex,#ECA37E,1,0.000326,1,0.004,0.003333
hex,#ECC0BA,1,0.000326,1,0.004,0.005
hex,#ECE9B9,1,0.000326,1,0.004,0.005
hex,#ECF1E8,1,0.000326,1,0.004,0.003333
hex,#ED1C24,1,0.000326,1,0.004,0.005
hex,#ED5A9C,1,0.000326,1,0.004,0.005
hex,#ED6925,1,0.000326,1,0.004,0.003333
hex,#ED6C2A,1,0.000326,1,0.004,0.003333
hex,#ED6F93,1,0.000326,1,0.004,0.003333
hex,#ED8323,1,0.000326,1,0.004,0.003333
hex,#ED8887,1,0.000326,1,0.004,0.005
hex,#ED8936,1,0.000326,1,0.004,0.005
hex,#ED8F9B,1,0.000326,1,0.004,0.003333
hex,#ED975C,1,0.000326,1,0.004,0.005
hex,#EDB0AA,1,0.000326,1,0.004,0.005
hex,#EDE7E2,1,0.000326,1,0.004,0.005
hex,#EDEFF1,1,0.000326,1,0.004,0.005
hex,#EDF1E9,1,0.000326,1,0.004,0.003333
hex,#EDF1F9,1,0.000326,1,0.004,0.003333
hex,#EDF4FA,1,0.000326,1,0.004,0.003333
hex,#EE5A4F,1,0.000326,1,0.004,0.005
hex,#EE7F73,1,0.000326,1,0.004,0.005
hex,#EE802E,1,0.000326,1,0.004,0.005
hex,#EE8452,1,0.000326,1,0.004,0.003333
hex,#EE8861,1,0.000326,1,0.004,0.003333
hex,#EE8A49,1,0.000326,1,0.004,0.003333
hex,#EE8B55,1,0.000326,1,0.004,0.005
hex,#EE8E92,1,0.000326,1,0.004,0.005
hex,#EEA0A8,1,0.000326,1,0.004,0.005
hex,#EEC9E9,1,0.000326,1,0.004,0.003333
hex,#EECDCD,1,0.000326,1,0.004,0.003333
hex,#EECFE4,1,0.000326,1,0.004,0.003333
hex,#EEE7F5,1,0.000326,1,0.004,0.005
hex,#EEF2F7,1,0.000326,1,0.004,0.005
hex,#EEF6AD,1,0.000326,1,0.004,0.003333
hex,#EF1D25,1,0.000326,1,0.004,0.003333
hex,#EF6A61,1,0.000326,1,0.004,0.003333
hex,#EF704F,1,0.000326,1,0.004,0.003333
hex,#EF9CC5,1,0.000326,1,0.004,0.005
hex,#EFA13A,1,0.000326,1,0.004,0.003333
hex,#EFA2C2,1,0.000326,1,0.004,0.003333
hex,#EFAE2E,1,0.000326,1,0.004,0.005
hex,#EFAF3A,1,0.000326,1,0.004,0.005
hex,#EFB36A,1,0.000326,1,0.004,0.005
hex,#EFBBAD,1,0.000326,1,0.004,0.005
hex,#EFBF3A,1,0.000326,1,0.004,0.003333
hex,#EFD394,1,0.000326,1,0.004,0.003333
hex,#EFD4F2,1,0.000326,1,0.004,0.003333
hex,#EFD9D9,1,0.000326,1,0.004,0.005
hex,#EFE6C4,1,0.000326,1,0.004,0.003333
hex,#EFE9D1,1,0.000326,1,0.004,0.003333
hex,#EFEAF4,1,0.000326,1,0.004,0.003333
hex,#EFECF6,1,0.000326,1,0.004,0.003333
hex,#EFF2F5,1,0.000326,1,0.004,0.005
hex,#EFF3FF,1,0.000326,1,0.004,0.003333
hex,#EFF6FF,1,0.000326,1,0.004,0.005
hex,#EFFFFF,1,0.000326,1,0.004,0.005
hex,#F04444,1,0.000326,1,0.004,0.003333
hex,#F04545,1,0.000326,1,0.004,0.003333
hex,#F04A32,1,0.000326,1,0.004,0.003333
hex,#F04A4A,1,0.000326,1,0.004,0.003333
hex,#F04B3E,1,0.000326,1,0.004,0.005
hex,#F05A49,1,0.000326,1,0.004,0.005
hex,#F05A57,1,0.000326,1,0.004,0.005
hex,#F05A5F,1,0.000326,1,0.004,0.003333
hex,#F05B62,1,0.000326,1,0.004,0.003333
hex,#F06A5C,1,0.000326,1,0.004,0.003333
hex,#F06C66,1,0.000326,1,0.004,0.003333
hex,#F07A4C,1,0.000326,1,0.004,0.003333
hex,#F07A66,1,0.000326,1,0.004,0.005
hex,#F07B83,1,0.000326,1,0.004,0.005
hex,#F07C28,1,0.000326,1,0.004,0.005
hex,#F07C6D,1,0.000326,1,0.004,0.005
hex,#F08A2B,1,0.000326,1,0.004,0.005
hex,#F08A3C,1,0.000326,1,0.004,0.005
hex,#F08A63,1,0.000326,1,0.004,0.005
hex,#F08A8A,1,0.000326,1,0.004,0.003333
hex,#F08C34,1,0.000326,1,0.004,0.005
hex,#F08E2B,1,0.000326,1,0.004,0.005
hex,#F08F8F,1,0.000326,1,0.004,0.003333
hex,#F09A2B,1,0.000326,1,0.004,0.003333
hex,#F0A000,1,0.000326,1,0.004,0.005
hex,#F0A05A,1,0.000326,1,0.004,0.003333
hex,#F0A0A0,1,0.000326,1,0.004,0.005
hex,#F0A21A,1,0.000326,1,0.004,0.003333
hex,#F0A26B,1,0.000326,1,0.004,0.003333
hex,#F0A33A,1,0.000326,1,0.004,0.003333
hex,#F0A34D,1,0.000326,1,0.004,0.003333
hex,#F0A45A,1,0.000326,1,0.004,0.005
hex,#F0A63A,1,0.000326,1,0.004,0.003333
hex,#F0A64A,1,0.000326,1,0.004,0.003333
hex,#F0AE00,1,0.000326,1,0.004,0.003333
hex,#F0B178,1,0.000326,1,0.004,0.005
hex,#F0B323,1,0.000326,1,0.004,0.003333
hex,#F0B37E,1,0.000326,1,0.004,0.003333
hex,#F0B8B3,1,0.000326,1,0.004,0.003333
hex,#F0B91D,1,0.000326,1,0.004,0.003333
hex,#F0B9BD,1,0.000326,1,0.004,0.005
hex,#F0BBAE,1,0.000326,1,0.004,0.005
hex,#F0BFDF,1,0.000326,1,0.004,0.003333
hex,#F0C1DA,1,0.000326,1,0.004,0.003333
hex,#F0C341,1,0.000326,1,0.004,0.003333
hex,#F0C37A,1,0.000326,1,0.004,0.005
hex,#F0C46A,1,0.000326,1,0.004,0.005
hex,#F0C571,1,0.000326,1,0.004,0.003333
hex,#F0C7D0,1,0.000326,1,0.004,0.003333
hex,#F0CB69,1,0.000326,1,0.004,0.005
hex,#F0D020,1,0.000326,1,0.004,0.003333
hex,#F0DCA6,1,0.000326,1,0.004,0.003333
hex,#F0E0B0,1,0.000326,1,0.004,0.003333
hex,#F0E0C0,1,0.000326,1,0.004,0.003333
hex,#F0E2A5,1,0.000326,1,0.004,0.005
hex,#F0E5D2,1,0.000326,1,0.004,0.003333
hex,#F0E8DF,1,0.000326,1,0.004,0.003333
hex,#F0EDDE,1,0.000326,1,0.004,0.003333
hex,#F0F0FC,1,0.000326,1,0.004,0.005
hex,#F0F4F7,1,0.000326,1,0.004,0.005
hex,#F15A3A,1,0.000326,1,0.004,0.005
hex,#F15A7A,1,0.000326,1,0.004,0.003333
hex,#F16913,1,0.000326,1,0.004,0.003333
hex,#F1717A,1,0.000326,1,0.004,0.005
hex,#F17845,1,0.000326,1,0.004,0.003333
hex,#F17C35,1,0.000326,1,0.004,0.003333
hex,#F17CB0,1,0.000326,1,0.004,0.003333
hex,#F18060,1,0.000326,1,0.004,0.003333
hex,#F18A37,1,0.000326,1,0.004,0.005
hex,#F18A86,1,0.000326,1,0.004,0.005
hex,#F18B00,1,0.000326,1,0.004,0.003333
hex,#F18C43,1,0.000326,1,0.004,0.003333
hex,#F19B4C,1,0.000326,1,0.004,0.005
hex,#F1A447,1,0.000326,1,0.004,0.005
hex,#F1A56B,1,0.000326,1,0.004,0.005
hex,#F1A6A0,1,0.000326,1,0.004,0.003333
hex,#F1A6A3,1,0.000326,1,0.004,0.003333
hex,#F1B56F,1,0.000326,1,0.004,0.005
hex,#F1B59C,1,0.000326,1,0.004,0.003333
hex,#F1C2E4,1,0.000326,1,0.004,0.003333
hex,#F1C6A3,1,0.000326,1,0.004,0.005
hex,#F1CCCD,1,0.000326,1,0.004,0.005
hex,#F1CE9F,1,0.000326,1,0.004,0.003333
hex,#F1D06B,1,0.000326,1,0.004,0.003333
hex,#F1D19C,1,0.000326,1,0.004,0.003333
hex,#F1D1A5,1,0.000326,1,0.004,0.005
hex,#F1D29C,1,0.000326,1,0.004,0.003333
hex,#F1D2B0,1,0.000326,1,0.004,0.005
hex,#F1D33C,1,0.000326,1,0.004,0.003333
hex,#F1D48A,1,0.000326,1,0.004,0.005
hex,#F1D84A,1,0.000326,1,0.004,0.005
hex,#F1D85B,1,0.000326,1,0.004,0.005
hex,#F1D99A,1,0.000326,1,0.004,0.003333
hex,#F1D9A9,1,0.000326,1,0.004,0.005
hex,#F1DDAA,1,0.000326,1,0.004,0.003333
hex,#F1E2F1,1,0.000326,1,0.004,0.003333
hex,#F1E6C8,1,0.000326,1,0.004,0.005
hex,#F1E7E2,1,0.000326,1,0.004,0.005
hex,#F1F11A,1,0.000326,1,0.004,0.003333
hex,#F1F5BF,1,0.000326,1,0.004,0.005
hex,#F1F8FC,1,0.000326,1,0.004,0.005
hex,#F23434,1,0.000326,1,0.004,0.003333
hex,#F26948,1,0.000326,1,0.004,0.005
hex,#F26B5E,1,0.000326,1,0.004,0.005
hex,#F26B6B,1,0.000326,1,0.004,0.003333
hex,#F27970,1,0.000326,1,0.004,0.005
hex,#F27B67,1,0.000326,1,0.004,0.003333
hex,#F27C66,1,0.000326,1,0.004,0.003333
hex,#F27D70,1,0.000326,1,0.004,0.003333
hex,#F28654,1,0.000326,1,0.004,0.003333
hex,#F28C63,1,0.000326,1,0.004,0.003333
hex,#F28D63,1,0.000326,1,0.004,0.003333
hex,#F28E20,1,0.000326,1,0.004,0.005
hex,#F28F3B,1,0.000326,1,0.004,0.003333
hex,#F28F94,1,0.000326,1,0.004,0.003333
hex,#F28FBC,1,0.000326,1,0.004,0.003333
hex,#F29B8D,1,0.000326,1,0.004,0.003333
hex,#F29D7E,1,0.000326,1,0.004,0.003333
hex,#F29E2E,1,0.000326,1,0.004,0.003333
hex,#F2A0A0,1,0.000326,1,0.004,0.005
hex,#F2A16F,1,0.000326,1,0.004,0.005
hex,#F2A23A,1,0.000326,1,0.004,0.005
hex,#F2A33A,1,0.000326,1,0.004,0.003333
hex,#F2A344,1,0.000326,1,0.004,0.003333
hex,#F2A3A8,1,0.000326,1,0.004,0.005
hex,#F2A4A4,1,0.000326,1,0.004,0.003333
hex,#F2A52E,1,0.000326,1,0.004,0.003333
hex,#F2A81D,1,0.000326,1,0.004,0.003333
hex,#F2A85A,1,0.000326,1,0.004,0.003333
hex,#F2A93B,1,0.000326,1,0.004,0.005
hex,#F2AA12,1,0.000326,1,0.004,0.003333
hex,#F2B000,1,0.000326,1,0.004,0.003333
hex,#F2B01E,1,0.000326,1,0.004,0.003333
hex,#F2B08A,1,0.000326,1,0.004,0.003333
hex,#F2B1B1,1,0.000326,1,0.004,0.005
hex,#F2B28B,1,0.000326,1,0.004,0.003333
hex,#F2B366,1,0.000326,1,0.004,0.003333
hex,#F2B6B1,1,0.000326,1,0.004,0.003333
hex,#F2B6B6,1,0.000326,1,0.004,0.003333
hex,#F2B705,1,0.000326,1,0.004,0.005
hex,#F2B8A7,1,0.000326,1,0.004,0.003333
hex,#F2BF66,1,0.000326,1,0.004,0.003333
hex,#F2C078,1,0.000326,1,0.004,0.005
hex,#F2C16A,1,0.000326,1,0.004,0.005
hex,#F2C34B,1,0.000326,1,0.004,0.003333
hex,#F2C36A,1,0.000326,1,0.004,0.003333
hex,#F2C40E,1,0.000326,1,0.004,0.005
hex,#F2C45B,1,0.000326,1,0.004,0.005
hex,#F2C7A7,1,0.000326,1,0.004,0.003333
hex,#F2CE5B,1,0.000326,1,0.004,0.003333
hex,#F2CF49,1,0.000326,1,0.004,0.003333
hex,#F2CFEE,1,0.000326,1,0.004,0.003333
hex,#F2D086,1,0.000326,1,0.004,0.003333
hex,#F2D1B0,1,0.000326,1,0.004,0.003333
hex,#F2D27B,1,0.000326,1,0.004,0.005
hex,#F2D6D6,1,0.000326,1,0.004,0.003333
hex,#F2D85C,1,0.000326,1,0.004,0.005
hex,#F2D99E,1,0.000326,1,0.004,0.003333
hex,#F2DCDB,1,0.000326,1,0.004,0.003333
hex,#F2E05B,1,0.000326,1,0.004,0.005
hex,#F2E6D8,1,0.000326,1,0.004,0.003333
hex,#F2ECE1,1,0.000326,1,0.004,0.003333
hex,#F2EDE0,1,0.000326,1,0.004,0.003333
hex,#F2F3C1,1,0.000326,1,0.004,0.003333
hex,#F2F4A3,1,0.000326,1,0.004,0.005
hex,#F2F5F8,1,0.000326,1,0.004,0.003333
hex,#F2F79A,1,0.000326,1,0.004,0.005
hex,#F2F7FA,1,0.000326,1,0.004,0.003333
hex,#F2F8E9,1,0.000326,1,0.004,0.003333
hex,#F34235,1,0.000326,1,0.004,0.003333
hex,#F37954,1,0.000326,1,0.004,0.003333
hex,#F37A4C,1,0.000326,1,0.004,0.003333
hex,#F37F6B,1,0.000326,1,0.004,0.003333
hex,#F39A78,1,0.000326,1,0.004,0.003333
hex,#F39C62,1,0.000326,1,0.004,0.003333
hex,#F3A04A,1,0.000326,1,0.004,0.003333
hex,#F3A15F,1,0.000326,1,0.004,0.003333
hex,#F3A261,1,0.000326,1,0.004,0.003333
hex,#F3A623,1,0.000326,1,0.004,0.003333
hex,#F3AF56,1,0.000326,1,0.004,0.003333
hex,#F3B4B4,1,0.000326,1,0.004,0.005
hex,#F3B6B0,1,0.000326,1,0.004,0.003333
hex,#F3B6B2,1,0.000326,1,0.004,0.003333
hex,#F3B6D8,1,0.000326,1,0.004,0.003333
hex,#F3B98A,1,0.000326,1,0.004,0.005
hex,#F3C0D8,1,0.000326,1,0.004,0.005
hex,#F3C1C1,1,0.000326,1,0.004,0.005
hex,#F3C2B0,1,0.000326,1,0.004,0.003333
hex,#F3C2C1,1,0.000326,1,0.004,0.003333
hex,#F3C490,1,0.000326,1,0.004,0.003333
hex,#F3C5AF,1,0.000326,1,0.004,0.003333
hex,#F3C7A7,1,0.000326,1,0.004,0.003333
hex,#F3D06A,1,0.000326,1,0.004,0.005
hex,#F3D0AC,1,0.000326,1,0.004,0.005
hex,#F3D1A0,1,0.000326,1,0.004,0.005
hex,#F3D36D,1,0.000326,1,0.004,0.003333
hex,#F3D383,1,0.000326,1,0.004,0.005
hex,#F3D3D8,1,0.000326,1,0.004,0.003333
hex,#F3D3DF,1,0.000326,1,0.004,0.003333
hex,#F3D5C2,1,0.000326,1,0.004,0.003333
hex,#F3D5D5,1,0.000326,1,0.004,0.003333
hex,#F3D7C5,1,0.000326,1,0.004,0.003333
hex,#F3DCDC,1,0.000326,1,0.004,0.003333
hex,#F3DDE2,1,0.000326,1,0.004,0.003333
hex,#F3E0A8,1,0.000326,1,0.004,0.005
hex,#F3E3E4,1,0.000326,1,0.004,0.003333
hex,#F3E4D3,1,0.000326,1,0.004,0.003333
hex,#F3E5E9,1,0.000326,1,0.004,0.003333
hex,#F3E9C6,1,0.000326,1,0.004,0.005
hex,#F3F3F4,1,0.000326,1,0.004,0.003333
hex,#F3F4F7,1,0.000326,1,0.004,0.003333
hex,#F3F5F6,1,0.000326,1,0.004,0.005
hex,#F46B8A,1,0.000326,1,0.004,0.003333
hex,#F47C43,1,0.000326,1,0.004,0.003333
hex,#F47C48,1,0.000326,1,0.004,0.005
hex,#F48440,1,0.000326,1,0.004,0.003333
hex,#F48C6C,1,0.000326,1,0.004,0.003333
hex,#F4A5CC,1,0.000326,1,0.004,0.005
hex,#F4A5E3,1,0.000326,1,0.004,0.003333
hex,#F4A637,1,0.000326,1,0.004,0.003333
hex,#F4A7A7,1,0.000326,1,0.004,0.005
hex,#F4B07A,1,0.000326,1,0.004,0.005
hex,#F4B1AD,1,0.000326,1,0.004,0.005
hex,#F4B1B1,1,0.000326,1,0.004,0.003333
hex,#F4B6B4,1,0.000326,1,0.004,0.003333
hex,#F4B942,1,0.000326,1,0.004,0.005
hex,#F4C000,1,0.000326,1,0.004,0.003333
hex,#F4C2A3,1,0.000326,1,0.004,0.005
hex,#F4C2C4,1,0.000326,1,0.004,0.005
hex,#F4C46B,1,0.000326,1,0.004,0.003333
hex,#F4C47A,1,0.000326,1,0.004,0.005
hex,#F4C56B,1,0.000326,1,0.004,0.003333
hex,#F4C7A1,1,0.000326,1,0.004,0.005
hex,#F4C7A7,1,0.000326,1,0.004,0.005
hex,#F4C7B8,1,0.000326,1,0.004,0.005
hex,#F4C8C4,1,0.000326,1,0.004,0.005
hex,#F4C9A6,1,0.000326,1,0.004,0.005
hex,#F4CC63,1,0.000326,1,0.004,0.003333
hex,#F4D06F,1,0.000326,1,0.004,0.003333
hex,#F4D2D8,1,0.000326,1,0.004,0.003333
hex,#F4D365,1,0.000326,1,0.004,0.003333
hex,#F4D45C,1,0.000326,1,0.004,0.005
hex,#F4D67F,1,0.000326,1,0.004,0.005
hex,#F4D768,1,0.000326,1,0.004,0.003333
hex,#F4D7C3,1,0.000326,1,0.004,0.005
hex,#F4D7C8,1,0.000326,1,0.004,0.003333
hex,#F4D7D7,1,0.000326,1,0.004,0.005
hex,#F4D8E5,1,0.000326,1,0.004,0.005
hex,#F4D99A,1,0.000326,1,0.004,0.005
hex,#F4D9AE,1,0.000326,1,0.004,0.005
hex,#F4E1A1,1,0.000326,1,0.004,0.005
hex,#F4E2D5,1,0.000326,1,0.004,0.003333
hex,#F4E3CF,1,0.000326,1,0.004,0.005
hex,#F4E4C1,1,0.000326,1,0.004,0.003333
hex,#F4E4C5,1,0.000326,1,0.004,0.005
hex,#F4E5A5,1,0.000326,1,0.004,0.005
hex,#F4E7BA,1,0.000326,1,0.004,0.005
hex,#F4E8D5,1,0.000326,1,0.004,0.005
hex,#F4EBDD,1,0.000326,1,0.004,0.005
hex,#F4EDE1,1,0.000326,1,0.004,0.003333
hex,#F4F1EA,1,0.000326,1,0.004,0.005
hex,#F4F2E3,1,0.000326,1,0.004,0.005
hex,#F4F5F4,1,0.000326,1,0.004,0.005
hex,#F51C18,1,0.000326,1,0.004,0.005
hex,#F56A6A,1,0.000326,1,0.004,0.003333
hex,#F58A66,1,0.000326,1,0.004,0.003333
hex,#F59AA3,1,0.000326,1,0.004,0.003333
hex,#F59B3E,1,0.000326,1,0.004,0.003333
hex,#F5A042,1,0.000326,1,0.004,0.005
hex,#F5A26B,1,0.000326,1,0.004,0.003333
hex,#F5A324,1,0.000326,1,0.004,0.003333
hex,#F5A35C,1,0.000326,1,0.004,0.005
hex,#F5A900,1,0.000326,1,0.004,0.003333
hex,#F5A9A9,1,0.000326,1,0.004,0.005
hex,#F5AB0A,1,0.000326,1,0.004,0.003333
hex,#F5B18F,1,0.000326,1,0.004,0.003333
hex,#F5B27D,1,0.000326,1,0.004,0.003333
hex,#F5B4AE,1,0.000326,1,0.004,0.005
hex,#F5B58C,1,0.000326,1,0.004,0.005
hex,#F5B5B5,1,0.000326,1,0.004,0.005
hex,#F5B7C0,1,0.000326,1,0.004,0.005
hex,#F5B82E,1,0.000326,1,0.004,0.003333
hex,#F5C0A9,1,0.000326,1,0.004,0.003333
hex,#F5C242,1,0.000326,1,0.004,0.005
hex,#F5C6A5,1,0.000326,1,0.004,0.003333
hex,#F5C6A6,1,0.000326,1,0.004,0.005
hex,#F5C944,1,0.000326,1,0.004,0.003333
hex,#F5CC9E,1,0.000326,1,0.004,0.003333
hex,#F5CCA5,1,0.000326,1,0.004,0.005
hex,#F5CE4B,1,0.000326,1,0.004,0.003333
hex,#F5D04A,1,0.000326,1,0.004,0.003333
hex,#F5D5AF,1,0.000326,1,0.004,0.003333
hex,#F5D97C,1,0.000326,1,0.004,0.003333
hex,#F5DCD5,1,0.000326,1,0.004,0.005
hex,#F5DDD5,1,0.000326,1,0.004,0.003333
hex,#F5E1B8,1,0.000326,1,0.004,0.003333
hex,#F5E5A9,1,0.000326,1,0.004,0.003333
hex,#F5E6B3,1,0.000326,1,0.004,0.005
hex,#F5F0ED,1,0.000326,1,0.004,0.005
hex,#F5F5F2,1,0.000326,1,0.004,0.005
hex,#F5F9B8,1,0.000326,1,0.004,0.005
hex,#F66867,1,0.000326,1,0.004,0.005
hex,#F66EBA,1,0.000326,1,0.004,0.003333
hex,#F69F69,1,0.000326,1,0.004,0.003333
hex,#F6A45B,1,0.000326,1,0.004,0.005
hex,#F6A52F,1,0.000326,1,0.004,0.003333
hex,#F6A623,1,0.000326,1,0.004,0.005
hex,#F6AB32,1,0.000326,1,0.004,0.003333
hex,#F6B23C,1,0.000326,1,0.004,0.003333
hex,#F6B31A,1,0.000326,1,0.004,0.003333
hex,#F6B36A,1,0.000326,1,0.004,0.003333
hex,#F6BD4F,1,0.000326,1,0.004,0.003333
hex,#F6C08E,1,0.000326,1,0.004,0.005
hex,#F6C344,1,0.000326,1,0.004,0.003333
hex,#F6C7B6,1,0.000326,1,0.004,0.005
hex,#F6C7C9,1,0.000326,1,0.004,0.005
hex,#F6C85F,1,0.000326,1,0.004,0.003333
hex,#F6C8EE,1,0.000326,1,0.004,0.005
hex,#F6C90E,1,0.000326,1,0.004,0.005
hex,#F6C945,1,0.000326,1,0.004,0.003333
hex,#F6C94E,1,0.000326,1,0.004,0.003333
hex,#F6CC9E,1,0.000326,1,0.004,0.005
hex,#F6D32D,1,0.000326,1,0.004,0.005
hex,#F6D36A,1,0.000326,1,0.004,0.003333
hex,#F6D467,1,0.000326,1,0.004,0.003333
hex,#F6D46A,1,0.000326,1,0.004,0.003333
hex,#F6D4B1,1,0.000326,1,0.004,0.005
hex,#F6D5B7,1,0.000326,1,0.004,0.005
hex,#F6D5C1,1,0.000326,1,0.004,0.003333
hex,#F6D6D0,1,0.000326,1,0.004,0.005
hex,#F6D7A7,1,0.000326,1,0.004,0.003333
hex,#F6D7E4,1,0.000326,1,0.004,0.005
hex,#F6D8CF,1,0.000326,1,0.004,0.003333
hex,#F6D8E8,1,0.000326,1,0.004,0.003333
hex,#F6D9C8,1,0.000326,1,0.004,0.003333
hex,#F6D9CA,1,0.000326,1,0.004,0.003333
hex,#F6DF8F,1,0.000326,1,0.004,0.003333
hex,#F6E6A7,1,0.000326,1,0.004,0.003333
hex,#F6E7C9,1,0.000326,1,0.004,0.005
hex,#F6E8C3,1,0.000326,1,0.004,0.003333
hex,#F6E99D,1,0.000326,1,0.004,0.003333
hex,#F6ED7B,1,0.000326,1,0.004,0.003333
hex,#F6EDFF,1,0.000326,1,0.004,0.005
hex,#F6EFA6,1,0.000326,1,0.004,0.005
hex,#F6FCED,1,0.000326,1,0.004,0.005
hex,#F74E4E,1,0.000326,1,0.004,0.003333
hex,#F78E91,1,0.000326,1,0.004,0.003333
hex,#F7941D,1,0.000326,1,0.004,0.005
hex,#F79646,1,0.000326,1,0.004,0.005
hex,#F79D99,1,0.000326,1,0.004,0.003333
hex,#F7A36E,1,0.000326,1,0.004,0.003333
hex,#F7A6C8,1,0.000326,1,0.004,0.003333
hex,#F7B36A,1,0.000326,1,0.004,0.003333
hex,#F7B4A2,1,0.000326,1,0.004,0.003333
hex,#F7B8F7,1,0.000326,1,0.004,0.005
hex,#F7B948,1,0.000326,1,0.004,0.003333
hex,#F7BFA8,1,0.000326,1,0.004,0.003333
hex,#F7C2A6,1,0.000326,1,0.004,0.003333
hex,#F7C35B,1,0.000326,1,0.004,0.003333
hex,#F7C499,1,0.000326,1,0.004,0.003333
hex,#F7C4C3,1,0.000326,1,0.004,0.005
hex,#F7C4C4,1,0.000326,1,0.004,0.005
hex,#F7C638,1,0.000326,1,0.004,0.003333
hex,#F7C77E,1,0.000326,1,0.004,0.003333
hex,#F7C8C8,1,0.000326,1,0.004,0.005
hex,#F7C948,1,0.000326,1,0.004,0.005
hex,#F7CBD2,1,0.000326,1,0.004,0.005
hex,#F7D06C,1,0.000326,1,0.004,0.005
hex,#F7D26B,1,0.000326,1,0.004,0.005
hex,#F7D37A,1,0.000326,1,0.004,0.005
hex,#F7D3B1,1,0.000326,1,0.004,0.003333
hex,#F7D6C1,1,0.000326,1,0.004,0.005
hex,#F7D6D9,1,0.000326,1,0.004,0.003333
hex,#F7D89C,1,0.000326,1,0.004,0.003333
hex,#F7D8D5,1,0.000326,1,0.004,0.005
hex,#F7D8D8,1,0.000326,1,0.004,0.005
hex,#F7D96A,1,0.000326,1,0.004,0.003333
hex,#F7D9C8,1,0.000326,1,0.004,0.003333
hex,#F7D9CC,1,0.000326,1,0.004,0.003333
hex,#F7DDE2,1,0.000326,1,0.004,0.003333
hex,#F7DFCE,1,0.000326,1,0.004,0.003333
hex,#F7E0B7,1,0.000326,1,0.004,0.005
hex,#F7E4D8,1,0.000326,1,0.004,0.003333
hex,#F7E5B5,1,0.000326,1,0.004,0.003333
hex,#F7E6A0,1,0.000326,1,0.004,0.003333
hex,#F7E6D3,1,0.000326,1,0.004,0.003333
hex,#F7E8D7,1,0.000326,1,0.004,0.005
hex,#F7E9B5,1,0.000326,1,0.004,0.003333
hex,#F7E9D2,1,0.000326,1,0.004,0.003333
hex,#F7EBC1,1,0.000326,1,0.004,0.003333
hex,#F7F7F4,1,0.000326,1,0.004,0.005
hex,#F87171,1,0.000326,1,0.004,0.003333
hex,#F8756E,1,0.000326,1,0.004,0.005
hex,#F89898,1,0.000326,1,0.004,0.005
hex,#F89A3D,1,0.000326,1,0.004,0.003333
hex,#F8A42A,1,0.000326,1,0.004,0.003333
hex,#F8B26A,1,0.000326,1,0.004,0.003333
hex,#F8C83D,1,0.000326,1,0.004,0.003333
hex,#F8CBAD,1,0.000326,1,0.004,0.005
hex,#F8CFA8,1,0.000326,1,0.004,0.003333
hex,#F8D04A,1,0.000326,1,0.004,0.003333
hex,#F8D1B7,1,0.000326,1,0.004,0.005
hex,#F8D5BF,1,0.000326,1,0.004,0.003333
hex,#F8D9D5,1,0.000326,1,0.004,0.003333
hex,#F8DD7A,1,0.000326,1,0.004,0.005
hex,#F8DFA5,1,0.000326,1,0.004,0.005
hex,#F8DFD0,1,0.000326,1,0.004,0.003333
hex,#F8E352,1,0.000326,1,0.004,0.005
hex,#F8E4A0,1,0.000326,1,0.004,0.003333
hex,#F8E4A6,1,0.000326,1,0.004,0.005
hex,#F8E4A7,1,0.000326,1,0.004,0.003333
hex,#F8E5A3,1,0.000326,1,0.004,0.005
hex,#F8E5AE,1,0.000326,1,0.004,0.003333
hex,#F8E5E8,1,0.000326,1,0.004,0.003333
hex,#F8E6CB,1,0.000326,1,0.004,0.003333
hex,#F8E6D0,1,0.000326,1,0.004,0.003333
hex,#F8E8C5,1,0.000326,1,0.004,0.003333
hex,#F8ECCF,1,0.000326,1,0.004,0.005
hex,#F8F9FA,1,0.000326,1,0.004,0.003333
hex,#F8FBCA,1,0.000326,1,0.004,0.003333
hex,#F97316,1,0.000326,1,0.004,0.003333
hex,#F99D99,1,0.000326,1,0.004,0.005
hex,#F9B42C,1,0.000326,1,0.004,0.003333
hex,#F9B4E5,1,0.000326,1,0.004,0.003333
hex,#F9B900,1,0.000326,1,0.004,0.003333
hex,#F9C23C,1,0.000326,1,0.004,0.003333
hex,#F9C74F,1,0.000326,1,0.004,0.005
hex,#F9D2B0,1,0.000326,1,0.004,0.003333
hex,#F9DCC8,1,0.000326,1,0.004,0.005
hex,#F9DD78,1,0.000326,1,0.004,0.005
hex,#F9E0BA,1,0.000326,1,0.004,0.005
hex,#F9E0D0,1,0.000326,1,0.004,0.005
hex,#F9E0DD,1,0.000326,1,0.004,0.003333
hex,#F9E1D6,1,0.000326,1,0.004,0.003333
hex,#F9E2E0,1,0.000326,1,0.004,0.005
hex,#F9E7C3,1,0.000326,1,0.004,0.003333
hex,#F9FAFD,1,0.000326,1,0.004,0.003333
hex,#FA5353,1,0.000326,1,0.004,0.005
hex,#FA7155,1,0.000326,1,0.004,0.005
hex,#FA8072,1,0.000326,1,0.004,0.003333
hex,#FA9A80,1,0.000326,1,0.004,0.005
hex,#FAC5C3,1,0.000326,1,0.004,0.005
hex,#FADBD8,1,0.000326,1,0.004,0.005
hex,#FADFAA,1,0.000326,1,0.004,0.003333
hex,#FAE4CB,1,0.000326,1,0.004,0.005
hex,#FAE9A7,1,0.000326,1,0.004,0.003333
hex,#FAF9FA,1,0.000326,1,0.004,0.005
hex,#FB5556,1,0.000326,1,0.004,0.005
hex,#FB8383,1,0.000326,1,0.004,0.005
hex,#FB8884,1,0.000326,1,0.004,0.005
hex,#FB916A,1,0.000326,1,0.004,0.003333
hex,#FBAB5B,1,0.000326,1,0.004,0.005
hex,#FBC5C3,1,0.000326,1,0.004,0.005
hex,#FBD18C,1,0.000326,1,0.004,0.003333
hex,#FBE3D6,1,0.000326,1,0.004,0.003333
hex,#FBE5BF,1,0.000326,1,0.004,0.005
hex,#FBE5D6,1,0.000326,1,0.004,0.005
hex,#FBE5E5,1,0.000326,1,0.004,0.005
hex,#FBE7A8,1,0.000326,1,0.004,0.005
hex,#FBEDDA,1,0.000326,1,0.004,0.003333
hex,#FBEFE6,1,0.000326,1,0.004,0.005
hex,#FBF7B2,1,0.000326,1,0.004,0.005
hex,#FBFBFB,1,0.000326,1,0.004,0.005
hex,#FC5F5A,1,0.000326,1,0.004,0.005
hex,#FC8D59,1,0.000326,1,0.004,0.003333
hex,#FCA5A5,1,0.000326,1,0.004,0.005
hex,#FCB929,1,0.000326,1,0.004,0.003333
hex,#FCD27E,1,0.000326,1,0.004,0.005
hex,#FCDCD3,1,0.000326,1,0.004,0.005
hex,#FCE0DE,1,0.000326,1,0.004,0.003333
hex,#FCE0E1,1,0.000326,1,0.004,0.003333
hex,#FCE1C5,1,0.000326,1,0.004,0.005
hex,#FCE2BB,1,0.000326,1,0.004,0.003333
hex,#FCE2E2,1,0.000326,1,0.004,0.003333
hex,#FCE4E4,1,0.000326,1,0.004,0.005
hex,#FCEEE3,1,0.000326,1,0.004,0.005
hex,#FCF1CF,1,0.000326,1,0.004,0.003333
hex,#FCF1EF,1,0.000326,1,0.004,0.003333
hex,#FCF3E7,1,0.000326,1,0.004,0.003333
hex,#FCF8F1,1,0.000326,1,0.004,0.003333
hex,#FCFCFC,1,0.000326,1,0.004,0.005
hex,#FD0000,1,0.000326,1,0.004,0.003333
hex,#FD2C2B,1,0.000326,1,0.004,0.005
hex,#FD5978,1,0.000326,1,0.004,0.003333
hex,#FDAE6B,1,0.000326,1,0.004,0.003333
hex,#FDBE85,1,0.000326,1,0.004,0.003333
hex,#FDC086,1,0.000326,1,0.004,0.003333
hex,#FDC9BB,1,0.000326,1,0.004,0.005
hex,#FDD0A2,1,0.000326,1,0.004,0.005
hex,#FDD3DD,1,0.000326,1,0.004,0.003333
hex,#FDD420,1,0.000326,1,0.004,0.003333
hex,#FDD49E,1,0.000326,1,0.004,0.003333
hex,#FDD663,1,0.000326,1,0.004,0.005
hex,#FDD9AC,1,0.000326,1,0.004,0.005
hex,#FDD9C4,1,0.000326,1,0.004,0.003333
hex,#FDE5C2,1,0.000326,1,0.004,0.005
hex,#FDECE8,1,0.000326,1,0.004,0.005
hex,#FDF8D8,1,0.000326,1,0.004,0.003333
hex,#FE0000,1,0.000326,1,0.004,0.003333
hex,#FE75BB,1,0.000326,1,0.004,0.003333
hex,#FE7F0E,1,0.000326,1,0.004,0.005
hex,#FE9929,1,0.000326,1,0.004,0.005
hex,#FEC44F,1,0.000326,1,0.004,0.005
hex,#FEC63B,1,0.000326,1,0.004,0.005
hex,#FEC6B0,1,0.000326,1,0.004,0.003333
hex,#FED3A9,1,0.000326,1,0.004,0.003333
hex,#FEE391,1,0.000326,1,0.004,0.003333
hex,#FEF1D1,1,0.000326,1,0.004,0.003333
hex,#FEF2F2,1,0.000326,1,0.004,0.005
hex,#FEF9E2,1,0.000326,1,0.004,0.005
hex,#FF0051,1,0.000326,1,0.004,0.005
hex,#FF1717,1,0.000326,1,0.004,0.003333
hex,#FF1A1A,1,0.000326,1,0.004,0.003333
hex,#FF2020,1,0.000326,1,0.004,0.003333
hex,#FF2600,1,0.000326,1,0.004,0.003333
hex,#FF2E2E,1,0.000326,1,0.004,0.005
hex,#FF3131,1,0.000326,1,0.004,0.003333
hex,#FF3333,1,0.000326,1,0.004,0.003333
hex,#FF3A00,1,0.000326,1,0.004,0.003333
hex,#FF3B3B,1,0.000326,1,0.004,0.003333
hex,#FF3E72,1,0.000326,1,0.004,0.003333
hex,#FF4A43,1,0.000326,1,0.004,0.003333
hex,#FF4A4A,1,0.000326,1,0.004,0.003333
hex,#FF4B4B,1,0.000326,1,0.004,0.005
hex,#FF4D4D,1,0.000326,1,0.004,0.003333
hex,#FF5959,1,0.000326,1,0.004,0.003333
hex,#FF5B5B,1,0.000326,1,0.004,0.003333
hex,#FF5C50,1,0.000326,1,0.004,0.005
hex,#FF5CB5,1,0.000326,1,0.004,0.003333
hex,#FF5E00,1,0.000326,1,0.004,0.003333
hex,#FF6666,1,0.000326,1,0.004,0.005
hex,#FF6B4A,1,0.000326,1,0.004,0.003333
hex,#FF6C0C,1,0.000326,1,0.004,0.005
hex,#FF6C64,1,0.000326,1,0.004,0.005
hex,#FF6F4A,1,0.000326,1,0.004,0.005
hex,#FF7043,1,0.000326,1,0.004,0.003333
hex,#FF72AC,1,0.000326,1,0.004,0.005
hex,#FF7474,1,0.000326,1,0.004,0.003333
hex,#FF756B,1,0.000326,1,0.004,0.003333
hex,#FF766F,1,0.000326,1,0.004,0.005
hex,#FF7853,1,0.000326,1,0.004,0.003333
hex,#FF7B02,1,0.000326,1,0.004,0.003333
hex,#FF7E0E,1,0.000326,1,0.004,0.005
hex,#FF800F,1,0.000326,1,0.004,0.005
hex,#FF8884,1,0.000326,1,0.004,0.005
hex,#FF8A63,1,0.000326,1,0.004,0.003333
hex,#FF8A96,1,0.000326,1,0.004,0.005
hex,#FF8C3A,1,0.000326,1,0.004,0.005
hex,#FF8C42,1,0.000326,1,0.004,0.003333
hex,#FF8D23,1,0.000326,1,0.004,0.005
hex,#FF8D41,1,0.000326,1,0.004,0.005
hex,#FF8D45,1,0.000326,1,0.004,0.003333
hex,#FF8D72,1,0.000326,1,0.004,0.005
hex,#FF914D,1,0.000326,1,0.004,0.003333
hex,#FF9300,1,0.000326,1,0.004,0.003333
hex,#FF9633,1,0.000326,1,0.004,0.003333
hex,#FF963F,1,0.000326,1,0.004,0.003333
hex,#FF983E,1,0.000326,1,0.004,0.005
hex,#FF9875,1,0.000326,1,0.004,0.003333
hex,#FF9A00,1,0.000326,1,0.004,0.003333
hex,#FF9D4D,1,0.000326,1,0.004,0.005
hex,#FFA07C,1,0.000326,1,0.004,0.005
hex,#FFA556,1,0.000326,1,0.004,0.005
hex,#FFAE00,1,0.000326,1,0.004,0.003333
hex,#FFB000,1,0.000326,1,0.004,0.005
hex,#FFB092,1,0.000326,1,0.004,0.005
hex,#FFB470,1,0.000326,1,0.004,0.003333
hex,#FFB55A,1,0.000326,1,0.004,0.005
hex,#FFB6B6,1,0.000326,1,0.004,0.005
hex,#FFB73A,1,0.000326,1,0.004,0.003333
hex,#FFB74D,1,0.000326,1,0.004,0.005
hex,#FFBB78,1,0.000326,1,0.004,0.003333
hex,#FFBC5D,1,0.000326,1,0.004,0.005
hex,#FFBCA1,1,0.000326,1,0.004,0.003333
hex,#FFBDCA,1,0.000326,1,0.004,0.005
hex,#FFBE00,1,0.000326,1,0.004,0.003333
hex,#FFBEA4,1,0.000326,1,0.004,0.005
hex,#FFBF86,1,0.000326,1,0.004,0.003333
hex,#FFC4BA,1,0.000326,1,0.004,0.003333
hex,#FFC73F,1,0.000326,1,0.004,0.003333
hex,#FFCA92,1,0.000326,1,0.004,0.005
hex,#FFCCB5,1,0.000326,1,0.004,0.005
hex,#FFCCBC,1,0.000326,1,0.004,0.003333
hex,#FFCCD5,1,0.000326,1,0.004,0.005
hex,#FFD166,1,0.000326,1,0.004,0.003333
hex,#FFD34F,1,0.000326,1,0.004,0.005
hex,#FFD388,1,0.000326,1,0.004,0.005
hex,#FFD58E,1,0.000326,1,0.004,0.005
hex,#FFD6B3,1,0.000326,1,0.004,0.005
hex,#FFD86B,1,0.000326,1,0.004,0.003333
hex,#FFD8BF,1,0.000326,1,0.004,0.005
hex,#FFDAC2,1,0.000326,1,0.004,0.005
hex,#FFDAC8,1,0.000326,1,0.004,0.005
hex,#FFDADF,1,0.000326,1,0.004,0.005
hex,#FFDB8C,1,0.000326,1,0.004,0.003333
hex,#FFDEDE,1,0.000326,1,0.004,0.005
hex,#FFDFBF,1,0.000326,1,0.004,0.005
hex,#FFE0A3,1,0.000326,1,0.004,0.003333
hex,#FFE0BB,1,0.000326,1,0.004,0.005
hex,#FFE0E0,1,0.000326,1,0.004,0.003333
hex,#FFE33D,1,0.000326,1,0.004,0.005
hex,#FFE3A1,1,0.000326,1,0.004,0.003333
hex,#FFE500,1,0.000326,1,0.004,0.005
hex,#FFE58F,1,0.000326,1,0.004,0.005
hex,#FFE5E5,1,0.000326,1,0.004,0.005
hex,#FFE699,1,0.000326,1,0.004,0.003333
hex,#FFE800,1,0.000326,1,0.004,0.005
hex,#FFE8EA,1,0.000326,1,0.004,0.005
hex,#FFEAD6,1,0.000326,1,0.004,0.005
hex,#FFEB00,1,0.000326,1,0.004,0.005
hex,#FFECEC,1,0.000326,1,0.004,0.005
hex,#FFEDB5,1,0.000326,1,0.004,0.005
hex,#FFEDE5,1,0.000326,1,0.004,0.005
hex,#FFF000,1,0.000326,1,0.004,0.003333
hex,#FFF0A4,1,0.000326,1,0.004,0.003333
hex,#FFF0BD,1,0.000326,1,0.004,0.003333
hex,#FFF0C6,1,0.000326,1,0.004,0.005
hex,#FFF0C8,1,0.000326,1,0.004,0.003333
hex,#FFF0D5,1,0.000326,1,0.004,0.003333
hex,#FFF0D6,1,0.000326,1,0.004,0.005
hex,#FFF0F0,1,0.000326,1,0.004,0.003333
hex,#FFF1B8,1,0.000326,1,0.004,0.005
hex,#FFF1C5,1,0.000326,1,0.004,0.005
hex,#FFF1D6,1,0.000326,1,0.004,0.005
hex,#FFF1D7,1,0.000326,1,0.004,0.005
hex,#FFF2B5,1,0.000326,1,0.004,0.003333
hex,#FFF2E2,1,0.000326,1,0.004,0.005
hex,#FFF35C,1,0.000326,1,0.004,0.003333
hex,#FFF3B8,1,0.000326,1,0.004,0.005
hex,#FFF4C4,1,0.000326,1,0.004,0.003333
hex,#FFF4D6,1,0.000326,1,0.004,0.003333
hex,#FFF5B9,1,0.000326,1,0.004,0.005
hex,#FFF5DC,1,0.000326,1,0.004,0.005
hex,#FFF6AA,1,0.000326,1,0.004,0.005
hex,#FFF7BC,1,0.000326,1,0.004,0.005
hex,#FFF7E8,1,0.000326,1,0.004,0.003333
hex,#FFF7EC,1,0.000326,1,0.004,0.003333
hex,#FFF7ED,1,0.000326,1,0.004,0.005
hex,#FFF9CA,1,0.000326,1,0.004,0.003333
hex,#FFF9E8,1,0.000326,1,0.004,0.003333
hex,#FFFBF0,1,0.000326,1,0.004,0.003333
hex,#FFFCBF,1,0.000326,1,0.004,0.003333
hex,#FFFDE6,1,0.000326,1,0.004,0.005
hex,#FFFF54,1,0.000326,1,0.004,0.003333
hex,#FFFFAC,1,0.000326,1,0.004,0.003333
color_family,blue,3577,1.164767,245,0.98,0.98
color_family,orange,2316,0.754152,232,0.928,0.928333
color_family,red,2093,0.681537,237,0.948,0.948333
color_family,neutral_light,2018,0.657115,216,0.864,0.86
color_family,green,1998,0.650602,232,0.928,0.928333
color_family,neutral_dark,1916,0.623901,218,0.872,0.873333
color_family,purple,661,0.215239,154,0.616,0.623333
color_family,cyan,578,0.188212,139,0.556,0.558333
color_family,magenta,566,0.184305,146,0.584,0.578333
color_family,yellow,543,0.176815,155,0.62,0.621667
