paper_id,conference,analysis_stratum,kind,label,page,placement,caption_start,x0,top,x1,bottom,caption_fonts,caption_size_median
iclr-2026-a6ddc629568b,ICLR,outstanding,figure,Figure 1,1,main,Oursimulatedconversationsfor6generationtasksonthe15LLMsobserveamajor,108.0,540.369,145.873,550.332,NimbusRomNo9L-Regu,9.963
iclr-2026-a6ddc629568b,ICLR,outstanding,figure,Figure 2,3,main,ShardedConversationSimulationDiagram.Thesimulationsubjectishighlightedinred.,110.027,178.086,146.281,188.049,NimbusRomNo9L-Regu,9.963
iclr-2026-a6ddc629568b,ICLR,outstanding,figure,Figure 3,4,main,Conversationsimulationtypesbasedon,306.0,434.641,342.316,444.604,NimbusRomNo9L-Regu,9.963
iclr-2026-a6ddc629568b,ICLR,outstanding,figure,Figure 4,5,main,Sixshardedtasksincludedinourexperiments.Weincludetasksthatinvolvegenerating,108.0,331.369,144.938,341.332,NimbusRomNo9L-Regu,9.963
iclr-2026-a6ddc629568b,ICLR,outstanding,table,Table 1,7,main,"AveragedPerformance(P)ofLLMsonsixtasks(Code,Database,",107.691,233.409,144.782,243.372,NimbusRomNo9L-Regu,9.963
iclr-2026-a6ddc629568b,ICLR,outstanding,figure,Figure 5,7,main,(a)VisualintroductiontotheconceptsofAptitudeandUnreliabilitywhenoverlaidona,108.0,538.384,144.959,548.347,NimbusRomNo9L-Regu,9.963
iclr-2026-a6ddc629568b,ICLR,outstanding,figure,Figure 6,18,appendix,Processdiagramofthefour-stepsemi-automaticprocesstotransformfully-specified,108.0,223.687,145.975,233.65,NimbusRomNo9L-Regu,9.963
iclr-2026-a6ddc629568b,ICLR,outstanding,table,Table 2,20,appendix,Resultsofthemanualinspectionof100simulatedSconversationsacrossfourtasks:,107.691,175.047,139.012,185.01,NimbusRomNo9L-Regu,9.963
iclr-2026-a6ddc629568b,ICLR,outstanding,figure,Figure 7,21,appendix,Illustrationsfordifferentsituations.,108.0,523.609,147.53,533.572,NimbusRomNo9L-Regu,9.963
iclr-2026-a6ddc629568b,ICLR,outstanding,table,Table 3,22,appendix,"Averagedperformance(P)breakdown,basedonhowearlyintheconversationtheLLM",107.691,317.423,140.575,327.386,NimbusRomNo9L-Regu,9.963
iclr-2026-a6ddc629568b,ICLR,outstanding,figure,Figure 8,23,appendix,"Averagelength(innumberofcharacters)ofanswerattemptsacrossfourtasks(Code,",108.0,188.702,145.68,198.665,NimbusRomNo9L-Regu,9.963
iclr-2026-a6ddc629568b,ICLR,outstanding,figure,Figure 9,24,appendix,Analysisofcitationpatternsinsum-,306.0,494.014,344.463,503.977,NimbusRomNo9L-Regu,9.963
iclr-2026-a6ddc629568b,ICLR,outstanding,table,Table 4,25,appendix,"Averagedperformance(P)ofLLMsonthesixexperimentaltasks,arrangedbasedonmodel",107.691,226.014,139.188,235.977,NimbusRomNo9L-Regu,9.963
iclr-2026-a6ddc629568b,ICLR,outstanding,table,Table 5,26,appendix,ExperimentalResultswithadditionalsimulationtypes:RecapandSnowball.Both,107.691,148.123,140.443,158.086,NimbusRomNo9L-Regu,9.963
iclr-2026-a6ddc629568b,ICLR,outstanding,table,Table 6,26,appendix,ComparingperformanceinSconversationsofGPT-4ogivennosystemprompt,107.691,251.025,140.585,260.988,NimbusRomNo9L-Regu,9.963
iclr-2026-a6ddc629568b,ICLR,outstanding,table,Table 7,27,appendix,Unreliabilityofmodelswhenchangingassistanttemperature(AT)andusertemperature,107.691,181.024,140.758,190.987,NimbusRomNo9L-Regu,9.963
iclr-2026-a6ddc629568b,ICLR,outstanding,table,Table 8,28,appendix,"PerformanceonthetranslationtaskforF,C,andS",107.691,148.123,141.621,158.086,NimbusRomNo9L-Regu,9.963
iclr-2026-a6ddc629568b,ICLR,outstanding,table,Table 9,29,appendix,Definitionofturncategories.Weincludethedescriptionintheprompttocategorizeassistant,107.691,349.891,139.08,359.854,NimbusRomNo9L-Regu,9.963
iclr-2026-a6ddc629568b,ICLR,outstanding,table,Table 10,30,appendix,"Specificmodelversionsusedaspartofourexperiments.Foreachmodel,wedefinethe",107.691,318.87,145.585,328.833,NimbusRomNo9L-Regu,9.963
iclr-2026-a6ddc629568b,ICLR,outstanding,figure,Figure 10,34,appendix,Examplesimulatedmulti-turnconversationfortheMathtask.Thisconversationsimulation,108.0,289.689,148.03,299.652,NimbusRomNo9L-Regu,9.963
iclr-2026-009a09dc4347,ICLR,oral,figure,Figure 1,2,main,Overviewofthetwo-playerbaselineandourmultiplayerMNPOtrainingparadigm.,119.596,271.836,155.85,281.799,NimbusRomNo9L-Regu,9.963
iclr-2026-009a09dc4347,ICLR,oral,table,Table 1,7,main,Time-dependentMNPOrecoversmanyexistingofflineoronlinepreferenceoptimization,107.691,90.768,140.38,100.731,NimbusRomNo9L-Regu,9.963
iclr-2026-009a09dc4347,ICLR,oral,table,Table 2,9,main,Performanceofvariousmodelsoninstruction-followingandpreference-alignmentbench-,107.691,90.768,140.198,100.731,NimbusRomNo9L-Regu,9.963
iclr-2026-009a09dc4347,ICLR,oral,table,Table 3,9,main,"Modelperformanceoninstruction,knowledge,andcommonsensebenchmarks.",130.251,325.761,162.38,335.724,NimbusRomNo9L-Regu,9.963
iclr-2026-009a09dc4347,ICLR,oral,table,Table 4,10,main,Modelperformanceonmathandcodingbenchmarks.,181.732,90.768,213.861,100.731,NimbusRomNo9L-Regu,9.963
iclr-2026-009a09dc4347,ICLR,oral,table,Table 5,17,appendix,"Ablationonthenumberofplayers(n)inTD-MNPO,wherewereportAlpacaEval2.0(length-",107.691,90.768,138.729,100.731,NimbusRomNo9L-Regu,9.963
iclr-2026-009a09dc4347,ICLR,oral,table,Table 6,17,appendix,AblationonDifferentBaseModels.AlpacaEval2.0(LC)results.,158.435,176.506,190.564,186.469,NimbusRomNo9L-Regu,9.963
iclr-2026-009a09dc4347,ICLR,oral,table,Table 7,18,appendix,Meanandstandarddeviationofmodelperformanceacrossthreerunsunderdifferent,107.691,90.878,139.573,100.841,NimbusRomNo9L-Regu,9.963
iclr-2026-009a09dc4347,ICLR,oral,table,Table 8,18,appendix,Ablationof2-playervs.3-playerHT-MNPOonAlpacaEval2.0.2-playerscoresare,107.691,204.061,141.479,214.024,NimbusRomNo9L-Regu,9.963
iclr-2026-009a09dc4347,ICLR,oral,table,Table 9,19,appendix,"VariouspreferenceoptimizationobjectivesgivenpreferencedataD=(x,y+,y−),where",107.691,91.946,140.198,101.909,NimbusRomNo9L-Regu,9.963
iclr-2026-023366ecf605,ICLR,oral,figure,Figure 1,2,main,"CyberGymincludes1,507instancesfromreal-worldvulnerabilitiesacross188diverse",108.0,181.109,145.324,191.072,NimbusRomNo9L-Regu,9.963
iclr-2026-023366ecf605,ICLR,oral,table,Table 1,3,main,ComparingCyberGymwithexistingcybersecuritybenchmarksforAIagents.,133.299,299.893,165.428,309.856,NimbusRomNo9L-Regu,9.963
iclr-2026-023366ecf605,ICLR,oral,figure,Figure 2,5,main,OSS-Fuzzlifecycle.,365.086,578.428,401.34,588.391,NimbusRomNo9L-Regu,9.963
iclr-2026-023366ecf605,ICLR,oral,figure,Figure 3,7,main,ResultsofvariousLLMswithOpenHands.,298.078,316.437,333.519,326.4,NimbusRomNo9L-Regu,9.963
iclr-2026-023366ecf605,ICLR,oral,figure,Figure 4,7,main,Withandwithoutthinking.,351.362,432.163,387.616,442.126,NimbusRomNo9L-Regu,9.963
iclr-2026-023366ecf605,ICLR,oral,figure,Figure 5,7,main,Successratesofdifferent,365.398,604.973,401.408,614.936,NimbusRomNo9L-Regu,9.963
iclr-2026-023366ecf605,ICLR,oral,table,Table 2,8,main,"Successrates,samplesizes,andstatistical",305.691,142.804,337.109,152.767,NimbusRomNo9L-Regu,9.963
iclr-2026-023366ecf605,ICLR,oral,figure,Figure 6,8,main,SuccessratesofOpen-,365.398,342.115,403.586,352.078,NimbusRomNo9L-Regu,9.963
iclr-2026-023366ecf605,ICLR,oral,figure,Figure 7,8,main,SuccessratesofOpen-,365.398,534.252,403.586,544.215,NimbusRomNo9L-Regu,9.963
iclr-2026-023366ecf605,ICLR,oral,figure,Figure 8,9,main,Anexamplewheretheagentsuccessfullyreproducesthetargetvulnerabilitybasedon,108.0,294.307,145.487,304.27,NimbusRomNo9L-Regu,9.963
iclr-2026-023366ecf605,ICLR,oral,table,Table 3,16,appendix,StatisticsofCyberGym’sbenchmarkinstances.,194.016,247.764,226.145,257.727,NimbusRomNo9L-Regu,9.963
iclr-2026-023366ecf605,ICLR,oral,table,Table 4,17,appendix,AllcrashtypesinCyberGymandthecorresponding,186.89,225.966,218.328,235.929,NimbusRomNo9L-Regu,9.963
iclr-2026-023366ecf605,ICLR,oral,table,Table 5,18,appendix,"AllprojectsinCyberGym,includinglinkstotheirhomepages,primaryprogramming",107.691,180.068,141.489,190.031,NimbusRomNo9L-Regu,9.963
iclr-2026-023366ecf605,ICLR,oral,figure,Figure 9,19,appendix,Promptforfilteringvulnerabilities.,216.591,714.295,252.845,724.258,NimbusRomNo9L-Regu,9.963
iclr-2026-023366ecf605,ICLR,oral,figure,Figure 10,20,appendix,Promptforrephrasingcommitmessages.,202.071,220.179,243.306,230.142,NimbusRomNo9L-Regu,9.963
iclr-2026-023366ecf605,ICLR,oral,figure,Figure 11,20,appendix,DistributionofPoClengthsfortheauditedsubsetversusthefulldataset.,139.287,535.716,180.522,545.679,NimbusRomNo9L-Regu,9.963
iclr-2026-023366ecf605,ICLR,oral,figure,Figure 12,21,appendix,Taskpromptdirectlyprovidedtotheagentsastheuserquery.,161.369,185.428,202.604,195.391,NimbusRomNo9L-Regu,9.963
iclr-2026-023366ecf605,ICLR,oral,figure,Figure 13,21,appendix,"TemplateoftheREADME.mdfileprovidedintheworkspace,withdifferentfilesshownin",108.0,385.654,148.43,395.617,NimbusRomNo9L-Regu,9.963
iclr-2026-023366ecf605,ICLR,oral,table,Table 6,22,appendix,Modelcheckpoints.,248.944,81.722,281.073,91.685,NimbusRomNo9L-Regu,9.963
iclr-2026-023366ecf605,ICLR,oral,table,Table 7,22,appendix,Commitversionsoftheagents.,226.185,257.612,258.314,267.575,NimbusRomNo9L-Regu,9.963
iclr-2026-023366ecf605,ICLR,oral,figure,Figure 14,23,appendix,DistributionsofgroundtruthPoClengthsbymodelforpre-versuspost-knowledge-cutoff,108.0,455.938,148.51,465.901,NimbusRomNo9L-Regu,9.963
iclr-2026-023366ecf605,ICLR,oral,figure,Figure 15,24,appendix,Successratesofdifferentmodelswithbalancedresamplingbysoftwareprojectsandcrash,108.0,208.513,148.401,218.476,NimbusRomNo9L-Regu,9.963
iclr-2026-023366ecf605,ICLR,oral,figure,Figure 16,24,appendix,Successratesofdifferentagentframeworkswithbalancedresamplingbysoftwareprojects,108.0,362.656,148.235,372.619,NimbusRomNo9L-Regu,9.963
iclr-2026-023366ecf605,ICLR,oral,table,Table 8,24,appendix,Successratesfortop10crashtypesachievedbyOpenHandswithClaude-Sonnet-4.,121.319,409.48,153.448,419.443,NimbusRomNo9L-Regu,9.963
iclr-2026-023366ecf605,ICLR,oral,figure,Figure 17,25,appendix,Top10commandsexecutedbyeachconsideredagentframeworksusingGPT-4.1under,108.0,546.449,149.535,556.412,NimbusRomNo9L-Regu,9.963
iclr-2026-023366ecf605,ICLR,oral,table,Table 9,26,appendix,Quantitativebreakdownofcommonagentfailuremodesandretrievalinefficienciesfor,107.691,453.493,141.063,463.456,NimbusRomNo9L-Regu,9.963
iclr-2026-023366ecf605,ICLR,oral,figure,Figure 18,27,appendix,DistributionofresultsforOpenHandswithClaude-Sonnet-4acrossdifferentnumberof,108.0,228.576,149.545,238.539,NimbusRomNo9L-Regu,9.963
iclr-2026-023366ecf605,ICLR,oral,figure,Figure 19,29,appendix,"Inthisexample,theagentfailstotriggeracrashandstopsearly.",155.904,81.722,197.139,91.685,NimbusRomNo9L-Regu,9.963
iclr-2026-023366ecf605,ICLR,oral,figure,Figure 20,29,appendix,"Inthisexample,theagentgeneratesaverylongplaintextoutputandcausesanerror.",115.84,579.819,157.075,589.782,NimbusRomNo9L-Regu,9.963
iclr-2026-023366ecf605,ICLR,oral,figure,Figure 21,32,appendix,"Inthisexample,theagentkeepstryingtofindtherelevantfilesandexhaustsmaxsteps.",109.823,511.305,151.058,521.268,NimbusRomNo9L-Regu,9.963
iclr-2026-023366ecf605,ICLR,oral,figure,Figure 22,35,appendix,"Inthisexample,OpenHands,usingGPT-4.1,performsstructuredandadvancedmutation",108.0,327.965,148.998,337.928,NimbusRomNo9L-Regu,9.963
iclr-2026-023366ecf605,ICLR,oral,figure,Figure 23,37,appendix,"Inthisexample,OpenHands,usingGPT-4.1asthebackbonemodel,successfullycompiles",108.0,81.722,148.245,91.685,NimbusRomNo9L-Regu,9.963
iclr-2026-023366ecf605,ICLR,oral,figure,Figure 24,40,appendix,"Inthisexample,OpenHands,usingClaude-Sonnet-4,keepsgeneratingdifferentPoCsbut",108.0,614.364,148.666,624.327,NimbusRomNo9L-Regu,9.963
iclr-2026-023366ecf605,ICLR,oral,figure,Figure 25,46,appendix,"Inthisexample,EnIGMA,usingGPT-4.1,keepsgeneratingdifferentPoCsbutnot",108.0,176.142,151.096,186.105,NimbusRomNo9L-Regu,9.963
iclr-2026-05937b7dc737,ICLR,oral,figure,Figure 1,2,main,"OverviewofHSD.HSDacceptsthedraftXbyscanningbackwardfromγtoτ,andthenperforms",108.0,241.557,143.65,251.52,NimbusRomNo9L-Regu,9.963
iclr-2026-05937b7dc737,ICLR,oral,figure,Figure 2,8,main,GSM8Kquestionwiththegeneratedprefix.Thetextshownistheprintedoutputofthe,108.0,221.988,145.111,231.951,NimbusRomNo9L-Regu,9.963
iclr-2026-05937b7dc737,ICLR,oral,table,Table 1,9,main,ComparisonofBlockEfficiency(BE)andDecodingSpeed(DS)acrossdatasetsandmodel,107.691,561.996,139.647,571.959,NimbusRomNo9L-Regu,9.963
iclr-2026-05937b7dc737,ICLR,oral,table,Table 2,10,main,ComparisonofourHSDandtokenwiseverificationinMulti-draftsetting.,141.424,83.714,173.553,93.677,NimbusRomNo9L-Regu,9.963
iclr-2026-05937b7dc737,ICLR,oral,table,Table 3,10,main,"Ablationsontemperature,draftlength,andtargetmodelsizeonGSM8K.Exceptforthe",107.691,169.265,140.534,179.228,NimbusRomNo9L-Regu,9.963
iclr-2026-05937b7dc737,ICLR,oral,table,Table 4,10,main,ExtendedexperimentalresultsusingtheLLaMAmodelfamilyandEAGLE-3frameworkon,107.691,273.594,139.227,283.557,NimbusRomNo9L-Regu,9.963
iclr-2026-05937b7dc737,ICLR,oral,figure,Figure A.1,23,appendix,Theaverageac-,385.199,674.868,434.586,684.831,NimbusRomNo9L-Regu,9.963
iclr-2026-05937b7dc737,ICLR,oral,table,Table A.1,28,appendix,ComparisonofdifferentalgorithmperformanceonGSM8KwithQwen-2.5.Welistthe,107.691,81.722,149.777,91.685,NimbusRomNo9L-Regu,9.963
iclr-2026-05937b7dc737,ICLR,oral,table,Table A.2,28,appendix,Comparisonoftaskperformanceacrossmodelsizesandmethods.,151.83,169.941,193.643,179.904,NimbusRomNo9L-Regu,9.963
iclr-2026-05937b7dc737,ICLR,oral,table,Table A.3,28,appendix,Ablationoncappingmechanism.,217.538,247.201,259.351,257.164,NimbusRomNo9L-Regu,9.963
iclr-2026-05937b7dc737,ICLR,oral,table,Table A.4,34,appendix,RuntimebreakdownofBlockwiseandHSD.,194.419,149.632,236.232,159.595,NimbusRomNo9L-Regu,9.963
iclr-2026-061ba26bb9ff,ICLR,oral,figure,Figure 1,6,main,Overlapbetweenthesignalestimateandthetruesignalasafunctionofαforcontinuous,108.0,352.624,144.433,362.587,NimbusRomNo9L-Regu,9.963
iclr-2026-061ba26bb9ff,ICLR,oral,figure,Figure 2,7,main,αasafunctionofaforp∗=1andseveralvaluesofp.Thepointatwhichthecurves,108.0,515.342,144.134,525.305,NimbusRomNo9L-Regu,9.963
iclr-2026-061ba26bb9ff,ICLR,oral,figure,Figure 3,8,main,"ComparisonofBBPtransitionsforp=p∗=1.Ontheyaxisweplotϕ,definedas",108.0,398.029,145.18,407.992,NimbusRomNo9L-Regu,9.963
iclr-2026-061ba26bb9ff,ICLR,oral,figure,Figure 4,9,main,α(solid)andα(crosses)fortwodifferentvaluesofpasafunctionofa.,130.952,280.77,167.206,290.733,NimbusRomNo9L-Regu,9.963
iclr-2026-061ba26bb9ff,ICLR,oral,figure,Figure 5,21,appendix,"InPanel5a,acontinuousBBPisshown:theαcorrespondstothecrossingofthe",108.0,480.245,145.141,490.208,NimbusRomNo9L-Regu,9.963
iclr-2026-061ba26bb9ff,ICLR,oral,figure,Figure 6,23,appendix,αasafunctionofaforp∗=2forvariousvaluesofp.Intheinsetweshowα,108.0,655.943,144.533,665.906,NimbusRomNo9L-Regu,9.963
iclr-2026-061ba26bb9ff,ICLR,oral,figure,Figure 7,24,appendix,αasafunctionofp∗forp=1anda=0.7,190.065,223.685,226.319,233.648,NimbusRomNo9L-Regu,9.963
iclr-2026-061ba26bb9ff,ICLR,oral,figure,Figure 8,24,appendix,OverlapbetweensmallesteigenvectoroftheHessianandthetruesignalasafunctionofα,108.0,679.896,144.075,689.859,NimbusRomNo9L-Regu,9.963
iclr-2026-061ba26bb9ff,ICLR,oral,figure,Figure 9,25,appendix,Maximumsquaredmagnetizationm2vs.αfora=0.1.TheBBPtransitionatintialization,108.0,707.804,143.716,717.767,NimbusRomNo9L-Regu,9.963
iclr-2026-061ba26bb9ff,ICLR,oral,figure,Figure 10,26,appendix,"Maximumsquaredmagnetizationm2vs.αfora=2.0.Alsointhediscontinuouscase,",108.0,361.409,149.305,371.372,NimbusRomNo9L-Regu,9.963
iclr-2026-09d94b8d6d44,ICLR,oral,figure,Figure 1,4,main,OverviewofpositionIDarchitectureandsupportingevidence.Weidentifythreeprocess-,108.0,343.34,144.254,353.303,NimbusRomNo9L-Regu,9.963
iclr-2026-09d94b8d6d44,ICLR,oral,figure,Figure 2,7,main,Testingforrelativevs.absolutespatialcoding.Left:Exampleofeachgridconditionwith,108.0,237.254,144.194,247.217,NimbusRomNo9L-Regu,9.963
iclr-2026-09d94b8d6d44,ICLR,oral,figure,Figure 3,7,main,PhotorealisticinterventionresultstargetingthethreepositionIDprocessingstagesas,108.0,575.737,145.619,585.7,NimbusRomNo9L-Regu,9.963
iclr-2026-09d94b8d6d44,ICLR,oral,figure,Figure 4,8,main,ColorRetrievalIntervention,345.602,582.535,383.221,592.498,NimbusRomNo9L-Regu,9.963
iclr-2026-09d94b8d6d44,ICLR,oral,figure,Figure 5,9,main,Interventionperformanceonspatialreasoningtask.,184.034,262.754,220.288,272.717,NimbusRomNo9L-Regu,9.963
iclr-2026-09d94b8d6d44,ICLR,oral,figure,Figure 6,9,main,BindingerroranalysisshowingeffectoffeatureentropyonpositionIDmechanisms.,117.569,595.186,153.823,605.149,NimbusRomNo9L-Regu,9.963
iclr-2026-09d94b8d6d44,ICLR,oral,figure,Figure 7,10,main,LinkbetweenbindingerrorsandfailureofpositionIDmechanisms.,150.799,212.246,187.053,222.209,NimbusRomNo9L-Regu,9.963
iclr-2026-09d94b8d6d44,ICLR,oral,figure,Figure 8,14,appendix,StimulusconditionforcharacterizingrelativevsabsolutepositionIDs.,145.544,577.492,181.798,587.455,NimbusRomNo9L-Regu,9.963
iclr-2026-09d94b8d6d44,ICLR,oral,figure,Figure 9,15,appendix,Imageconfigurationsforinvestigatingbindingerrors.,179.819,361.389,216.073,371.352,NimbusRomNo9L-Regu,9.963
iclr-2026-09d94b8d6d44,ICLR,oral,figure,Figure 10,17,appendix,CausalmediationprocedureusedtoidentifyIDretrievalheads.,157.782,387.611,199.017,397.574,NimbusRomNo9L-Regu,9.963
iclr-2026-09d94b8d6d44,ICLR,oral,figure,Figure 11,17,appendix,CausalmediationprocedureusedtoidentifyIDselectionheads.,156.423,615.029,197.658,624.992,NimbusRomNo9L-Regu,9.963
iclr-2026-09d94b8d6d44,ICLR,oral,figure,Figure 12,18,appendix,Causalmediationprocedureusedtoidentifyfeatureretrievalheads.,149.21,294.196,190.445,304.159,NimbusRomNo9L-Regu,9.963
iclr-2026-09d94b8d6d44,ICLR,oral,figure,Figure 13,18,appendix,Illustrationoftheinterventiontestingforrelativevs.absolutespatialcoding.,131.068,717.594,172.303,727.557,NimbusRomNo9L-Regu,9.963
iclr-2026-09d94b8d6d44,ICLR,oral,figure,Figure 14,19,appendix,RepresentationalanalysesforQwen2.5-VL-3b.,189.832,326.731,231.067,336.694,NimbusRomNo9L-Regu,9.963
iclr-2026-09d94b8d6d44,ICLR,oral,figure,Figure 15,19,appendix,RepresentationalanalysesforQwen2.5-VL-7b.,189.832,504.028,231.067,513.991,NimbusRomNo9L-Regu,9.963
iclr-2026-09d94b8d6d44,ICLR,oral,figure,Figure 16,19,appendix,RepresentationalanalysesforQwen2.5-VL-32b.,187.341,681.326,228.576,691.289,NimbusRomNo9L-Regu,9.963
iclr-2026-09d94b8d6d44,ICLR,oral,figure,Figure 17,20,appendix,RepresentationalanalysesforLlava1.5-7b.,198.908,244.076,240.143,254.039,NimbusRomNo9L-Regu,9.963
iclr-2026-09d94b8d6d44,ICLR,oral,figure,Figure 18,20,appendix,RepresentationalanalysesforLlavaOnevision-7b.,184.781,421.373,226.016,431.336,NimbusRomNo9L-Regu,9.963
iclr-2026-09d94b8d6d44,ICLR,oral,figure,Figure 19,20,appendix,RepresentationalanalysesforIdefics2-8b.,200.482,598.671,241.717,608.634,NimbusRomNo9L-Regu,9.963
iclr-2026-09d94b8d6d44,ICLR,oral,figure,Figure 20,21,appendix,CMAresultsforQwen-2.5-VL-3b.,214.175,261.134,255.41,271.097,NimbusRomNo9L-Regu,9.963
iclr-2026-09d94b8d6d44,ICLR,oral,figure,Figure 21,21,appendix,CMAresultsforQwen-2.5-VL-7b.,214.175,433.056,255.41,443.019,NimbusRomNo9L-Regu,9.963
iclr-2026-09d94b8d6d44,ICLR,oral,figure,Figure 22,21,appendix,CMAresultsforQwen-2.5-VL-32b.,211.684,666.578,252.919,676.541,NimbusRomNo9L-Regu,9.963
iclr-2026-09d94b8d6d44,ICLR,oral,figure,Figure 23,22,appendix,CMAresultsforLlava-1.5-7b.,223.251,241.399,264.486,251.362,NimbusRomNo9L-Regu,9.963
iclr-2026-09d94b8d6d44,ICLR,oral,figure,Figure 24,22,appendix,CMAresultsforLlava-1.5-13b.,220.76,416.019,261.995,425.982,NimbusRomNo9L-Regu,9.963
iclr-2026-09d94b8d6d44,ICLR,oral,figure,Figure 25,22,appendix,CMAresultsforLlava-OneVision.,214.634,590.64,255.869,600.603,NimbusRomNo9L-Regu,9.963
iclr-2026-09d94b8d6d44,ICLR,oral,figure,Figure 26,23,appendix,PrincipalComponentAnalyses.StimulusconditionshowninFigure8.PCAresultsfor,108.0,685.886,148.946,695.849,NimbusRomNo9L-Regu,9.963
iclr-2026-09d94b8d6d44,ICLR,oral,figure,Figure 27,24,appendix,RSAresultscomparingrelativevs.absolutespatialcodingschemesforQwen2.5models.,108.0,268.982,148.867,278.945,NimbusRomNo9L-Regu,9.963
iclr-2026-09d94b8d6d44,ICLR,oral,figure,Figure 28,24,appendix,RSAresultscomparingrelativevs.absolutespatialcodingschemesforQwen2and,108.0,394.309,150.481,404.272,NimbusRomNo9L-Regu,9.963
iclr-2026-09d94b8d6d44,ICLR,oral,figure,Figure 29,24,appendix,RSAresultscomparingrelativevs.absolutespatialcodingschemesforIdefics2-8b.,117.364,578.117,158.599,588.08,NimbusRomNo9L-Regu,9.963
iclr-2026-09d94b8d6d44,ICLR,oral,figure,Figure 30,25,appendix,Interventionresultstestingforrelativevs.absolutespatialcodingschemes.,134.256,327.991,175.491,337.954,NimbusRomNo9L-Regu,9.963
iclr-2026-09d94b8d6d44,ICLR,oral,figure,Figure 31,25,appendix,RSAforQwen2-VL.,241.921,498.768,283.156,508.731,NimbusRomNo9L-Regu,9.963
iclr-2026-09d94b8d6d44,ICLR,oral,figure,Figure 32,25,appendix,RSAforQwen2.5-VL-3b.,231.744,625.71,272.979,635.673,NimbusRomNo9L-Regu,9.963
iclr-2026-09d94b8d6d44,ICLR,oral,figure,Figure 33,26,appendix,RSAforQwen2.5-VL-7b.,231.744,193.853,272.979,203.816,NimbusRomNo9L-Regu,9.963
iclr-2026-09d94b8d6d44,ICLR,oral,figure,Figure 34,26,appendix,RSAforQwen2.5-VL-32b.,229.253,325.047,270.488,335.01,NimbusRomNo9L-Regu,9.963
iclr-2026-09d94b8d6d44,ICLR,oral,figure,Figure 35,26,appendix,RSAforLlava1.5-7b.,240.82,456.241,282.055,466.204,NimbusRomNo9L-Regu,9.963
iclr-2026-09d94b8d6d44,ICLR,oral,figure,Figure 36,26,appendix,RSAforLlava1.5-13b.,238.329,587.436,279.564,597.399,NimbusRomNo9L-Regu,9.963
iclr-2026-09d94b8d6d44,ICLR,oral,figure,Figure 37,26,appendix,RSAforLlavaOne-7b.,238.748,718.63,279.983,728.593,NimbusRomNo9L-Regu,9.963
iclr-2026-09d94b8d6d44,ICLR,oral,figure,Figure 38,27,appendix,Qwen-2.5-VL-3B,248.287,263.041,289.522,273.004,NimbusRomNo9L-Regu,9.963
iclr-2026-09d94b8d6d44,ICLR,oral,figure,Figure 39,27,appendix,Qwen-2.5-VL-7B,248.287,397.147,289.522,407.11,NimbusRomNo9L-Regu,9.963
iclr-2026-09d94b8d6d44,ICLR,oral,figure,Figure 40,27,appendix,Qwen-2.5-VL-32B,245.796,531.253,287.031,541.216,NimbusRomNo9L-Regu,9.963
iclr-2026-09d94b8d6d44,ICLR,oral,figure,Figure 41,28,appendix,Qwen-2-VL,259.495,213.842,300.73,223.805,NimbusRomNo9L-Regu,9.963
iclr-2026-09d94b8d6d44,ICLR,oral,figure,Figure 42,28,appendix,Llava-1.5-7B,257.363,377.789,298.598,387.752,NimbusRomNo9L-Regu,9.963
iclr-2026-09d94b8d6d44,ICLR,oral,figure,Figure 43,28,appendix,Llava-1.5-13B,254.872,541.797,296.107,551.76,NimbusRomNo9L-Regu,9.963
iclr-2026-09d94b8d6d44,ICLR,oral,figure,Figure 44,28,appendix,Llava-OneVision,249.776,705.805,291.011,715.768,NimbusRomNo9L-Regu,9.963
iclr-2026-09d94b8d6d44,ICLR,oral,figure,Figure 45,29,appendix,IllustrationoftheinterventionperformedwiththeCOCOdataset.,153.17,454.902,194.405,464.865,NimbusRomNo9L-Regu,9.963
iclr-2026-09d94b8d6d44,ICLR,oral,figure,Figure 46,30,appendix,COCOinterventionresults.InterventionperformedonIDselectionheads.,135.934,374.282,177.169,384.245,NimbusRomNo9L-Regu,9.963
iclr-2026-09d94b8d6d44,ICLR,oral,figure,Figure 47,30,appendix,Ablationoftop-vs.bottom-Kheads(asidentifiedbyCMA)onacountingtask.Note,108.0,631.241,149.773,641.204,NimbusRomNo9L-Regu,9.963
iclr-2026-09d94b8d6d44,ICLR,oral,table,Table 1,31,appendix,Performance(accuracy)onhighvs.lowentropyscenedescription.Interventionperformed,108.0,538.589,140.02,548.552,NimbusRomNo9L-Regu,9.963
iclr-2026-0aa8e3fa3f6d,ICLR,oral,figure,Figure 1,2,main,WefinetuneMambaandPythia(Transformer)ontrajectoriescollectedfromdifferenttool-,108.0,248.28,143.885,258.243,NimbusRomNo9L-Regu,9.963
iclr-2026-0aa8e3fa3f6d,ICLR,oral,figure,Figure 2,3,main,Left:Illustrationofaninteractivetool-useagenttrajectorywithpointer-basedmemory,108.0,258.138,144.981,268.101,NimbusRomNo9L-Regu,9.963
iclr-2026-0aa8e3fa3f6d,ICLR,oral,table,Table 1,7,main,Experimentalresultsforsynthetictasksfordifferentmodels.Thenotationn→m(p%),108.0,81.722,140.757,91.685,NimbusRomNo9L-Regu,9.963
iclr-2026-0aa8e3fa3f6d,ICLR,oral,figure,Figure 3,10,main,AccuracyofPythia,365.398,281.917,406.155,291.88,NimbusRomNo9L-Regu,9.963
iclr-2026-0aa8e3fa3f6d,ICLR,oral,figure,Figure 4,20,appendix,IllustrationofLogicalGraphreasoningtaskandcodefixingtask.Wegeneraterandom,108.0,255.031,144.951,264.994,NimbusRomNo9L-Regu,9.963
iclr-2026-0aa8e3fa3f6d,ICLR,oral,table,Table 2,22,appendix,ExperimentalresultsfortheTowerofHanoipuzzlesolvedrecursivelybydifferentmodels.,108.0,81.722,140.04,91.685,NimbusRomNo9L-Regu,9.963
iclr-2026-0aa8e3fa3f6d,ICLR,oral,figure,Figure 5,22,appendix,PerformanceofdifferentseedswhentrainingaMambamodelonTowerofHanoipuzzles,108.0,462.164,144.234,472.127,NimbusRomNo9L-Regu,9.963
iclr-2026-0aa8e3fa3f6d,ICLR,oral,figure,Figure 6,23,appendix,"Wetrainvarioustransformer(Pythia,Mistral)andSSM(Mamba,LSTM,GRU)models",108.0,318.809,144.712,328.772,NimbusRomNo9L-Regu,9.963
iclr-2026-0aa8e3fa3f6d,ICLR,oral,figure,Figure 7,24,appendix,MultiplicationgeneralizationperformanceforMambaacrossdifferenttrainingconfig-,108.0,329.013,145.41,338.976,NimbusRomNo9L-Regu,9.963
iclr-2026-0aa8e3fa3f6d,ICLR,oral,figure,Figure 8,25,appendix,Multiplicationtaskaccuracyunderco-trainingwithvaryingtrainingbudgets(seeSec3.1).,108.0,347.249,143.945,357.212,NimbusRomNo9L-Regu,9.963
iclr-2026-0aa8e3fa3f6d,ICLR,oral,figure,Figure 9,25,appendix,"Additiontaskaccuracyunderco-trainingwithvaryingtrainingbudgets(250,500,800",108.0,543.889,145.17,553.852,NimbusRomNo9L-Regu,9.963
iclr-2026-0aa8e3fa3f6d,ICLR,oral,figure,Figure 10,26,appendix,PassrateandmediansequencelengthforSWE-agent-LM-32Bonthecodefixingtask.,110.844,222.081,152.079,232.044,NimbusRomNo9L-Regu,9.963
iclr-2026-0b114f73a492,ICLR,oral,figure,Figure 1,1,main,IllustrativecomparisonofKVcachecompressionmethodsastokensaregenerated:(a),108.0,618.11,144.991,628.073,NimbusRomNo9L-Regu,9.963
iclr-2026-0b114f73a492,ICLR,oral,figure,Figure 2,3,main,Accuracy-,405.0,233.524,447.361,243.487,NimbusRomNo9L-Regu,9.963
iclr-2026-0b114f73a492,ICLR,oral,figure,Figure 3,3,main,Layer-wiseattention,365.398,659.035,405.976,668.998,NimbusRomNo9L-Regu,9.963
iclr-2026-0b114f73a492,ICLR,oral,figure,Figure 4,4,main,Counterfactualimpor-,365.398,262.498,404.342,272.461,NimbusRomNo9L-Regu,9.963
iclr-2026-0b114f73a492,ICLR,oral,figure,Figure 5,4,main,Pairwisethoughtas-,365.398,486.521,405.258,496.484,NimbusRomNo9L-Regu,9.963
iclr-2026-0b114f73a492,ICLR,oral,figure,Figure 6,5,main,"WalkthroughofThinKVwithτ=g=blocksize=4,R={2}.",156.409,213.51,192.663,223.473,NimbusRomNo9L-Regu,9.963
iclr-2026-0b114f73a492,ICLR,oral,figure,Figure 7,6,main,Performanceofsequen-,365.398,489.288,402.469,499.251,NimbusRomNo9L-Regu,9.963
iclr-2026-0b114f73a492,ICLR,oral,figure,Figure 8,7,main,"ThinKVcomparedwithSoTAevictionbaselines,reportedaspass@1accuracy.",128.203,335.318,164.457,345.281,NimbusRomNo9L-Regu,9.963
iclr-2026-0b114f73a492,ICLR,oral,table,Table 1,8,main,ComparisonofThinKVwithKV,325.801,166.88,359.465,176.843,NimbusRomNo9L-Regu,9.963
iclr-2026-0b114f73a492,ICLR,oral,table,Table 2,8,main,Throughput(tokens/s)comparison,325.801,254.763,358.986,264.726,NimbusRomNo9L-Regu,9.963
iclr-2026-0b114f73a492,ICLR,oral,table,Table 3,8,main,ThinKVthroughput,377.277,383.912,412.425,393.875,NimbusRomNo9L-Regu,9.963
iclr-2026-0b114f73a492,ICLR,oral,figure,Figure 10,9,main,ThinKVablationexperiments:(a)recallrateoftokenswithTop-10attentionscoresfor,108.0,206.063,149.524,216.026,NimbusRomNo9L-Regu,9.963
iclr-2026-0b114f73a492,ICLR,oral,figure,Figure 9,9,main,vLLMsystem,385.199,332.616,427.271,342.579,NimbusRomNo9L-Regu,9.963
iclr-2026-0b114f73a492,ICLR,oral,table,Table 4,9,main,ImpactofThinKVcomponents,337.681,490.676,370.866,500.639,NimbusRomNo9L-Regu,9.963
iclr-2026-0b114f73a492,ICLR,oral,table,Table 5,10,main,Per-layertimebreakdown(%)and,325.801,191.523,358.737,201.486,NimbusRomNo9L-Regu,9.963
iclr-2026-0b114f73a492,ICLR,oral,figure,Figure 11,10,main,"(a)Impactof|L∗|,|T|",365.398,459.731,407.231,469.694,NimbusRomNo9L-Regu,9.963
iclr-2026-0b114f73a492,ICLR,oral,table,Table 6,17,appendix,Summaryofnotationusedinthepaper.,209.941,90.808,242.07,100.771,NimbusRomNo9L-Regu,9.963
iclr-2026-0b114f73a492,ICLR,oral,figure,Figure 12,21,appendix,Illustrationofevictionpolicyπ’sk-means-basedevictionmechanism.,143.183,256.11,184.418,266.073,NimbusRomNo9L-Regu,9.963
iclr-2026-0b114f73a492,ICLR,oral,table,Table 7,21,appendix,Keywordlisttointerpretdifferentthoughttypes.,191.78,288.85,223.909,298.813,NimbusRomNo9L-Regu,9.963
iclr-2026-0b114f73a492,ICLR,oral,figure,Figure 13,24,appendix,Visualizationofattentionmapsacrossdifferentthoughttypes.Atdecodetimeonlya,108.0,408.291,150.032,418.254,NimbusRomNo9L-Regu,9.963
iclr-2026-0b114f73a492,ICLR,oral,figure,Figure 14,25,appendix,Layer-wiseattentionsparsityacrossdecodestepsfordifferentmodelsanddatasets.,118.196,349.891,159.431,359.854,NimbusRomNo9L-Regu,9.963
iclr-2026-0b114f73a492,ICLR,oral,figure,Figure 15,25,appendix,Additionalvisualizationofpairwisethoughtassociationsfordifferentinputpromptsfrom,108.0,473.12,148.747,483.083,NimbusRomNo9L-Regu,9.963
iclr-2026-0b114f73a492,ICLR,oral,figure,Figure 16,26,appendix,"QuantizationsensitivityanalysisofKVcachefor(a)reasoning,(b)executionand(c)",108.0,176.376,150.072,186.339,NimbusRomNo9L-Regu,9.963
iclr-2026-0b114f73a492,ICLR,oral,table,Table 8,26,appendix,ComparisonofThinKV,365.398,348.12,399.161,358.083,NimbusRomNo9L-Regu,9.963
iclr-2026-0b114f73a492,ICLR,oral,table,Table 9,26,appendix,AccuracyofThinKV,365.398,471.856,401.303,481.819,NimbusRomNo9L-Regu,9.963
iclr-2026-0b114f73a492,ICLR,oral,table,Table 10,26,appendix,Impactofdataformat,361.44,639.807,401.181,649.77,NimbusRomNo9L-Regu,9.963
iclr-2026-0b114f73a492,ICLR,oral,table,Table 11,27,appendix,LLMaccuracycompari-,361.44,236.947,399.577,246.91,NimbusRomNo9L-Regu,9.963
iclr-2026-0b114f73a492,ICLR,oral,figure,Figure 17,27,appendix,AccuracyvsKV,365.398,519.382,412.242,529.345,NimbusRomNo9L-Regu,9.963
iclr-2026-0b114f73a492,ICLR,oral,table,Table 12,27,appendix,Throughputcomparisonun-,345.602,634.138,383.998,644.101,NimbusRomNo9L-Regu,9.963
iclr-2026-0b114f73a492,ICLR,oral,table,Table 13,28,appendix,Accuracycomparison,353.518,150.036,396.447,159.999,NimbusRomNo9L-Regu,9.963
iclr-2026-0b114f73a492,ICLR,oral,figure,Figure 18,28,appendix,Latencybreak-,385.199,359.792,430.081,369.755,NimbusRomNo9L-Regu,9.963
iclr-2026-0b114f73a492,ICLR,oral,table,Table 14,28,appendix,ComparisonofTime-per-Request,325.801,444.492,363.729,454.455,NimbusRomNo9L-Regu,9.963
iclr-2026-0b114f73a492,ICLR,oral,table,Table 15,28,appendix,AblationofPrefillandDe-,353.518,645.097,391.127,655.06,NimbusRomNo9L-Regu,9.963
iclr-2026-0c8eb54755cf,ICLR,oral,figure,Figure 1,5,main,"Insertingaperturbation.First,wesampleatrainingsequencefromthestandardtrain-",108.0,199.689,144.583,209.652,NimbusRomNo9L-Regu,9.963
iclr-2026-0c8eb54755cf,ICLR,oral,figure,Figure 2,7,main,Memorizationofsensitivedatacanbedilutedbytrainingonlargercorpora.We,108.0,365.017,145.3,374.98,NimbusRomNo9L-Regu,9.963
iclr-2026-0c8eb54755cf,ICLR,oral,table,Table 1,8,main,ROCAUCscoresofbaselineMIAsonGutenbergUnpopularforourlargestperturbed,108.0,81.722,139.611,91.685,NimbusRomNo9L-Regu,9.963
iclr-2026-0c8eb54755cf,ICLR,oral,figure,Figure 3,10,main,Unlearningperformanceonwith,306.0,306.962,345.472,316.925,NimbusRomNo9L-Regu,9.963
iclr-2026-0c8eb54755cf,ICLR,oral,table,Table 2,25,appendix,"HperturbationdatasetsonHuggingFace,groupedbydomainanddatatype.",108.0,344.821,140.398,354.784,NimbusRomNo9L-Regu,9.963
iclr-2026-0c8eb54755cf,ICLR,oral,table,Table 3,27,appendix,Numberofduplicatesinsertedperperturbationdataset.,169.264,151.748,201.393,161.711,NimbusRomNo9L-Regu,9.963
iclr-2026-0c8eb54755cf,ICLR,oral,table,Table 4,27,appendix,Percentageoftrainingdataoverwrittenbyduplicatedperturbationdata.Thesecal-,108.0,425.802,140.628,435.765,NimbusRomNo9L-Regu,9.963
iclr-2026-0c8eb54755cf,ICLR,oral,table,Table 5,29,appendix,Hubblemodelconfiguration.,227.41,223.098,259.539,233.061,NimbusRomNo9L-Regu,9.963
iclr-2026-0c8eb54755cf,ICLR,oral,table,Table 6,31,appendix,Zero-shotbenchmarkresultsusingthePythiasuite.Wereportresultsformodelsof,108.0,241.461,140.986,251.424,NimbusRomNo9L-Regu,9.963
iclr-2026-0c8eb54755cf,ICLR,oral,table,Table 7,32,appendix,Five-shotbenchmarkresultsusingthePythiasuite.Five-shotbenchmarkresultson,108.0,81.722,141.185,91.685,NimbusRomNo9L-Regu,9.963
iclr-2026-0c8eb54755cf,ICLR,oral,table,Table 8,33,appendix,BenchmarkresultsusingtheDCLMv1evalsuite.DCLM-BandFineWebedu,108.0,81.722,139.85,91.685,NimbusRomNo9L-Regu,9.963
iclr-2026-0c8eb54755cf,ICLR,oral,figure,Figure 4,35,appendix,CoreresultsonCopyrightPassages.Thefirstrowevaluatesmemorizationwiththe,108.0,394.525,145.38,404.488,NimbusRomNo9L-Regu,9.963
iclr-2026-0c8eb54755cf,ICLR,oral,figure,Figure 5,35,appendix,CoreresultsonCopyrightParaphrases.Wemeasurewhetherthemodelsdemonstrate,108.0,677.837,144.553,687.8,NimbusRomNo9L-Regu,9.963
iclr-2026-0c8eb54755cf,ICLR,oral,table,Table 9,36,appendix,AttackDefinitionsforYAGO.PIIattacksarelistedbelowinincreasingorderofstrength,108.0,134.756,140.299,144.719,NimbusRomNo9L-Regu,9.963
iclr-2026-0c8eb54755cf,ICLR,oral,figure,Figure 6,38,appendix,"AttacksuccessratesonECtHR.Inthefirsttwoplots,wereporttheaccuracyofgener-",108.0,215.265,144.523,225.228,NimbusRomNo9L-Regu,9.963
iclr-2026-0c8eb54755cf,ICLR,oral,figure,Figure 7,39,appendix,AttacksuccessratesonYAGO.Perturbedmodelsassignhigherlikelihoodtounseen,108.0,471.201,145.27,481.164,NimbusRomNo9L-Regu,9.963
iclr-2026-0c8eb54755cf,ICLR,oral,figure,Figure 8,40,appendix,AttacksuccessratesonYAGObyPIItype.RowsareorderedbytheorderthePII,108.0,626.808,145.36,636.771,NimbusRomNo9L-Regu,9.963
iclr-2026-0c8eb54755cf,ICLR,oral,table,Table 10,41,appendix,IndirectPIIAttackDefitions.TheinstantiatedindirectPIIinferenceattacksarelisted,108.0,115.283,145.639,125.246,NimbusRomNo9L-Regu,9.963
iclr-2026-0c8eb54755cf,ICLR,oral,figure,Figure 9,43,appendix,CoreresultsonPersonachat.Row1reportsthelength-normalizedlog-likelihoodofthe,108.0,547.088,144.324,557.051,NimbusRomNo9L-Regu,9.963
iclr-2026-0c8eb54755cf,ICLR,oral,figure,Figure 10,45,appendix,CoreresultsonELLieandMUNCH.,205.702,302.3,246.937,312.263,NimbusRomNo9L-Regu,9.963
iclr-2026-0c8eb54755cf,ICLR,oral,figure,Figure 11,46,appendix,"CoreresultsonTestSets(Part1).ResultsforPopQA,HellaSwag,MMLU,andPIQA",108.0,592.949,149.315,602.912,NimbusRomNo9L-Regu,9.963
iclr-2026-0c8eb54755cf,ICLR,oral,figure,Figure 12,47,appendix,CoreresultsandvariantsonWinoGrande.Theinfillformatpresentseachchoice,108.0,478.095,150.321,488.058,NimbusRomNo9L-Regu,9.963
iclr-2026-0c8eb54755cf,ICLR,oral,figure,Figure 13,48,appendix,ForgettingcurvesfortheintermediatecheckpointsofTimingruns.Weplotmemo-,108.0,402.872,149.464,412.835,NimbusRomNo9L-Regu,9.963
iclr-2026-0c8eb54755cf,ICLR,oral,figure,Figure 14,49,appendix,EvaluationontheInsertRangemodels.Modelsthatweretrainedonperturbations,108.0,653.248,150.341,663.211,NimbusRomNo9L-Regu,9.963
iclr-2026-0c8eb54755cf,ICLR,oral,figure,Figure 15,51,appendix,PerformanceofHubbleperturbedmodelstrainedonparaphasedinsertions.The,108.0,570.325,149.962,580.288,NimbusRomNo9L-Regu,9.963
iclr-2026-0c8eb54755cf,ICLR,oral,figure,Figure 16,52,appendix,Deepermodelsmemorizeslightlymorethanshallowermodels.Wetrainthree1B-,108.0,659.379,150.66,669.342,NimbusRomNo9L-Regu,9.963
iclr-2026-0c8eb54755cf,ICLR,oral,table,Table 11,53,appendix,ROCAUCscoresofbaselineMIAsfortheH8B(500Btokens)perturbed,108.0,251.251,146.187,261.214,NimbusRomNo9L-Regu,9.963
iclr-2026-0c8eb54755cf,ICLR,oral,table,Table 12,53,appendix,MembershipinferenceperformanceonvariousbenchmarkswithHubble1BPer-,108.0,502.817,146.057,512.78,NimbusRomNo9L-Regu,9.963
iclr-2026-0c8eb54755cf,ICLR,oral,table,Table 13,54,appendix,MembershipinferenceperformanceonvariousbenchmarkswithHubble8BStan-,108.0,81.722,145.639,91.685,NimbusRomNo9L-Regu,9.963
iclr-2026-0c8eb54755cf,ICLR,oral,table,Table 14,54,appendix,MembershipinferenceperformanceonvariousbenchmarkswithHubble1BStan-,108.0,312.859,145.639,322.822,NimbusRomNo9L-Regu,9.963
iclr-2026-0c8eb54755cf,ICLR,oral,figure,Figure 17,55,appendix,ROCplotforMIAattacksonGutenbergUnpopularpassages.Non-membersaretaken,108.0,336.135,149.674,346.098,NimbusRomNo9L-Regu,9.963
iclr-2026-0c8eb54755cf,ICLR,oral,figure,Figure 18,55,appendix,ROCplotforMIAattacksonYAGObiographies.Non-membersaretakenfromall,108.0,664.12,150.461,674.083,NimbusRomNo9L-Regu,9.963
iclr-2026-0c8eb54755cf,ICLR,oral,figure,Figure 19,56,appendix,ROCplotforMIAattacksonMMLUexamples.Non-membersaretakenfromallexam-,108.0,500.128,149.146,510.091,NimbusRomNo9L-Regu,9.963
iclr-2026-0c8eb54755cf,ICLR,oral,table,Table 15,57,appendix,Gridsearchconfigurationsforunlearningmethods.Eachmethodistunedoverthe,108.0,290.418,145.958,300.381,NimbusRomNo9L-Regu,9.963
iclr-2026-0c8eb54755cf,ICLR,oral,figure,Figure 20,58,appendix,"UnlearningresultsonGutenbergUnpopular.Unlearningresultsusing(out-of-domain,",108.0,546.354,148.667,556.317,NimbusRomNo9L-Regu,9.963
iclr-2026-0c8eb54755cf,ICLR,oral,figure,Figure 21,59,appendix,"UnlearningresultsonYAGObiographies.Unlearningresultsusing(out-of-domain,",108.0,608.009,149.873,617.972,NimbusRomNo9L-Regu,9.963
iclr-2026-0c8eb54755cf,ICLR,oral,figure,Figure 22,61,appendix,Largermodelsmemorizeatlowerduplicates.Whentrainedonthesame500B-token,108.0,639.861,149.444,649.824,NimbusRomNo9L-Regu,9.963
iclr-2026-0c8eb54755cf,ICLR,oral,figure,Figure 23,62,appendix,Theperturbedmodelmatchesthebehaviorofdomain-specificmodelsontherespec-,108.0,643.271,148.777,653.234,NimbusRomNo9L-Regu,9.963
iclr-2026-0e6979a1fd18,ICLR,oral,figure,Figure 1,1,main,AnoverviewofgeneratedvideosandinferencelatencyandmemoryofSANA-Video.The,108.0,478.669,143.995,488.632,NimbusRomNo9L-Regu,9.963
iclr-2026-0e6979a1fd18,ICLR,oral,figure,Figure 2,4,main,OverviewofSANA-Video.Fig.(a)Ahigh-levelblock-wiseautoregressivetraining,108.0,245.24,146.107,255.203,NimbusRomNo9L-Regu,9.963
iclr-2026-0e6979a1fd18,ICLR,oral,figure,Figure 3,5,main,AnalysisofLinearAttentionwithRoPE.(a)Visualcomparisonofattentionmaps.First,108.0,178.029,144.144,187.992,NimbusRomNo9L-Regu,9.963
iclr-2026-0e6979a1fd18,ICLR,oral,table,Table 1,5,main,"ForasequencewithNtokens∈1×D,memoryandcomputecostsarecomparedamong",108.0,652.841,140.359,662.804,NimbusRomNo9L-Regu,9.963
iclr-2026-0e6979a1fd18,ICLR,oral,figure,Figure 4,6,main,OverviewofBlockLinearAttention.(a)Wecomparetheattentioncomputemechanism,108.0,196.022,144.124,205.985,NimbusRomNo9L-Regu,9.963
iclr-2026-0e6979a1fd18,ICLR,oral,table,Table 2,7,main,LatencyonH100GPUandVBenchTable3:Reconstructioncapabilityofdifferent,108.0,642.056,141.554,652.019,NimbusRomNo9L-Regu,9.963
iclr-2026-0e6979a1fd18,ICLR,oral,table,Table 3,7,main,Reconstructioncapabilityofdifferent,304.477,642.056,337.513,652.019,NimbusRomNo9L-Regu,9.963
iclr-2026-0e6979a1fd18,ICLR,oral,table,Table 4,8,main,ComprehensivecomparisonofourmethodwithSOTAapproachesinefficiencyand,108.0,81.722,140.687,91.685,NimbusRomNo9L-Regu,9.963
iclr-2026-0e6979a1fd18,ICLR,oral,figure,Figure 5,9,main,SANA-Videoconfigurationablationstudies.(a)Traininglosscurveswithandwithout,108.0,170.781,144.503,180.744,NimbusRomNo9L-Regu,9.963
iclr-2026-0e6979a1fd18,ICLR,oral,table,Table 5,9,main,QuantitativeablationstudiesonVBench.,201.169,363.977,233.298,373.94,NimbusRomNo9L-Regu,9.963
iclr-2026-0e6979a1fd18,ICLR,oral,table,Table 6,9,main,Comparisonofautoregressivevideogenera-,108.0,520.393,140.508,530.356,NimbusRomNo9L-Regu,9.963
iclr-2026-0e6979a1fd18,ICLR,oral,figure,Figure 6,9,main,Latencycomparisonofour,345.602,589.648,383.789,599.611,NimbusRomNo9L-Regu,9.963
iclr-2026-0e6979a1fd18,ICLR,oral,table,Table 7,18,appendix,ArchitecturedetailsoftheproposedSANA-Video.,187.6,394.493,219.729,404.456,NimbusRomNo9L-Regu,9.963
iclr-2026-0e6979a1fd18,ICLR,oral,figure,Figure 7,19,appendix,QualitativecomparisonamongT2Vmethods.SANA-Videohascomparablemotion,108.0,469.547,145.101,479.51,NimbusRomNo9L-Regu,9.963
iclr-2026-0e6979a1fd18,ICLR,oral,table,Table 8,19,appendix,PerformancecomparisonofdifferentVAEmodelson1000samplesfromPanda-70Mwith,108.0,565.301,140.149,575.264,NimbusRomNo9L-Regu,9.963
iclr-2026-0e6979a1fd18,ICLR,oral,figure,Figure 8,20,appendix,IQ2ualVitati veccomopamrisonpamoangIr2Vemethods.SANA-Videohasbettermotioncontrol,108.0,349.061,144.742,359.024,NimbusRomNo9L-Regu,9.963
iclr-2026-0e6979a1fd18,ICLR,oral,figure,Figure 9,21,appendix,Visualizationofimage-to-videogeneration.SANA-Videocankeepconsistentwiththe,108.0,342.958,144.453,352.921,NimbusRomNo9L-Regu,9.963
iclr-2026-0e6979a1fd18,ICLR,oral,figure,Figure 10,21,appendix,TheimpactofmotionscoreonI2Vtask.Highermotionscorecanleadtolargermotion.,108.0,455.916,148.727,465.879,NimbusRomNo9L-Regu,9.963
iclr-2026-0e6979a1fd18,ICLR,oral,figure,Figure 11,22,appendix,LongvideovisualizationofLongSANA.,199.66,408.594,240.895,418.557,NimbusRomNo9L-Regu,9.963
iclr-2026-0e6979a1fd18,ICLR,oral,table,Table 9,22,appendix,"ComparisonoflongvideogenerationmethodsontheVBench-Long(Zhangetal.,",108.0,426.928,141.245,436.891,NimbusRomNo9L-Regu,9.963
iclr-2026-0e6979a1fd18,ICLR,oral,figure,Figure 12,23,appendix,DatafilteringparadigmofSANA-Video.,202.549,176.787,243.784,186.75,NimbusRomNo9L-Regu,9.963
iclr-2026-0e6979a1fd18,ICLR,oral,figure,Figure 13,23,appendix,Anoverviewofthecaptioningpipeline.,204.701,602.271,245.936,612.234,NimbusRomNo9L-Regu,9.963
iclr-2026-0e6979a1fd18,ICLR,oral,figure,Figure 14,24,appendix,AnalysisoftheinfluenceofSFT.Fine-tuningonthehumanpreferredSFTdatacan,108.0,531.596,150.202,541.559,NimbusRomNo9L-Regu,9.963
iclr-2026-0e6979a1fd18,ICLR,oral,figure,Figure 15,24,appendix,Visualizationofworldmodeltaskgeneration.,187.491,718.763,228.726,728.726,NimbusRomNo9L-Regu,9.963
iclr-2026-0f7ec564e69d,ICLR,oral,figure,Figure 1,4,main,OverviewoftheLHpipeline.Phasesthatcanneitherfailnorproducea,108.0,172.896,145.489,182.859,NimbusRomNo9L-Regu,9.963
iclr-2026-0f7ec564e69d,ICLR,oral,table,Table 1,6,main,Usabilitycomparisonofexistingpremiseselectiontools.Notethatthisisorthogonaltothe,108.0,168.173,139.97,178.136,NimbusRomNo9L-Regu,9.963
iclr-2026-0f7ec564e69d,ICLR,oral,table,Table 2,8,main,PerformanceofLHwithdifferentpremiseselectorsonMathlib-test.,126.814,263.438,158.943,273.401,NimbusRomNo9L-Regu,9.963
iclr-2026-0f7ec564e69d,ICLR,oral,table,Table 3,8,main,"Out-of-MathlibperformanceofLHonminiCTX-v2-test(Huetal.,2025)using",108.0,367.506,139.641,377.469,NimbusRomNo9L-Regu,9.963
iclr-2026-0f7ec564e69d,ICLR,oral,table,Table 4,10,main,AblationstudyofLHwithdifferenttrainingsettingsonMathlib-valid.,122.351,193.104,154.48,203.067,NimbusRomNo9L-Regu,9.963
iclr-2026-106be5e431a2,ICLR,oral,figure,Figure 1,2,main,"(Top)Examplesofmulti-viewdata,includingnoisypairsI–T.(Bottom)Illustrationof",108.0,247.35,144.593,257.313,NimbusRomNo9L-Regu,9.963
iclr-2026-106be5e431a2,ICLR,oral,figure,Figure 2,6,main,OverviewoftheCorreGenframeworkwhichoperatesviaanEMprocedure:theE-stepin-,108.0,209.445,143.995,219.408,NimbusRomNo9L-Regu,9.963
iclr-2026-106be5e431a2,ICLR,oral,figure,Figure 3,8,main,EstimatedposteriordistributionsoverthecourseoftrainingontheCaltech101dataset.,113.912,202.666,150.166,212.629,NimbusRomNo9L-Regu,9.963
iclr-2026-106be5e431a2,ICLR,oral,table,Table 1,9,main,Theclusteringperformancewithdifferentmismatchratios(MR).Thebestresultsand,108.0,81.722,141.494,91.685,NimbusRomNo9L-Regu,9.963
iclr-2026-106be5e431a2,ICLR,oral,table,Table 2,10,main,Theclusteringperformanceonfourmulti-viewdatasetswithdifferentMismatchRatios,108.0,81.722,141.056,91.685,NimbusRomNo9L-Regu,9.963
iclr-2026-106be5e431a2,ICLR,oral,figure,Figure 4,17,appendix,TheclusteringperformanceundervaryingCRvalue.Solidlinesindicateresultswith,108.0,337.078,145.41,347.041,NimbusRomNo9L-Regu,9.963
iclr-2026-106be5e431a2,ICLR,oral,figure,Figure 5,17,appendix,ParametersAnalysisofPre-definednoisyratioρandthecurve-shapingparameterm.,116.567,530.504,152.821,540.467,NimbusRomNo9L-Regu,9.963
iclr-2026-106be5e431a2,ICLR,oral,figure,Figure 6,18,appendix,ParametersAnalysisofpre-definednoiseratioρandSinkhorniterationst.,138.285,223.07,174.539,233.033,NimbusRomNo9L-Regu,9.963
iclr-2026-106be5e431a2,ICLR,oral,table,Table 3,18,appendix,"AblationstudyofCorreGenonScene15andUMPC-Food101,wherew/odenotesthe",108.0,246.379,141.574,256.342,NimbusRomNo9L-Regu,9.963
iclr-2026-106be5e431a2,ICLR,oral,figure,Figure 7,19,appendix,ConvergenceanalysisofCorreGenontheScene15dataset.Thereddashedlineindicates,108.0,249.894,144.393,259.857,NimbusRomNo9L-Regu,9.963
iclr-2026-106be5e431a2,ICLR,oral,table,Table 4,20,appendix,TheCategory-levelMismatchRatio(CMR)forthedatasetsusedinourexperiments.,119.676,81.722,151.805,91.685,NimbusRomNo9L-Regu,9.963
iclr-2026-106be5e431a2,ICLR,oral,figure,Figure 8,20,appendix,Examplesofnoisyimage-textpairintheUMPC-Food101dataset.,154.345,550.636,190.599,560.599,NimbusRomNo9L-Regu,9.963
iclr-2026-12331806f03c,ICLR,oral,figure,Figure 1,1,main,"(Left):OnImageNet,usingtheHaltonsampler,PGM(ours),reachessimilarFIDas",108.0,569.035,145.772,578.998,NimbusRomNo9L-Regu,9.963
iclr-2026-12331806f03c,ICLR,oral,figure,Figure 2,3,main,MaskedGenerativeModeling(MGM)vs.PartitionGenerativeModeling(PGM).Left:,108.0,244.404,143.451,254.367,NimbusRomNo9L-Regu,9.963
iclr-2026-12331806f03c,ICLR,oral,figure,Figure 3,5,main,PartitionTransformer.RoPEisappliedbeforeeveryattentionlayer(omittedforclarity).,108.0,296.738,144.129,306.701,NimbusRomNo9L-Regu,9.963
iclr-2026-12331806f03c,ICLR,oral,table,Table 1,6,main,"Validationperplexity,samplinglatency,andthroughput(TP)onLM1BandOpenWebText.",107.691,81.722,139.907,91.685,NimbusRomNo9L-Regu,9.963
iclr-2026-12331806f03c,ICLR,oral,figure,Figure 4,8,main,"Afterdistillation,PGM(6/6,dim.1024)",306.0,351.796,341.226,361.759,NimbusRomNo9L-Regu,9.963
iclr-2026-12331806f03c,ICLR,oral,table,Table 2,9,main,"Accuracyondownstreamtasks(Gaoetal.,2024).HS:HellaSwag,OQA:OpenBook",107.691,81.722,140.89,91.685,NimbusRomNo9L-Regu,9.963
iclr-2026-12331806f03c,ICLR,oral,figure,Figure 5,15,appendix,Comparisonofunmaskingschedulesona2Dgrid.(a)Haltonsamplingcoversspace,108.0,353.93,145.619,363.893,NimbusRomNo9L-Regu,9.963
iclr-2026-12331806f03c,ICLR,oral,table,Table 3,16,appendix,"Latencyandthroughputforasingleforward+backwardpassoftheMDLMsandPGMs,",107.691,81.722,140.768,91.685,NimbusRomNo9L-Regu,9.963
iclr-2026-12331806f03c,ICLR,oral,figure,Figure 6,17,appendix,"TraininglossofMDLM,MDLMwithComplementaryMasking(Section5.3)andPGM.",108.0,230.285,144.685,240.248,NimbusRomNo9L-Regu,9.963
iclr-2026-12331806f03c,ICLR,oral,table,Table 4,19,appendix,"Accuracyondownstreamtasks.WeevaluateMDLMandPGMonLAMBADA,ARC",107.691,156.99,141.184,166.953,NimbusRomNo9L-Regu,9.963
iclr-2026-12331806f03c,ICLR,oral,table,Table 5,21,appendix,Perplexityevaluations.ValidationperplexityoftheMaskedDiffusionLanguageModel,107.691,609.683,140.89,619.646,NimbusRomNo9L-Regu,9.963
iclr-2026-12331806f03c,ICLR,oral,table,Table 6,22,appendix,SamplequalityandefficiencyonOpenWebTextwithdifferentnumbersofsamplingsteps.,107.691,159.919,140.186,169.882,NimbusRomNo9L-Regu,9.963
iclr-2026-12331806f03c,ICLR,oral,table,Table 7,23,appendix,GenerativeperplexityofMDLMandPGMafterdistillationwithvaryingprecision.,122.475,81.722,154.604,91.685,NimbusRomNo9L-Regu,9.963
iclr-2026-12331806f03c,ICLR,oral,table,Table 8,24,appendix,SamplequalityandefficiencyonImageNetfordifferentnumbersofsamplingstepsusing,107.691,81.722,140.228,91.685,NimbusRomNo9L-Regu,9.963
iclr-2026-12331806f03c,ICLR,oral,table,Table 9,25,appendix,SamplequalityandefficiencyonImageNetfordifferentnumbersofsamplingstepsusing,107.691,86.083,140.228,96.046,NimbusRomNo9L-Regu,9.963
iclr-2026-12331806f03c,ICLR,oral,table,Table 10,26,appendix,"Throughput(TP)ofMDLMandPGMwithacontextlengthof4096,forvaryingnumber",107.691,362.111,144.967,372.074,NimbusRomNo9L-Regu,9.963
iclr-2026-159f6b7208d5,ICLR,oral,figure,Figure 1,4,main,ExamplesofreducingmodelstotheirirreducibleformsviatheprocedureinProposition2.,108.0,138.96,143.984,148.923,NimbusRomNo9L-Regu,9.963
iclr-2026-159f6b7208d5,ICLR,oral,figure,Figure 2,6,main,"Anillustrationofpathranks,edgeranks,andtheirduality.Left:adigraphwithvertices",108.0,169.606,144.145,179.569,NimbusRomNo9L-Regu,9.963
iclr-2026-159f6b7208d5,ICLR,oral,figure,Figure 3,9,main,Anexampledistributionalequivalenceclassconsistingof6digraphsuptoL-relabeling.,109.431,215.475,145.685,225.438,NimbusRomNo9L-Regu,9.963
iclr-2026-159f6b7208d5,ICLR,oral,figure,Figure 4,31,appendix,ExampleHassediagrams(definedinLemma12)overthesolutionsetsofmatroid-preserving,108.0,188.714,143.07,198.677,NimbusRomNo9L-Regu,9.963
iclr-2026-159f6b7208d5,ICLR,oral,table,Table 1,36,appendix,Aside-by-sidecomparisonbetweenpathranksandedgeranks.,162.489,139.735,194.618,149.698,NimbusRomNo9L-Regu,9.963
iclr-2026-159f6b7208d5,ICLR,oral,figure,Figure 5,36,appendix,Left:Anexampledistributionalequivalenceclassconsistingof10digraphs.Right:,108.0,581.476,146.188,591.439,NimbusRomNo9L-Regu,9.963
iclr-2026-159f6b7208d5,ICLR,oral,figure,Figure 6,37,appendix,Illustrativepresentationsofequivalenceclasses.Left:Presentationofequivalentdigraphs,108.0,560.296,144.092,570.259,NimbusRomNo9L-Regu,9.963
iclr-2026-159f6b7208d5,ICLR,oral,table,Table 2,40,appendix,Aside-by-sideoverviewofrepresentativeworksonequivalencecharacterizationsacross,107.691,81.722,140.554,91.685,NimbusRomNo9L-Regu,9.963
iclr-2026-159f6b7208d5,ICLR,oral,table,Table 4,44,appendix,RunningtimecomparisonbetweenourglvLiNGalgorithmandamixedintegerlinear,107.691,111.51,141.398,121.473,NimbusRomNo9L-Regu,9.963
iclr-2026-159f6b7208d5,ICLR,oral,table,Table 5,45,appendix,Evaluationofexistingmethodsunderpossiblemodelmisspecificationonarbitrarylatent-,107.691,130.819,140.39,140.782,NimbusRomNo9L-Regu,9.963
iclr-2026-159f6b7208d5,ICLR,oral,figure,Figure 7,47,appendix,SimulationresultscomparingglvLiNGwithexistingmethodswithvaryingsamplesize,108.0,362.632,145.07,372.595,NimbusRomNo9L-Regu,9.963
iclr-2026-159f6b7208d5,ICLR,oral,figure,Figure 8,48,appendix,PresentationoftheequivalenceclassthatglvLiNGestimatesfromthestockmarketdata.,108.0,343.841,144.731,353.804,NimbusRomNo9L-Regu,9.963
iclr-2026-247f0a285827,ICLR,oral,figure,Figure 1,2,main,Modeltrajectoriesonlong-contextmulti-hopQAwithandwithoutKeyChainRLdata.(a),108.0,233.507,143.945,243.47,NimbusRomNo9L-Regu,9.963
iclr-2026-247f0a285827,ICLR,oral,figure,Figure 2,3,main,OverviewofourKeyChaindataconstruction.,195.699,200.958,231.953,210.921,NimbusRomNo9L-Regu,9.963
iclr-2026-247f0a285827,ICLR,oral,table,Table 1,6,main,Datarecipeforlong-contextRLtraining.,206.569,81.722,238.698,91.685,NimbusRomNo9L-Regu,9.963
iclr-2026-247f0a285827,ICLR,oral,table,Table 2,7,main,ResultsofLoongRLandfrontierLLMsonlong-contextreasoningandgeneralshorttasks.,108.0,81.722,140.159,91.685,NimbusRomNo9L-Regu,9.963
iclr-2026-247f0a285827,ICLR,oral,table,Table 3,7,main,ResultsofLoongRLandfrontierLLMsontheHELMETlong-contextgenerationbench-,108.0,274.536,140.548,284.499,NimbusRomNo9L-Regu,9.963
iclr-2026-247f0a285827,ICLR,oral,table,Table 4,8,main,"Whilebeingtrainedonlyon16K,LoongRLgeneralizesimpressivelytocontextupto128K.",108.0,81.722,139.691,91.685,NimbusRomNo9L-Regu,9.963
iclr-2026-247f0a285827,ICLR,oral,figure,Figure 3,9,main,NeedleinaHaystackretrievalacrossdocumentdepths.ThebaseQwen2.5-7B-Instruct,108.0,282.362,144.931,292.325,NimbusRomNo9L-Regu,9.963
iclr-2026-247f0a285827,ICLR,oral,figure,Figure 4,9,main,Long-contextreasoningaccuracyandtrainingresponselengthsthroughoutRLtraining.,111.885,561.043,148.139,571.006,NimbusRomNo9L-Regu,9.963
iclr-2026-247f0a285827,ICLR,oral,table,Table 5,10,main,AblationstudyontheeffectivenessofKeyChaindata.,181.005,81.722,213.134,91.685,NimbusRomNo9L-Regu,9.963
iclr-2026-247f0a285827,ICLR,oral,table,Table 6,10,main,Ablationstudyonthedifferentanswerverifiersonthe7B.,172.377,141.141,204.506,151.104,NimbusRomNo9L-Regu,9.963
iclr-2026-247f0a285827,ICLR,oral,figure,Figure 5,15,appendix,Systempromptusedduringtraining,214.653,234.955,250.907,244.918,NimbusRomNo9L-Regu,9.963
iclr-2026-247f0a285827,ICLR,oral,figure,Figure 6,15,appendix,AskeletonofKeyChain-augmentedtrainingdatausedinLoongRL.,151.132,552.141,187.386,562.104,NimbusRomNo9L-Regu,9.963
iclr-2026-247f0a285827,ICLR,oral,figure,Figure 7,18,appendix,Trainingmetricsforthethree-stageschedule.Verticaldashedlinesmarkthetransitions,108.0,212.549,144.812,222.512,NimbusRomNo9L-Regu,9.963
iclr-2026-247f0a285827,ICLR,oral,figure,Figure 8,18,appendix,TrainingmetricsfortheLoongRL-14B’stwo-stageschedule.Verticaldashedlinesmark,108.0,388.092,144.573,398.055,NimbusRomNo9L-Regu,9.963
iclr-2026-247f0a285827,ICLR,oral,table,Table 7,18,appendix,"ComparisonofLoongRLmodelswithotherbaselinesontheLongBench-v2benchmark,",108.0,434.75,140.747,444.713,NimbusRomNo9L-Regu,9.963
iclr-2026-247f0a285827,ICLR,oral,table,Table 8,19,appendix,"RULERbenchmarkresultsacrossdifferentcontextlengths.ForQwQ,QwenLong,",108.0,81.722,142.331,91.685,NimbusRomNo9L-Regu,9.963
iclr-2026-247f0a285827,ICLR,oral,figure,Figure 9,19,appendix,Needle-in-a-HaystackperformanceofLoongRL-14B.,178.987,567.233,215.241,577.196,NimbusRomNo9L-Regu,9.963
iclr-2026-247f0a285827,ICLR,oral,table,Table 9,19,appendix,AnalysisofthedesignchoiceofKeyChaindata.TheRLexperimentsareconductedon,108.0,618.696,140.867,628.659,NimbusRomNo9L-Regu,9.963
iclr-2026-247f0a285827,ICLR,oral,table,Table 10,20,appendix,"ExampleresponsesofLoongRL-14BatdifferentRLtrainingsteps,showinghowretrieval,",108.0,134.823,144.642,144.786,NimbusRomNo9L-Regu,9.963
iclr-2026-24987e898413,ICLR,oral,figure,Figure 1,2,main,"mCLMadoptsamodularchemicalvocabulary,whichusessynthesisrobot-friendlymolecu-",108.0,240.313,143.548,250.276,NimbusRomNo9L-Regu,9.963
iclr-2026-24987e898413,ICLR,oral,figure,Figure 2,4,main,AnoverviewofthemCLM.Itisamultimodalchemical-languagemodelthattokenizes,108.0,314.927,145.131,324.89,NimbusRomNo9L-Regu,9.963
iclr-2026-24987e898413,ICLR,oral,figure,Figure 3,5,main,Anoverviewofthetokenizationprocess.Afunctionalmoleculeisfirstprocessedby,108.0,482.782,145.721,492.745,NimbusRomNo9L-Regu,9.963
iclr-2026-24987e898413,ICLR,oral,table,Table 1,7,main,AveragepharmacokineticandtoxicitypropertiesofFDAdrugscomposedofsynthesis-,107.691,548.922,141.073,558.885,NimbusRomNo9L-Regu,9.963
iclr-2026-24987e898413,ICLR,oral,table,Table 2,8,main,"Syntheticaccessibility(SA)(Ertletal.,2009),validity,andretrosyntheticresultsacross",107.691,218.436,140.768,228.399,NimbusRomNo9L-Regu,9.963
iclr-2026-24987e898413,ICLR,oral,figure,Figure 4,9,main,Examplesoffallenangelpropertymodification.,190.918,300.754,227.172,310.717,NimbusRomNo9L-Regu,9.963
iclr-2026-24987e898413,ICLR,oral,figure,Figure 5,9,main,Fourofthemostfrequent,345.602,543.979,384.654,553.942,NimbusRomNo9L-Regu,9.963
iclr-2026-24987e898413,ICLR,oral,table,Table 3,20,appendix,SyntheticAccessibility(SA)scoreswithRDKitvaliditypercentagesacrossdatasets.,119.851,398.388,151.98,408.351,NimbusRomNo9L-Regu,9.963
iclr-2026-24987e898413,ICLR,oral,table,Table 4,21,appendix,AveragepharmacokineticandtoxicitypropertiesofFDAdrugswith3ormoreblocksand,107.691,91.685,140.067,101.648,NimbusRomNo9L-Regu,9.963
iclr-2026-24987e898413,ICLR,oral,figure,Figure 6,21,appendix,ExamplesoffallenangelpropertymodificationusingMoleculeSTM.,148.577,488.174,184.831,498.137,NimbusRomNo9L-Regu,9.963
iclr-2026-24987e898413,ICLR,oral,figure,Figure 7,22,appendix,OverviewofDataCreation.,231.196,397.693,267.45,407.656,NimbusRomNo9L-Regu,9.963
iclr-2026-24987e898413,ICLR,oral,table,Table 5,23,appendix,Datasetcategoriesandtheirrespectivesamplecounts.,181.025,356.062,213.154,366.025,NimbusRomNo9L-Regu,9.963
iclr-2026-24987e898413,ICLR,oral,table,Table 6,24,appendix,Breakdownofmoleculedatabydatasetcategory.,190.404,81.722,222.533,91.685,NimbusRomNo9L-Regu,9.963
iclr-2026-24987e898413,ICLR,oral,table,Table 7,26,appendix,Performance(AUC)ofindividualmodelsandtheensembleacrosssixselectedADMET,107.691,199.667,140.676,209.63,NimbusRomNo9L-Regu,9.963
iclr-2026-24987e898413,ICLR,oral,figure,Figure 8,28,appendix,Exampletokenfrompretrainingdataset.SimilarityaboveeachmoleculeisECFP4,108.0,334.752,146.27,344.715,NimbusRomNo9L-Regu,9.963
iclr-2026-24987e898413,ICLR,oral,figure,Figure 9,28,appendix,Exampletokenfrompretrainingdataset.SimilarityaboveeachmoleculeisECFP4,108.0,662.737,146.27,672.7,NimbusRomNo9L-Regu,9.963
iclr-2026-24987e898413,ICLR,oral,figure,Figure 10,29,appendix,Exampletokenfrompretrainingdataset.SimilarityaboveeachmoleculeisECFP4,108.0,334.752,151.015,344.715,NimbusRomNo9L-Regu,9.963
iclr-2026-24987e898413,ICLR,oral,figure,Figure 11,29,appendix,Exampletokenfrompretrainingdataset.SimilarityaboveeachmoleculeisECFP4,108.0,662.737,151.015,672.7,NimbusRomNo9L-Regu,9.963
iclr-2026-24987e898413,ICLR,oral,figure,Figure 12,30,appendix,Exampletokenfrompretrainingdataset.SimilarityaboveeachmoleculeisECFP4,108.0,334.752,151.015,344.715,NimbusRomNo9L-Regu,9.963
iclr-2026-24987e898413,ICLR,oral,figure,Figure 13,30,appendix,Exampletokenfrompretrainingdataset.SimilarityaboveeachmoleculeisECFP4,108.0,662.737,151.015,672.7,NimbusRomNo9L-Regu,9.963
iclr-2026-24987e898413,ICLR,oral,table,Table 8,32,appendix,ComparisonofpharmacokineticandtoxicitypropertyscoresbetweenmCLMandHierVAE.,107.691,577.659,139.4,587.622,NimbusRomNo9L-Regu,9.963
iclr-2026-24987e898413,ICLR,oral,table,Table 9,33,appendix,"Syntheticaccessibility(SA)(Ertletal.,2009),validity,andretrosyntheticresultsfor",107.691,81.722,141.713,91.685,NimbusRomNo9L-Regu,9.963
iclr-2026-24987e898413,ICLR,oral,table,Table 10,33,appendix,SynthesizabilitycomparisonusingAllchemyonQM9molecules.,155.546,308.322,192.657,318.285,NimbusRomNo9L-Regu,9.963
iclr-2026-24987e898413,ICLR,oral,table,Table 11,33,appendix,ComparisonofpharmacokineticandtoxicitypropertyscoresbetweenusingQwen-2.5-3B,107.691,527.75,144.562,537.713,NimbusRomNo9L-Regu,9.963
iclr-2026-255bea54f97f,ICLR,oral,table,Table 1,8,main,"Comparisonofrecallrates(%)fork-MIPS,k=10.Thenumberofprojectionvectorsis",107.691,81.722,140.554,91.685,NimbusRomNo9L-Regu,9.963
iclr-2026-255bea54f97f,ICLR,oral,figure,Figure 1,9,main,Recall-QPSevaluationofANNS.k=10.,206.085,297.32,241.841,307.283,NimbusRomNo9L-Regu,9.963
iclr-2026-255bea54f97f,ICLR,oral,figure,Figure 2,10,main,ImpactofL(SeeAppendixD.4forotherdatasets).k=10.They-axisoftheupperfigures,108.0,297.32,144.262,307.283,NimbusRomNo9L-Regu,9.963
iclr-2026-255bea54f97f,ICLR,oral,table,Table 2,13,main,Frequentlyusednotations.,236.516,129.349,268.147,139.312,NimbusRomNo9L-Regu,9.963
iclr-2026-255bea54f97f,ICLR,oral,figure,Figure 4,17,appendix,"AnillustrationofFalcoqnn,CEOs,andtheproposedstructureKS1.",156.597,354.842,192.353,364.805,NimbusRomNo9L-Regu,9.963
iclr-2026-255bea54f97f,ICLR,oral,table,Table 3,20,appendix,Datasetstatistics.,254.394,81.722,286.025,91.685,NimbusRomNo9L-Regu,9.963
iclr-2026-255bea54f97f,ICLR,oral,table,Table 4,21,appendix,"Comparisonofrecallrates(%)fork-MIPS,k=10.Top-2projectionvectorsareprobed.",115.729,103.312,147.36,113.275,NimbusRomNo9L-Regu,9.963
iclr-2026-255bea54f97f,ICLR,oral,table,Table 5,21,appendix,"Comparisonofrecallrates(%)fork-MIPS,k=10.Top-10projectionvectorsareprobed.",113.239,286.964,144.87,296.927,NimbusRomNo9L-Regu,9.963
iclr-2026-255bea54f97f,ICLR,oral,figure,Figure 5,21,appendix,Numericalcomputationunderdifferentm’sandd’s.They-axisdenotesthecosineof,108.0,686.215,145.467,696.178,NimbusRomNo9L-Regu,9.963
iclr-2026-255bea54f97f,ICLR,oral,figure,Figure 6,22,appendix,Recall-QPSevaluationofANNS.k=100.,203.595,344.049,239.351,354.012,NimbusRomNo9L-Regu,9.963
iclr-2026-255bea54f97f,ICLR,oral,figure,Figure 7,22,appendix,Recall-QPSevaluationofANNS.k=1.,208.576,672.034,244.332,681.997,NimbusRomNo9L-Regu,9.963
iclr-2026-255bea54f97f,ICLR,oral,figure,Figure 8,23,appendix,ImpactofLonindexsizesandsearchperformance.k=10.,170.421,344.049,206.177,354.012,NimbusRomNo9L-Regu,9.963
iclr-2026-255bea54f97f,ICLR,oral,figure,Figure 9,23,appendix,"Recall-QPSevaluationofANNS,withNSSG+KS2.k=10.",169.293,672.034,205.049,681.997,NimbusRomNo9L-Regu,9.963
iclr-2026-2a0b369c60a9,ICLR,oral,figure,Figure 1,2,main,"OverviewofExploratoryDiffusionModel(ExDM).DifferentfromstandardRL,URL",108.0,190.684,144.433,200.647,NimbusRomNo9L-Regu,9.963
iclr-2026-2a0b369c60a9,ICLR,oral,figure,Figure 2,7,main,HeatmapofexploredregionsbyURLmethodsinthemostcomplicatedmazes.,125.459,220.946,161.713,230.909,NimbusRomNo9L-Regu,9.963
iclr-2026-2a0b369c60a9,ICLR,oral,table,Table 1,7,main,StatecoverageinMaze.Wereportthemeanandstdof10seedsforeachalgorithm.,119.132,372.196,151.261,382.159,NimbusRomNo9L-Regu,9.963
iclr-2026-2a0b369c60a9,ICLR,oral,figure,Figure 3,8,main,"Aggregatemetrics(Agarwaletal.,2021)forthreesettings.DetailsareinAppendixD.5.",108.0,422.228,144.214,432.191,NimbusRomNo9L-Regu,9.963
iclr-2026-2a0b369c60a9,ICLR,oral,figure,Figure 4,9,main,Ablationstudies.,250.623,216.81,286.877,226.773,NimbusRomNo9L-Regu,9.963
iclr-2026-2a0b369c60a9,ICLR,oral,figure,Figure 5,24,appendix,"IllustrationofdomainswiththeirdownstreamtasksinURLB(Laskinetal.,2021).We",108.0,581.671,144.842,591.634,NimbusRomNo9L-Regu,9.963
iclr-2026-2a0b369c60a9,ICLR,oral,table,Table 2,26,appendix,DetailsofhyperparametersusedforMaze2dandstate-basedURLB.,152.158,587.553,184.287,597.516,NimbusRomNo9L-Regu,9.963
iclr-2026-2a0b369c60a9,ICLR,oral,figure,Figure 6,27,appendix,"VisualizationofexploredtrajectoriesbyURLmethodsinSquare-a,Square-b,Square-c,",108.0,677.756,144.015,687.719,NimbusRomNo9L-Regu,9.963
iclr-2026-2a0b369c60a9,ICLR,oral,figure,Figure 7,28,appendix,"VisualizationsofexploredtrajectoriesbyURLmethodsinmazesSquare-tree,Square-",108.0,522.784,144.682,532.747,NimbusRomNo9L-Regu,9.963
iclr-2026-2a0b369c60a9,ICLR,oral,figure,Figure 8,29,appendix,Statecoverageratiosofdifferentalgorithmsin7mazesduringpre-training.,133.135,282.616,169.389,292.579,NimbusRomNo9L-Regu,9.963
iclr-2026-2a0b369c60a9,ICLR,oral,table,Table 3,29,appendix,DetailedresultsinURLBofdifferentpre-trainedmethodsthatfine-tuneGaussian,108.0,517.536,141.106,527.499,NimbusRomNo9L-Regu,9.963
iclr-2026-2a0b369c60a9,ICLR,oral,table,Table 4,29,appendix,"Aggregatemetrics(Agarwaletal.,2021)withconfidenceintervalinURLB.Forevery",108.0,696.845,140.249,706.808,NimbusRomNo9L-Regu,9.963
iclr-2026-2a0b369c60a9,ICLR,oral,table,Table 5,30,appendix,Detailedresultsincross-embodimentstate-basedDMC.Averagecumulativereward,108.0,308.976,141.345,318.939,NimbusRomNo9L-Regu,9.963
iclr-2026-2a0b369c60a9,ICLR,oral,table,Table 6,30,appendix,"Aggregatemetrics(Agarwaletal.,2021)withconfidenceintervalincross-embodiment",108.0,458.358,139.651,468.321,NimbusRomNo9L-Regu,9.963
iclr-2026-2a0b369c60a9,ICLR,oral,figure,Figure 9,31,appendix,Ablationstudyofpre-trainingstepsinURLB.,188.86,330.793,225.114,340.756,NimbusRomNo9L-Regu,9.963
iclr-2026-2a842dd4a787,ICLR,oral,figure,Figure 1,3,main,(a)RealimagesfromImb.CelebA(ImbalanceRatioIR=100)andgeneratedimages,108.0,252.975,144.911,262.937,NimbusRomNo9L-Regu,9.963
iclr-2026-2a842dd4a787,ICLR,oral,figure,Figure 2,4,main,"(a,b)Anoverviewofourmethod,CM.(a)Anillustrationofthecapacityreservation",108.0,205.365,145.24,215.327,NimbusRomNo9L-Regu,9.963
iclr-2026-2a842dd4a787,ICLR,oral,table,Table 1,6,main,FIDcomparisonwithbaselinesandlow-rankvariants.,178.101,91.58,210.23,101.542,NimbusRomNo9L-Regu,9.963
iclr-2026-2a842dd4a787,ICLR,oral,table,Table 2,7,main,"FIDs(),KIDs(),Recalls(),andISs()ofCMandvariousbaselinemethodsonImb.",108.0,91.58,140.498,101.542,NimbusRomNo9L-Regu,9.963
iclr-2026-2a842dd4a787,ICLR,oral,table,Table 3,7,main,Per-splitFIDs()ofCMandbaselinesonImb.CIFAR-10(IR=100)andImb.CIFAR-100,108.0,315.117,139.542,325.079,NimbusRomNo9L-Regu,9.963
iclr-2026-2a842dd4a787,ICLR,oral,table,Table 4,8,main,"FIDs(),KIDs(),andper-classFIDs()ofCMandbaselinesonImb.CelebA-HQwith",108.0,91.58,140.289,101.542,NimbusRomNo9L-Regu,9.963
iclr-2026-2a842dd4a787,ICLR,oral,table,Table 5,9,main,FIDs()andKIDs()onImageNet-LTandiNaturalistat3232and6464resolutions.,110.935,91.58,143.064,101.542,NimbusRomNo9L-Regu,9.963
iclr-2026-2a842dd4a787,ICLR,oral,table,Table 6,9,main,"FIDs(),KIDs(),Recalls(),andISs()ofCMandvariousbaselinesonImb.ArtBench-",108.0,188.965,139.791,198.927,NimbusRomNo9L-Regu,9.963
iclr-2026-2a842dd4a787,ICLR,oral,figure,Figure 3,9,main,"Thevisualizationofgeneratedimagesfortheclass""Realism"",whichisoneofthefew",108.0,429.231,145.021,439.193,NimbusRomNo9L-Regu,9.963
iclr-2026-2a842dd4a787,ICLR,oral,figure,Figure 4,10,main,(a)TheperformanceofCMwhenintegratedwithbaselines.(b)Ablationstudyonthe,108.0,182.973,144.842,192.935,NimbusRomNo9L-Regu,9.963
iclr-2026-2a842dd4a787,ICLR,oral,table,Table 7,10,main,"(Left)Per-splitFIDsandoverallFIDs()ofDDPM,CM(θ),andCMonImb.CIFAR-100",108.0,261.956,139.761,271.918,NimbusRomNo9L-Regu,9.963
iclr-2026-2a842dd4a787,ICLR,oral,table,Table E.1,22,appendix,ConceptualcomparisonofCMwithrelatedparadigms.,174.39,332.336,215.097,342.298,NimbusRomNo9L-Regu,9.963
iclr-2026-2a842dd4a787,ICLR,oral,table,Table E.2,22,appendix,ComparisonwithMoE-styleBaselineonImb.CIFAR-100(IR=100).,142.063,578.301,182.77,588.263,NimbusRomNo9L-Regu,9.963
iclr-2026-2a842dd4a787,ICLR,oral,figure,Figure G.1,26,appendix,Per-classrawlosses.ThesettingissameasinFig.1(b),171.511,241.761,217.449,251.723,NimbusRomNo9L-Regu,9.963
iclr-2026-2a842dd4a787,ICLR,oral,figure,Figure G.2,27,appendix,Per-classabsolutelosschanges.ThesettingissameasinFig.1(b),149.16,236.983,195.098,246.945,NimbusRomNo9L-Regu,9.963
iclr-2026-2a842dd4a787,ICLR,oral,table,Table G.1,27,appendix,"FIDs(),KIDs(),Recalls(),andISs()ofCMandvariousbaselinemethodsonImb.",108.0,391.589,149.674,401.551,NimbusRomNo9L-Regu,9.963
iclr-2026-2a842dd4a787,ICLR,oral,table,Table G.2,28,appendix,"FIDs(),KIDs(),andper-classFIDs()ofCMandbaselinesonImb.CelebA-HQ",108.0,91.58,150.52,101.542,NimbusRomNo9L-Regu,9.963
iclr-2026-2a842dd4a787,ICLR,oral,table,Table G.3,28,appendix,"FIDs(),KIDs(),Recalls(),andISs()ofCMandvariousbaselinemethodsonImb.",108.0,238.45,149.674,248.412,NimbusRomNo9L-Regu,9.963
iclr-2026-2a842dd4a787,ICLR,oral,table,Table G.5,28,appendix,"Per-splitFIDsandoverallFIDs(,MeanStd)ofDDPM,CM(θ),andCMonImb.",108.0,395.42,150.022,405.382,NimbusRomNo9L-Regu,9.963
iclr-2026-2a842dd4a787,ICLR,oral,table,Table G.6,28,appendix,"FIDs(),KIDs(),Recalls(),andISs()onImb.CIFAR-100withimbalanceratio",108.0,524.321,150.411,534.283,NimbusRomNo9L-Regu,9.963
iclr-2026-2a842dd4a787,ICLR,oral,table,Table G.4,29,appendix,Per-splitFIDs()ofCMandbaselinesonImb.CIFAR-10(IR=100)andImb.CIFAR-,108.0,91.58,149.624,101.542,NimbusRomNo9L-Regu,9.963
iclr-2026-2a842dd4a787,ICLR,oral,table,Table G.7,29,appendix,UserstudyresultsonminorityclassesofImb.ArtBench-10(IR=100).Eightevaluators,108.0,266.431,150.032,276.393,NimbusRomNo9L-Regu,9.963
iclr-2026-2a842dd4a787,ICLR,oral,figure,Figure G.3,29,appendix,AblationstudyonthehyperparameterλinEq.(4).WeuseOCasareferencebecause,108.0,687.331,154.197,697.293,NimbusRomNo9L-Regu,9.963
iclr-2026-2a842dd4a787,ICLR,oral,table,Table G.8,30,appendix,DownstreamclassificationperformanceonImb.CIFAR-100(IR=100)usingResNet-18.,108.0,91.416,149.674,101.378,NimbusRomNo9L-Regu,9.963
iclr-2026-2a842dd4a787,ICLR,oral,figure,Figure G.4,30,appendix,"Visualcomparisonbetweenusingonlygenericparameters(θ,left)andthefullmodel",108.0,552.538,154.097,562.5,NimbusRomNo9L-Regu,9.963
iclr-2026-2a842dd4a787,ICLR,oral,figure,Figure G.5,31,appendix,Additionalvisualizationofintra-classdiversityfortheminorityclass(PostImpression-,108.0,346.029,153.878,355.991,NimbusRomNo9L-Regu,9.963
iclr-2026-2a842dd4a787,ICLR,oral,figure,Figure G.6,32,appendix,ThevisualizationofgeneratedimagesonImb.CelebA-HQwithimbalanceratioIR=,108.0,292.834,154.087,302.796,NimbusRomNo9L-Regu,9.963
iclr-2026-2a842dd4a787,ICLR,oral,figure,Figure G.7,32,appendix,ThevisualizationofgeneratedimagesonImb.ArtBench-10withimbalanceratioIR=,108.0,614.755,153.838,624.717,NimbusRomNo9L-Regu,9.963
iclr-2026-2a842dd4a787,ICLR,oral,figure,Figure G.8,33,appendix,VisualizationofgenerationresultsonImb.CIFAR-100(IR=100)withCM.The,108.0,590.707,155.043,600.669,NimbusRomNo9L-Regu,9.963
iclr-2026-2a842dd4a787,ICLR,oral,figure,Figure G.9,34,appendix,VisualizationofgenerationresultsonImb.CelebA-HQ(IR=100)withCM.The,108.0,590.703,154.974,600.665,NimbusRomNo9L-Regu,9.963
iclr-2026-2a842dd4a787,ICLR,oral,figure,Figure G.10,35,appendix,VisualizationofgenerationresultsonImb.ArtBench-10(IR=100)withCM.The,108.0,590.699,159.477,600.661,NimbusRomNo9L-Regu,9.963
iclr-2026-2a842dd4a787,ICLR,oral,figure,Figure G.11,36,appendix,VisualizationofgenerationresultsonImageNet-LTwithCM.Theimagesshownare,108.0,590.706,159.238,600.668,NimbusRomNo9L-Regu,9.963
iclr-2026-2a842dd4a787,ICLR,oral,figure,Figure G.12,37,appendix,VisualizationofgenerationresultsoniNaturalistwithCM.Theimagesshownare,108.0,590.706,160.084,600.668,NimbusRomNo9L-Regu,9.963
iclr-2026-2a842dd4a787,ICLR,oral,table,Table G.9,38,appendix,FIDresultsonConsistencyModels.Incorporatingourmethod(+CM)consistentlyre-,108.0,91.416,150.401,101.378,NimbusRomNo9L-Regu,9.963
iclr-2026-2a842dd4a787,ICLR,oral,table,Table G.10,38,appendix,FIDresultsonDPM-Solver(15steps).Ourmethod(+CM)improvesgenerationquality,108.0,195.899,154.515,205.861,NimbusRomNo9L-Regu,9.963
iclr-2026-2a842dd4a787,ICLR,oral,table,Table G.11,38,appendix,FIDresultsonlatentdiffusionmodelstrainedfromscratchonfine-grainedtext-to-,108.0,298.325,156.05,308.287,NimbusRomNo9L-Regu,9.963
iclr-2026-2a842dd4a787,ICLR,oral,table,Table G.12,38,appendix,ComparisonwithOverlapOptimizationonImb.CIFAR-100(IR=100).,134.945,655.297,181.739,665.259,NimbusRomNo9L-Regu,9.963
iclr-2026-2a842dd4a787,ICLR,oral,table,Table G.13,39,appendix,Classificationaccuracy(%)onLong-TailedCIFAR-100usingResNet-18.Wecompare,108.0,261.56,154.675,271.522,NimbusRomNo9L-Regu,9.963
iclr-2026-2f4f189e96a1,ICLR,oral,figure,Figure 1,1,main,WeproposeVid-LLMtoachievediverse3Dvision-languagereasoningtasksusingonly,108.0,447.29,144.513,457.253,NimbusRomNo9L-Regu,9.963
iclr-2026-2f4f189e96a1,ICLR,oral,figure,Figure 2,4,main,"ArchitectureofVid-LLM.Fromvideo,asharedDINOv2encoderproducestokensthat",108.0,246.689,144.503,256.652,NimbusRomNo9L-Regu,9.963
iclr-2026-2f4f189e96a1,ICLR,oral,figure,Figure 3,5,main,Overviewofthetwo-stagetrainingstrategy.Stage-1employsdual-teacherdistillationto,108.0,210.986,143.736,220.949,NimbusRomNo9L-Regu,9.963
iclr-2026-2f4f189e96a1,ICLR,oral,table,Table 1,7,main,Evaluationof3DQuestionAnswer-Table2:Evaluationof3DDenseCaption-,108.0,81.722,142.431,91.685,NimbusRomNo9L-Regu,9.963
iclr-2026-2f4f189e96a1,ICLR,oral,table,Table 2,7,main,Evaluationof3DDenseCaption-,321.837,81.722,354.973,91.685,NimbusRomNo9L-Regu,9.963
iclr-2026-2f4f189e96a1,ICLR,oral,table,Table 3,7,main,Evaluationof3DVisualGround-,321.837,246.461,354.883,256.424,NimbusRomNo9L-Regu,9.963
iclr-2026-2f4f189e96a1,ICLR,oral,figure,Figure 4,9,main,Qualitativeresultsof3DvisualgroundingontheScanReferdataset.Thepredicted,108.0,210.622,144.892,220.585,NimbusRomNo9L-Regu,9.963
iclr-2026-2f4f189e96a1,ICLR,oral,table,Table 4,9,main,Evaluationof3DVisualGround-Table5:Comparisonwithend-to-endframeworks,108.0,254.736,141.046,264.699,NimbusRomNo9L-Regu,9.963
iclr-2026-2f4f189e96a1,ICLR,oral,table,Table 5,9,main,Comparisonwithend-to-endframeworks,294.12,256.067,325.911,266.03,NimbusRomNo9L-Regu,9.963
iclr-2026-2f4f189e96a1,ICLR,oral,table,Table 6,10,main,AblationonCross-TaskAdapter,108.0,85.067,142.261,95.03,NimbusRomNo9L-Regu,9.963
iclr-2026-2f4f189e96a1,ICLR,oral,figure,Figure 5,10,main,Testlossvs.datasizeacrosstrain-,325.801,203.659,362.184,213.622,NimbusRomNo9L-Regu,9.963
iclr-2026-2f4f189e96a1,ICLR,oral,figure,Figure 6,17,appendix,QualitativeResults.,244.641,514.983,280.895,524.946,NimbusRomNo9L-Regu,9.963
iclr-2026-2f4f189e96a1,ICLR,oral,figure,Figure 7,18,appendix,ChallengingCases.Wepresentonechallengingcaseforeach3DVLtask—3Dquestion,108.0,430.578,144.294,440.541,NimbusRomNo9L-Regu,9.963
iclr-2026-2f4f189e96a1,ICLR,oral,table,Table 7,18,appendix,CameraposeevaluationonCo3Dv2andRealEstate10K.,168.83,547.152,200.959,557.115,NimbusRomNo9L-Regu,9.963
iclr-2026-2f4f189e96a1,ICLR,oral,table,Table 8,19,appendix,DepthestimationresultsontheNYUDepthv2dataset.†Modeloutputsareinrelative,108.0,82.509,140.329,92.472,NimbusRomNo9L-Regu,9.963
iclr-2026-2f4f189e96a1,ICLR,oral,table,Table 9,19,appendix,ReconstructionresultsontheScanNetdataset.†Modeloutputsareinrelativescale;we,108.0,240.777,140.109,250.74,NimbusRomNo9L-Regu,9.963
iclr-2026-31327f1d20e6,ICLR,oral,figure,Figure 1,2,main,"TheSimuHomehomeenvironment.Agentsreceiveusercommands,issueAPIcallsbuilt",108.0,187.944,144.441,197.907,NimbusRomNo9L-Regu,9.963
iclr-2026-31327f1d20e6,ICLR,oral,figure,Figure 2,5,main,Episodegenerationpipeline.Eachepisodeisconstructedinthreesteps:initialhomestate,108.0,308.242,144.244,318.205,NimbusRomNo9L-Regu,9.963
iclr-2026-31327f1d20e6,ICLR,oral,figure,Figure 3,6,main,Episodeevaluationpipeline.Episodesinvolvingstatechangesareevaluatedbycomparing,108.0,306.718,143.984,316.681,NimbusRomNo9L-Regu,9.963
iclr-2026-31327f1d20e6,ICLR,oral,table,Table 1,7,main,Evaluationresultsshowsuccessrates(in%)acrossquerytypes(QTs).FandIFreferto,107.691,81.722,140.676,91.685,NimbusRomNo9L-Regu,9.963
iclr-2026-31327f1d20e6,ICLR,oral,table,Table 2,7,main,Averageepisodecompletiontime(seconds)acrossquerytypes.FandIFrefertoFeasible,107.691,382.564,140.208,392.527,NimbusRomNo9L-Regu,9.963
iclr-2026-31327f1d20e6,ICLR,oral,table,Table 3,8,main,Errortaxonomy.DetaileddescriptionsandexamplesareprovidedinAppendixJ.1.,123.087,81.722,155.216,91.685,NimbusRomNo9L-Regu,9.963
iclr-2026-31327f1d20e6,ICLR,oral,figure,Figure 4,8,main,ErrortypedistributionsofGPT-4.1onQT2andQT4.,179.799,311.482,216.053,321.445,NimbusRomNo9L-Regu,9.963
iclr-2026-31327f1d20e6,ICLR,oral,figure,Figure 5,9,main,Tool-callerrorpatternsoffourmodelsonQT3-F.Theleftchartshowstheaveragenumber,108.0,187.603,143.911,197.566,NimbusRomNo9L-Regu,9.963
iclr-2026-31327f1d20e6,ICLR,oral,table,Table 4,14,appendix,Listoftoolsavailabletoagents.,223.695,111.909,255.824,121.872,NimbusRomNo9L-Regu,9.963
iclr-2026-31327f1d20e6,ICLR,oral,table,Table 5,15,appendix,Listofimplementeddevicetypesandtheircorrespondingclusters.,155.685,111.236,187.814,121.199,NimbusRomNo9L-Regu,9.963
iclr-2026-31327f1d20e6,ICLR,oral,table,Table 6,15,appendix,ListofimplementedMatterclusters.,214.479,648.786,246.608,658.749,NimbusRomNo9L-Regu,9.963
iclr-2026-31327f1d20e6,ICLR,oral,table,Table 7,19,appendix,Examplegoalsforeachquerytype.,216.566,83.117,248.695,93.08,NimbusRomNo9L-Regu,9.963
iclr-2026-31327f1d20e6,ICLR,oral,table,Table 8,21,appendix,Errortypesinfeasibleepisodes.,223.341,272.945,255.47,282.908,NimbusRomNo9L-Regu,9.963
iclr-2026-31327f1d20e6,ICLR,oral,table,Table 9,21,appendix,Errortypesininfeasibleepisodes.,219.465,501.629,251.594,511.592,NimbusRomNo9L-Regu,9.963
iclr-2026-31327f1d20e6,ICLR,oral,table,Table 10,22,appendix,ErrortypedistributionofGPT-4.1infeasibleepisodes.,176.313,107.988,213.424,117.951,NimbusRomNo9L-Regu,9.963
iclr-2026-31327f1d20e6,ICLR,oral,table,Table 11,22,appendix,ErrortypedistributionofGPT-4.1ininfeasibleepisodes.,172.437,254.601,209.548,264.564,NimbusRomNo9L-Regu,9.963
iclr-2026-31327f1d20e6,ICLR,oral,figure,Figure 6,23,appendix,PerformancecomparisonbetweenReActandHiAgentonQT4tasks.,148.681,255.845,184.935,265.808,NimbusRomNo9L-Regu,9.963
iclr-2026-31327f1d20e6,ICLR,oral,table,Table 12,23,appendix,RecoveryratesfromQT4failuresusingself-review.,182.355,379.33,219.466,389.293,NimbusRomNo9L-Regu,9.963
iclr-2026-31327f1d20e6,ICLR,oral,table,Table 13,24,appendix,RecoveryratesfromQT4failureswithpost-executionfailurenotice.Anoraclenotifiesthe,107.691,203.289,144.284,213.252,NimbusRomNo9L-Regu,9.963
iclr-2026-31327f1d20e6,ICLR,oral,table,Table 14,24,appendix,Changeinsuccessrate(percentagepoints)aftersupervisedfine-tuning.Positivevalues,107.691,446.693,145.666,456.656,NimbusRomNo9L-Regu,9.963
iclr-2026-322bd0a9b17a,ICLR,oral,figure,Figure 1,1,main,Performancevs.codesizetrade-offfor,306.0,635.502,342.83,645.465,NimbusRomNo9L-Regu,9.963
iclr-2026-322bd0a9b17a,ICLR,oral,figure,Figure 2,4,main,FlashMLATLkernelexample,307.641,331.934,343.895,341.897,NimbusRomNo9L-Regu,9.963
iclr-2026-322bd0a9b17a,ICLR,oral,figure,Figure 3,5,main,Two-stageworkflowofoptimizingMLAexample.,185.752,321.465,222.006,331.428,NimbusRomNo9L-Regu,9.963
iclr-2026-322bd0a9b17a,ICLR,oral,figure,Figure 4,5,main,"Tilerecommendationwithcostmodel.In(b),weshowascatterplotofcandidateschedules.",108.0,553.427,143.441,563.39,NimbusRomNo9L-Regu,9.963
iclr-2026-322bd0a9b17a,ICLR,oral,figure,Figure 5,6,main,LayoutInferencemechanisminTL,198.977,732.936,235.231,742.899,NimbusRomNo9L-Regu,9.963
iclr-2026-322bd0a9b17a,ICLR,oral,figure,Figure 6,7,main,PipelineInferencemechanisminTL,196.761,499.986,233.015,509.949,NimbusRomNo9L-Regu,9.963
iclr-2026-322bd0a9b17a,ICLR,oral,figure,Figure 7,8,main,OverallTLworkflow.,226.245,132.451,262.499,142.414,NimbusRomNo9L-Regu,9.963
iclr-2026-322bd0a9b17a,ICLR,oral,figure,Figure 8,9,main,PerformanceandcodecomplexityonanNVIDIAH100GPUandAMDMI300XGPU.,108.0,410.618,145.03,420.581,NimbusRomNo9L-Regu,9.963
iclr-2026-322bd0a9b17a,ICLR,oral,figure,Figure 9,10,main,AblationstudyforFlashMLAonbothH100andMI300XGPUs.,156.821,346.296,193.075,356.259,NimbusRomNo9L-Regu,9.963
iclr-2026-322bd0a9b17a,ICLR,oral,figure,Figure 10,10,main,Performanceandcode-sizecom-,325.801,594.988,368.054,604.951,NimbusRomNo9L-Regu,9.963
iclr-2026-322bd0a9b17a,ICLR,oral,table,Table 1,17,appendix,ApartiallistofprimitivessupportedbyTL.,184.188,81.722,216.317,91.685,NimbusRomNo9L-Regu,9.963
iclr-2026-322bd0a9b17a,ICLR,oral,table,Table 2,17,appendix,ComparisonofspecificationsbetweenNVIDIAH100SXMandAMDMI300X.,128.029,434.011,160.158,443.974,NimbusRomNo9L-Regu,9.963
iclr-2026-322bd0a9b17a,ICLR,oral,figure,Figure 11,18,appendix,Cooperativeworkflowbetweentile-recommendationandinferencestagesonNVIDIA,108.0,331.725,150.131,341.688,NimbusRomNo9L-Regu,9.963
iclr-2026-322bd0a9b17a,ICLR,oral,table,Table 3,25,appendix,Accuracyofouranalyticalcostmodel:predictedtop-5%schedulesretainover98%ofthe,107.691,404.059,140.003,414.022,NimbusRomNo9L-Regu,9.963
iclr-2026-322bd0a9b17a,ICLR,oral,table,Table 4,25,appendix,AverageTuningTimesforDifferentOperators,195.555,654.183,227.684,664.146,NimbusRomNo9L-Regu,9.963
iclr-2026-322bd0a9b17a,ICLR,oral,table,Table 5,26,appendix,ComparisonofAverageTuningTimesforGEMM,188.083,81.722,220.212,91.685,NimbusRomNo9L-Regu,9.963
iclr-2026-322bd0a9b17a,ICLR,oral,table,Table 6,26,appendix,ComparisonofAverageTuningTimesforConv2D,186.897,189.582,219.026,199.545,NimbusRomNo9L-Regu,9.963
iclr-2026-322bd0a9b17a,ICLR,oral,figure,Figure 12,27,appendix,"Side-by-sidediffofminimalGEMMimplementationsinTVM,TL,andTriton",108.0,393.662,149.637,403.625,NimbusRomNo9L-Regu,9.963
iclr-2026-322bd0a9b17a,ICLR,oral,figure,Figure 13,27,appendix,Aside-by-sidecomparisonshowinghowtile-levelFTG-IRisloweredintoTensorIR.,113.479,707.433,154.714,717.396,NimbusRomNo9L-Regu,9.963
iclr-2026-322bd0a9b17a,ICLR,oral,figure,Figure 14,28,appendix,ComparisonofFlashMLAimplementationstargetingNVIDIA(left)andAMD(right),108.0,396.532,150.172,406.495,NimbusRomNo9L-Regu,9.963
iclr-2026-322bd0a9b17a,ICLR,oral,table,Table 7,28,appendix,"PerformanceofCausalMHAonH100(B=64,H=64,D=128).",150.749,713.233,182.878,723.196,NimbusRomNo9L-Regu,9.963
iclr-2026-322bd0a9b17a,ICLR,oral,table,Table 8,29,appendix,"PerformanceandLinesofCode(LoC)ofCausalMHAonRTX4090(B=16,H=32,D=",107.691,218.867,138.856,228.83,NimbusRomNo9L-Regu,9.963
iclr-2026-322bd0a9b17a,ICLR,oral,table,Table 9,29,appendix,"ComparisonofTileLang,Gluon(LoC=68),Helion(LoC=24),andTilus(LoC=110)on",107.691,422.241,139.756,432.204,NimbusRomNo9L-Regu,9.963
iclr-2026-322bd0a9b17a,ICLR,oral,table,Table 10,29,appendix,"PerformanceofMamba-chunk-scanonH100,withbatchsize8,80attentionheads,model",107.691,645.54,144.423,655.503,NimbusRomNo9L-Regu,9.963
iclr-2026-322bd0a9b17a,ICLR,oral,table,Table 11,30,appendix,Commithashesforbaselineframeworks.,204.158,389.483,241.269,399.446,NimbusRomNo9L-Regu,9.963
iclr-2026-322bd0a9b17a,ICLR,oral,table,Table 12,31,appendix,MatrixshapesinourFP16Matmulevaluation,194.121,109.408,231.232,119.371,NimbusRomNo9L-Regu,9.963
iclr-2026-322bd0a9b17a,ICLR,oral,table,Table 13,31,appendix,MatrixshapesinourFusedDequantize-Matmulevaluation,168.397,194.765,205.508,204.728,NimbusRomNo9L-Regu,9.963
iclr-2026-322bd0a9b17a,ICLR,oral,table,Table 14,31,appendix,"FlashAttentionandBlockSparseAttention(with50%,90%sparsity)shapesinourevalua-",107.691,280.122,144.606,290.085,NimbusRomNo9L-Regu,9.963
iclr-2026-322bd0a9b17a,ICLR,oral,table,Table 15,31,appendix,FlashMLAshapesinourevaluation,214.604,398.356,251.715,408.319,NimbusRomNo9L-Regu,9.963
iclr-2026-322bd0a9b17a,ICLR,oral,table,Table 16,31,appendix,Convolution-2Dshapesinourevaluation,204.108,516.59,241.219,526.553,NimbusRomNo9L-Regu,9.963
iclr-2026-322bd0a9b17a,ICLR,oral,table,Table 17,32,appendix,Chunk-Gated-Delta-Netkernelshapesinourevaluation,174.684,235.766,211.795,245.729,NimbusRomNo9L-Regu,9.963
iclr-2026-322bd0a9b17a,ICLR,oral,table,Table 18,32,appendix,VerticalSlashSparseAttentionshapesinourevaluation,174.345,340.586,211.456,350.549,NimbusRomNo9L-Regu,9.963
iclr-2026-322bd0a9b17a,ICLR,oral,table,Table 19,32,appendix,AttentionSinkshapesinourevaluation,207.266,467.324,244.377,477.287,NimbusRomNo9L-Regu,9.963
iclr-2026-322bd0a9b17a,ICLR,oral,figure,Figure 15,33,appendix,KernelImplementationofMatrixMultiplication.,186.42,255.953,227.655,265.916,NimbusRomNo9L-Regu,9.963
iclr-2026-322bd0a9b17a,ICLR,oral,figure,Figure 16,33,appendix,ImplementationofWeight-OnlyQuantization(WA)MatmulusingT-,108.0,683.614,150.68,693.577,NimbusRomNo9L-Regu,9.963
iclr-2026-322bd0a9b17a,ICLR,oral,figure,Figure 17,34,appendix,ImplementationofFlashAttentionwithTL.,179.312,531.779,220.547,541.742,NimbusRomNo9L-Regu,9.963
iclr-2026-322bd0a9b17a,ICLR,oral,figure,Figure 18,35,appendix,ImplementationofFlashMLAwithTL.,188.308,601.268,229.543,611.231,NimbusRomNo9L-Regu,9.963
iclr-2026-322bd0a9b17a,ICLR,oral,figure,Figure 19,36,appendix,ImplementationofBlockSparseFlashAttentionwithTL.,151.641,539.5,192.876,549.463,NimbusRomNo9L-Regu,9.963
iclr-2026-3b8d372687ad,ICLR,oral,figure,Figure 1,2,main,"Comparisonofthedetectionoutputs.InternVL3-78B(Zhuetal.,2025)getsincorrect",108.0,249.131,145.24,259.094,NimbusRomNo9L-Regu,9.963
iclr-2026-3b8d372687ad,ICLR,oral,figure,Figure 2,4,main,OverviewofHydraFakedataset.(a)Wecarefullycollectandreimplementadvanced,108.0,229.941,145.061,239.904,NimbusRomNo9L-Regu,9.963
iclr-2026-3b8d372687ad,ICLR,oral,figure,Figure 3,6,main,"Overviewoftwo-stagetrainingpipeline.(a)ForPattern-GuidedCold-Start,wefirst",108.0,346.807,145.18,356.77,NimbusRomNo9L-Regu,9.963
iclr-2026-3b8d372687ad,ICLR,oral,table,Table 1,8,main,Performancecomparison(Acc.)onHydraFakedataset.In-domain(ID)resultsareaver-,108.0,67.549,140.787,77.512,NimbusRomNo9L-Regu,9.963
iclr-2026-3b8d372687ad,ICLR,oral,table,Table 2,8,main,EffectoftheproposedTable3:AblationsontherewardTable4:Ablationsondifferent,108.238,403.939,142.181,413.902,NimbusRomNo9L-Regu,9.963
iclr-2026-3b8d372687ad,ICLR,oral,table,Table 3,8,main,AblationsontherewardTable4:Ablationsondifferent,244.62,403.939,277.377,413.902,NimbusRomNo9L-Regu,9.963
iclr-2026-3b8d372687ad,ICLR,oral,table,Table 4,8,main,Ablationsondifferent,381.002,403.939,413.072,413.902,NimbusRomNo9L-Regu,9.963
iclr-2026-3b8d372687ad,ICLR,oral,table,Table 5,9,main,Effectofreasoningpatterns.SFTand,118.136,81.722,150.385,91.685,NimbusRomNo9L-Regu,9.963
iclr-2026-3b8d372687ad,ICLR,oral,table,Table 6,9,main,Ablationsonnon-preferenceinMiPO.,306.0,92.885,337.641,102.848,NimbusRomNo9L-Regu,9.963
iclr-2026-3b8d372687ad,ICLR,oral,figure,Figure 4,9,main,Ablationsonthetrainingstages.Figure5:EffectofCold-Start.Wecomparediffer-,108.0,265.047,145.141,275.01,NimbusRomNo9L-Regu,9.963
iclr-2026-3b8d372687ad,ICLR,oral,figure,Figure 5,9,main,EffectofCold-Start.Wecomparediffer-,296.335,265.049,333.067,275.012,NimbusRomNo9L-Regu,9.963
iclr-2026-3b8d372687ad,ICLR,oral,table,Table 7,10,main,"Evaluationofreasoningquality.Table8:RobustnessonCompression,BlurandResize.",110.217,70.566,143.701,80.529,NimbusRomNo9L-Regu,9.963
iclr-2026-3b8d372687ad,ICLR,oral,table,Table 8,10,main,"RobustnessonCompression,BlurandResize.",282.238,70.384,314.168,80.347,NimbusRomNo9L-Regu,9.963
iclr-2026-3b8d372687ad,ICLR,oral,figure,Figure 6,10,main,ReasoningcomparisonsbetweenVandexistingMLLM-baseddetectors.,124.106,398.527,160.36,408.49,NimbusRomNo9L-Regu,9.963
iclr-2026-3b8d372687ad,ICLR,oral,figure,Figure 7,19,appendix,Examplesofourself-constructedsubsetsinHydraFakedatasets.,158.071,528.861,194.325,538.824,NimbusRomNo9L-Regu,9.963
iclr-2026-3b8d372687ad,ICLR,oral,table,Table 9,21,appendix,DatalistofthehierarchicalevaluationprotocolinHydraFakedataset.,149.872,81.722,182.001,91.685,NimbusRomNo9L-Regu,9.963
iclr-2026-3b8d372687ad,ICLR,oral,figure,Figure 8,22,appendix,ValidoutputformatsinRofP-GRPO.,202.004,598.461,238.258,608.424,NimbusRomNo9L-Regu,9.963
iclr-2026-3b8d372687ad,ICLR,oral,figure,Figure 9,24,appendix,ConstructionpipelineofPattern-AwareSFTdata.(a)Wefirstinspectasubsetand,108.0,329.327,145.091,339.29,NimbusRomNo9L-Regu,9.963
iclr-2026-3b8d372687ad,ICLR,oral,table,Table 10,26,appendix,PerformancecomparisonontheIn-Domain(ID)subsetofHydraFakedataset.Thebest,108.0,81.722,145.429,91.685,NimbusRomNo9L-Regu,9.963
iclr-2026-3b8d372687ad,ICLR,oral,table,Table 11,26,appendix,PerformancecomparisonontheCross-Model(CM)subsetofHydraFakedataset.The,108.0,307.038,145.778,317.001,NimbusRomNo9L-Regu,9.963
iclr-2026-3b8d372687ad,ICLR,oral,table,Table 12,27,appendix,PerformancecomparisonontheCross-Forgery(CF)subsetofHydraFakedataset.The,108.0,81.722,145.549,91.685,NimbusRomNo9L-Regu,9.963
iclr-2026-3b8d372687ad,ICLR,oral,table,Table 13,27,appendix,PerformancecomparisonontheCross-Domain(CD)subsetofHydraFakedataset.The,108.0,297.47,145.489,307.433,NimbusRomNo9L-Regu,9.963
iclr-2026-3b8d372687ad,ICLR,oral,table,Table 14,28,appendix,"Crossbenchmarkcomparison.Performance(Acc.)onAIGIBench(Lietal.,2025)andthe",108.0,81.722,144.692,91.685,NimbusRomNo9L-Regu,9.963
iclr-2026-3b8d372687ad,ICLR,oral,table,Table 15,28,appendix,"Performancecomparisononbroaderbenchmarks,includingLOKI(Yeetal.,2024),Fake-",108.0,344.145,144.872,354.108,NimbusRomNo9L-Regu,9.963
iclr-2026-3b8d372687ad,ICLR,oral,table,Table 16,29,appendix,Analysisonefficiency.Wecalculatetheinferencetime(seconds)ofabatchofim-,108.0,81.722,146.625,91.685,NimbusRomNo9L-Regu,9.963
iclr-2026-3b8d372687ad,ICLR,oral,table,Table 17,29,appendix,AblationstudiesofthehyperparameterTable18:Ablationstudiesofthehyperparameter,108.0,222.302,144.822,232.265,NimbusRomNo9L-Regu,9.963
iclr-2026-3b8d372687ad,ICLR,oral,table,Table 18,29,appendix,Ablationstudiesofthehyperparameter,309.958,222.302,346.78,232.265,NimbusRomNo9L-Regu,9.963
iclr-2026-3b8d372687ad,ICLR,oral,table,Table 19,30,appendix,Ablationstudiesonthetraining,108.0,83.252,145.18,93.215,NimbusRomNo9L-Regu,9.963
iclr-2026-3b8d372687ad,ICLR,oral,figure,Figure 10,30,appendix,AblationsontherewardmodelM.,300.957,193.575,342.192,203.538,NimbusRomNo9L-Regu,9.963
iclr-2026-3b8d372687ad,ICLR,oral,figure,Figure 11,33,appendix,ReasoningoutputofourVmodel.,198.73,716.977,239.965,726.94,NimbusRomNo9L-Regu,9.963
iclr-2026-3b8d372687ad,ICLR,oral,figure,Figure 12,34,appendix,ReasoningoutputofourVmodel.,198.73,688.928,239.965,698.891,NimbusRomNo9L-Regu,9.963
iclr-2026-3b8d372687ad,ICLR,oral,figure,Figure 13,35,appendix,ReasoningoutputofourVmodel.,198.73,679.613,239.965,689.576,NimbusRomNo9L-Regu,9.963
iclr-2026-3b8d372687ad,ICLR,oral,figure,Figure 14,36,appendix,ReasoningoutputofourVmodel.,198.73,679.613,239.965,689.576,NimbusRomNo9L-Regu,9.963
iclr-2026-3b8d372687ad,ICLR,oral,figure,Figure 15,37,appendix,ReasoningoutputofourVmodel.,198.73,711.029,239.965,720.992,NimbusRomNo9L-Regu,9.963
iclr-2026-3b8d372687ad,ICLR,oral,figure,Figure 16,38,appendix,ReasoningoutputofourVmodel.,198.73,706.472,239.965,716.435,NimbusRomNo9L-Regu,9.963
iclr-2026-3b8d372687ad,ICLR,oral,figure,Figure 17,39,appendix,ExplanationcomparisonsbetweenVandexistingMLLM-baseddetectors.,118.571,710.873,159.806,720.836,NimbusRomNo9L-Regu,9.963
iclr-2026-3b8d372687ad,ICLR,oral,figure,Figure 18,40,appendix,ExplanationcomparisonsbetweenVandexistingMLLM-baseddetectors.,118.571,704.168,159.806,714.131,NimbusRomNo9L-Regu,9.963
iclr-2026-3b8d372687ad,ICLR,oral,figure,Figure 19,41,appendix,ExplanationcomparisonsbetweenVandexistingMLLM-baseddetectors.,118.571,682.182,159.806,692.145,NimbusRomNo9L-Regu,9.963
iclr-2026-3b8d372687ad,ICLR,oral,figure,Figure 20,42,appendix,Qualitativecomparisonsoftheeffectsofnon-preferencesinMiPO.,145.239,684.601,186.474,694.564,NimbusRomNo9L-Regu,9.963
iclr-2026-3b8d372687ad,ICLR,oral,figure,Figure 21,43,appendix,Illustrationofmodel’scapacitytoperceivethosebarelynoticeableartifacts.Thisshows,108.0,709.17,149.365,719.133,NimbusRomNo9L-Regu,9.963
iclr-2026-3b8d372687ad,ICLR,oral,figure,Figure 22,44,appendix,FailurecasesofV.,230.359,722.16,271.594,732.123,NimbusRomNo9L-Regu,9.963
iclr-2026-3b8d372687ad,ICLR,oral,figure,Figure 23,45,appendix,ReasoningoutputofVonAIGCimages.,185.31,693.267,226.545,703.23,NimbusRomNo9L-Regu,9.963
iclr-2026-3b8d372687ad,ICLR,oral,figure,Figure 24,46,appendix,ReasoningoutputofVonAIGCimages.,185.31,673.147,226.545,683.11,NimbusRomNo9L-Regu,9.963
iclr-2026-3b8d372687ad,ICLR,oral,figure,Figure 25,47,appendix,ReasoningoutputofVonAIGCimages.,185.31,698.209,226.545,708.172,NimbusRomNo9L-Regu,9.963
iclr-2026-3b8d372687ad,ICLR,oral,figure,Figure 26,48,appendix,ReasoningoutputofVonAIGCimages.,185.31,717.309,226.545,727.272,NimbusRomNo9L-Regu,9.963
iclr-2026-3b8d372687ad,ICLR,oral,figure,Figure 27,49,appendix,ReasoningoutputofVonAIGCimages.,185.31,721.736,226.545,731.699,NimbusRomNo9L-Regu,9.963
iclr-2026-3b8d372687ad,ICLR,oral,figure,Figure 28,50,appendix,PromptforfakeimagesSFTdataannotation(Stage1:anomaliesidentification).,124.114,704.257,165.349,714.22,NimbusRomNo9L-Regu,9.963
iclr-2026-3b8d372687ad,ICLR,oral,figure,Figure 29,51,appendix,PromptforfakeimagesSFTdataannotation(Stage2:visualfactsforensics).Theomitted,108.0,666.897,148.687,676.86,NimbusRomNo9L-Regu,9.963
iclr-2026-3b8d372687ad,ICLR,oral,figure,Figure 30,52,appendix,PromptforfakeimagesSFTdataannotation(Stage3:thinkingpatternsinjection).,119.546,707.376,160.781,717.339,NimbusRomNo9L-Regu,9.963
iclr-2026-3b8d372687ad,ICLR,oral,figure,Figure 31,53,appendix,PromptforrealimagesSFTdataannotation(Stage1:visualfactsforensics).Wedivide,108.0,673.871,149.395,683.834,NimbusRomNo9L-Regu,9.963
iclr-2026-3b8d372687ad,ICLR,oral,figure,Figure 32,54,appendix,PromptforrealimagesSFTdataannotation(Stage2:thinkingpatternsinjection).,120.553,731.595,161.788,741.558,NimbusRomNo9L-Regu,9.963
iclr-2026-3b8d372687ad,ICLR,oral,figure,Figure 33,55,appendix,Promptforreasoningqualityevaluation(Scoreevaluation).,165.772,665.694,207.007,675.657,NimbusRomNo9L-Regu,9.963
iclr-2026-3b8d372687ad,ICLR,oral,figure,Figure 34,56,appendix,Promptforreasoningqualityevaluation(Pairwiseevaluation).,160.034,512.557,201.269,522.52,NimbusRomNo9L-Regu,9.963
iclr-2026-3b8d372687ad,ICLR,oral,figure,Figure 35,56,appendix,Inputforgeneratingcustomizedpersonalizationprompts.,169.563,709.242,210.798,719.205,NimbusRomNo9L-Regu,9.963
iclr-2026-3b8d372687ad,ICLR,oral,figure,Figure 36,57,appendix,PromptforReflectionQualityRewardmodel(UnifiedReward-Qwen-3B).,136.846,378.608,178.081,388.571,NimbusRomNo9L-Regu,9.963
iclr-2026-3b8d372687ad,ICLR,oral,figure,Figure 37,57,appendix,InputpromptforVeritas.Thepromptsforalltrainingstagesareconsistent.,134.261,679.221,175.496,689.184,NimbusRomNo9L-Regu,9.963
iclr-2026-3b8d372687ad,ICLR,oral,figure,Figure 38,58,appendix,"InputpromptforQwen2.5-VL-7B,InternVL3-8BandGLM-4.1V-9B-Thinking.",124.128,310.283,165.363,320.246,NimbusRomNo9L-Regu,9.963
iclr-2026-3b8d372687ad,ICLR,oral,figure,Figure 39,58,appendix,InputpromptforMiMo-VL-7B.Wefoundthatprovidingprioriknowledgedoesnogood,108.0,452.227,149.036,462.19,NimbusRomNo9L-Regu,9.963
iclr-2026-3b8d372687ad,ICLR,oral,figure,Figure 40,58,appendix,"InputpromptforGPT-4oandGemini-2.5-Pro.SimilartoMiMo-VL-7B,wefoundthat",108.0,692.802,149.544,702.765,NimbusRomNo9L-Regu,9.963
iclr-2026-3c3e3a191645,ICLR,oral,figure,Figure 1,2,main,IllustrationoftheinherentgeometricambiguityinRGB-,230.759,185.754,267.79,195.717,NimbusRomNo9L-Regu,9.963
iclr-2026-3c3e3a191645,ICLR,oral,table,Table 1,3,main,Generalizationfailureofcamera-agnosticMLLMs.3Dobjectdetectionperformancedrops,108.0,76.635,139.91,86.598,NimbusRomNo9L-Regu,9.963
iclr-2026-3c3e3a191645,ICLR,oral,figure,Figure 2,3,main,Visualizationofgeneralizationfail-,313.922,679.137,351.76,689.1,NimbusRomNo9L-Regu,9.963
iclr-2026-3c3e3a191645,ICLR,oral,figure,Figure 3,4,main,Multi-modaldistri-,377.277,692.99,416.211,702.953,NimbusRomNo9L-Regu,9.963
iclr-2026-3c3e3a191645,ICLR,oral,figure,Figure 4,6,main,TheproposedCamera-AwareMLLMFramework.,266.398,321.807,302.373,331.77,NimbusRomNo9L-Regu,9.963
iclr-2026-3c3e3a191645,ICLR,oral,figure,Figure 5,6,main,Illustrationof,385.199,697.445,427.689,707.408,NimbusRomNo9L-Regu,9.963
iclr-2026-3c3e3a191645,ICLR,oral,figure,Figure 6,7,main,Cross-camerageneralizationonspatially-groundedtasks.Whilecamera-agnosticMLLMs,108.0,186.407,143.865,196.37,NimbusRomNo9L-Regu,9.963
iclr-2026-3c3e3a191645,ICLR,oral,table,Table 2,8,main,ComparisonofMLLMs’spatialreasoningperformanceonSPAR-Bench.,142.475,73.8,174.604,83.763,NimbusRomNo9L-Regu,9.963
iclr-2026-3c3e3a191645,ICLR,oral,table,Table 3,8,main,ComparisonofMLLMs’spatialreasoningperformanceonVSI-Bench.,144.906,263.622,177.035,273.585,NimbusRomNo9L-Regu,9.963
iclr-2026-3c3e3a191645,ICLR,oral,table,Table 4,8,main,Comparisonofmodelperformanceonvar-,302.042,529.53,333.633,539.493,NimbusRomNo9L-Regu,9.963
iclr-2026-3c3e3a191645,ICLR,oral,table,Table 5,9,main,Ablationstudyonthecomponentsofour,294.12,150.46,327.515,160.423,NimbusRomNo9L-Regu,9.963
iclr-2026-3c3e3a191645,ICLR,oral,figure,Figure 7,9,main,Qualitativecomparisonof3Dobjectdetection,274.319,592.894,311.35,602.857,NimbusRomNo9L-Regu,9.963
iclr-2026-3c3e3a191645,ICLR,oral,table,Table 6,14,appendix,Thepromptfor3Dvideoobjectdetection.,204.138,540.788,236.267,550.751,NimbusRomNo9L-Regu,9.963
iclr-2026-3c7fde53bdb5,ICLR,oral,figure,Figure 1,2,main,"OverallframeworkofIT,aninformation-theoreticadaptivevideotokenizer.Anencoder",108.0,306.72,145.355,316.683,NimbusRomNo9L-Regu,9.963
iclr-2026-3c7fde53bdb5,ICLR,oral,table,Table 1,7,main,Evaluationoffixed-lengthandadaptivetokenizersonTokenBenchandDAVIS.WecompareIT,107.691,81.722,139.178,91.685,NimbusRomNo9L-Regu,9.963
iclr-2026-3c7fde53bdb5,ICLR,oral,figure,Figure 2,7,main,Reconstructionsexamplesofvideowithdifferentcomplexitiesusingdifferenttokenizers.I-,108.0,394.361,145.324,404.324,NimbusRomNo9L-Regu,9.963
iclr-2026-3c7fde53bdb5,ICLR,oral,figure,Figure 3,8,main,ReconstructionsexamplesofvideobyIT-Flexwithdifferentcompressionrates.,129.464,244.483,165.718,254.446,NimbusRomNo9L-Regu,9.963
iclr-2026-3c7fde53bdb5,ICLR,oral,figure,Figure 4,8,main,"VideotokenizationperformanceofIT-Flex,IT,andElasticTokonTokenBench",108.0,454.139,145.883,464.102,NimbusRomNo9L-Regu,9.963
iclr-2026-3c7fde53bdb5,ICLR,oral,table,Table 2,9,main,AblationonITversusanoptimalsearch-basedstrategytodeterminethetokenlengths.,107.691,71.759,141.723,81.722,NimbusRomNo9L-Regu,9.963
iclr-2026-3c7fde53bdb5,ICLR,oral,table,Table 3,9,main,AblationresultsonTokenBenchwithanaverageBPP=0.56.(Left)Ablationonadaptive,107.691,366.057,141.723,376.02,NimbusRomNo9L-Regu,9.963
iclr-2026-3c7fde53bdb5,ICLR,oral,figure,Figure 5,15,appendix,Thevideostartswithabrowndogsleepingontheground.Thevideoisstableandmore,108.0,647.968,144.928,657.931,NimbusRomNo9L-Regu,9.963
iclr-2026-3c7fde53bdb5,ICLR,oral,figure,Figure 6,16,appendix,Thevideobeginswithawideshotofaworkspace.Thecameraishighlydynamicasthe,108.0,608.396,144.82,618.359,NimbusRomNo9L-Regu,9.963
iclr-2026-3c7fde53bdb5,ICLR,oral,table,Table 4,22,appendix,ArchitectureConfiguration.,233.174,81.722,265.303,91.685,NimbusRomNo9L-Regu,9.963
iclr-2026-3c7fde53bdb5,ICLR,oral,table,Table 5,23,appendix,ComparisonofCosmosArchwithandwith-Table6:Inferencelatencycomparisonacrossdiffer-,107.691,81.722,139.346,91.685,NimbusRomNo9L-Regu,9.963
iclr-2026-3c7fde53bdb5,ICLR,oral,table,Table 6,23,appendix,Inferencelatencycomparisonacrossdiffer-,313.613,81.722,345.969,91.685,NimbusRomNo9L-Regu,9.963
iclr-2026-3f0f7132b565,ICLR,oral,figure,Figure 1,2,main,ComparisonofLSTandBaselineonHellaSwagstorycompletionundertwoexperimental,108.0,231.753,144.104,241.716,NimbusRomNo9L-Regu,9.963
iclr-2026-3f0f7132b565,ICLR,oral,figure,Figure 2,3,main,LatentSpeech-TextTransformer(LST).ThemodelencodesBPEtexttokensandHu-,108.0,230.669,144.662,240.632,NimbusRomNo9L-Regu,9.963
iclr-2026-3f0f7132b565,ICLR,oral,figure,Figure 3,4,main,Illustrationsofalignmentandpatchingmethods.,189.752,222.583,226.006,232.546,NimbusRomNo9L-Regu,9.963
iclr-2026-3f0f7132b565,ICLR,oral,figure,Figure 4,5,main,ScalingbehavioronHellaSwag(S→SandT→T.),186.818,241.658,223.072,251.621,NimbusRomNo9L-Regu,9.963
iclr-2026-3f0f7132b565,ICLR,oral,table,Table 1,6,main,SpeechtrainingdatasetswithtotalspeechhoursandtheamountofHuberttokens.,125.05,81.722,157.179,91.685,NimbusRomNo9L-Regu,9.963
iclr-2026-3f0f7132b565,ICLR,oral,table,Table 2,6,main,Evaluationdatasetsforstorycompletion(MC=MultipleChoice).,156.617,346.055,188.746,356.018,NimbusRomNo9L-Regu,9.963
iclr-2026-3f0f7132b565,ICLR,oral,table,Table 3,7,main,MaincomparisonofLSTmodelsandbaselinesunderthesamecomputationbudget,108.0,81.722,141.624,91.685,NimbusRomNo9L-Regu,9.963
iclr-2026-3f0f7132b565,ICLR,oral,table,Table 4,7,main,MaincomparisonofLSTmodelsandbaselinesunderthesamespeech/texttokensscheme.,108.0,227.047,139.701,237.01,NimbusRomNo9L-Regu,9.963
iclr-2026-3f0f7132b565,ICLR,oral,table,Table 5,8,main,"LibriSpeechASR(WER)andTTS(CER)forthe1Bmodel,reportingcontextunitsfor",108.0,81.722,140.986,91.685,NimbusRomNo9L-Regu,9.963
iclr-2026-3f0f7132b565,ICLR,oral,figure,Figure 5,9,main,Visualizationofword-levelspeechpatchembeddingsfromalignmentpatchingmodelson,108.0,216.244,144.184,226.207,NimbusRomNo9L-Regu,9.963
iclr-2026-3f0f7132b565,ICLR,oral,table,Table 6,10,main,Comparisonofpatchingstrategieswithapproximatelymatchedpatchsizes.Staticuses,108.0,81.722,141.096,91.685,NimbusRomNo9L-Regu,9.963
iclr-2026-3f0f7132b565,ICLR,oral,table,Table 7,15,appendix,"Modelarchitectureconfiguration.Eachmoduleisshownwithitsdepth,hiddendimension,",108.0,141.41,140.05,151.373,NimbusRomNo9L-Regu,9.963
iclr-2026-3f0f7132b565,ICLR,oral,table,Table 8,15,appendix,ScalingcomparisonbetweenbaselineSpeechLLMandLSTat1Band7B.,140.218,494.215,172.347,504.178,NimbusRomNo9L-Regu,9.963
iclr-2026-3f0f7132b565,ICLR,oral,table,Table 9,16,appendix,Average(Ave)andstandarddeviation(Std)acrossthreeruns.Each,147.834,81.722,180.76,91.685,NimbusRomNo9L-Regu,9.963
iclr-2026-3f0f7132b565,ICLR,oral,figure,Figure 6,16,appendix,Effectofspeech-to-texttokenratioat200kiterations.ResultsarereportedonHellaSwag,108.0,396.776,144.383,406.739,NimbusRomNo9L-Regu,9.963
iclr-2026-3f0f7132b565,ICLR,oral,table,Table 10,17,appendix,Comparisonofalignedpatchingstrategiesunderaspeech-to-texttokenratioof,117.797,81.722,156.342,91.685,NimbusRomNo9L-Regu,9.963
iclr-2026-3f0f7132b565,ICLR,oral,table,Table 11,17,appendix,EvaluationonoriginalandimprovedSC/TSCTTSsets.,174.923,407.275,212.034,417.238,NimbusRomNo9L-Regu,9.963
iclr-2026-3f0f7132b565,ICLR,oral,table,Table 12,17,appendix,Fine-grainedlexicalandsyntacticevaluation.,195.61,614.523,232.721,624.486,NimbusRomNo9L-Regu,9.963
iclr-2026-3f0f7132b565,ICLR,oral,table,Table 13,18,appendix,Tokenaccountingunderthecompute-controlledsetting.Interleavedspeech–textdata,108.0,167.384,146.426,177.347,NimbusRomNo9L-Regu,9.963
iclr-2026-4019795d726c,ICLR,oral,figure,Figure 1,2,main,"(a):IllustrationofTemporaldependencieswithineachchannel,andchanneldependencies",108.0,203.643,144.015,213.606,NimbusRomNo9L-Regu,9.963
iclr-2026-4019795d726c,ICLR,oral,figure,Figure 2,4,main,IllustrationofattentionandCoreTokenAggregation-Redistribution(CoTAR).Attention,108.0,235.905,144.652,245.868,NimbusRomNo9L-Regu,9.963
iclr-2026-4019795d726c,ICLR,oral,figure,Figure 3,5,main,OverviewofTeCh.MedTSsignalsX∈T×CareembeddedintoTemporalembedding,108.0,231.881,144.314,241.844,NimbusRomNo9L-Regu,9.963
iclr-2026-4019795d726c,ICLR,oral,table,Table 1,6,main,"Theinformationofutilizeddatasets,includingthenumberofsubjects,samples,classes,",108.0,318.585,140.239,328.548,NimbusRomNo9L-Regu,9.963
iclr-2026-4019795d726c,ICLR,oral,table,Table 2,7,main,"ResultsonfiveMedTSdatasets.Thetraining,validation,andtestsetsaredistributed",108.0,81.722,141.096,91.685,NimbusRomNo9L-Regu,9.963
iclr-2026-4019795d726c,ICLR,oral,table,Table 3,8,main,ResultsoftwoHARdatasets.Toevaluatetheperformanceofourmethodongeneraltime,108.0,81.722,139.98,91.685,NimbusRomNo9L-Regu,9.963
iclr-2026-4019795d726c,ICLR,oral,figure,Figure 4,8,main,(a):EfficiencyandEffectivenessanalysisofTeChandotherbaselinesonAPAVAdataset,108.0,544.906,144.304,554.869,NimbusRomNo9L-Regu,9.963
iclr-2026-4019795d726c,ICLR,oral,table,Table 4,9,main,AblationresultoftheproposedDualTokenizationstrategy.WeincludeageneralHuman,108.0,81.722,140.408,91.685,NimbusRomNo9L-Regu,9.963
iclr-2026-4019795d726c,ICLR,oral,table,Table 5,9,main,Ablationresultoftheproposed‘CoreTokenAggregate-Redistribut’(CoTAR)module.(i),108.0,192.328,140.329,202.291,NimbusRomNo9L-Regu,9.963
iclr-2026-4019795d726c,ICLR,oral,figure,Figure 5,10,main,T-SNEvisualizationofthecoretokengeneratedbyCoTARandothertokens.Wevisualize,108.0,268.701,143.806,278.664,NimbusRomNo9L-Regu,9.963
iclr-2026-4019795d726c,ICLR,oral,table,Table 6,19,appendix,"CriticalhyperparametersforTeChbydataset.Welistedthemodeldimension(D),patch",108.0,334.585,140.468,344.548,NimbusRomNo9L-Regu,9.963
iclr-2026-4019795d726c,ICLR,oral,table,Table 7,20,appendix,FullablationresultoftheproposedDualTokenizationstrategy.(i)w/o:Notokenizationis,108.0,81.722,140.03,91.685,NimbusRomNo9L-Regu,9.963
iclr-2026-4019795d726c,ICLR,oral,table,Table 8,20,appendix,Fullablationresultoftheproposed‘CoreTokenAggregate-Redistribut’(CoTAR)module.,108.0,163.037,140.099,173.0,NimbusRomNo9L-Regu,9.963
iclr-2026-4019795d726c,ICLR,oral,table,Table 9,20,appendix,WecompareourTechwithtworepresentativemodelsingeneraltimeseriesanalysisthat,108.0,632.658,140.528,642.621,NimbusRomNo9L-Regu,9.963
iclr-2026-4019795d726c,ICLR,oral,table,Table 10,21,appendix,"Tofurthervalidatethegeneralizability,wefurtherconductafive-foldcross-validation",108.0,81.722,146.187,91.685,NimbusRomNo9L-Regu,9.963
iclr-2026-4019795d726c,ICLR,oral,table,Table 11,21,appendix,Quantitativecomparisonofthecentralizedproperty.Wemeasurecentralizationusing:,108.0,140.819,145.479,150.782,NimbusRomNo9L-Regu,9.963
iclr-2026-4019795d726c,ICLR,oral,table,Table 12,21,appendix,FurthercomparisonwithMedGNN(thelatestMedTSclassifierinWWW2025).,126.101,240.664,163.212,250.627,NimbusRomNo9L-Regu,9.963
iclr-2026-421310926c11,ICLR,oral,figure,Figure 1,2,main,"TheEigenBenchPipeline:StartingwithapopulationofmodelsM={M,...,M},a",108.0,313.15,144.393,323.113,NimbusRomNo9L-Regu,9.963
iclr-2026-421310926c11,ICLR,oral,figure,Figure 2,3,main,Learnedmodeldispositionsvandjudgelensesuina2-dimensionallatentspacefor,108.0,261.403,145.2,271.366,NimbusRomNo9L-Regu,9.963
iclr-2026-421310926c11,ICLR,oral,table,Table 1,4,main,ComparisonofLMElorankingsystems.,207.032,207.392,239.161,217.355,NimbusRomNo9L-Regu,9.963
iclr-2026-421310926c11,ICLR,oral,figure,Figure 3,7,main,"EigenBenchEloscoresforeightmodelsjudgedontheUniversalKindness,Conservatism,",108.0,458.424,144.035,468.387,NimbusRomNo9L-Regu,9.963
iclr-2026-421310926c11,ICLR,oral,table,Table 2,8,main,"EigenBenchEloscoresfortheLovingconstitutionfromMaiyaetal.(2025),onapopulation",108.0,311.059,139.562,321.022,NimbusRomNo9L-Regu,9.963
iclr-2026-421310926c11,ICLR,oral,table,Table 3,9,main,EigenBenchEloscorestestedontheUniversalKindnessconstitutionacrossthreedifferent,108.0,673.75,140.07,683.713,NimbusRomNo9L-Regu,9.963
iclr-2026-421310926c11,ICLR,oral,table,Table 4,10,main,ComparisonofEigenBenchEloscoresontheUniversalKindnessconstitutionforaninitial,108.0,418.832,139.95,428.795,NimbusRomNo9L-Regu,9.963
iclr-2026-421310926c11,ICLR,oral,table,Table 5,13,appendix,ModelsandIDs.,255.325,470.896,287.454,480.859,NimbusRomNo9L-Regu,9.963
iclr-2026-421310926c11,ICLR,oral,figure,Figure 4,16,appendix,"Learneddispositionsvandjudgelensesuina2-dimensionallatentspace,for5×5",108.0,261.403,145.121,271.366,NimbusRomNo9L-Regu,9.963
iclr-2026-421310926c11,ICLR,oral,figure,Figure 5,17,appendix,EigenBenchtrustscoresforapopulationof5LMsx5PersonasontheUniversalKindness,108.0,353.379,143.905,363.342,NimbusRomNo9L-Regu,9.963
iclr-2026-421310926c11,ICLR,oral,table,Table 6,18,appendix,Self-reportedsurveyscoresversusEigenBenchEloscores.Top:surveyscoresarethe,108.0,391.784,141.285,401.747,NimbusRomNo9L-Regu,9.963
iclr-2026-421310926c11,ICLR,oral,figure,Figure 6,18,appendix,Learnedmodeldispositionsvandjudgelensesuina2-dimensionallatentspaceforeight,108.0,622.02,143.786,631.983,NimbusRomNo9L-Regu,9.963
iclr-2026-421310926c11,ICLR,oral,figure,Figure 7,19,appendix,"EigenBenchtrustscoresforsixmodelsjudgedontheUniversalKindnessconstitution,",108.0,329.285,145.091,339.248,NimbusRomNo9L-Regu,9.963
iclr-2026-421310926c11,ICLR,oral,table,Table 7,19,appendix,Comparisonbetweenground-truthGPQAscoresandEigenBenchtrustscoresfor15mod-,108.0,630.469,140.189,640.432,NimbusRomNo9L-Regu,9.963
iclr-2026-421310926c11,ICLR,oral,table,Table 8,21,appendix,Orderbiasandcycleratesforfivejudges.Top:ratescalculatedfromdatacollectedwithout,108.0,262.27,139.93,272.233,NimbusRomNo9L-Regu,9.963
iclr-2026-421310926c11,ICLR,oral,figure,Figure 8,21,appendix,EigenBenchEloscoresfor37modelsjudgedontheUniversalKindnessconstitution.The,108.0,502.983,144.154,512.946,NimbusRomNo9L-Regu,9.963
iclr-2026-421310926c11,ICLR,oral,table,Table 9,22,appendix,ModelsandIDsforLargeModelRun,212.945,481.365,245.074,491.328,NimbusRomNo9L-Regu,9.963
iclr-2026-421310926c11,ICLR,oral,figure,Figure 9,23,appendix,(a)EigenBenchtrustscoreinstabilityanalysis.ThepowerlawfitisgivenbyI=10.758·,108.0,297.704,144.174,307.667,NimbusRomNo9L-Regu,9.963
iclr-2026-421310926c11,ICLR,oral,figure,Figure 10,23,appendix,"EigenBenchEloscoresforthreenon-adversarialpersonasandG=0,1,...,5identical",108.0,550.498,149.385,560.461,NimbusRomNo9L-Regu,9.963
iclr-2026-421310926c11,ICLR,oral,table,Table 10,24,appendix,ConstitutionforUniversalKindness,214.011,177.93,251.122,187.893,NimbusRomNo9L-Regu,9.963
iclr-2026-421310926c11,ICLR,oral,table,Table 11,25,appendix,ConstitutionforDeepEcology,224.606,186.909,261.717,196.872,NimbusRomNo9L-Regu,9.963
iclr-2026-421310926c11,ICLR,oral,table,Table 12,26,appendix,ConstitutionforConservatism,225.692,92.193,262.803,102.156,NimbusRomNo9L-Regu,9.963
iclr-2026-421310926c11,ICLR,oral,table,Table 13,26,appendix,LovingConstitution,245.702,375.346,282.813,385.309,NimbusRomNo9L-Regu,9.963
iclr-2026-421310926c11,ICLR,oral,table,Table 14,27,appendix,"Examplesofscenariosfromthethreedatasetsused:r/AskRedditQuestions,OpenAssis-",108.0,604.586,145.21,614.549,NimbusRomNo9L-Regu,9.963
iclr-2026-421310926c11,ICLR,oral,table,Table 15,28,appendix,Prepromptsdefiningfivenon-adversarialpersonas.Amodelreceivesitsprepromptin,108.0,440.598,146.107,450.561,NimbusRomNo9L-Regu,9.963
iclr-2026-421310926c11,ICLR,oral,table,Table 16,28,appendix,SequenceofmessagessenttoevalueeMtoelicitaresponseR,156.995,572.307,194.106,582.27,NimbusRomNo9L-Regu,9.963
iclr-2026-421310926c11,ICLR,oral,table,Table 17,28,appendix,SequenceofmessagessenttojudgeMtoelicitareflectionR,159.946,703.789,197.057,713.752,NimbusRomNo9L-Regu,9.963
iclr-2026-421310926c11,ICLR,oral,table,Table 18,29,appendix,SequenceofmessagessenttojudgeMforevalueecomparison,159.167,308.608,196.278,318.571,NimbusRomNo9L-Regu,9.963
iclr-2026-49937f5dcda4,ICLR,oral,figure,Figure 1,1,main,"OurParaRNNframeworkmakesitpossibletoapplyclassicalRNNsinparallel,dramati-",108.0,685.531,144.473,695.494,NimbusRomNo9L-Regu,9.963
iclr-2026-49937f5dcda4,ICLR,oral,figure,Figure 2,8,main,"TimingresultsfortheparallelreductionoperationsAlg.1b(left),andthefullparallel",108.0,256.047,145.26,266.01,NimbusRomNo9L-Regu,9.963
iclr-2026-49937f5dcda4,ICLR,oral,figure,Figure 3,8,main,,477.985,687.017,503.998,696.98,NimbusRomNo9L-Regu,9.963
iclr-2026-49937f5dcda4,ICLR,oral,table,Table 1,9,main,Single-layeraccuracyonsynthetictasks.()†denotesresultscomputedtrainingonlythe,108.0,612.141,140.877,622.104,NimbusRomNo9L-Regu,9.963
iclr-2026-49937f5dcda4,ICLR,oral,table,Table 2,10,main,"Perplexity,parameterscount,andevaluationscoresonlm-eval-harness(Gaoetal.,",108.0,81.722,140.548,91.685,NimbusRomNo9L-Regu,9.963
iclr-2026-49937f5dcda4,ICLR,oral,figure,Figure 4,15,appendix,Newton’smethodconvergencebehaviorforParaGRU(top)andParaLSTM(bottom)cells,108.0,700.286,144.154,710.249,NimbusRomNo9L-Regu,9.963
iclr-2026-49937f5dcda4,ICLR,oral,figure,Figure 5,18,appendix,TimingsofdifferentapplicationmodalitiesfortheParaGRU(left)andParaLSTM(right),108.0,271.824,144.423,281.787,NimbusRomNo9L-Regu,9.963
iclr-2026-49937f5dcda4,ICLR,oral,figure,Figure 6,18,appendix,Timingsofdifferentapplicationmodalitiesforafullforwardandbackwardpassofthe,108.0,711.245,144.961,721.208,NimbusRomNo9L-Regu,9.963
iclr-2026-49937f5dcda4,ICLR,oral,figure,Figure 7,19,appendix,"TimingsoftheCUDAimplementationofparallelreduction,fordiagonal(left)and2×2",108.0,271.728,144.393,281.691,NimbusRomNo9L-Regu,9.963
iclr-2026-49937f5dcda4,ICLR,oral,figure,Figure 8,19,appendix,"Timingsoftheimplementationofthefully-fusedkernelforparallelRNNapplication,for",108.0,711.245,144.324,721.208,NimbusRomNo9L-Regu,9.963
iclr-2026-49937f5dcda4,ICLR,oral,table,Table 3,20,appendix,Throughputresultsatregime(L=,325.801,219.605,358.458,229.568,NimbusRomNo9L-Regu,9.963
iclr-2026-49937f5dcda4,ICLR,oral,figure,Figure 9,20,appendix,"PeakGPUmemoryusageuponparallelapplicationoftheParaGRUandParaLSTMcells,",108.0,722.204,144.224,732.167,NimbusRomNo9L-Regu,9.963
iclr-2026-49937f5dcda4,ICLR,oral,figure,Figure 10,21,appendix,SchematicsofRNNblock.,319.533,473.667,360.768,483.63,NimbusRomNo9L-Regu,9.963
iclr-2026-49937f5dcda4,ICLR,oral,table,Table 4,22,appendix,Architecturespecificationsandoptimalhyperparametersforourexperiments.Wereport,108.0,81.722,140.827,91.685,NimbusRomNo9L-Regu,9.963
iclr-2026-49937f5dcda4,ICLR,oral,table,Table 5,22,appendix,Scale-specifictrainingconfigurationsonnodeswith8NVIDIAH100GPUseachAllmod-,108.0,599.07,140.0,609.033,NimbusRomNo9L-Regu,9.963
iclr-2026-49937f5dcda4,ICLR,oral,figure,Figure 11,23,appendix,"Cross-entropylossevolutionforthe7Bmodelsconsidered,evaluatedonthetraining",108.0,242.021,150.261,251.984,NimbusRomNo9L-Regu,9.963
iclr-2026-49937f5dcda4,ICLR,oral,table,Table 6,23,appendix,"Finalperplexities,andevaluationscoresonreferencedownstreamtasksfrom",108.0,526.964,144.543,536.927,NimbusRomNo9L-Regu,9.963
iclr-2026-49937f5dcda4,ICLR,oral,figure,Figure 12,27,appendix,Schematicsdraftingtheevolutionofthetargetblockbi-diagonalsystem(3)asitunder-,108.0,208.284,149.454,218.247,NimbusRomNo9L-Regu,9.963
iclr-2026-49937f5dcda4,ICLR,oral,figure,Figure 13,27,appendix,Schematicsdraftingtheevolutionofthesimplifiedblockbi-diagonalsystemstemming,108.0,645.492,149.674,655.455,NimbusRomNo9L-Regu,9.963
iclr-2026-4d1471a91635,ICLR,oral,figure,Figure 1,1,main,Weintroducethefirstopenbenchmarktoevaluateworldmodelsbyclosed-looptask,108.0,703.099,145.822,713.062,NimbusRomNo9L-Regu,9.963
iclr-2026-4d1471a91635,ICLR,oral,figure,Figure 2,2,main,Tasksuccessratevs.generation,325.801,556.176,363.674,566.139,NimbusRomNo9L-Regu,9.963
iclr-2026-4d1471a91635,ICLR,oral,figure,Figure 3,3,main,"Closed-looponlineplanninginWorld-In-World:Attimestept,theagentreceivesthe",108.0,516.787,145.111,526.75,NimbusRomNo9L-Regu,9.963
iclr-2026-4d1471a91635,ICLR,oral,figure,Figure 4,5,main,"Top-left:ActiveRecognition(AR),theagentneedstoidentifyadesignatedtargetunder",108.0,548.223,144.721,558.186,NimbusRomNo9L-Regu,9.963
iclr-2026-4d1471a91635,ICLR,oral,table,Table 1,7,main,ActiveRecognition(AR)andImage-GoalNavigation(ImageNav)performanceacross,107.691,81.722,141.296,91.685,NimbusRomNo9L-Regu,9.963
iclr-2026-4d1471a91635,ICLR,oral,table,Table 2,7,main,ActiveEmbodiedQuestionAnsweringTable3:Roboticmanipulationperformance,107.691,383.258,140.646,393.221,NimbusRomNo9L-Regu,9.963
iclr-2026-4d1471a91635,ICLR,oral,table,Table 3,7,main,Roboticmanipulationperformance,307.407,383.258,343.421,393.221,NimbusRomNo9L-Regu,9.963
iclr-2026-4d1471a91635,ICLR,oral,figure,Figure 5,8,main,(a)SRvs.generationqualityinAR;generationqualityisscoredastheaverageofan,108.0,236.277,145.609,246.24,NimbusRomNo9L-Regu,9.963
iclr-2026-4d1471a91635,ICLR,oral,figure,Figure 6,8,main,SRvs.seenexamplesduringpost-,128.444,441.99,163.69,451.953,NimbusRomNo9L-Regu,9.963
iclr-2026-4d1471a91635,ICLR,oral,figure,Figure 7,8,main,SRvs.averagenumberofworld-,310.789,444.825,347.079,454.788,NimbusRomNo9L-Regu,9.963
iclr-2026-4d1471a91635,ICLR,oral,table,Table 4,9,main,Post-trainingwithdifferentinputcon-,309.649,276.157,343.234,286.12,NimbusRomNo9L-Regu,9.963
iclr-2026-4d1471a91635,ICLR,oral,table,Table 5,9,main,Effectofworld-modelaugmentationand,297.769,413.642,330.826,423.605,NimbusRomNo9L-Regu,9.963
iclr-2026-4d1471a91635,ICLR,oral,table,Table 6,9,main,Cross-domainpost-training:WMs,321.528,562.085,355.387,572.048,NimbusRomNo9L-Regu,9.963
iclr-2026-4d1471a91635,ICLR,oral,figure,Figure 8,20,appendix,"InAR,theworldmodelsupportsbothqueries(perceptionandplanning).Inthisexample,",108.0,561.02,144.316,570.983,NimbusRomNo9L-Regu,9.963
iclr-2026-4d1471a91635,ICLR,oral,figure,Figure 9,22,appendix,"Overviewofourembodiedclosed-loopevaluationforA-EQA.Foreachquestion,the",108.0,292.738,145.599,302.701,NimbusRomNo9L-Regu,9.963
iclr-2026-4d1471a91635,ICLR,oral,figure,Figure 10,22,appendix,IllustrationoftheSet-of-,349.56,666.735,393.398,676.698,NimbusRomNo9L-Regu,9.963
iclr-2026-4d1471a91635,ICLR,oral,figure,Figure 11,23,appendix,Illustrationoftheauxiliary,349.56,516.149,391.671,526.112,NimbusRomNo9L-Regu,9.963
iclr-2026-4d1471a91635,ICLR,oral,table,Table 7,25,appendix,"TaskperformanceforInternVL3variantswithandwithoutaworldmodel.HigherSR%,",107.691,81.722,140.554,91.685,NimbusRomNo9L-Regu,9.963
iclr-2026-4d1471a91635,ICLR,oral,table,Table 8,26,appendix,"Post-trained(action-conditioned)worldmodelsusedinourexperiments,withrepositories",107.691,539.551,140.045,549.514,NimbusRomNo9L-Regu,9.963
iclr-2026-4d1471a91635,ICLR,oral,table,Table 9,27,appendix,AlltheworldmodelsandtheirdetailsinWorld-In-World.“†”denotespost-trained(action-,107.691,174.696,139.178,184.659,NimbusRomNo9L-Regu,9.963
iclr-2026-4d1471a91635,ICLR,oral,table,Table 10,27,appendix,Post-trainingresourcesfor∼40kdomainclipspermodel.Theprocedureislightweightand,107.691,456.201,144.011,466.164,NimbusRomNo9L-Regu,9.963
iclr-2026-4d1471a91635,ICLR,oral,table,Table 11,28,appendix,Statisticsofthepost-training,345.294,600.009,383.249,609.972,NimbusRomNo9L-Regu,9.963
iclr-2026-4d1471a91635,ICLR,oral,figure,Figure 12,29,appendix,Top-downvisualizationofsampledwaypointsinascene.Red(left)andyellow(right),108.0,476.962,150.101,486.925,NimbusRomNo9L-Regu,9.963
iclr-2026-4d1471a91635,ICLR,oral,figure,Figure 13,30,appendix,Examplesofgoodandbadpredictions.TheactionsequencecontainsonlyForward,108.0,342.949,150.344,352.912,NimbusRomNo9L-Regu,9.963
iclr-2026-4d1471a91635,ICLR,oral,figure,Figure 14,30,appendix,Examplesofgoodandbadpredictions.TheactionsequencecontainsonlyForward,108.0,670.934,150.344,680.897,NimbusRomNo9L-Regu,9.963
iclr-2026-4d1471a91635,ICLR,oral,figure,Figure 15,31,appendix,Additionalexamplesofgoodandbadpredictions.,184.437,383.247,225.672,393.21,NimbusRomNo9L-Regu,9.963
iclr-2026-4d1471a91635,ICLR,oral,figure,Figure 16,31,appendix,Additionalexamplesofgoodandbadpredictions.,184.437,712.564,225.672,722.527,NimbusRomNo9L-Regu,9.963
iclr-2026-4d1471a91635,ICLR,oral,figure,Figure 17,32,appendix,Additionalexamplesofgoodandbadpredictions.,184.437,547.93,225.672,557.893,NimbusRomNo9L-Regu,9.963
iclr-2026-4d1471a91635,ICLR,oral,figure,Figure 18,33,appendix,Additionalexamplesofgoodandbadpredictions.,184.437,572.714,225.672,582.677,NimbusRomNo9L-Regu,9.963
iclr-2026-4d615382a559,ICLR,oral,figure,Figure 1,1,main,FivescenariosinRealPDEBenchwiththecorrespondingreal-worldandsimulateddata.It,108.0,400.585,144.035,410.548,NimbusRomNo9L-Regu,9.963
iclr-2026-4d615382a559,ICLR,oral,figure,Figure 2,5,main,Photosofreal-worlddatacollection.(a)Watertunnelafterlaserirradiation.(b)Particle,108.0,163.993,144.672,173.956,NimbusRomNo9L-Regu,9.963
iclr-2026-4d615382a559,ICLR,oral,table,Table 1,8,main,"ResultsofRMSE,RelL,fRMSE,andUpdateRatio.Differentdatasetshavedifferent",108.0,69.767,140.996,79.73,NimbusRomNo9L-Regu,9.963
iclr-2026-4d615382a559,ICLR,oral,figure,Figure 3,9,main,(a)Frequencyerrorsofbaselines(statisticsof10values)onreal-worldvs.simulateddata,108.0,189.891,144.264,199.854,NimbusRomNo9L-Regu,9.963
iclr-2026-4d615382a559,ICLR,oral,figure,Figure 4,9,main,Trade-offofRMSEandFrequencyEr-,108.0,647.042,144.802,657.005,NimbusRomNo9L-Regu,9.963
iclr-2026-4d615382a559,ICLR,oral,figure,Figure 5,10,main,(a)MVPEsofreal-worldfinetuningunder10-roundautoregressiveevaluationonCylinder.,108.0,232.861,143.826,242.824,NimbusRomNo9L-Regu,9.963
iclr-2026-4d615382a559,ICLR,oral,figure,Figure 6,10,main,"Normalizedlow-,mid-andhigh-frequencyfRMSEonFoil.",167.481,540.669,203.735,550.632,NimbusRomNo9L-Regu,9.963
iclr-2026-4d615382a559,ICLR,oral,table,Table 2,18,appendix,Resultsofothermetrics.Theboldedvaluesarethebest.,172.701,250.244,204.83,260.207,NimbusRomNo9L-Regu,9.963
iclr-2026-4d615382a559,ICLR,oral,table,Table 3,20,appendix,2roundsofautoregressiveevaluation.Theboldedvaluesarethebest.,144.263,141.824,176.392,151.787,NimbusRomNo9L-Regu,9.963
iclr-2026-4d615382a559,ICLR,oral,table,Table 4,21,appendix,3roundsofautoregressiveevaluation.Theboldedvaluesarethebest.,144.263,141.824,176.392,151.787,NimbusRomNo9L-Regu,9.963
iclr-2026-4d615382a559,ICLR,oral,table,Table 5,22,appendix,"1,2,and3roundsofautoregressiveevaluationunderRMSE,relativeLerror,and",108.0,151.769,140.707,161.732,NimbusRomNo9L-Regu,9.963
iclr-2026-4d615382a559,ICLR,oral,figure,Figure 7,23,appendix,Meanvelocityprofileofupredictedbybaselines’10-roundautoregressiveevaluationon,108.0,707.804,144.483,717.767,NimbusRomNo9L-Regu,9.963
iclr-2026-4d615382a559,ICLR,oral,figure,Figure 8,24,appendix,Meanvelocityprofileofvpredictedbybaselines’10-roundautoregressiveevaluationon,108.0,659.002,144.523,668.965,NimbusRomNo9L-Regu,9.963
iclr-2026-4d615382a559,ICLR,oral,table,Table 6,25,appendix,"Low,mid,highfrequencyerror.Theboldedvaluesarethebest.",156.95,204.704,189.079,214.667,NimbusRomNo9L-Regu,9.963
iclr-2026-4d615382a559,ICLR,oral,table,Table 7,26,appendix,Overviewofdatasets.ntrajisthenumberoftrajectories.nframeisthenumberof,108.0,194.491,140.458,204.454,NimbusRomNo9L-Regu,9.963
iclr-2026-4d615382a559,ICLR,oral,figure,Figure 9,28,appendix,SchematicillustrationoftheCirculatingWaterTunnelplatformandthePIVmeasurement,108.0,219.558,144.085,229.521,NimbusRomNo9L-Regu,9.963
iclr-2026-4d615382a559,ICLR,oral,figure,Figure 10,28,appendix,(a)AschematicoftheFSIexperimentalset-up.(b)Theexperimentalsetupwithfree-,108.0,400.564,149.823,410.527,NimbusRomNo9L-Regu,9.963
iclr-2026-4d615382a559,ICLR,oral,table,Table 8,30,appendix,MVPEofsimulateddata(fulltrajectory).,200.128,566.389,232.257,576.352,NimbusRomNo9L-Regu,9.963
iclr-2026-4d615382a559,ICLR,oral,table,Table 9,30,appendix,MVPEofbaselines(200steps).,222.947,650.251,255.076,660.214,NimbusRomNo9L-Regu,9.963
iclr-2026-4d615382a559,ICLR,oral,figure,Figure 11,31,appendix,MeanvelocityprofileofsimulateduonCylinder.,185.037,568.879,226.272,578.842,NimbusRomNo9L-Regu,9.963
iclr-2026-4d615382a559,ICLR,oral,figure,Figure 12,32,appendix,FrequencyanalysisoftheCombustiondataset.(a)Real-worlddata.(b)Simulateddata.,108.433,310.815,149.668,320.778,NimbusRomNo9L-Regu,9.963
iclr-2026-4d615382a559,ICLR,oral,figure,Figure 13,38,appendix,Visualizationofresults(u)onCylinderdataset.,189.282,702.4,230.517,712.363,NimbusRomNo9L-Regu,9.963
iclr-2026-4d615382a559,ICLR,oral,figure,Figure 14,39,appendix,Visualizationofresults(v)onCylinderdataset.,189.54,698.524,230.775,708.487,NimbusRomNo9L-Regu,9.963
iclr-2026-4d615382a559,ICLR,oral,figure,Figure 15,40,appendix,Visualizationofresults(u)onControlledCylinderdataset.,166.727,699.443,207.962,709.406,NimbusRomNo9L-Regu,9.963
iclr-2026-4d615382a559,ICLR,oral,figure,Figure 16,41,appendix,Visualizationofresults(v)onControlledCylinderdataset.,166.985,695.258,208.22,705.221,NimbusRomNo9L-Regu,9.963
iclr-2026-4d615382a559,ICLR,oral,figure,Figure 17,42,appendix,Visualizationofresults(u)onFSIdataset.,199.518,703.111,240.753,713.074,NimbusRomNo9L-Regu,9.963
iclr-2026-4d615382a559,ICLR,oral,figure,Figure 18,43,appendix,Visualizationofresults(v)onFSIdataset.,199.777,703.111,241.012,713.074,NimbusRomNo9L-Regu,9.963
iclr-2026-4d615382a559,ICLR,oral,figure,Figure 19,44,appendix,Visualizationofresults(u)onFoildataset.,198.761,675.093,239.996,685.056,NimbusRomNo9L-Regu,9.963
iclr-2026-4d615382a559,ICLR,oral,figure,Figure 20,45,appendix,Visualizationofresults(v)onFoildataset.,199.019,669.594,240.254,679.557,NimbusRomNo9L-Regu,9.963
iclr-2026-4d615382a559,ICLR,oral,figure,Figure 21,46,appendix,Visualizationofresults(I)onCombustiondataset.,182.728,707.311,223.963,717.274,NimbusRomNo9L-Regu,9.963
iclr-2026-4f0f02a727a0,ICLR,oral,figure,Figure 1,2,main,Processofhyperparametertun-,345.602,736.096,380.965,746.059,NimbusRomNo9L-Regu,9.963
iclr-2026-4f0f02a727a0,ICLR,oral,figure,Figure 2,5,main,TheAutoEPFramework.,236.282,284.258,272.536,294.221,NimbusRomNo9L-Regu,9.963
iclr-2026-4f0f02a727a0,ICLR,oral,figure,Figure 3,6,main,DemonstrationofCoR.,239.699,472.524,275.953,482.487,NimbusRomNo9L-Regu,9.963
iclr-2026-4f0f02a727a0,ICLR,oral,table,Table 1,7,main,ComparisonwithvariousbaselinesonTSP.Opt.gaprepresentsthepercentagegapbetween,107.691,177.974,139.67,187.937,NimbusRomNo9L-Regu,9.963
iclr-2026-4f0f02a727a0,ICLR,oral,table,Table 2,8,main,ComponentablationstudyofAutoEPonTSP.,196.492,365.871,228.621,375.834,NimbusRomNo9L-Regu,9.963
iclr-2026-4f0f02a727a0,ICLR,oral,table,Table 3,8,main,ComparisonofCoRcomponentswithotherreasoningLLMs.,165.648,463.8,197.777,473.763,NimbusRomNo9L-Regu,9.963
iclr-2026-4f0f02a727a0,ICLR,oral,figure,Figure 4,9,main,ComparisonofExperimentalResultsAcrossDifferentLLMs.Thebaselinealgorithmfor,108.0,318.887,144.389,328.85,NimbusRomNo9L-Regu,9.963
iclr-2026-4f0f02a727a0,ICLR,oral,figure,Figure 5,9,main,Comparisonofhyperparametertuning,306.0,564.402,343.375,574.365,NimbusRomNo9L-Regu,9.963
iclr-2026-4f0f02a727a0,ICLR,oral,table,Table 4,9,main,Impactofexperiencepoolsize(L)onperformanceandinferencelatency(TSP-100).,119.284,599.427,151.413,609.39,NimbusRomNo9L-Regu,9.963
iclr-2026-4f0f02a727a0,ICLR,oral,figure,Figure 6,10,main,Visualizationofhyperparameterevolu-,306.0,344.109,343.07,354.072,NimbusRomNo9L-Regu,9.963
iclr-2026-4f0f02a727a0,ICLR,oral,figure,Figure X,11,main,Modularconfigurationforevolutionaryalgorithmsviamultitaskreinforcement,163.441,377.499,182.005,387.462,NimbusRomNo9L-Regu,9.963
iclr-2026-4f0f02a727a0,ICLR,oral,table,Table 5,14,appendix,ComparisonwithvariousbaselinesonCVRP.Opt.gaprepresentsthepercentagegapbetween,107.691,311.588,138.953,321.551,NimbusRomNo9L-Regu,9.963
iclr-2026-4f0f02a727a0,ICLR,oral,table,Table 6,15,appendix,ComparisonwithvariousbaselinesonFSSP.Opt.gaprepresentsthepercentagegapbetween,107.691,81.722,139.259,91.685,NimbusRomNo9L-Regu,9.963
iclr-2026-4f0f02a727a0,ICLR,oral,table,Table 7,15,appendix,ComparisonofUAVTrajectoryOptimizationExperiments.Traj.Lengthisthelengthofthe,107.691,257.651,139.702,267.614,NimbusRomNo9L-Regu,9.963
iclr-2026-4f0f02a727a0,ICLR,oral,figure,Figure 7,15,appendix,GA:PromptforStrategistLLM.,223.032,550.562,259.286,560.525,NimbusRomNo9L-Regu,9.963
iclr-2026-4f0f02a727a0,ICLR,oral,figure,Figure 10,15,appendix,PSO:PromptforStrategistLLM.,217.353,718.763,258.588,728.726,NimbusRomNo9L-Regu,9.963
iclr-2026-4f0f02a727a0,ICLR,oral,figure,Figure 8,16,appendix,GA:PromptforAnalystLLM.,225.034,386.699,261.288,396.662,NimbusRomNo9L-Regu,9.963
iclr-2026-4f0f02a727a0,ICLR,oral,figure,Figure 9,16,appendix,GA:PromptforActuatorLLM.,223.102,638.737,259.356,648.7,NimbusRomNo9L-Regu,9.963
iclr-2026-4f0f02a727a0,ICLR,oral,figure,Figure 11,17,appendix,PSO:PromptforAnalystLLM.,220.601,309.303,261.836,319.266,NimbusRomNo9L-Regu,9.963
iclr-2026-4f0f02a727a0,ICLR,oral,figure,Figure 12,17,appendix,PSO:PromptforActuatorLLM.,218.668,496.775,259.903,506.738,NimbusRomNo9L-Regu,9.963
iclr-2026-4f0f02a727a0,ICLR,oral,figure,Figure 13,17,appendix,ACO:PromptforStrategistLLM.,216.173,718.763,257.408,728.726,NimbusRomNo9L-Regu,9.963
iclr-2026-4f0f02a727a0,ICLR,oral,figure,Figure 14,18,appendix,ACO:PromptforAnalystLLM.,219.42,303.205,260.655,313.168,NimbusRomNo9L-Regu,9.963
iclr-2026-4f0f02a727a0,ICLR,oral,figure,Figure 15,18,appendix,ACO:PromptforActuatorLLM.,217.488,413.597,258.723,423.56,NimbusRomNo9L-Regu,9.963
iclr-2026-4f0f02a727a0,ICLR,oral,table,Table 8,19,appendix,Parameterizationofeachmeta-heuristicalgorithm,185.942,302.111,218.071,312.074,NimbusRomNo9L-Regu,9.963
iclr-2026-62e38d16d6a3,ICLR,oral,figure,Figure 1,1,main,Left:PerformanceofAFwitha7B-scalebackbonebeforeandafterFlow-,108.0,651.861,145.3,661.824,NimbusRomNo9L-Regu,9.963
iclr-2026-62e38d16d6a3,ICLR,oral,figure,Figure 2,3,main,"(a)OverviewofAF,atrainableagenticsystemforin-the-flowplanningandtool",108.0,196.619,143.756,206.582,NimbusRomNo9L-Regu,9.963
iclr-2026-62e38d16d6a3,ICLR,oral,figure,Figure 3,4,main,ComparisonoftwoparadigmsofLLMswithtooluse.(a)Monolithictool-integrated,108.0,207.656,144.692,217.619,NimbusRomNo9L-Regu,9.963
iclr-2026-62e38d16d6a3,ICLR,oral,figure,Figure 4,5,main,"OptimizationforourproposedagenticsystemAF.Givenaqueryq,an",108.0,187.959,145.32,197.922,NimbusRomNo9L-Regu,9.963
iclr-2026-62e38d16d6a3,ICLR,oral,table,Table 1,7,main,Accuracycomparisononsearch-intensiveandagentictasks.7B-BasereferstoQwen-,108.0,260.727,140.388,270.69,NimbusRomNo9L-Regu,9.963
iclr-2026-62e38d16d6a3,ICLR,oral,table,Table 2,7,main,Accuracycomparisonofmathematicalandscientificreasoningtasks.,142.096,500.275,174.225,510.238,NimbusRomNo9L-Regu,9.963
iclr-2026-62e38d16d6a3,ICLR,oral,figure,Figure 5,8,main,"Onecasestudyexample.Initiallyfailedwithrepetitiveerrors(left),AF,",108.0,275.382,145.659,285.345,NimbusRomNo9L-Regu,9.963
iclr-2026-62e38d16d6a3,ICLR,oral,table,Table 3,8,main,PerformancecomparisonofAFacrossdifferenttrainingmethods.,135.765,443.611,167.894,453.574,NimbusRomNo9L-Regu,9.963
iclr-2026-62e38d16d6a3,ICLR,oral,figure,Figure 6,9,main,Flow-GRPOfine-tuningoffersconsistentgainsonFigure7:Averageaccuracy,108.0,173.177,146.994,183.14,NimbusRomNo9L-Regu,9.963
iclr-2026-62e38d16d6a3,ICLR,oral,figure,Figure 7,9,main,Averageaccuracy,374.786,173.177,415.234,183.14,NimbusRomNo9L-Regu,9.963
iclr-2026-62e38d16d6a3,ICLR,oral,table,Table 4,9,main,AverageturnswithincreasedT.,327.844,278.318,359.973,288.281,NimbusRomNo9L-Regu,9.963
iclr-2026-62e38d16d6a3,ICLR,oral,figure,Figure 8,9,main,ToolcallratiochangebyFlow-GRPOfine-tuning.,266.398,514.022,302.403,523.985,NimbusRomNo9L-Regu,9.963
iclr-2026-62e38d16d6a3,ICLR,oral,figure,Figure 9,10,main,TrainingdynamicsandefficiencyofFlow-GRPO.,266.398,186.898,302.572,196.861,NimbusRomNo9L-Regu,9.963
iclr-2026-62e38d16d6a3,ICLR,oral,figure,Figure 10,22,appendix,Toolscalingstudy.AF’sFigure11:ToolcalloptimizationonMusique.,108.0,690.473,149.434,700.436,NimbusRomNo9L-Regu,9.963
iclr-2026-62e38d16d6a3,ICLR,oral,figure,Figure 11,22,appendix,ToolcalloptimizationonMusique.,313.922,690.473,354.898,700.436,NimbusRomNo9L-Regu,9.963
iclr-2026-62e38d16d6a3,ICLR,oral,figure,Figure 12,23,appendix,Flow-GRPOfine-tuningoffersconsistentgainsonAFasthebackbonemodel,108.0,380.976,149.205,390.939,NimbusRomNo9L-Regu,9.963
iclr-2026-64b7228ce25e,ICLR,oral,table,Table 1,2,main,"Information-theoreticcomparisonbetweenstandardandKoopmanrepresentations.Here,",108.0,314.479,140.598,324.442,NimbusRomNo9L-Regu,9.963
iclr-2026-64b7228ce25e,ICLR,oral,figure,Figure 1,5,main,"Information-theoreticKoopmanframework.(a)Structureoverview,(b)Informationdis-",108.0,406.577,144.662,416.54,NimbusRomNo9L-Regu,9.963
iclr-2026-64b7228ce25e,ICLR,oral,table,Table 2,8,main,Performancecomparisonoffivealgorithmsonphysicalsimulationtasks.PFNNisdesigned,108.0,141.538,139.691,151.501,NimbusRomNo9L-Regu,9.963
iclr-2026-64b7228ce25e,ICLR,oral,figure,Figure 2,9,main,EigenvaluecomparisonandmanifoldvisualizationoftheKa´rma´nvortexstreet.Left:,108.0,156.88,145.35,166.843,NimbusRomNo9L-Regu,9.963
iclr-2026-64b7228ce25e,ICLR,oral,figure,Figure 3,9,main,LatentmanifoldsofPlanarvisualizedusinglocallylinearembedding.Thefirstsubfigure,108.0,421.544,144.443,431.507,NimbusRomNo9L-Regu,9.963
iclr-2026-64b7228ce25e,ICLR,oral,figure,Figure 4,9,main,Comparisonofcontinuouspredictionsfortheglobalhumiditystartingfrom2018−01−,108.0,685.886,144.304,695.849,NimbusRomNo9L-Regu,9.963
iclr-2026-64b7228ce25e,ICLR,oral,figure,Figure 5,10,main,Comparisonofpredictionover100rolloutsteps.Thelefttwofiguresshowresultsforthe,108.0,326.252,144.314,336.215,NimbusRomNo9L-Regu,9.963
iclr-2026-64b7228ce25e,ICLR,oral,figure,Figure 6,10,main,Ablationstudyonthependulumtask.Latentmanifoldsarelearnedfromhigh-dimensional,108.0,444.508,143.895,454.471,NimbusRomNo9L-Regu,9.963
iclr-2026-64b7228ce25e,ICLR,oral,table,Table 3,15,appendix,NotationsintheMainText,234.853,195.943,266.982,205.906,NimbusRomNo9L-Regu,9.963
iclr-2026-64b7228ce25e,ICLR,oral,figure,Figure 7,18,appendix,"AVenndiagramillustratingentropy,conditionalentropy,andmutualinformationbetween",108.0,564.436,143.965,574.399,NimbusRomNo9L-Regu,9.963
iclr-2026-64b7228ce25e,ICLR,oral,figure,Figure 8,20,appendix,TheautoregressivestructureofKoopmanrepresentation.Toprow(solidarrows):the,108.0,342.494,145.051,352.457,NimbusRomNo9L-Regu,9.963
iclr-2026-64b7228ce25e,ICLR,oral,figure,Figure 9,26,appendix,SpectralbehavioroftheKoopmanoperatorunderdifferentregimes.Left:Eigenvalues,108.0,209.744,144.941,219.707,NimbusRomNo9L-Regu,9.963
iclr-2026-64b7228ce25e,ICLR,oral,table,Table 4,28,appendix,SpectralinterpretationofinformationcomponentsinKoopmanrepresentation,133.2,582.826,165.329,592.789,NimbusRomNo9L-Regu,9.963
iclr-2026-64b7228ce25e,ICLR,oral,figure,Figure 10,36,appendix,"Examplesofphysicalsimulation:(a).Lorenz63,(b).Ka´rma´nVortex,(c).DamFlow,",108.0,235.009,150.64,244.972,NimbusRomNo9L-Regu,9.963
iclr-2026-64b7228ce25e,ICLR,oral,figure,Figure 11,37,appendix,"Theexamplesofvisualinputs:Planar(left),Pendulum(middle),Cartpole(right).",121.325,191.153,162.56,201.116,NimbusRomNo9L-Regu,9.963
iclr-2026-64b7228ce25e,ICLR,oral,figure,Figure 12,37,appendix,Examplesofropesandsoftrobots.Left:BluenodesdenotetheinitialstatesofRope,108.0,574.837,149.972,584.8,NimbusRomNo9L-Regu,9.963
iclr-2026-64b7228ce25e,ICLR,oral,table,Table 5,38,appendix,"Modelstructuresacrossexperimentalenvironments.Here,Kz+Badenotesacon-",108.0,324.435,141.444,334.398,NimbusRomNo9L-Regu,9.963
iclr-2026-64b7228ce25e,ICLR,oral,figure,Figure 13,39,appendix,Comparisonofsampledspatialdistributionsbasedon100000−stepdataforLorenz63.,108.0,393.925,149.464,403.888,NimbusRomNo9L-Regu,9.963
iclr-2026-64b7228ce25e,ICLR,oral,figure,Figure 14,39,appendix,ComparisonofcontinuouspredictionsfortheKa´rma´nvortexstreetstartingfromt=,108.0,685.886,150.072,695.849,NimbusRomNo9L-Regu,9.963
iclr-2026-64b7228ce25e,ICLR,oral,figure,Figure 15,40,appendix,Comparisonofcontinuouspredictionsforthedamflowstartingfromt=5.0s.Ground,108.0,347.386,149.424,357.349,NimbusRomNo9L-Regu,9.963
iclr-2026-64b7228ce25e,ICLR,oral,table,Table 6,41,appendix,Per-channelperformancecomparisononERA5weatherforecasting.N-NRMSEandN-,108.0,97.225,140.618,107.188,NimbusRomNo9L-Regu,9.963
iclr-2026-64b7228ce25e,ICLR,oral,table,Table 7,41,appendix,Trainingtimestatisticsfordifferentmodelsandtasks.Epochtimesarereportedasmean,108.0,559.832,140.588,569.795,NimbusRomNo9L-Regu,9.963
iclr-2026-64b7228ce25e,ICLR,oral,figure,Figure 16,42,appendix,Comparisonofcontinuouspredictionsfortheglobalgeopotentialstartingfrom2018−,108.0,493.696,149.574,503.659,NimbusRomNo9L-Regu,9.963
iclr-2026-64b7228ce25e,ICLR,oral,figure,Figure 17,43,appendix,Comparisonofcontinuouspredictionsfortheglobaltemperaturestartingfrom2018−,108.0,493.696,149.693,503.659,NimbusRomNo9L-Regu,9.963
iclr-2026-64b7228ce25e,ICLR,oral,figure,Figure 18,44,appendix,Comparisonofcontinuouspredictionsfortheglobalu−directionwindstartingfrom,108.0,493.696,150.391,503.659,NimbusRomNo9L-Regu,9.963
iclr-2026-64b7228ce25e,ICLR,oral,figure,Figure 19,45,appendix,Comparisonofcontinuouspredictionsfortheglobalv−directionwindstartingfrom,108.0,493.696,150.431,503.659,NimbusRomNo9L-Regu,9.963
iclr-2026-64b7228ce25e,ICLR,oral,figure,Figure 20,46,appendix,Comparisonbetweenγ=0.0andγ=0.5onthephysicalsimulationtaskwithlatent,108.0,617.428,149.763,627.391,NimbusRomNo9L-Regu,9.963
iclr-2026-64b7228ce25e,ICLR,oral,figure,Figure 21,47,appendix,VisualizationofthevonNeumannentropyregularizationlossandthetotaltrainingloss,108.0,450.61,149.474,460.573,NimbusRomNo9L-Regu,9.963
iclr-2026-64b7228ce25e,ICLR,oral,table,Table 8,48,appendix,PercentagetoGoal(%)fordifferentalgorithmsundernoisyrollout.Ahighervalueindi-,108.0,107.002,140.558,116.965,NimbusRomNo9L-Regu,9.963
iclr-2026-64b7228ce25e,ICLR,oral,table,Table 9,48,appendix,PercentagetoGoal(%)fordifferentalgorithmsundernoiselessrollouts.,144.363,229.684,176.492,239.647,NimbusRomNo9L-Regu,9.963
iclr-2026-64b7228ce25e,ICLR,oral,figure,Figure 22,48,appendix,Comparisonofgroundtruthandourpredictionsovertimeforropeandsoft-bodydynam-,108.0,628.792,148.946,638.755,NimbusRomNo9L-Regu,9.963
iclr-2026-64b7228ce25e,ICLR,oral,table,Table 10,49,appendix,ModelarchitectureforKa´rma´nVortexandDamFlowtaskwithinputdimension,108.0,106.006,147.661,115.969,NimbusRomNo9L-Regu,9.963
iclr-2026-64b7228ce25e,ICLR,oral,table,Table 11,49,appendix,"ModelarchitectureforERA5taskwithinputdimension(C,H,W),whereCdenotesthe",108.0,324.399,145.121,334.362,NimbusRomNo9L-Regu,9.963
iclr-2026-64b7228ce25e,ICLR,oral,table,Table 12,49,appendix,"Hyperparametersettingsacrossphysicalsimulations,visualinputs,andgraph-structured",108.0,562.333,145.4,572.296,NimbusRomNo9L-Regu,9.963
iclr-2026-6962fe3d904f,ICLR,oral,figure,Figure 1,2,main,(a)Long-rangeregulatoryinteractionsthroughchromatinlooping.(b)Currentlong-,108.0,297.056,146.087,307.019,NimbusRomNo9L-Regu,9.963
iclr-2026-6962fe3d904f,ICLR,oral,figure,Figure 2,4,main,Shorteninginputlengthattesttime.,325.801,279.829,361.281,289.792,NimbusRomNo9L-Regu,9.963
iclr-2026-6962fe3d904f,ICLR,oral,figure,Figure 3,4,main,TheSCM.,424.801,676.24,460.301,686.203,NimbusRomNo9L-Regu,9.963
iclr-2026-6962fe3d904f,ICLR,oral,figure,Figure 4,5,main,ArchitectureofPrism.EpigenomicsignalsSareprocessedbytwoencoders:asignal,108.0,207.032,145.121,216.995,NimbusRomNo9L-Regu,9.963
iclr-2026-6962fe3d904f,ICLR,oral,table,Table 1,8,main,PerformanceonGeneExpressionCAGEPredictionwithStandardDeviationforBothCell,107.691,81.722,139.83,91.685,NimbusRomNo9L-Regu,9.963
iclr-2026-6962fe3d904f,ICLR,oral,table,Table 2,8,main,HyperparametersensitivityanalysisforPrismontheK562cellline.Weevaluatethemodel’s,107.691,248.895,139.031,258.858,NimbusRomNo9L-Regu,9.963
iclr-2026-6962fe3d904f,ICLR,oral,figure,Figure 5,9,main,"Visualizationoflearnedconfounderweights(a,a)forthreesampledgenes.",131.641,269.887,167.895,279.85,NimbusRomNo9L-Regu,9.963
iclr-2026-6962fe3d904f,ICLR,oral,table,Table 3,9,main,Parametercomparisonbetweenmodels.,307.905,377.656,340.034,387.619,NimbusRomNo9L-Regu,9.963
iclr-2026-6962fe3d904f,ICLR,oral,table,Table 4,14,main,"PerformanceofSeq2Exp(Suetal.,2025)whentestingwithshortenedinputsequenceson",107.691,341.491,139.961,351.454,NimbusRomNo9L-Regu,9.963
iclr-2026-6962fe3d904f,ICLR,oral,table,Table 5,15,appendix,"Performancecomparisonwithvaryinginputlengths(left:Seq2Exp(Suetal.,2025),right:",107.691,81.722,139.949,91.685,NimbusRomNo9L-Regu,9.963
iclr-2026-6962fe3d904f,ICLR,oral,table,Table 6,15,appendix,Caduceusperformancewithdifferentepigenomicsignalconfigurations,146.699,204.055,178.828,214.018,NimbusRomNo9L-Regu,9.963
iclr-2026-6962fe3d904f,ICLR,oral,table,Table 7,15,appendix,Performancedegradationfromsignalremoval(trainedwithallsignals),146.849,391.909,178.978,401.872,NimbusRomNo9L-Regu,9.963
iclr-2026-6962fe3d904f,ICLR,oral,table,Table 8,16,appendix,StatisticalSummaryofHi-CLong-RangeInteractionsinK562andGM12878CellLines,110.998,122.407,143.127,132.37,NimbusRomNo9L-Regu,9.963
iclr-2026-6962fe3d904f,ICLR,oral,figure,Figure 6,16,appendix,Arepresentativegenomiclocus(EntrezID:ENSG00000080561)whereDNaseandHi-C,108.0,567.189,144.363,577.152,NimbusRomNo9L-Regu,9.963
iclr-2026-6962fe3d904f,ICLR,oral,table,Table 9,17,appendix,"HyperparametervaluesfollowingSeq2Exp(Suetal.,2025).",167.849,569.958,199.978,579.921,NimbusRomNo9L-Regu,9.963
iclr-2026-6962fe3d904f,ICLR,oral,table,Table 10,19,appendix,Theeffectofpre-training,235.385,81.722,272.496,91.685,NimbusRomNo9L-Regu,9.963
iclr-2026-6962fe3d904f,ICLR,oral,table,Table 11,20,appendix,SingleSignalInput(Caduceusw/signals(2kinput)),182.25,348.593,219.361,358.556,NimbusRomNo9L-Regu,9.963
iclr-2026-6962fe3d904f,ICLR,oral,table,Table 12,20,appendix,EffectofCompositionalSignalInput(Modelswith2kinput),164.661,511.246,201.772,521.209,NimbusRomNo9L-Regu,9.963
iclr-2026-6962fe3d904f,ICLR,oral,table,Table 13,21,appendix,Performanceofmixed-training,224.123,197.984,261.234,207.947,NimbusRomNo9L-Regu,9.963
iclr-2026-6962fe3d904f,ICLR,oral,table,Table 14,21,appendix,PearsonacrossdifferentinputlengthsonK562,192.347,419.624,229.458,429.587,NimbusRomNo9L-Regu,9.963
iclr-2026-6962fe3d904f,ICLR,oral,table,Table 15,22,appendix,PerformanceonH1cellline,229.582,81.722,266.693,91.685,NimbusRomNo9L-Regu,9.963
iclr-2026-6962fe3d904f,ICLR,oral,table,Table 16,22,appendix,Comparisonofdropoutandlearnedweightmethods,181.981,531.942,219.092,541.905,NimbusRomNo9L-Regu,9.963
iclr-2026-6e52571c3da4,ICLR,oral,figure,Figure 1,3,main,"RSworkflow:(1)Auserprovidesdataandprompttothelanguagemodel,which",108.0,678.218,143.614,688.181,NimbusRomNo9L-Regu,9.963
iclr-2026-6e52571c3da4,ICLR,oral,figure,Figure 2,5,main,ConstraineddecodinginRS,306.0,566.308,343.324,576.271,NimbusRomNo9L-Regu,9.963
iclr-2026-6e52571c3da4,ICLR,oral,table,Table 1,7,main,"RunratesforStandard,SC,and",305.691,173.477,338.636,183.44,NimbusRomNo9L-Regu,9.963
iclr-2026-6e52571c3da4,ICLR,oral,table,Table 3,7,main,ComparisonofELPDLOOscoreswithBoxLM(LiWecompareREFINESTAT’sperfor-,107.691,635.175,138.856,645.138,NimbusRomNo9L-Regu,9.963
iclr-2026-6e52571c3da4,ICLR,oral,table,Table 2,8,main,ComparisonofDiagnosticScoresandELPD-LOOforStandardvs.RS,126.555,76.368,158.684,86.331,NimbusRomNo9L-Regu,9.963
iclr-2026-6e52571c3da4,ICLR,oral,table,Table 4,9,main,AblationStudy:ImpactofSemanticValidation,277.968,84.374,310.517,94.337,NimbusRomNo9L-Regu,9.963
iclr-2026-6e52571c3da4,ICLR,oral,table,Table 5,9,main,Run-ratecomparisonwhenusing,333.414,447.469,366.196,457.432,NimbusRomNo9L-Regu,9.963
iclr-2026-6e52571c3da4,ICLR,oral,table,Table 6,9,main,"DiagnosticsandELPD-LOOresultsforNumPyrousingQwen-2.5-Coder–7B,demonstrating",107.691,573.439,138.953,583.402,NimbusRomNo9L-Regu,9.963
iclr-2026-6e52571c3da4,ICLR,oral,table,Table 7,18,appendix,,401.089,132.976,433.219,142.939,NimbusRomNo9L-Regu,9.963
iclr-2026-6e52571c3da4,ICLR,oral,table,Table 8,23,appendix,"ComparisonofItergen,Baseline,andRSVariantswithMultipliers.",133.972,472.137,166.101,482.1,NimbusRomNo9L-Regu,9.963
iclr-2026-6e52571c3da4,ICLR,oral,table,Table 9,24,appendix,ComparisonofDiagnosticScoresandELPD-LOOforRSvariants.,134.291,126.798,166.42,136.761,NimbusRomNo9L-Regu,9.963
iclr-2026-6f113e6f8081,ICLR,oral,figure,Figure 1,2,main,TheframeworkofRevela.Theretriever’sin-batchsimilarityscoresareusedasin-batch,108.0,214.267,143.696,224.23,NimbusRomNo9L-Regu,9.963
iclr-2026-6f113e6f8081,ICLR,oral,figure,Figure 2,4,main,Revela’sarchitecture.Withanat-,306.0,368.021,343.569,377.984,NimbusRomNo9L-Regu,9.963
iclr-2026-6f113e6f8081,ICLR,oral,table,Table 1,7,main,"PerformanceonCoIR(nDCG@10,%).Grayindicatessupervisedmodels.Boldmarks",108.0,83.834,140.199,93.797,NimbusRomNo9L-Regu,9.963
iclr-2026-6f113e6f8081,ICLR,oral,figure,Figure 3,7,main,"PerformanceonBRIGHT(left)andBEIR(right)(nDCG@10,%).Resultsfor",108.0,606.177,146.306,616.14,NimbusRomNo9L-Regu,9.963
iclr-2026-6f113e6f8081,ICLR,oral,table,Table 2,8,main,Revelavs.ContrieverPerformance.,315.911,511.782,348.04,521.745,NimbusRomNo9L-Regu,9.963
iclr-2026-6f113e6f8081,ICLR,oral,figure,Figure 4,9,main,PerformancecomparisononCoIRandBEIRwithdifferentbatchsizes.Forbothbench-,108.0,199.17,144.603,209.133,NimbusRomNo9L-Regu,9.963
iclr-2026-6f113e6f8081,ICLR,oral,figure,Figure 5,9,main,PerformancecomparisononCoIRandBEIRusingvariouscombinationsofretrieversand,108.0,461.471,144.174,471.434,NimbusRomNo9L-Regu,9.963
iclr-2026-6f113e6f8081,ICLR,oral,figure,Figure 6,15,appendix,ExampleoftrainingdynamicsofRevela.Therelatedpatternsinredandpurplese-,108.0,517.575,145.26,527.538,NimbusRomNo9L-Regu,9.963
iclr-2026-6f113e6f8081,ICLR,oral,table,Table 3,16,appendix,CoIRBenchmarkTasks.Thesuperscriptspresentthetypeofthetasks.Theabbreviation,108.0,81.722,140.179,91.685,NimbusRomNo9L-Regu,9.963
iclr-2026-6f113e6f8081,ICLR,oral,table,Table 4,16,appendix,BRIGHTBenchmarkTasks.Abbreviationsanddescriptions.,163.172,304.885,195.301,314.848,NimbusRomNo9L-Regu,9.963
iclr-2026-6f113e6f8081,ICLR,oral,figure,Figure 7,17,appendix,ExampleofonebatchcontainingchunkssplitfromWikipedia:Thisbatchcontainschunks,108.0,461.733,143.875,471.696,NimbusRomNo9L-Regu,9.963
iclr-2026-6f113e6f8081,ICLR,oral,table,Table 5,18,appendix,"Baselineretrievers,LMs(Revela’sbackbone),CodeRAG-Benchdatasets,andevaluation",108.0,81.722,139.94,91.685,NimbusRomNo9L-Regu,9.963
iclr-2026-6f113e6f8081,ICLR,oral,table,Table 6,18,appendix,EmbeddingmodelsandtheirreferenceURLs.,196.81,348.721,228.939,358.684,NimbusRomNo9L-Regu,9.963
iclr-2026-6f113e6f8081,ICLR,oral,table,Table 7,19,appendix,Performanceofunsupervised/self-supervisedretrievermodelsonBEIRdatasets,108.0,81.722,144.344,91.685,NimbusRomNo9L-Regu,9.963
iclr-2026-6f113e6f8081,ICLR,oral,table,Table 8,19,appendix,"PerformanceonBRIGHT(nDCG@10,%).Boldmarksthebestperformance.Theresults",108.0,276.283,139.671,286.246,NimbusRomNo9L-Regu,9.963
iclr-2026-6f113e6f8081,ICLR,oral,table,Table 9,20,appendix,"PerformanceonCoIR(nDCG@10,%).Boldmarksthebestscoreamongthemodels.",117.344,81.722,149.473,91.685,NimbusRomNo9L-Regu,9.963
iclr-2026-6f113e6f8081,ICLR,oral,table,Table 10,20,appendix,Performanceofunsupervised/self-supervisedretrievermodelsonBEIRdatasets,108.0,240.988,148.827,250.951,NimbusRomNo9L-Regu,9.963
iclr-2026-6f113e6f8081,ICLR,oral,table,Table 11,20,appendix,"Retrievalperformance(nDCG@10,%)acrossthe10CoIRtasks.Wereportthreeencoder",108.0,573.325,144.882,583.288,NimbusRomNo9L-Regu,9.963
iclr-2026-6f113e6f8081,ICLR,oral,table,Table 12,21,appendix,"Retrievalperformance(nDCG@10,%)across13BEIRtasksforthreeencodersizesand",108.0,81.722,145.29,91.685,NimbusRomNo9L-Regu,9.963
iclr-2026-6f113e6f8081,ICLR,oral,table,Table 13,21,appendix,"nDCG@10(%)onBEIRforthreemodelsizes(Revela,Revela,Revela),",108.0,343.4,145.429,353.363,NimbusRomNo9L-Regu,9.963
iclr-2026-6f113e6f8081,ICLR,oral,table,Table 14,21,appendix,"nDCG@10(%)onCoIRforthreemodelsizes(Revela,Revela,Revela),",108.0,562.366,145.509,572.329,NimbusRomNo9L-Regu,9.963
iclr-2026-6f113e6f8081,ICLR,oral,table,Table 15,22,appendix,"ComparisonofRevela’sperformance(nDCG@10,%)acrossCoIRbenchmarktasks",108.0,196.066,145.948,206.029,NimbusRomNo9L-Regu,9.963
iclr-2026-6f113e6f8081,ICLR,oral,table,Table 16,22,appendix,"ComparisonofRevela’sperformance(nDCG@10,%)acrossBEIRbenchmarktasks",108.0,394.805,145.858,404.768,NimbusRomNo9L-Regu,9.963
iclr-2026-6f113e6f8081,ICLR,oral,table,Table 17,23,appendix,"ComparisonofRevela’sperformance(nDCG@10,%)acrossCoIRbenchmarktasks",108.0,81.722,145.948,91.685,NimbusRomNo9L-Regu,9.963
iclr-2026-6f113e6f8081,ICLR,oral,table,Table 18,23,appendix,"ComparisonofRevela’sperformance(nDCG@10,%)across13BEIRtasksforthree",108.0,262.764,145.599,272.727,NimbusRomNo9L-Regu,9.963
iclr-2026-6f113e6f8081,ICLR,oral,table,Table 19,23,appendix,"Performance(Accuracy,%)oftheLMbeforeandafterRevelaonvariousbenchmarks.",108.592,551.518,145.703,561.481,NimbusRomNo9L-Regu,9.963
iclr-2026-72f24b2e940f,ICLR,oral,figure,Figure 1,6,main,"ExcessriskratesofResult1asafunctionofnandλ(n,d),withasketchofthecorre-",108.0,267.188,144.901,277.151,NimbusRomNo9L-Regu,9.963
iclr-2026-72f24b2e940f,ICLR,oral,figure,Figure 2,7,main,Comparisonbetweenspectrafromsimulationsandtheoryacrossdifferenttrainingphases.,108.0,275.973,144.035,285.936,NimbusRomNo9L-Regu,9.963
iclr-2026-72f24b2e940f,ICLR,oral,figure,Figure 3,10,main,"Excessriskinsimulations(dots,d=100,200,400,800)versusnon-asymptoticstate",108.0,278.808,145.429,288.771,NimbusRomNo9L-Regu,9.963
iclr-2026-72f24b2e940f,ICLR,oral,figure,Figure 4,18,appendix,"Excessriskratesofresult4forthenoiselesstask(∆=0),thecorrespondingspectral",108.0,270.023,145.041,279.986,NimbusRomNo9L-Regu,9.963
iclr-2026-72f24b2e940f,ICLR,oral,figure,Figure 5,18,appendix,Excessriskinsimulationsversusnon-asymptoticstateevolution(solidlines)asafunction,108.0,494.099,144.025,504.062,NimbusRomNo9L-Regu,9.963
iclr-2026-72f24b2e940f,ICLR,oral,figure,Figure 6,28,appendix,Comparisonbetweenspectrafromsimulationsandtheoryacrossdifferenttrainingphases.,108.0,477.833,144.035,487.796,NimbusRomNo9L-Regu,9.963
iclr-2026-72f24b2e940f,ICLR,oral,figure,Figure 7,28,appendix,Comparisonbetweenspectrafromsimulationsandtheoryacrossdifferenttrainingphases.,108.0,684.405,144.035,694.368,NimbusRomNo9L-Regu,9.963
iclr-2026-72f24b2e940f,ICLR,oral,figure,Figure 8,29,appendix,"(Left)ExcessriskoftheLASSOestimator,asafunctionoftheregularizationstrength",108.0,362.346,145.021,372.309,NimbusRomNo9L-Regu,9.963
iclr-2026-747836133659,ICLR,oral,figure,Figure 1,3,main,OverviewofWDJ.Left:DataCollectionwithquery-basedandenvironment-,108.0,248.883,144.363,258.846,NimbusRomNo9L-Regu,9.963
iclr-2026-747836133659,ICLR,oral,table,Table 1,4,main,Annotationagreementrateswithandwithouttheverifiablerubric.The‘withoutrubric’,108.0,437.74,140.926,447.703,NimbusRomNo9L-Regu,9.963
iclr-2026-747836133659,ICLR,oral,table,Table 2,5,main,Categoriesandtheirrespectivesub-,108.0,180.169,140.807,190.132,NimbusRomNo9L-Regu,9.963
iclr-2026-747836133659,ICLR,oral,figure,Figure 2,5,main,Thedistributionofsub-categoryacross,306.0,356.35,342.672,366.313,NimbusRomNo9L-Regu,9.963
iclr-2026-747836133659,ICLR,oral,table,Table 3,6,main,AgreementRate(%)ofdifferentevaluatorsunderdifferentevaluationparadigms.Thebest,108.0,81.722,140.07,91.685,NimbusRomNo9L-Regu,9.963
iclr-2026-747836133659,ICLR,oral,figure,Figure 3,7,main,AgreementratesofLLMevaluatorsundervariousguidanceprotocols.Wecomparepair-,108.0,692.955,144.413,702.918,NimbusRomNo9L-Regu,9.963
iclr-2026-747836133659,ICLR,oral,table,Table 4,8,main,Impactofobservationformsontheperformanceofmultimodalevaluators.Thenumbersin,108.0,299.281,139.95,309.244,NimbusRomNo9L-Regu,9.963
iclr-2026-747836133659,ICLR,oral,table,Table 5,8,main,"Positionalbiasinpairwisecomparison.Preferenceforspecificposition,consistencyand",108.0,618.965,140.717,628.928,NimbusRomNo9L-Regu,9.963
iclr-2026-747836133659,ICLR,oral,figure,Figure 4,9,main,Anexampleillustratingthefailuretorecognizefunctionalequivalence.Thewebpage,108.0,186.262,145.37,196.225,NimbusRomNo9L-Regu,9.963
iclr-2026-747836133659,ICLR,oral,table,Table 6,9,main,PerformanceontheWebDevJudge-Unit,306.0,516.223,338.996,526.186,NimbusRomNo9L-Regu,9.963
iclr-2026-747836133659,ICLR,oral,table,Table 7,10,main,Performancecomparisonbetweensingle,306.0,264.797,338.289,274.76,NimbusRomNo9L-Regu,9.963
iclr-2026-747836133659,ICLR,oral,table,Table 8,16,appendix,"Overviewofthefilteringpipeline,includingthenumberofinstancesbeforeandafter",108.0,337.629,141.584,347.592,NimbusRomNo9L-Regu,9.963
iclr-2026-747836133659,ICLR,oral,table,Table 9,19,appendix,"Examplesofproblematiccases.Ineachexample,theupperfigureisreferredtoasmodela,",108.0,81.722,139.87,91.685,NimbusRomNo9L-Regu,9.963
iclr-2026-747836133659,ICLR,oral,table,Table 10,19,appendix,Statisticsofthegeneratedrubrictrees.,209.538,610.373,246.649,620.336,NimbusRomNo9L-Regu,9.963
iclr-2026-747836133659,ICLR,oral,table,Table 11,23,appendix,Detailsoftheagentsettings.,229.314,127.525,266.425,137.488,NimbusRomNo9L-Regu,9.963
iclr-2026-747836133659,ICLR,oral,table,Table 12,26,appendix,StatisticsoftheWebDevJudge-Unitdataset.,198.295,242.003,235.406,251.966,NimbusRomNo9L-Regu,9.963
iclr-2026-747836133659,ICLR,oral,table,Table 13,27,appendix,Agreementrate(%)withandwithoutmitigatingthepositionalbias.,150.888,238.095,187.999,248.058,NimbusRomNo9L-Regu,9.963
iclr-2026-747836133659,ICLR,oral,figure,Figure 5,28,appendix,Theconsistencybetweenmodelpredictionsunderpairwisecomparison.,142.804,426.672,179.058,436.635,NimbusRomNo9L-Regu,9.963
iclr-2026-747836133659,ICLR,oral,figure,Figure 6,29,appendix,Theconsistencybetweenmodelpredictionundersingleanswergrading.,142.39,447.757,178.644,457.72,NimbusRomNo9L-Regu,9.963
iclr-2026-747836133659,ICLR,oral,figure,Figure 7,29,appendix,Theinnerpredictionconsistencybetweenmodelpredictionsunderrubricparadigm.,119.287,697.679,155.541,707.642,NimbusRomNo9L-Regu,9.963
iclr-2026-747836133659,ICLR,oral,figure,Figure 8,30,appendix,Theinter-methodconsistencybetweenmodelpredictionsunderrubricparadigmanddirect,108.0,302.829,143.826,312.792,NimbusRomNo9L-Regu,9.963
iclr-2026-747836133659,ICLR,oral,table,Table 14,30,appendix,AgreementRate(%)(withouttie)ofdifferentevaluatorsunderdifferentevaluation,108.0,363.424,147.103,373.387,NimbusRomNo9L-Regu,9.963
iclr-2026-747836133659,ICLR,oral,figure,Figure 9,31,appendix,Examplesoftherubrictreestructurederivedfromdifferentsourceswithcorrespond-,108.0,572.03,145.529,581.993,NimbusRomNo9L-Regu,9.963
iclr-2026-747836133659,ICLR,oral,figure,Figure 10,32,appendix,Failurecasesinfunctionalequivalenceidentification.WhileGPT-4.1correctlyidentifies,108.0,393.668,149.165,403.631,NimbusRomNo9L-Regu,9.963
iclr-2026-747836133659,ICLR,oral,figure,Figure 11,32,appendix,Failurecaseinfeasibilityanalysisduetooperationerror.Theagenticevaluatorfailsto,108.0,633.984,149.624,643.947,NimbusRomNo9L-Regu,9.963
iclr-2026-77178098d85f,ICLR,oral,figure,Figure 1,2,main,"Themaincontributionsofthisworkinclude(A)anovelcomputer-usesabotagebenchmark,",108.0,247.452,143.539,257.415,NimbusRomNo9L-Regu,9.963
iclr-2026-77178098d85f,ICLR,oral,figure,Figure 2,5,main,Baselinemonitoring(blue)canbeimprovedbysplittingthetrajectoryintosmallerchunks.,108.0,197.001,143.921,206.964,NimbusRomNo9L-Regu,9.963
iclr-2026-77178098d85f,ICLR,oral,figure,Figure 3,7,main,Monitor(Claude3.6Sonnet)AUC(top)andTPRatFPR=0.01(bottom)against,108.0,337.016,145.944,346.979,NimbusRomNo9L-Regu,9.963
iclr-2026-77178098d85f,ICLR,oral,figure,Figure 4,8,main,Monitor(Claude3.6Sonnet)AUC(top)andTPRatFPR=0.01(bottom)against,108.0,398.607,145.944,408.57,NimbusRomNo9L-Regu,9.963
iclr-2026-77178098d85f,ICLR,oral,figure,Figure 5,9,main,"MonitorAUCagainstawareattackerswithpartialverbalizationinSHADE-Arena,plotted",108.0,291.347,143.901,301.31,NimbusRomNo9L-Regu,9.963
iclr-2026-77178098d85f,ICLR,oral,figure,Figure 6,16,appendix,Effectofdifferentfeedbackstrategiesonsuspiciousnessratingsforattacker(solid)and,108.0,263.399,145.152,273.362,NimbusRomNo9L-Regu,9.963
iclr-2026-77178098d85f,ICLR,oral,figure,Figure 7,17,appendix,"MonitorAUCandTPRatFPR=0.01forthehierarchical,sequential,andhybrid(µ=0.5)",108.0,282.626,144.092,292.589,NimbusRomNo9L-Regu,9.963
iclr-2026-77178098d85f,ICLR,oral,figure,Figure 8,17,appendix,"MonitorAUCforvarioushybridmonitors,plottedagainstµsuchthat",108.0,585.346,150.466,595.309,NimbusRomNo9L-Regu,9.963
iclr-2026-77178098d85f,ICLR,oral,figure,Figure 9,18,appendix,MonitorAUCforensembles(µ=0.5)oftwohierarchical(left)ortwosequential(right),108.0,231.546,144.612,241.509,NimbusRomNo9L-Regu,9.963
iclr-2026-77178098d85f,ICLR,oral,figure,Figure 10,18,appendix,SequentialmonitoringachieveshigherAUCthanhierarchicalmonitoringonshorter,108.0,608.991,150.853,618.954,NimbusRomNo9L-Regu,9.963
iclr-2026-77178098d85f,ICLR,oral,figure,Figure 11,19,appendix,TheAUCdifferencebetweensequentialandhierarchicalmonitoringvariesacrosstasks,108.0,248.812,149.555,258.775,NimbusRomNo9L-Regu,9.963
iclr-2026-77178098d85f,ICLR,oral,table,Table 1,21,appendix,"Averagetokencounts,approximatedollarcosts,andlatencypertrajectoryformonitor",107.691,416.78,141.184,426.743,NimbusRomNo9L-Regu,9.963
iclr-2026-77178098d85f,ICLR,oral,figure,Figure 12,22,appendix,"MonitorAUCagainstawareattackerswithpartialverbalizationinSHADE-Arena,plotted",108.0,308.948,148.323,318.911,NimbusRomNo9L-Regu,9.963
iclr-2026-77178098d85f,ICLR,oral,figure,Figure 13,22,appendix,"MonitorAUCagainstawareattackerswithpartialverbalizationinSHADE-Arena,plotted",108.0,495.413,148.323,505.376,NimbusRomNo9L-Regu,9.963
iclr-2026-77178098d85f,ICLR,oral,figure,Figure 14,23,appendix,Monitor(Claude3.5Haiku)AUC(left)andTPRatFPR=0.01(right)againstattackers,108.0,310.784,148.293,320.747,NimbusRomNo9L-Regu,9.963
iclr-2026-77178098d85f,ICLR,oral,figure,Figure 15,23,appendix,Monitor(Claude3.5Haiku)AUC(left)andTPRatFPR=0.01(right)againstaware,108.0,592.22,149.823,602.183,NimbusRomNo9L-Regu,9.963
iclr-2026-77178098d85f,ICLR,oral,figure,Figure 16,24,appendix,"MonitorAUCagainstawareattackerswithpartialverbalizationinBashBench,plotted",108.0,217.377,150.019,227.34,NimbusRomNo9L-Regu,9.963
iclr-2026-77178098d85f,ICLR,oral,figure,Figure 17,25,appendix,Monitor(Claude3.6Sonnet)AUCagainstvariousawareattackers(Claude3.6Sonnet)in,108.0,644.476,148.687,654.439,NimbusRomNo9L-Regu,9.963
iclr-2026-77178098d85f,ICLR,oral,figure,Figure 18,26,appendix,Monitor(Claude3.6Sonnet)AUCagainstvariousawareattackers(ClaudeSonnet4,108.0,367.998,150.649,377.961,NimbusRomNo9L-Regu,9.963
iclr-2026-77178098d85f,ICLR,oral,table,Table 2,29,appendix,"Strategiesforevadingchain-of-thoughtmonitoringthroughdeceptivereasoning,alongwith",107.691,648.711,139.477,658.674,NimbusRomNo9L-Regu,9.963
iclr-2026-77178098d85f,ICLR,oral,figure,Figure 19,36,appendix,"Theagent-monitorawarenessdefines2×3=6uniquethreatmodels,eachcorresponding",108.0,240.501,148.371,250.464,NimbusRomNo9L-Regu,9.963
iclr-2026-77178098d85f,ICLR,oral,table,Table 3,40,appendix,TaskpairsforCUA-SHADE-Arena.,216.073,715.46,248.202,725.423,NimbusRomNo9L-Regu,9.963
iclr-2026-77178098d85f,ICLR,oral,figure,Figure 20,50,appendix,Workflowdiagramforthehuman-in-the-loopmonitoringsystem.Theprocessbeginswith,108.0,583.181,148.44,593.144,NimbusRomNo9L-Regu,9.963
iclr-2026-77178098d85f,ICLR,oral,figure,Figure 21,55,appendix,Howtheuserpromptandoverallmonitorverdictaredisplayed.,157.463,634.289,198.698,644.252,NimbusRomNo9L-Regu,9.963
iclr-2026-77178098d85f,ICLR,oral,figure,Figure 22,56,appendix,"Howtheagent’sactions,toolcalls,andtoolcalloutputsaredisplayed.",143.67,365.986,184.905,375.949,NimbusRomNo9L-Regu,9.963
iclr-2026-77178098d85f,ICLR,oral,figure,Figure 23,56,appendix,"Anothersectionofhowtheagent’sactions,toolcalls,andtoolcalloutputsaredisplayed.",108.0,694.055,148.884,704.018,NimbusRomNo9L-Regu,9.963
iclr-2026-7833e39d5371,ICLR,oral,figure,Figure 1,4,main,"IllustrationofourLoRA-Premethod.Inthiswork,weestablishanovelconnection:",108.0,269.912,144.911,279.875,NimbusRomNo9L-Regu,9.963
iclr-2026-7833e39d5371,ICLR,oral,table,Table 1,7,main,Comparisonwithlow-rankalgorithmsonpre-trainingvarioussizesofLlamamodelsonthe,108.0,81.722,139.831,91.685,NimbusRomNo9L-Regu,9.963
iclr-2026-7833e39d5371,ICLR,oral,table,Table 2,8,main,Resultsofmemory-efficientfine-tuningmethods.Wecompareourmethodwitheffi-,108.0,81.722,141.066,91.685,NimbusRomNo9L-Regu,9.963
iclr-2026-7833e39d5371,ICLR,oral,figure,Figure 2,8,main,Rankefficiencycomparisonacrossefficientoptimizationmethods.Perplexityversus,108.0,620.295,144.623,630.258,NimbusRomNo9L-Regu,9.963
iclr-2026-7833e39d5371,ICLR,oral,figure,Figure 3,9,main,TestperplexityforLoRA-PreMuon,313.922,405.346,351.192,415.309,NimbusRomNo9L-Regu,9.963
iclr-2026-7833e39d5371,ICLR,oral,table,Table 3,9,main,Resultsofpre-trainingusingdifferentefficientMuonoptimizers.,151.043,440.606,183.172,450.569,NimbusRomNo9L-Regu,9.963
iclr-2026-7833e39d5371,ICLR,oral,table,Table 4,23,appendix,SensitivityAnalysisofMomentumParametersβ.Wereportthevalidationperplexity,108.0,492.681,140.817,502.644,NimbusRomNo9L-Regu,9.963
iclr-2026-7c24d2356ca5,ICLR,oral,figure,Figure 1,2,main,"OverviewofthePCDframework,whichreframesofflineMOOasaconditional",108.0,289.079,145.669,299.042,NimbusRomNo9L-Regu,9.963
iclr-2026-7c24d2356ca5,ICLR,oral,figure,Figure 2,5,main,Overviewoftheconditioningpointsgenerationprocedure:a)Theobjectivespaceis,108.0,203.281,144.722,213.244,NimbusRomNo9L-Regu,9.963
iclr-2026-7c24d2356ca5,ICLR,oral,table,Table 1,8,main,Averagerank()ofPCDandbaselinemethodsacrossfivetaskcategories.Ranksare,108.0,81.722,141.345,91.685,NimbusRomNo9L-Regu,9.963
iclr-2026-7c24d2356ca5,ICLR,oral,table,Table 2,9,main,Average100thpercentileHV()on5representativetaskswithdifferentdataprocess-,108.0,81.722,141.335,91.685,NimbusRomNo9L-Regu,9.963
iclr-2026-7c24d2356ca5,ICLR,oral,figure,Figure 3,10,main,EffectoftheguidancescaleγonthenormalizedHVratioacrossfiverepresentative,108.0,203.888,144.513,213.851,NimbusRomNo9L-Regu,9.963
iclr-2026-7c24d2356ca5,ICLR,oral,figure,Figure 4,16,appendix,Normalizeddominancenumberdistributionsrevealdatasetqualitydifferences.The,108.0,374.962,144.393,384.925,NimbusRomNo9L-Regu,9.963
iclr-2026-7c24d2356ca5,ICLR,oral,figure,Figure 5,17,appendix,Effectofthereweightingtemperatureτonnormalizedperformance.Forthehigh-,108.0,221.294,144.911,231.257,NimbusRomNo9L-Regu,9.963
iclr-2026-7c24d2356ca5,ICLR,oral,table,Table 3,17,appendix,DefaulthyperparametersforPCDframeworkincludingResidualMLPDenoiserforreweightedtrain-,108.0,545.191,139.88,555.154,NimbusRomNo9L-Regu,9.963
iclr-2026-7c24d2356ca5,ICLR,oral,table,Table 4,18,appendix,Computationalcostcomparison.Wereporttheone-timedatasetreweightingcost(sec-,108.0,306.289,140.618,316.252,NimbusRomNo9L-Regu,9.963
iclr-2026-7c24d2356ca5,ICLR,oral,table,Table 5,19,appendix,Average100thpercentileHV()on5differenttaskscomparingEDMwithstochastic,108.0,138.619,141.425,148.582,NimbusRomNo9L-Regu,9.963
iclr-2026-7c24d2356ca5,ICLR,oral,table,Table 6,19,appendix,Average100thpercentileHypervolume()on5differenttasksusingvaryingnumbersof,108.0,463.438,140.568,473.401,NimbusRomNo9L-Regu,9.963
iclr-2026-7c24d2356ca5,ICLR,oral,figure,Figure 6,20,appendix,Impactofnoisescaleandextrapolationdistanceonconditioningpointgeneration.,108.0,210.749,144.971,220.712,NimbusRomNo9L-Regu,9.963
iclr-2026-7c24d2356ca5,ICLR,oral,table,Table 7,20,appendix,Average100thpercentileHV()comparingRieszs-Energy(default)andDas-Dennis,108.0,423.705,141.584,433.668,NimbusRomNo9L-Regu,9.963
iclr-2026-7c24d2356ca5,ICLR,oral,figure,Figure 7,21,appendix,Hypervolumeratioasafunctionofdenoisingsteps.Performanceremainsconsistent,108.0,221.294,144.852,231.257,NimbusRomNo9L-Regu,9.963
iclr-2026-7c24d2356ca5,ICLR,oral,figure,Figure 8,21,appendix,QualitativeanalysisofPareto-conditioningeffectiveness.Left(MO-Hopper):Onthis,108.0,548.344,144.493,558.307,NimbusRomNo9L-Regu,9.963
iclr-2026-7c24d2356ca5,ICLR,oral,figure,Figure 9,22,appendix,Analysisofthemodel’sabilitytoreconstructtheoriginaldatadistribution.Colors,108.0,318.501,144.862,328.464,NimbusRomNo9L-Regu,9.963
iclr-2026-7c24d2356ca5,ICLR,oral,table,Table 8,23,appendix,Scalabilityanalysisonmany-objectiveDTLZtasks.WereporttherelativeHypervolume,108.0,81.722,139.831,91.685,NimbusRomNo9L-Regu,9.963
iclr-2026-7c24d2356ca5,ICLR,oral,table,Table 9,24,appendix,Average100thpercentilehypervolumeforsynthetictasks(part1),157.538,454.614,189.667,464.577,NimbusRomNo9L-Regu,9.963
iclr-2026-7c24d2356ca5,ICLR,oral,table,Table 10,25,appendix,Average100thpercentilehypervolumeforsynthetictasks(part2),155.047,81.722,192.158,91.685,NimbusRomNo9L-Regu,9.963
iclr-2026-7c24d2356ca5,ICLR,oral,table,Table 11,25,appendix,Average100thpercentilehypervolumeforscientificdesigntasks,156.841,292.922,193.952,302.885,NimbusRomNo9L-Regu,9.963
iclr-2026-7c24d2356ca5,ICLR,oral,table,Table 12,25,appendix,Average100thpercentilehypervolumeforREtasks(part1),166.669,516.938,203.78,526.901,NimbusRomNo9L-Regu,9.963
iclr-2026-7c24d2356ca5,ICLR,oral,table,Table 13,26,appendix,Average100thpercentilehypervolumeforREtasks(part2),166.669,81.722,203.78,91.685,NimbusRomNo9L-Regu,9.963
iclr-2026-7c24d2356ca5,ICLR,oral,table,Table 14,26,appendix,Average100thpercentilehypervolumeforMONAStasks(part1),155.222,251.025,192.333,260.988,NimbusRomNo9L-Regu,9.963
iclr-2026-7c24d2356ca5,ICLR,oral,table,Table 15,26,appendix,Average100thpercentilehypervolumeforMONAStasks(part2),155.222,405.801,192.333,415.764,NimbusRomNo9L-Regu,9.963
iclr-2026-7c24d2356ca5,ICLR,oral,table,Table 16,27,appendix,Average100thpercentilehypervolumeforMORLtasks,174.688,128.815,211.799,138.778,NimbusRomNo9L-Regu,9.963
iclr-2026-7c24d2356ca5,ICLR,oral,table,Table 17,27,appendix,Average75thpercentilehypervolumeforsynthetictasks(part1),157.538,443.336,194.649,453.299,NimbusRomNo9L-Regu,9.963
iclr-2026-7c24d2356ca5,ICLR,oral,table,Table 18,28,appendix,Average75thpercentilehypervolumeforsynthetictasks(part2),157.538,87.828,194.649,97.791,NimbusRomNo9L-Regu,9.963
iclr-2026-7c24d2356ca5,ICLR,oral,table,Table 19,28,appendix,Average75thpercentilehypervolumeforscientificdesigntasks,159.331,307.561,196.442,317.524,NimbusRomNo9L-Regu,9.963
iclr-2026-7c24d2356ca5,ICLR,oral,table,Table 20,28,appendix,Average75thpercentilehypervolumeforREtasks(part1),169.159,540.109,206.27,550.072,NimbusRomNo9L-Regu,9.963
iclr-2026-7c24d2356ca5,ICLR,oral,table,Table 21,29,appendix,Average75thpercentilehypervolumeforREtasks(part2),169.159,114.763,206.27,124.726,NimbusRomNo9L-Regu,9.963
iclr-2026-7c24d2356ca5,ICLR,oral,table,Table 22,29,appendix,Average75thpercentilehypervolumeforMONAStasks(part1),157.712,347.396,194.823,357.359,NimbusRomNo9L-Regu,9.963
iclr-2026-7c24d2356ca5,ICLR,oral,table,Table 23,29,appendix,Average75thpercentilehypervolumeforMONAStasks(part2),157.712,564.269,194.823,574.232,NimbusRomNo9L-Regu,9.963
iclr-2026-7c24d2356ca5,ICLR,oral,table,Table 24,30,appendix,Average75thpercentilehypervolumeforMORLtasks,177.179,128.815,214.29,138.778,NimbusRomNo9L-Regu,9.963
iclr-2026-7c24d2356ca5,ICLR,oral,table,Table 25,30,appendix,Average50thpercentilehypervolumeforsynthetictasks(part1),157.538,443.336,194.649,453.299,NimbusRomNo9L-Regu,9.963
iclr-2026-7c24d2356ca5,ICLR,oral,table,Table 26,31,appendix,Average50thpercentilehypervolumeforsynthetictasks(part2),157.538,87.828,194.649,97.791,NimbusRomNo9L-Regu,9.963
iclr-2026-7c24d2356ca5,ICLR,oral,table,Table 27,31,appendix,Average50thpercentilehypervolumeforscientificdesigntasks,159.331,307.561,196.442,317.524,NimbusRomNo9L-Regu,9.963
iclr-2026-7c24d2356ca5,ICLR,oral,table,Table 28,31,appendix,Average50thpercentilehypervolumeforREtasks(part1),169.159,540.109,206.27,550.072,NimbusRomNo9L-Regu,9.963
iclr-2026-7c24d2356ca5,ICLR,oral,table,Table 29,32,appendix,Average50thpercentilehypervolumeforREtasks(part2),169.159,114.34,206.27,124.303,NimbusRomNo9L-Regu,9.963
iclr-2026-7c24d2356ca5,ICLR,oral,table,Table 30,32,appendix,Average50thpercentilehypervolumeforMONAStasks(part1),157.712,348.664,194.823,358.627,NimbusRomNo9L-Regu,9.963
iclr-2026-7c24d2356ca5,ICLR,oral,table,Table 31,32,appendix,Average50thpercentilehypervolumeforMONAStasks(part2),157.712,564.691,194.823,574.654,NimbusRomNo9L-Regu,9.963
iclr-2026-7c24d2356ca5,ICLR,oral,table,Table 32,33,appendix,Average50thpercentilehypervolumeforMORLtasks,177.179,299.539,214.29,309.502,NimbusRomNo9L-Regu,9.963
iclr-2026-7d504a5c8916,ICLR,oral,figure,Figure 1,1,main,Text-to-3DgenerationwithVIST3A.Videomodelsexcelatgeneratinglatentvisualcon-,108.0,424.547,144.005,434.51,NimbusRomNo9L-Regu,9.963
iclr-2026-7d504a5c8916,ICLR,oral,figure,Figure 2,2,main,"Comparisonwithexisting,",353.518,406.408,389.662,416.371,NimbusRomNo9L-Regu,9.963
iclr-2026-7d504a5c8916,ICLR,oral,figure,Figure 3,4,main,"VIST3Aconstructsa3DVAEthroughmodelstitching(top),thenalignsitwithagen-",108.0,289.636,143.875,299.599,NimbusRomNo9L-Regu,9.963
iclr-2026-7d504a5c8916,ICLR,oral,table,Table 1,7,main,QuantitativeresultsonT3BenchandSceneBench.,182.305,81.722,214.434,91.685,NimbusRomNo9L-Regu,9.963
iclr-2026-7d504a5c8916,ICLR,oral,table,Table 2,7,main,QuantitativeresultsonDPG-Bench.Table3:StitchingenhancesNVS.,135.695,184.0,167.824,193.963,NimbusRomNo9L-Regu,9.963
iclr-2026-7d504a5c8916,ICLR,oral,table,Table 3,7,main,StitchingenhancesNVS.,359.461,184.0,391.59,193.963,NimbusRomNo9L-Regu,9.963
iclr-2026-7d504a5c8916,ICLR,oral,table,Table 4,8,main,Userstudyresults.Participantsrankfivemethodsintermsoftextalignmentandvisual,108.0,81.722,140.697,91.685,NimbusRomNo9L-Regu,9.963
iclr-2026-7d504a5c8916,ICLR,oral,figure,Figure 4,8,main,"Qualitativeresultsfor3DGSgeneration.WeshowsamplesfromT3Bench(top),",108.0,638.369,146.007,648.332,NimbusRomNo9L-Regu,9.963
iclr-2026-7d504a5c8916,ICLR,oral,table,Table 5,9,main,Resultsofpointmapreconstructionwithstitchedmodels.,166.445,81.722,198.574,91.685,NimbusRomNo9L-Regu,9.963
iclr-2026-7d504a5c8916,ICLR,oral,figure,Figure 5,9,main,MSEandpointmapqualityon7-Scenesvs.tostitchinglayer.LowerMSEinthe,108.0,280.676,145.519,290.639,NimbusRomNo9L-Regu,9.963
iclr-2026-7d504a5c8916,ICLR,oral,figure,Figure 6,10,main,CKAvisualization.,385.199,269.512,420.915,279.475,NimbusRomNo9L-Regu,9.963
iclr-2026-7d504a5c8916,ICLR,oral,table,Table 6,23,appendix,AblationstudyondirectrewardfinetuningonSceneBench.Wecompare(1)nofinetun-,108.0,81.722,139.89,91.685,NimbusRomNo9L-Regu,9.963
iclr-2026-7d504a5c8916,ICLR,oral,figure,Figure 7,24,appendix,Qualitativecomparisonofdifferentfinetuningstrategies.Pretrainedvideomodel,108.0,529.149,145.768,539.112,NimbusRomNo9L-Regu,9.963
iclr-2026-7d504a5c8916,ICLR,oral,figure,Figure 8,25,appendix,PointmapestimationperformancecomparisononETH3Ddatasetbetweenthe,108.0,272.794,146.486,282.757,NimbusRomNo9L-Regu,9.963
iclr-2026-7d504a5c8916,ICLR,oral,figure,Figure 9,26,appendix,Viewpointcontrolin3DGSgenerationwithprompts.(Top)Thepromptcontaining,108.0,275.839,145.061,285.802,NimbusRomNo9L-Regu,9.963
iclr-2026-7d504a5c8916,ICLR,oral,table,Table 7,26,appendix,Videogenerationperformancecomparisonbetweentheoriginalvideogeneratorand,108.0,331.696,140.339,341.659,NimbusRomNo9L-Regu,9.963
iclr-2026-7d504a5c8916,ICLR,oral,figure,Figure 10,27,appendix,Log-MSEvaluesinEq.2acrossvariousvideoVAEs.Earlylayersoffeedforward,108.0,401.619,150.202,411.582,NimbusRomNo9L-Regu,9.963
iclr-2026-7d504a5c8916,ICLR,oral,figure,Figure 11,28,appendix,Qualitativecomparisonof3DGSgeneration.Thetoptworowsshowsamplesfrom,108.0,682.483,149.883,692.446,NimbusRomNo9L-Regu,9.963
iclr-2026-7d504a5c8916,ICLR,oral,figure,Figure 12,29,appendix,Qualitativecomparisonof3DGSgenerationonSceneBench.VIST3Aoutperforms,108.0,374.634,149.843,384.597,NimbusRomNo9L-Regu,9.963
iclr-2026-7d504a5c8916,ICLR,oral,figure,Figure 13,29,appendix,Generated3DscenesfromVIST3A:Wan+AnySplat.Theseare3DGSvieweddi-,108.0,680.483,149.803,690.446,NimbusRomNo9L-Regu,9.963
iclr-2026-7d504a5c8916,ICLR,oral,figure,Figure 14,30,appendix,"Qualitativeresultsontext-to-poinmapgeneration.ByintegratingVGGT,VIST3A",108.0,675.747,150.042,685.71,NimbusRomNo9L-Regu,9.963
iclr-2026-7d504a5c8916,ICLR,oral,figure,Figure 15,31,appendix,Qualitativecomparisonof3DGSgenerationonSceneBench-VISTA:,108.0,366.317,154.485,376.28,NimbusRomNo9L-Regu,9.963
iclr-2026-7d504a5c8916,ICLR,oral,figure,Figure 16,31,appendix,Generated3DscenesfromVIST3A:Wan+AnySplatbtextendingthenumberof,108.0,682.065,149.743,692.028,NimbusRomNo9L-Regu,9.963
iclr-2026-7f071490c87d,ICLR,oral,figure,Figure 1,7,main,Dotsrepresenttruesamplesfromthe,306.0,298.655,343.975,308.618,NimbusRomNo9L-Regu,9.963
iclr-2026-7f071490c87d,ICLR,oral,table,Table 1,7,main,"NLLandCDatt∈{0.25,0.75}.",326.764,431.929,358.893,441.892,NimbusRomNo9L-Regu,9.963
iclr-2026-7f071490c87d,ICLR,oral,table,Table 2,8,main,AveragesurrogateCancerrewardTrue,107.691,91.685,141.784,101.648,NimbusRomNo9L-Regu,9.963
iclr-2026-7f071490c87d,ICLR,oral,figure,Figure 2,8,main,Pvs.λforgroundtruthpolicies,315.389,208.659,350.752,218.622,NimbusRomNo9L-Regu,9.963
iclr-2026-7f071490c87d,ICLR,oral,table,Table 3,8,main,Averagesurro-,384.89,583.969,423.79,593.932,NimbusRomNo9L-Regu,9.963
iclr-2026-7f071490c87d,ICLR,oral,table,Table 4,9,main,Averagesurrogate,384.89,132.969,419.999,142.932,NimbusRomNo9L-Regu,9.963
iclr-2026-7f071490c87d,ICLR,oral,table,Table 5,9,main,MSEofsurro-r46,107.691,557.321,144.904,567.284,NimbusRomNo9L-Regu,9.963
iclr-2026-7f071490c87d,ICLR,oral,figure,Figure 3,9,main,Central80%predictionintervalsfromHTIsurrogates,242.639,685.886,279.994,695.849,NimbusRomNo9L-Regu,9.963
iclr-2026-7f071490c87d,ICLR,oral,table,Table 6,10,main,WDofsurrogate,365.089,83.017,404.822,92.98,NimbusRomNo9L-Regu,9.963
iclr-2026-7f071490c87d,ICLR,oral,table,Table 7,10,main,Gablationsin2Dexperiments.,220.824,390.28,252.953,400.243,NimbusRomNo9L-Regu,9.963
iclr-2026-7f071490c87d,ICLR,oral,figure,Figure 4,16,appendix,Exampleinference-timeadjustmentenabledbyHTI.Weillustratedisparateuserpreferences,108.0,240.068,143.207,250.031,NimbusRomNo9L-Regu,9.963
iclr-2026-7f071490c87d,ICLR,oral,table,Table 8,20,appendix,Hyperparametersforsemicircleexperimentsin§5.1.,183.593,543.004,215.722,552.967,NimbusRomNo9L-Regu,9.963
iclr-2026-7f071490c87d,ICLR,oral,table,Table 9,22,appendix,Hyperparametersforoursurrogatemodelsinthecancertherapyexperimentin§5.2.1and,107.691,613.448,140.25,623.411,NimbusRomNo9L-Regu,9.963
iclr-2026-7f071490c87d,ICLR,oral,table,Table 10,23,appendix,Hyperparametersforthedirectsurrogatemodelinthecancertherapyexperimentin§5.2.1.,107.691,202.26,144.237,212.223,NimbusRomNo9L-Regu,9.963
iclr-2026-7f071490c87d,ICLR,oral,table,Table 11,23,appendix,HyperparametersfortheCFMsurrogatemodelinthecancertreatmentexperimentin,107.691,408.836,146.255,418.799,NimbusRomNo9L-Regu,9.963
iclr-2026-7f071490c87d,ICLR,oral,table,Table 12,24,appendix,HyperparametersfortheMFMsurrogatemodelinthecancertreatmentexperimentin,107.691,257.493,146.093,267.456,NimbusRomNo9L-Regu,9.963
iclr-2026-7f071490c87d,ICLR,oral,table,Table 13,25,appendix,Hyperparametersforreacherexperimentin§5.2.2.,185.122,417.743,222.233,427.706,NimbusRomNo9L-Regu,9.963
iclr-2026-7f071490c87d,ICLR,oral,table,Table 14,26,appendix,HyperparametersforETTexperimentin§5.3.,194.382,491.636,231.493,501.599,NimbusRomNo9L-Regu,9.963
iclr-2026-7f071490c87d,ICLR,oral,table,Table 15,27,appendix,Hyperparametersfordropoutexperimentin§5.4.,188.016,486.445,225.127,496.408,NimbusRomNo9L-Regu,9.963
iclr-2026-7f071490c87d,ICLR,oral,figure,Figure 5,29,appendix,SurrogatemodelrewardinCancer(left)andReacher(right).,157.065,320.055,193.319,330.018,NimbusRomNo9L-Regu,9.963
iclr-2026-7f4352669d70,ICLR,oral,figure,Figure 1,2,main,Aconceptualillustrationhighlightingcharacteristicsofthequotient-spacediffusionmodel,108.0,200.956,143.855,210.919,NimbusRomNo9L-Regu,9.963
iclr-2026-7f4352669d70,ICLR,oral,table,Table 1,3,main,Mechanisticcomparisonamongdiffusionmodelsforhandlingsymmetry.Regarding,108.0,77.737,141.972,87.7,NimbusRomNo9L-Regu,9.963
iclr-2026-7f4352669d70,ICLR,oral,figure,Figure 2,4,main,"Illustrationofmathematicalconcepts,their",286.199,371.06,323.439,381.023,NimbusRomNo9L-Regu,9.963
iclr-2026-7f4352669d70,ICLR,oral,figure,Figure 3,8,main,"Illustrationofdenoising-modellearningtargetusingconventionalequivariantdiffusion,",108.0,156.596,144.941,166.559,NimbusRomNo9L-Regu,9.963
iclr-2026-7f4352669d70,ICLR,oral,table,Table 2,9,main,Theeffectofthequotient-spacediffusionframeworkformolecularstructuregenerationon,108.0,73.752,140.09,83.715,NimbusRomNo9L-Regu,9.963
iclr-2026-7f4352669d70,ICLR,oral,table,Table 3,10,main,Theeffectofthequotient-spacediffusionframeworkforproteinstructuregenerationusing,108.0,73.752,140.09,83.715,NimbusRomNo9L-Regu,9.963
iclr-2026-7f4352669d70,ICLR,oral,table,Table F.2.1,38,appendix,HyperparametersforProte´ınamodel.,206.893,160.488,253.727,170.451,NimbusRomNo9L-Regu,9.963
iclr-2026-7f4352669d70,ICLR,oral,table,Table F.2.2,39,appendix,CompleteperformancecomparisonofthereleasedProte´ınacheckpointsagainstmodels,108.0,344.426,154.575,354.389,NimbusRomNo9L-Regu,9.963
iclr-2026-7f4352669d70,ICLR,oral,table,Table G.1.1,40,appendix,TrainingspeedcomparisononQM9.,206.524,81.722,255.809,91.685,NimbusRomNo9L-Regu,9.963
iclr-2026-7f4352669d70,ICLR,oral,figure,Figure G.1.1,40,appendix,Traininglossvs.trainingepochs.Wefindthatourtrainingisstableinpractice.,120.278,275.972,173.687,285.935,NimbusRomNo9L-Regu,9.963
iclr-2026-7f4352669d70,ICLR,oral,figure,Figure G.3.1,42,appendix,Trainingandsamplingconvergencespeedcomparisonamongdifferentsymmetry,108.0,233.421,162.764,243.384,NimbusRomNo9L-Regu,9.963
iclr-2026-8015e8f6dc9a,ICLR,oral,figure,Figure 1,6,main,2-CMwithtransitionlabelsτ.,322.525,461.009,358.779,470.972,NimbusRomNo9L-Regu,9.963
iclr-2026-8015e8f6dc9a,ICLR,oral,table,Table 1,10,main,"Generalizationaccuracyonthreetestsets(test,test,test)inunary/binary.",132.694,438.484,164.823,448.447,NimbusRomNo9L-Regu,9.963
iclr-2026-8015e8f6dc9a,ICLR,oral,table,Table 2,19,appendix,UnaryandBinaryrepresentationofarithmeticlanguages.Hereisthesetofprimenum-,108.0,401.876,140.289,411.839,NimbusRomNo9L-Regu,9.963
iclr-2026-8015e8f6dc9a,ICLR,oral,table,Table 3,21,appendix,"HyperparametersusedfortrainingLLaMA-styledecoder-onlyTransformersoneachtask,",108.0,499.707,140.0,509.67,NimbusRomNo9L-Regu,9.963
iclr-2026-8148e4ce6cb5,ICLR,oral,table,Table 1,8,main,Averagescoresofeachfine-tuningmethodacrossthreebasemodels,152.577,81.722,184.706,91.685,NimbusRomNo9L-Regu,9.963
iclr-2026-8148e4ce6cb5,ICLR,oral,figure,Figure 1,8,main,AccuracytrendswithtrainingstepsfordifferentmethodsonTruthfulQAandIFEvaltasks,108.0,576.773,144.104,586.736,NimbusRomNo9L-Regu,9.963
iclr-2026-8148e4ce6cb5,ICLR,oral,figure,Figure 2,9,main,Multi-dimensionalnormalizedscoreofTI-DPOcomparedwithotherbaseinstruction,108.0,205.221,145.549,215.184,NimbusRomNo9L-Regu,9.963
iclr-2026-8148e4ce6cb5,ICLR,oral,table,Table 2,9,main,Ablationstudyscores:thefullTI-DPOvs.baseinstructionmodel(Llama-3.2-3B-,108.0,249.034,142.062,258.997,NimbusRomNo9L-Regu,9.963
iclr-2026-8148e4ce6cb5,ICLR,oral,figure,Figure 3,9,main,"Casedemoofresponsestoprompt“Ihaveaheadache,whatshouldIdo?”.Left:Preferred",108.0,691.864,143.826,701.827,NimbusRomNo9L-Regu,9.963
iclr-2026-8148e4ce6cb5,ICLR,oral,figure,Figure 4,10,main,Distributionpatternsofgradient-basedtokenimportanceweightsinsixbenchmarktasks,108.0,367.515,144.553,377.478,NimbusRomNo9L-Regu,9.963
iclr-2026-8148e4ce6cb5,ICLR,oral,table,Table B1,17,appendix,"DistributionofTokenImportanceWeight,PerformanceImprovement,andSample-level",108.0,355.176,147.093,365.139,NimbusRomNo9L-Regu,9.963
iclr-2026-8148e4ce6cb5,ICLR,oral,table,Table B2,19,appendix,TokenImportanceAssignmentofA,213.577,91.027,252.351,100.99,NimbusRomNo9L-Regu,9.963
iclr-2026-8148e4ce6cb5,ICLR,oral,table,Table B3,19,appendix,TokenImportanceAssignmentofB,213.851,177.843,252.625,187.806,NimbusRomNo9L-Regu,9.963
iclr-2026-8148e4ce6cb5,ICLR,oral,table,Table B4,19,appendix,TokenImportanceAssignmentofC,213.851,264.659,252.625,274.622,NimbusRomNo9L-Regu,9.963
iclr-2026-8148e4ce6cb5,ICLR,oral,table,Table B5,19,appendix,LLaMA-3.2-3Bevaluation,231.639,367.098,270.413,377.061,NimbusRomNo9L-Regu,9.963
iclr-2026-8148e4ce6cb5,ICLR,oral,table,Table B6,19,appendix,LLaMA-3.1-8Bevaluation,231.639,557.048,270.413,567.011,NimbusRomNo9L-Regu,9.963
iclr-2026-8148e4ce6cb5,ICLR,oral,table,Table B7,20,appendix,Mistral-7B-v0.3evaluation,231.082,81.722,269.856,91.685,NimbusRomNo9L-Regu,9.963
iclr-2026-8148e4ce6cb5,ICLR,oral,table,Table B8,20,appendix,Accuracyundervaryingnoiselevels.,211.46,256.96,250.234,266.923,NimbusRomNo9L-Regu,9.963
iclr-2026-8148e4ce6cb5,ICLR,oral,table,Table B9,20,appendix,Textgenerationdiversitymetrics.,218.454,398.478,257.228,408.441,NimbusRomNo9L-Regu,9.963
iclr-2026-8148e4ce6cb5,ICLR,oral,table,Table B10,21,appendix,TraininglosscomparisonbetweenDPOandTI-DPOoverepochs.,150.783,81.722,194.539,91.685,NimbusRomNo9L-Regu,9.963
iclr-2026-8148e4ce6cb5,ICLR,oral,table,Table B11,21,appendix,Sensitivityanalysisofλ.,233.302,152.586,277.058,162.549,NimbusRomNo9L-Regu,9.963
iclr-2026-8148e4ce6cb5,ICLR,oral,figure,Figure B1,21,appendix,Casedemoofresponsestoprompt“Iamoverwhelmedbydebt.Whatisthequickestway,108.0,691.864,150.69,701.827,NimbusRomNo9L-Regu,9.963
iclr-2026-8148e4ce6cb5,ICLR,oral,table,Table B12,22,appendix,Sensitivityanalysisofα.TableB13:Hyperparametersettings.,124.102,81.722,167.858,91.685,NimbusRomNo9L-Regu,9.963
iclr-2026-8148e4ce6cb5,ICLR,oral,table,Table B13,22,appendix,Hyperparametersettings.,341.402,81.722,385.158,91.685,NimbusRomNo9L-Regu,9.963
iclr-2026-8148e4ce6cb5,ICLR,oral,figure,Figure B2,22,appendix,Casedemoofresponsestoprompt“Mycodethrowsanindexoutofboundserror.How,108.0,416.702,151.048,426.665,NimbusRomNo9L-Regu,9.963
iclr-2026-82716d8e922b,ICLR,oral,figure,Figure 1,2,main,"OverallframeworkofT3,where(b,a,o)denotetheagent’sinternalbelief,itschosen",108.0,258.688,144.747,268.651,NimbusRomNo9L-Regu,9.963
iclr-2026-82716d8e922b,ICLR,oral,figure,Figure 2,3,main,Overviewofempiricalverificationforkeytheoreticalcomponents(detailsinAppendixC).,108.0,152.945,143.677,162.908,NimbusRomNo9L-Regu,9.963
iclr-2026-82716d8e922b,ICLR,oral,table,Table 1,6,main,Mainresultsacrossactivereasoningtasks(allmetricsarescaledby100).↑indicatesabsolute,107.691,67.322,138.846,77.285,NimbusRomNo9L-Regu,9.963
iclr-2026-82716d8e922b,ICLR,oral,figure,Figure 3,7,main,Trainingdynamicsofrewardsw.r.t.trainingsteps.,186.579,159.983,222.833,169.946,NimbusRomNo9L-Regu,9.963
iclr-2026-82716d8e922b,ICLR,oral,figure,Figure 4,7,main,Trainingdynamicsofresponselengthw.r.t.trainingsteps.,171.043,274.684,207.297,284.647,NimbusRomNo9L-Regu,9.963
iclr-2026-82716d8e922b,ICLR,oral,table,Table 2,8,main,EvaluationsofT3onout-of-distribution,285.89,205.772,321.213,215.735,NimbusRomNo9L-Regu,9.963
iclr-2026-82716d8e922b,ICLR,oral,table,Table 3,8,main,"AblationStudyofTruncationConditionsontheSP,CD,",246.294,527.341,278.337,537.304,NimbusRomNo9L-Regu,9.963
iclr-2026-82716d8e922b,ICLR,oral,figure,Figure 5,9,main,Trainingdynamicsoftheratioofearlytruncationw.r.t.trainingstepsunderdifferent,108.0,177.952,145.711,187.915,NimbusRomNo9L-Regu,9.963
iclr-2026-82716d8e922b,ICLR,oral,figure,Figure 6,10,main,"EffectivenessofT3ondifferentsizes(a,b)andtypes(c)ofLLMarchitectures.The",108.0,185.606,145.65,195.569,NimbusRomNo9L-Regu,9.963
iclr-2026-82716d8e922b,ICLR,oral,figure,Figure 7,25,appendix,EmpiricalvisualizationofAssumption1onthePEtask.Thedashedverticallinemarksthe,108.0,206.342,143.587,216.305,NimbusRomNo9L-Regu,9.963
iclr-2026-82716d8e922b,ICLR,oral,figure,Figure 8,25,appendix,"EmpiricalverificationofTheorem2andCorollary1.(a-b)Withouttruncation,early-token",108.0,563.123,143.802,573.086,NimbusRomNo9L-Regu,9.963
iclr-2026-82716d8e922b,ICLR,oral,figure,Figure 9,26,appendix,Empiricalverificationoftheeffectoffalsepositiveon(a)PEand(b)CDtasks.More,108.0,218.933,145.284,228.896,NimbusRomNo9L-Regu,9.963
iclr-2026-82716d8e922b,ICLR,oral,table,Table 5,27,appendix,Effectofthebinary-similaritythresholdonPEperformance(BinarySim).Allresultsuse,107.691,333.658,140.504,343.621,NimbusRomNo9L-Regu,9.963
iclr-2026-82716d8e922b,ICLR,oral,table,Table 6,27,appendix,Truncationratio(%)underdifferentreference-setsizesSforQwen-2.5-Instructmodels.,107.691,509.285,140.727,519.248,NimbusRomNo9L-Regu,9.963
iclr-2026-82716d8e922b,ICLR,oral,table,Table 7,28,appendix,PerformanceofT3onthePEtaskwithoutaccesstov⋆.Thresholdsεcorrespondtoquantiles,107.691,274.322,138.904,284.285,NimbusRomNo9L-Regu,9.963
iclr-2026-82716d8e922b,ICLR,oral,table,Table 8,28,appendix,AdaptiveT3onthePEdataset.Thethresholdεisupdatedonlinefromtheα-quantileofthe,107.691,645.288,139.217,655.251,NimbusRomNo9L-Regu,9.963
iclr-2026-82716d8e922b,ICLR,oral,table,Table 9,31,appendix,DatasetStatisticsinthiswork.,227.819,118.33,259.948,128.293,NimbusRomNo9L-Regu,9.963
iclr-2026-82716d8e922b,ICLR,oral,figure,Figure 10,32,appendix,PromptTemplateforCircuitDecoding.,206.708,318.104,247.943,328.067,NimbusRomNo9L-Regu,9.963
iclr-2026-82716d8e922b,ICLR,oral,figure,Figure 11,33,appendix,PromptTemplateforSituationPuzzles.,206.703,276.54,247.938,286.503,NimbusRomNo9L-Regu,9.963
iclr-2026-82716d8e922b,ICLR,oral,figure,Figure 12,33,appendix,PromptTemplateforGuessNumbers.,209.478,643.998,250.713,653.961,NimbusRomNo9L-Regu,9.963
iclr-2026-82716d8e922b,ICLR,oral,figure,Figure 13,34,appendix,PromptTemplatefortheJudgeLLMinSituationPuzzles.,169.623,594.15,210.858,604.113,NimbusRomNo9L-Regu,9.963
iclr-2026-82716d8e922b,ICLR,oral,figure,Figure 14,35,appendix,PromptTemplateforPreferenceEstimation.,197.03,370.986,238.265,380.949,NimbusRomNo9L-Regu,9.963
iclr-2026-82716d8e922b,ICLR,oral,figure,Figure 15,35,appendix,PromptTemplateforMovieRecommendation.,191.839,675.322,233.074,685.285,NimbusRomNo9L-Regu,9.963
iclr-2026-87e3cec2f574,ICLR,oral,figure,Figure 1,2,main,Systemmodel:anoisyinputX∼p,306.0,626.751,342.822,636.714,NimbusRomNo9L-Regu,9.963
iclr-2026-87e3cec2f574,ICLR,oral,figure,Figure 2,4,main,SystemarchitectureofTheorem1.,324.217,271.401,360.471,281.364,NimbusRomNo9L-Regu,9.963
iclr-2026-87e3cec2f574,ICLR,oral,figure,Figure 3,5,main,"D(B)(R,C,q,q)ver-",365.398,310.713,401.692,320.676,NimbusRomNo9L-Regu,9.963
iclr-2026-87e3cec2f574,ICLR,oral,figure,Figure 4,6,main,"D(G)(R,C,q,q)ver-",365.398,380.181,401.732,390.144,NimbusRomNo9L-Regu,9.963
iclr-2026-87e3cec2f574,ICLR,oral,figure,Figure 5,8,main,Experimentalarchitecture:astochasticautoencoderwithclassifierandWGANdiscrimi-,108.0,499.321,144.503,509.284,NimbusRomNo9L-Regu,9.963
iclr-2026-87e3cec2f574,ICLR,oral,figure,Figure 6,9,main,Experimentalresults:4×super-resolutiononMNISTanddenoisingonSVHNwithGaus-,108.0,438.344,143.945,448.307,NimbusRomNo9L-Regu,9.963
iclr-2026-87e3cec2f574,ICLR,oral,figure,Figure 7,32,appendix,Theexperimentalresultsof4×imagesuper-resolutionontheMNISTdatasetandimage,108.0,728.817,144.513,738.78,NimbusRomNo9L-Regu,9.963
iclr-2026-87e3cec2f574,ICLR,oral,figure,Figure 8,33,appendix,TheexperimentalresultsofimagedenoisingontheCIFAR-10andImageNetdatasets,108.0,728.584,145.34,738.547,NimbusRomNo9L-Regu,9.963
iclr-2026-87e3cec2f574,ICLR,oral,figure,Figure 9,34,appendix,TheexperimentalresultsofimagedenoisingontheCIFARandImageNetdatasetscor-,108.0,409.944,144.931,419.907,NimbusRomNo9L-Regu,9.963
iclr-2026-87e3cec2f574,ICLR,oral,figure,Figure 10,35,appendix,TheexperimentalresultsofimagedenoisingontheKODAKdatasetcorruptedbyGaus-,108.0,524.145,149.235,534.108,NimbusRomNo9L-Regu,9.963
iclr-2026-87e3cec2f574,ICLR,oral,figure,Figure 11,36,appendix,ExamplesforreconstructionswithdifferentratesofimagedenoisingofKodim01onthe,108.0,352.327,149.255,362.29,NimbusRomNo9L-Regu,9.963
iclr-2026-87e3cec2f574,ICLR,oral,figure,Figure 12,38,appendix,SupervisedinpaintingresultsonSVHNusingloss(27).Higherratesconsistentlyim-,108.0,682.225,149.972,692.188,NimbusRomNo9L-Regu,9.963
iclr-2026-87e3cec2f574,ICLR,oral,figure,Figure 13,39,appendix,"UnsupervisedinpaintingresultsonSVHNusingloss(28).Despitelackingcleantargets,",108.0,681.717,149.195,691.68,NimbusRomNo9L-Regu,9.963
iclr-2026-87e3cec2f574,ICLR,oral,table,Table 1,41,appendix,"Performanceacrossλvaluesfor4×super-resolutiononMNIST(Fig.7(a),Fig.7(b)).",117.209,442.442,149.338,452.405,NimbusRomNo9L-Regu,9.963
iclr-2026-87e3cec2f574,ICLR,oral,table,Table 2,41,appendix,"PerformanceacrossλvaluesfordenoisingonSVHNwithGaussiannoise,N(0,σ2)with",108.0,604.072,140.378,614.035,NimbusRomNo9L-Regu,9.963
iclr-2026-87e3cec2f574,ICLR,oral,table,Table 3,42,appendix,"PerformanceacrossλvaluesfordenoisingonCIFAR-10withGaussiannoise,N(0,σ2)",108.0,82.16,140.777,92.123,NimbusRomNo9L-Regu,9.963
iclr-2026-87e3cec2f574,ICLR,oral,table,Table 4,42,appendix,"PerformanceacrossλvaluesfordenoisingonImageNetwithGaussiannoise,N(0,σ2)",108.0,233.702,140.966,243.665,NimbusRomNo9L-Regu,9.963
iclr-2026-87e3cec2f574,ICLR,oral,table,Table 5,42,appendix,"PerformanceacrossλvaluesfordenoisingonKODAKwithGaussiannoise,N(0,σ2)with",108.0,385.245,139.811,395.208,NimbusRomNo9L-Regu,9.963
iclr-2026-87e3cec2f574,ICLR,oral,table,Table 6,43,appendix,"Networkarchitecturesforautoencoder,discriminator,andclassifierofSectionB.1.",123.247,155.167,155.376,165.13,NimbusRomNo9L-Regu,9.963
iclr-2026-87e3cec2f574,ICLR,oral,table,Table 7,44,appendix,SupervisedinpaintingonSVHNacrossλvalues(Figure12).,167.041,81.722,199.17,91.685,NimbusRomNo9L-Regu,9.963
iclr-2026-87e3cec2f574,ICLR,oral,table,Table 8,44,appendix,UnsupervisedinpaintingonSVHNacrossλvalues(Figure13).,161.785,291.79,193.914,301.753,NimbusRomNo9L-Regu,9.963
iclr-2026-87e3cec2f574,ICLR,oral,table,Table 9,44,appendix,ArchitecturesforSVHNinpaintingwithnbdenotesthenumberoflatentbottleneckchan-,108.0,586.658,140.279,596.621,NimbusRomNo9L-Regu,9.963
iclr-2026-87e3cec2f574,ICLR,oral,table,Table 10,45,appendix,Classifierarchitecture.,241.079,220.965,278.19,230.928,NimbusRomNo9L-Regu,9.963
iclr-2026-87e3cec2f574,ICLR,oral,table,Table 11,45,appendix,MSEdistortionandaccuracyatdifferentratesfor4×imagesuper-resolutiononMNIST,108.0,459.286,145.33,469.249,NimbusRomNo9L-Regu,9.963
iclr-2026-87e3cec2f574,ICLR,oral,table,Table 12,45,appendix,MSEdistortionandaccuracyatdifferentratesfordenoisingonSVHNwithGaussian,108.0,555.048,146.167,565.011,NimbusRomNo9L-Regu,9.963
iclr-2026-87e3cec2f574,ICLR,oral,figure,Figure 14,46,appendix,Experimentalresults:4×super-resolutiononMNIST.Higherratesyieldbetterrecon-,108.0,420.672,149.893,430.635,NimbusRomNo9L-Regu,9.963
iclr-2026-87e3cec2f574,ICLR,oral,figure,Figure 15,46,appendix,Experimentalresults:denoisingonSVHNwithGaussiannoisewithσ=20.Higher,108.0,648.649,149.992,658.612,NimbusRomNo9L-Regu,9.963
iclr-2026-87e3cec2f574,ICLR,oral,figure,Figure 16,47,appendix,"TheRDCfunctionsontheMNISTandSVHNdatasets,togetherwiththeequi-ratelines",108.0,332.921,149.285,342.884,NimbusRomNo9L-Regu,9.963
iclr-2026-87e3cec2f574,ICLR,oral,figure,Figure 17,47,appendix,Closed-formDRCcurvesversusempiricalestimatesforBernoulliandGaussiandistri-,108.0,657.672,149.703,667.635,NimbusRomNo9L-Regu,9.963
iclr-2026-87e3cec2f574,ICLR,oral,figure,Figure 18,48,appendix,Experimentalresults:4×super-resolutiononMNIST.Minimizingtheconditionalen-,108.0,707.804,149.962,717.767,NimbusRomNo9L-Regu,9.963
iclr-2026-87e3cec2f574,ICLR,oral,figure,Figure 19,49,appendix,Experimentalresults:denoisingonSVHNwithGaussiannoisewithσ=20.Minimizing,108.0,265.53,148.797,275.493,NimbusRomNo9L-Regu,9.963
iclr-2026-87e3cec2f574,ICLR,oral,table,Table 13,49,appendix,PerformancevaluesfordenoisingonMouseNucleidataset.,167.052,472.321,204.163,482.284,NimbusRomNo9L-Regu,9.963
iclr-2026-87e3cec2f574,ICLR,oral,table,Table 14,49,appendix,PerformancevaluesontheSIDDdataset.,203.854,614.753,240.965,624.716,NimbusRomNo9L-Regu,9.963
iclr-2026-87e3cec2f574,ICLR,oral,table,Table 15,50,appendix,ComparisonofdenoisingperformanceontheKODAKdatasetwithGaussiannoise,108.0,238.499,146.994,248.462,NimbusRomNo9L-Regu,9.963
iclr-2026-883c05e1e1dc,ICLR,oral,figure,Figure 1,2,main,"IncontrasttothestandardofflinetaskinferencepipelineforBFMs,weexploreanalternative",108.0,199.317,143.138,209.28,NimbusRomNo9L-Regu,9.963
iclr-2026-883c05e1e1dc,ICLR,oral,figure,Figure 2,7,main,Meanrelativeperformanceover10episodesofinteractioninDMC.OpTI-BFMrecovers,108.0,190.35,144.425,200.313,NimbusRomNo9L-Regu,9.963
iclr-2026-883c05e1e1dc,ICLR,oral,figure,Figure 3,7,main,Relativeperformanceafterdifferent#ofenvironmentinteractions.OpTI-BFMisconsis-,108.0,325.387,144.659,335.35,NimbusRomNo9L-Regu,9.963
iclr-2026-883c05e1e1dc,ICLR,oral,figure,Figure 4,8,main,"Relativeperformanceofourmethods,andtheirvariantsthatkeeptaskembeddingsfixed",108.0,183.822,144.659,193.785,NimbusRomNo9L-Regu,9.963
iclr-2026-883c05e1e1dc,ICLR,oral,figure,Figure 5,8,main,HorizontalvelocityofOpTI-BFMinourcustomvelocitytrackingtasksinDMCWalker,108.0,344.598,144.721,354.561,NimbusRomNo9L-Regu,9.963
iclr-2026-883c05e1e1dc,ICLR,oral,figure,Figure 6,9,main,ReturnofOpTI-BFMinDMCCheetahwhenwarm-startingwithni.i.d.labeledstates,108.0,187.562,145.294,197.525,NimbusRomNo9L-Regu,9.963
iclr-2026-883c05e1e1dc,ICLR,oral,table,Table 1,23,appendix,ComputationalcostofOpTI-BFMcomparedtorunningjustthepolicyonanNvidiaRTX,107.691,423.833,140.196,433.796,NimbusRomNo9L-Regu,9.963
iclr-2026-883c05e1e1dc,ICLR,oral,figure,Figure 7,24,appendix,AveragerewardinCheetahatdifferentnumbersofrequestedrewardlabels(#Samples)of,108.0,203.731,144.02,213.694,NimbusRomNo9L-Regu,9.963
iclr-2026-883c05e1e1dc,ICLR,oral,figure,Figure 8,24,appendix,Relativeperformanceafterdifferent#ofenvironmentinteractionsofOpTI-BFMand,108.0,374.438,145.772,384.401,NimbusRomNo9L-Regu,9.963
iclr-2026-883c05e1e1dc,ICLR,oral,figure,Figure 9,25,appendix,"PerformanceandinferencespeedofOpTI-BFM,andagradient-basedvariant(OpTI-BFM",108.0,353.04,143.875,363.003,NimbusRomNo9L-Regu,9.963
iclr-2026-883c05e1e1dc,ICLR,oral,figure,Figure 10,25,appendix,"OpTI-BFMcaninferagoal-reachingtaskintheOGBench(Parketal.,2024a)loconaviga-",108.0,642.839,148.42,652.802,NimbusRomNo9L-Regu,9.963
iclr-2026-883c05e1e1dc,ICLR,oral,figure,Figure 11,26,appendix,PerformanceofOpTI-BFMover10episodesintheCheetahenvironmentwithamismatch,108.0,182.608,148.381,192.571,NimbusRomNo9L-Regu,9.963
iclr-2026-883c05e1e1dc,ICLR,oral,figure,Figure 12,27,appendix,Returnofthe10thepisodeofOracleandOpTI-BFMintheCheetahenvironmentwhen,108.0,189.798,149.7,199.761,NimbusRomNo9L-Regu,9.963
iclr-2026-883c05e1e1dc,ICLR,oral,figure,Figure 13,27,appendix,PerformanceofOpTI-BFMover10episodesintheCheetahenvironmentwhenadding,108.0,510.169,149.906,520.132,NimbusRomNo9L-Regu,9.963
iclr-2026-883c05e1e1dc,ICLR,oral,figure,Figure 14,28,appendix,EpisodeReturnover10episodes(10ksteps)ofinteractioninDMC.,148.263,464.186,189.498,474.149,NimbusRomNo9L-Regu,9.963
iclr-2026-883c05e1e1dc,ICLR,oral,figure,Figure 15,29,appendix,PertaskresultsofFig.3.WeshowabsoluteperformancehereandincludetheOracle,108.0,446.647,150.304,456.61,NimbusRomNo9L-Regu,9.963
iclr-2026-883c05e1e1dc,ICLR,oral,figure,Figure 16,30,appendix,EpisodeReturnover50episodes(50ksteps)ofinteractioninDMCwhenonlyallowing,108.0,436.137,149.421,446.1,NimbusRomNo9L-Regu,9.963
iclr-2026-883c05e1e1dc,ICLR,oral,figure,Figure 17,31,appendix,ReturnofOpTI-BFMwhenwarm-startingwithni.i.d.labeledstatesfromthepre-training,108.0,436.167,148.352,446.13,NimbusRomNo9L-Regu,9.963
iclr-2026-883c05e1e1dc,ICLR,oral,figure,Figure 18,32,appendix,ReturnofOpTI-BFMandOpTI-BFM+grad.thatuserandom-shootingandgradient,108.0,436.167,150.7,446.13,NimbusRomNo9L-Regu,9.963
iclr-2026-883c05e1e1dc,ICLR,oral,figure,Figure 19,33,appendix,AveragerewardofOpTI-BFMatdifferentnumbersofrequestedrewardlabels(#Samples),108.0,439.516,148.284,449.479,NimbusRomNo9L-Regu,9.963
iclr-2026-883c05e1e1dc,ICLR,oral,figure,Figure 20,34,appendix,AveragerewardofOpTI-BFM-TSatdifferentnumbersofrequestedrewardlabels(#,108.0,441.719,150.517,451.682,NimbusRomNo9L-Regu,9.963
iclr-2026-883c05e1e1dc,ICLR,oral,table,Table 2,34,appendix,FBHyper-Parameters.,243.59,466.05,275.719,476.013,NimbusRomNo9L-Regu,9.963
iclr-2026-8da8f79c49d5,ICLR,oral,figure,Figure 1,1,main,"OverviewofPhyWorldBench.Thebenchmarkfollowsastructureddesign,starting",108.0,400.215,144.846,410.178,NimbusRomNo9L-Regu,9.963
iclr-2026-8da8f79c49d5,ICLR,oral,figure,Figure 2,2,main,SuccessratesofvideogenerationmodelsonPhyWorldBench.Amongopen-source,108.0,303.381,144.55,313.344,NimbusRomNo9L-Regu,9.963
iclr-2026-8da8f79c49d5,ICLR,oral,figure,Figure 3,4,main,CreationProcessofPhyWorldBench.Thedatasetisbuiltthroughathree-stagepipeline,108.0,201.083,143.373,211.046,NimbusRomNo9L-Regu,9.963
iclr-2026-8da8f79c49d5,ICLR,oral,figure,Figure 4,4,main,ExampleofThreePromptTypesforaScenario.Thisfigureillustratesascenario,108.0,448.937,145.914,458.9,NimbusRomNo9L-Regu,9.963
iclr-2026-8da8f79c49d5,ICLR,oral,table,Table 1,5,main,StatisticalComparisonwithExistingPhysics-FocusedT2VBenchmarks.Compared,107.691,71.759,140.348,81.722,NimbusRomNo9L-Regu,9.963
iclr-2026-8da8f79c49d5,ICLR,oral,figure,Figure 5,6,main,IllustrationofOurEvaluationMetricandHumanAnnotations.Wedemonstrateour,108.0,330.638,144.649,340.601,NimbusRomNo9L-Regu,9.963
iclr-2026-8da8f79c49d5,ICLR,oral,figure,Figure 6,6,main,Context-awarepromptimprovestheassessmentqualityforGPT-4o.Inthetwo,108.0,566.387,146.117,576.35,NimbusRomNo9L-Regu,9.963
iclr-2026-8da8f79c49d5,ICLR,oral,table,Table 2,7,main,ROC-AUCforautomaticevaluationmethodsandablationonCAP.Rowsnowlistthe,107.691,81.722,140.208,91.685,NimbusRomNo9L-Regu,9.963
iclr-2026-8da8f79c49d5,ICLR,oral,table,Table 3,8,main,Wepresentthehumanevaluationresultsof10videogenerationmodelsacross3physics,107.691,81.722,139.031,91.685,NimbusRomNo9L-Regu,9.963
iclr-2026-8da8f79c49d5,ICLR,oral,table,Table 4,9,main,Physics-followingpercentageondifferenttypesofprompt.Explicitlyaddingphysics,107.691,372.467,140.595,382.43,NimbusRomNo9L-Regu,9.963
iclr-2026-8da8f79c49d5,ICLR,oral,figure,Figure 7,14,appendix,AmazonMechanicalTurkinterface.,209.587,616.171,245.841,626.134,NimbusRomNo9L-Regu,9.963
iclr-2026-8da8f79c49d5,ICLR,oral,table,Table 5,15,appendix,"PrecisionandRecallforautomaticevaluationmethodsandablationonCAP,together",107.691,76.741,139.798,86.704,NimbusRomNo9L-Regu,9.963
iclr-2026-8da8f79c49d5,ICLR,oral,table,Table 6,15,appendix,ROC-AUCImprovementofvariousMLLMforwithourmethodautomaticevaluation,107.691,457.684,139.445,467.647,NimbusRomNo9L-Regu,9.963
iclr-2026-8da8f79c49d5,ICLR,oral,table,Table 7,16,appendix,AutomaticEvaluationresultsfromCAPonproprietaryandopen-sourcevideomodels.,116.283,81.722,148.412,91.685,NimbusRomNo9L-Regu,9.963
iclr-2026-8da8f79c49d5,ICLR,oral,table,Table 8,17,appendix,"Influenceofmodelscaleonphysicsperformance.SAdenotessemanticadherence,PC",107.691,81.722,140.346,91.685,NimbusRomNo9L-Regu,9.963
iclr-2026-8da8f79c49d5,ICLR,oral,table,Table 9,17,appendix,Wepresenttheevaluationresultsof10videogenerationmodelsacross10physics,107.691,197.694,141.123,207.657,NimbusRomNo9L-Regu,9.963
iclr-2026-8da8f79c49d5,ICLR,oral,table,Table 10,18,appendix,FirstpromptforMLLMtogenerateadetaileddescription.,160.477,172.036,197.588,181.999,NimbusRomNo9L-Regu,9.963
iclr-2026-8da8f79c49d5,ICLR,oral,table,Table 11,18,appendix,SecondpromptforMLLMtogeneratethefinalanswer,168.636,278.668,205.747,288.631,NimbusRomNo9L-Regu,9.963
iclr-2026-8da8f79c49d5,ICLR,oral,table,Table 12,18,appendix,MLLMpromptusedtogetdetailedvideogenerationprompts.,153.513,445.075,190.624,455.038,NimbusRomNo9L-Regu,9.963
iclr-2026-8da8f79c49d5,ICLR,oral,table,Table 13,19,appendix,Rationalizationrateamongfailurecases.Valuesrepresentthepercentageoffailedvideos,107.691,81.722,144.849,91.685,NimbusRomNo9L-Regu,9.963
iclr-2026-8da8f79c49d5,ICLR,oral,figure,Figure 8,20,appendix,PhysicsviolationsobservedinvideosgeneratedbytheSora-Turbomodel.a.Ceiling,108.0,569.488,144.514,579.451,NimbusRomNo9L-Regu,9.963
iclr-2026-8da8f79c49d5,ICLR,oral,figure,Figure 9,21,appendix,PhysicsViolationsObservedinVideosGeneratedbytheGen-3Model.a.Buoyremains,108.0,581.834,143.343,591.797,NimbusRomNo9L-Regu,9.963
iclr-2026-8da8f79c49d5,ICLR,oral,figure,Figure 10,22,appendix,PhysicsViolationsObservedinVideosGeneratedbytheKling-1.6Model.a.Glass,108.0,583.614,149.731,593.577,NimbusRomNo9L-Regu,9.963
iclr-2026-8da8f79c49d5,ICLR,oral,figure,Figure 11,23,appendix,PhysicsViolationsObservedinVideosGeneratedbythePika2.0Model.a.Apple,108.0,567.974,150.04,577.937,NimbusRomNo9L-Regu,9.963
iclr-2026-8da8f79c49d5,ICLR,oral,figure,Figure 12,24,appendix,PhysicsViolationsObservedinVideosGeneratedbytheLumaModel.a.Soccerball,108.0,569.488,148.843,579.451,NimbusRomNo9L-Regu,9.963
iclr-2026-8da8f79c49d5,ICLR,oral,figure,Figure 13,25,appendix,PhysicsViolationsObservedinVideosGeneratedbytheHunyuan720pModel.a.,108.0,558.529,150.08,568.492,NimbusRomNo9L-Regu,9.963
iclr-2026-8da8f79c49d5,ICLR,oral,figure,Figure 14,26,appendix,PhysicsViolationsObservedinVideosGeneratedbytheOpenSoraModel.a.Train,108.0,564.47,149.163,574.433,NimbusRomNo9L-Regu,9.963
iclr-2026-8da8f79c49d5,ICLR,oral,figure,Figure 15,27,appendix,PhysicsViolationsObservedinVideosGeneratedbytheOpen-Sora-Plan1.3Model.,108.0,563.464,148.915,573.427,NimbusRomNo9L-Regu,9.963
iclr-2026-8da8f79c49d5,ICLR,oral,figure,Figure 16,28,appendix,PhysicsViolationsObservedinVideosGeneratedbytheCogVideoX-1.55bModel.a.,108.0,564.47,148.542,574.433,NimbusRomNo9L-Regu,9.963
iclr-2026-8da8f79c49d5,ICLR,oral,figure,Figure 17,29,appendix,PhysicsViolationsObservedinVideosGeneratedbytheLTX-VideoModel.a.,108.0,593.788,151.127,603.751,NimbusRomNo9L-Regu,9.963
iclr-2026-8da8f79c49d5,ICLR,oral,figure,Figure 18,30,appendix,PhysicsViolationsObservedinVideosGeneratedbytheWanx-2.1Model.a.Bas-,108.0,552.557,150.121,562.52,NimbusRomNo9L-Regu,9.963
iclr-2026-8da8f79c49d5,ICLR,oral,figure,Figure 19,31,appendix,PhysicsViolationsObservedinVideosGeneratedbytheStep-Video-T2VModel.a.,108.0,560.781,149.473,570.744,NimbusRomNo9L-Regu,9.963
iclr-2026-8da8f79c49d5,ICLR,oral,table,Table 14,32,appendix,VideoLengthbyModel,238.035,81.722,275.146,91.685,NimbusRomNo9L-Regu,9.963
iclr-2026-8da8f79c49d5,ICLR,oral,table,Table 15,32,appendix,Leaderboardofopen-sourcedmodelsandproprietarymodels.Wereportleaderboard,107.691,475.808,144.829,485.771,NimbusRomNo9L-Regu,9.963
iclr-2026-8da8f79c49d5,ICLR,oral,table,Table 16,33,appendix,QuantitativeanalysisonErraticVi-Table17:Quantitativeanalysisonscenecom-,117.332,81.722,154.294,91.685,NimbusRomNo9L-Regu,9.963
iclr-2026-8da8f79c49d5,ICLR,oral,table,Table 17,33,appendix,Quantitativeanalysisonscenecom-,315.851,81.722,352.229,91.685,NimbusRomNo9L-Regu,9.963
iclr-2026-8da8f79c49d5,ICLR,oral,figure,Figure 20,33,appendix,Sorafailedexamplesonmulti-object.Wefoundthatgenerationmodelstendtofail,108.0,290.242,150.365,300.205,NimbusRomNo9L-Regu,9.963
iclr-2026-8da8f79c49d5,ICLR,oral,figure,Figure 21,34,appendix,DatasetOverview.PhyWorldBenchcontainstenphysicscategoriesunderthree,108.0,341.382,151.188,351.345,NimbusRomNo9L-Regu,9.963
iclr-2026-927309b0632d,ICLR,oral,figure,Figure 1,2,main,"Flowmaplearnsfrombiaseddata,withSNISre-weightinggeneratedsamplesconsistentwiththe",108.0,231.85,141.492,240.817,NimbusRomNo9L-Regu,8.966
iclr-2026-927309b0632d,ICLR,oral,figure,Figure 2,2,main,Performance-inferencetimecomparison,319.748,510.049,353.194,519.016,NimbusRomNo9L-Regu,8.966
iclr-2026-927309b0632d,ICLR,oral,table,Table 1,3,main,Relatedmethodoverview,321.411,633.813,350.328,642.78,NimbusRomNo9L-Regu,8.966
iclr-2026-927309b0632d,ICLR,oral,table,Table 2,7,main,Resultsonalaninedipeptide.Bestresultsare,293.843,163.853,324.564,172.82,NimbusRomNo9L-Regu,8.966
iclr-2026-927309b0632d,ICLR,oral,table,Table 3,7,main,"Quantitativeresultsontri-alanine(AL3),alaninetetrapeptide(AL4),andhexa-alanine(AL6).Baseline",107.722,326.752,136.231,335.719,NimbusRomNo9L-Regu,8.966
iclr-2026-927309b0632d,ICLR,oral,figure,Figure 3,7,main,TrueMDenergydistributionwithbestFALCONunweightedandre-sampledproposalsforalanine,108.0,540.82,140.928,549.787,NimbusRomNo9L-Regu,8.966
iclr-2026-927309b0632d,ICLR,oral,figure,Figure 4,8,main,Performancewithadditionalsamples.,333.921,227.082,366.396,236.049,NimbusRomNo9L-Regu,8.966
iclr-2026-927309b0632d,ICLR,oral,table,Table 4,8,main,Cumulativetraining+inferencetimeacrossflows.2×10samplesevaluatedwith(atol=rtol=10,107.722,324.99,135.937,333.957,NimbusRomNo9L-Regu,8.966
iclr-2026-927309b0632d,ICLR,oral,table,Table 5,8,main,"Quantitativeresultsonalaninedipeptide,tri-alanine,alaninetetrapeptide,andhexa-alaninecomparedto",107.722,428.876,136.016,437.843,NimbusRomNo9L-Regu,8.966
iclr-2026-927309b0632d,ICLR,oral,figure,Figure 5,9,main,Improvedproposalandre-weightedsampleenergieswithincreasedstepsforalaninedipeptide.,117.941,188.876,150.57,197.843,NimbusRomNo9L-Regu,8.966
iclr-2026-927309b0632d,ICLR,oral,figure,Figure 6,9,main,Performancetrade-offwithincreasingregularization.,269.099,394.397,301.728,403.364,NimbusRomNo9L-Regu,8.966
iclr-2026-927309b0632d,ICLR,oral,figure,Figure 7,9,main,Performancevs.choiceofinferenceschedule.,306.0,579.05,338.222,588.017,NimbusRomNo9L-Regu,8.966
iclr-2026-927309b0632d,ICLR,oral,table,Table 6,18,appendix,OverviewofFALCONconfigurationsacrossdatasets.,192.061,395.629,220.978,404.596,NimbusRomNo9L-Regu,8.966
iclr-2026-927309b0632d,ICLR,oral,figure,Figure 8,21,appendix,Left:Trainingdataforalaninedipeptide;Right:Testdataforalaninedipeptide.,144.32,194.725,176.949,203.692,NimbusRomNo9L-Regu,8.966
iclr-2026-927309b0632d,ICLR,oral,figure,Figure 9,21,appendix,Leftandleftcenter:Trainingdatafortri-alanine;Rightcenterandright:Testdatafortri-alanine.,108.218,320.449,140.847,329.416,NimbusRomNo9L-Regu,8.966
iclr-2026-927309b0632d,ICLR,oral,figure,Figure 10,21,appendix,Firstthree:Trainingdataforalaninetetrapeptide;Lastthree:Testdataforalaninetetrapeptide.,112.122,438.294,149.234,447.261,NimbusRomNo9L-Regu,8.966
iclr-2026-927309b0632d,ICLR,oral,figure,Figure 11,21,appendix,Firstfive:Trainingdataforhexa-alanine;Lastthree:Testdataforhexa-alanine.,140.155,691.275,177.267,700.242,NimbusRomNo9L-Regu,8.966
iclr-2026-927309b0632d,ICLR,oral,figure,Figure 12,23,appendix,Auxiliarymodellossfromreflowtargettrain-,306.0,589.036,342.326,598.003,NimbusRomNo9L-Regu,8.966
iclr-2026-927309b0632d,ICLR,oral,figure,Figure 13,24,appendix,PerformanceofFALCONvs.ourDiT,319.748,277.257,357.858,286.224,NimbusRomNo9L-Regu,8.966
iclr-2026-927309b0632d,ICLR,oral,figure,Figure 14,24,appendix,Left:Testdataforalaninedipeptide;Right:FALCON’sangularpredictionsforalaninedipeptide.,108.406,577.94,145.518,586.907,NimbusRomNo9L-Regu,8.966
iclr-2026-927309b0632d,ICLR,oral,figure,Figure 15,25,appendix,Leftandleftcenter:Testdatafortri-alanine;Rightandrightcenter:FALCON’sangular,108.0,254.349,146.878,263.316,NimbusRomNo9L-Regu,8.966
iclr-2026-927309b0632d,ICLR,oral,figure,Figure 16,25,appendix,Firstthree:Testdataforalaninetetrapeptide;Lastthree:FALCON’sangularpredictionsfor,108.0,479.677,146.375,488.644,NimbusRomNo9L-Regu,8.966
iclr-2026-927309b0632d,ICLR,oral,figure,Figure 17,25,appendix,Firstfive:Testdataforhexa-alanine;Lastfive:FALCON’sangularpredictionsforhexa-alanine.,109.723,670.665,146.835,679.632,NimbusRomNo9L-Regu,8.966
iclr-2026-963229d0140f,ICLR,oral,figure,Figure 1,2,main,OverviewofNextStep-1Framework.NextStep-1employsacausaltransformertoprocesstokenized,108.0,222.202,143.995,232.165,NimbusRomNo9L-Regu,9.963
iclr-2026-963229d0140f,ICLR,oral,table,Table 1,4,main,TrainingrecipeofNextStep-1.,233.585,81.722,265.714,91.685,NimbusRomNo9L-Regu,9.963
iclr-2026-963229d0140f,ICLR,oral,table,Table 2,6,main,"Comparisonofimage-textalignmentonGenEval(Ghoshetal.,2023),GenAI-Bench(Linetal.,",108.0,81.722,141.205,91.685,NimbusRomNo9L-Regu,9.963
iclr-2026-963229d0140f,ICLR,oral,table,Table 3,6,main,"ComparisonofimageeditingperformanceonGEdit-Bench(FullSet)(Liuetal.,2025c)andImgEdit-",108.0,430.236,139.751,440.199,NimbusRomNo9L-Regu,9.963
iclr-2026-963229d0140f,ICLR,oral,table,Table 4,7,main,Configurationsfordifferentflow-matchingheads.,288.437,86.703,320.566,96.666,NimbusRomNo9L-Regu,9.963
iclr-2026-963229d0140f,ICLR,oral,table,Table 5,7,main,Quantitativeresultsfordifferentflow-matching,286.199,168.01,320.311,177.973,NimbusRomNo9L-Regu,9.963
iclr-2026-963229d0140f,ICLR,oral,figure,Figure 2,7,main,Imagesgeneratedunderdif-w/FMHeadSmall0.550.7683.46,108.0,239.231,143.875,249.194,NimbusRomNo9L-Regu,9.963
iclr-2026-963229d0140f,ICLR,oral,figure,Figure 3,7,main,Evolutionofper-tokenmeanandvarianceoversamplingstepsundertwoCFGsettings.AtCFG,108.0,552.037,144.931,562.0,NimbusRomNo9L-Regu,9.963
iclr-2026-963229d0140f,ICLR,oral,figure,Figure 4,8,main,ImpactofNoisePerturbationonImageTokenizerPerformance.Thetoppaneldisplaysquantitative,108.0,339.318,144.284,349.281,NimbusRomNo9L-Regu,9.963
iclr-2026-963229d0140f,ICLR,oral,table,Table 6,9,main,"ComparisonofreconstructionperformanceonImageNet-1K256×256(Dengetal.,2009).",125.566,81.722,157.695,91.685,NimbusRomNo9L-Regu,9.963
iclr-2026-963229d0140f,ICLR,oral,figure,Figure A1,17,appendix,"OverviewofNextStep-1inhigh-fidelityimagegeneration,diverseimageediting,and",108.0,699.832,152.114,709.795,NimbusRomNo9L-Regu,9.963
iclr-2026-963229d0140f,ICLR,oral,table,Table A1,18,appendix,"ComparisononOneIG-Bench(Changetal.,2025)inEnglishprompts.",157.782,81.722,197.104,91.685,NimbusRomNo9L-Regu,9.963
iclr-2026-963229d0140f,ICLR,oral,table,Table A2,18,appendix,"ComparisonofworldknowledgereasoningonWISE(Niuetal.,2025).†resultiswithSelf-CoT.",110.258,412.609,149.58,422.572,NimbusRomNo9L-Regu,9.963
iclr-2026-963229d0140f,ICLR,oral,figure,Figure A2,20,appendix,Dataprocessingofcharacter-centricdata.,199.984,257.708,243.431,267.671,NimbusRomNo9L-Regu,9.963
iclr-2026-963229d0140f,ICLR,oral,figure,Figure A3,21,appendix,"Latentdistributionsin16channelsforthreeVAEvariants:Flux.1-dev,NextStep-1w/onoise,and",108.0,430.981,151.437,440.944,NimbusRomNo9L-Regu,9.963
iclr-2026-963229d0140f,ICLR,oral,figure,Figure A4,22,appendix,Failurecasesforhigh-dimensionalcontinuoustokens.,185.968,394.438,229.415,404.401,NimbusRomNo9L-Regu,9.963
iclr-2026-963229d0140f,ICLR,oral,figure,Figure A5,22,appendix,ComparisonsbetweenNextStep-1andNextStep-1.1.,187.986,645.081,231.433,655.044,NimbusRomNo9L-Regu,9.963
iclr-2026-963229d0140f,ICLR,oral,table,Table A3,23,appendix,Inferencelatencybreakdownat983TFLOP/scomputeand3.36TB/smemorybandwidth.,122.733,81.722,162.055,91.685,NimbusRomNo9L-Regu,9.963
iclr-2026-9731e2f39bcc,ICLR,oral,figure,Figure 1,3,main,Percentageofre-,401.042,575.825,436.385,585.788,NimbusRomNo9L-Regu,9.963
iclr-2026-9731e2f39bcc,ICLR,oral,figure,Figure 2,4,main,TheoverviewofourFSTAdecompositionframework(top)andthethreeproposedL2Seg,108.0,269.866,144.208,279.829,NimbusRomNo9L-Regu,9.963
iclr-2026-9731e2f39bcc,ICLR,oral,figure,Figure 3,5,main,"ArchitectureofL2Seg:encoder(left),NARdecoder(center),andARdecoder(right).",108.0,182.506,145.538,192.469,NimbusRomNo9L-Regu,9.963
iclr-2026-9731e2f39bcc,ICLR,oral,figure,Figure 4,6,main,Trainingdataconstructionfor,337.681,630.915,375.503,640.878,NimbusRomNo9L-Regu,9.963
iclr-2026-9731e2f39bcc,ICLR,oral,table,Table 1,8,main,PerformancecomparisonsofourproposedL2Seg-,107.691,81.722,139.188,91.685,NimbusRomNo9L-Regu,9.963
iclr-2026-9731e2f39bcc,ICLR,oral,figure,Figure 5,8,main,SearchcurvesforL2Segon,345.602,257.472,383.384,267.435,NimbusRomNo9L-Regu,9.963
iclr-2026-9731e2f39bcc,ICLR,oral,table,Table 2,9,main,PerformancecomparisonsofourL2Seg-SYN-L2DagainstbaselinesonbenchmarkCVRP,107.691,81.722,139.833,91.685,NimbusRomNo9L-Regu,9.963
iclr-2026-9731e2f39bcc,ICLR,oral,table,Table 3,9,main,PerformanceofL2Seg-SYNv.s.RandomFSTAtoaccelerateLNSonCVRPinstances.,114.201,376.43,146.33,386.393,NimbusRomNo9L-Regu,9.963
iclr-2026-9731e2f39bcc,ICLR,oral,table,Table 4,10,main,ModelpredictionanalysisofGround Truth,107.691,84.872,140.099,94.835,NimbusRomNo9L-Regu,9.963
iclr-2026-9731e2f39bcc,ICLR,oral,figure,Figure 6,10,main,IllustrationofL2Segmodelbehaviors.,288.637,152.139,324.891,162.102,NimbusRomNo9L-Regu,9.963
iclr-2026-9731e2f39bcc,ICLR,oral,figure,Figure 7,10,main,StatisticvaluesofSize(re-,345.602,309.061,384.095,319.024,NimbusRomNo9L-Regu,9.963
iclr-2026-9731e2f39bcc,ICLR,oral,table,Table 5,10,main,Labelsimilarityacrossdifferentsolvers,209.304,484.224,241.433,494.187,NimbusRomNo9L-Regu,9.963
iclr-2026-9731e2f39bcc,ICLR,oral,table,Table 6,17,appendix,OraclePerformanceonCVRP2k:TimetoReachL2Seg-SYN-LNSSolutionQuality,119.531,160.481,151.66,170.444,NimbusRomNo9L-Regu,9.963
iclr-2026-9731e2f39bcc,ICLR,oral,figure,Figure 8,17,appendix,Spatialdistributionofunstableedges(dashedredlines)acrossoptimizationiterationsusing,108.0,674.927,143.519,684.89,NimbusRomNo9L-Regu,9.963
iclr-2026-9731e2f39bcc,ICLR,oral,figure,Figure 9,18,appendix,IllustrationofourFSTAappliedtooneCVRPinstance.EachFSTAstepcorrespondstothe,108.0,378.824,143.558,388.787,NimbusRomNo9L-Regu,9.963
iclr-2026-9731e2f39bcc,ICLR,oral,table,Table 7,21,appendix,"ImplementationspecificationsofFSTAhypernodeaggregationforCVRP,VRPTW,VRPB",107.691,81.722,139.766,91.685,NimbusRomNo9L-Regu,9.963
iclr-2026-9731e2f39bcc,ICLR,oral,figure,Figure 10,23,appendix,Thisillustrationdemonstratesthetemporaldynamicsoftheaggregatedsegment.Theleft,108.0,235.684,148.821,245.647,NimbusRomNo9L-Regu,9.963
iclr-2026-9731e2f39bcc,ICLR,oral,table,Table 8,28,appendix,Descriptionofenhancedinputfeaturesfornodesandedges.,168.856,81.722,200.985,91.685,NimbusRomNo9L-Regu,9.963
iclr-2026-9731e2f39bcc,ICLR,oral,table,Table 9,32,appendix,Alistofparametersandtheirvaluesusedinourexperimentsfortrainingandinference.,113.992,81.722,146.121,91.685,NimbusRomNo9L-Regu,9.963
iclr-2026-9731e2f39bcc,ICLR,oral,table,Table 10,33,appendix,Alistofhyperparametersandtheirvaluesusedinourmodelarchitectureandtraining.,114.077,81.722,151.188,91.685,NimbusRomNo9L-Regu,9.963
iclr-2026-9731e2f39bcc,ICLR,oral,figure,Figure 11,33,appendix,Analysisofkeyhyperparame-,337.681,747.101,379.782,757.064,NimbusRomNo9L-Regu,9.963
iclr-2026-9731e2f39bcc,ICLR,oral,table,Table 11,34,appendix,CVRPLibresults.Wepresentthegaptothebestknownsolutions(%).,145.284,271.692,182.395,281.655,NimbusRomNo9L-Regu,9.963
iclr-2026-9731e2f39bcc,ICLR,oral,table,Table 12,34,appendix,ResultsonclusteredCVRPandheterogeneous-demandCVRP.Wepresentgainstothe,107.691,423.631,145.757,433.594,NimbusRomNo9L-Regu,9.963
iclr-2026-9731e2f39bcc,ICLR,oral,table,Table 13,35,appendix,PerformancecomparisonofbackbonesolverswithandwithoutL2Seg-SYNonlarge-scale,107.691,227.288,144.302,237.251,NimbusRomNo9L-Regu,9.963
iclr-2026-9731e2f39bcc,ICLR,oral,figure,Figure 12,35,appendix,"PredictioncomparisonofL2Seg-SYN,L2Seg-NAR,andL2Seg-ARontwoadjacent",108.0,575.908,150.598,585.871,NimbusRomNo9L-Regu,9.963
iclr-2026-9731e2f39bcc,ICLR,oral,table,Table 14,36,appendix,Unstableandstableedgesconvergenceatthefirst10iterations,160.911,81.722,198.022,91.685,NimbusRomNo9L-Regu,9.963
iclr-2026-9731e2f39bcc,ICLR,oral,table,Table 15,36,appendix,ComputationaloverheadanalysisofL2Segvariantsacrossproblemscales,138.34,456.697,175.451,466.66,NimbusRomNo9L-Regu,9.963
iclr-2026-9731e2f39bcc,ICLR,oral,table,Table 16,37,appendix,TrainingtimebreakdownforL2Segacrossproblemscales,169.498,81.722,206.609,91.685,NimbusRomNo9L-Regu,9.963
iclr-2026-9800a26d2608,ICLR,oral,figure,Figure 1,7,main,"ExcessriskusingtrainingdatafromN(µ,Σ)andsyntheticdatafromN(µ,Σ),where",108.0,197.031,143.875,206.994,NimbusRomNo9L-Regu,9.963
iclr-2026-9800a26d2608,ICLR,oral,table,Table 1,8,main,"CovariancematchingoutperformsallbaselinesacrossthreetrainingparadigmsonCIFAR-10,",107.691,81.722,138.768,91.685,NimbusRomNo9L-Regu,9.963
iclr-2026-9800a26d2608,ICLR,oral,table,Table 2,9,main,Covariancematchingperformsonparwiththebestbaselineacrossthreetrainingparadigms,107.691,81.722,139.271,91.685,NimbusRomNo9L-Regu,9.963
iclr-2026-9800a26d2608,ICLR,oral,table,Table 3,9,main,Covariancematchingperformsonparwiththebestbaselinesfortwoadditionaldatasets.,107.691,237.99,140.504,247.953,NimbusRomNo9L-Regu,9.963
iclr-2026-9800a26d2608,ICLR,oral,table,Table 4,48,appendix,Covariancematchingoutperformsallbaselineswhenfullytrainingatransformermodelon,107.691,338.58,139.66,348.543,NimbusRomNo9L-Regu,9.963
iclr-2026-9800a26d2608,ICLR,oral,table,Table 5,49,appendix,Covariancematchingperformsonparwiththebestbaselinesacrossthreetrainingparadigms,107.691,81.722,138.983,91.685,NimbusRomNo9L-Regu,9.963
iclr-2026-9800a26d2608,ICLR,oral,figure,Figure 2,49,appendix,Theportionofsampleschosenfromthesetofleakedimagesshowsthatourproposed,108.0,426.101,145.416,436.064,NimbusRomNo9L-Regu,9.963
iclr-2026-9800a26d2608,ICLR,oral,table,Table 6,49,appendix,CovariancematchingoutperformsallbaselinesacrossthreetrainingparadigmsonCIFAR-,107.691,536.292,139.83,546.255,NimbusRomNo9L-Regu,9.963
iclr-2026-9800a26d2608,ICLR,oral,table,Table 7,50,appendix,Covariancematchingperformsonparwiththebestbaselineacrossthreetrainingparadigms,107.691,81.722,139.271,91.685,NimbusRomNo9L-Regu,9.963
iclr-2026-9800a26d2608,ICLR,oral,table,Table 8,50,appendix,CovariancematchingperformsonparwithAlphamatchingacrosstheexperimentson,107.691,302.328,141.195,312.291,NimbusRomNo9L-Regu,9.963
iclr-2026-9800a26d2608,ICLR,oral,table,Table 9,50,appendix,CovariancematchingoutperformsallbaselinesacrossthreetrainingparadigmsonCIFAR-,107.691,491.477,139.83,501.44,NimbusRomNo9L-Regu,9.963
iclr-2026-9800a26d2608,ICLR,oral,table,Table 10,51,appendix,Covariancematchingselectssamplesthatbettermatchthetargetdistributionaccordingto,107.691,129.44,144.542,139.403,NimbusRomNo9L-Regu,9.963
iclr-2026-9800a26d2608,ICLR,oral,table,Table 11,51,appendix,Anablationonthesizeoftherealandsyntheticdatasetsusedfortrainingshowsresults,107.691,315.759,145.574,325.722,NimbusRomNo9L-Regu,9.963
iclr-2026-9800a26d2608,ICLR,oral,table,Table 12,51,appendix,"Thelook-aheadalgorithmwithk∈{50,100}andtheHungarianalgorithmperformonpar",107.691,619.217,144.089,629.18,NimbusRomNo9L-Regu,9.963
iclr-2026-9800a26d2608,ICLR,oral,table,Table 13,52,appendix,CovariancematchingoutperformsallbaselinesontheIronic-Tweetdataset.,134.784,204.427,171.895,214.39,NimbusRomNo9L-Regu,9.963
iclr-2026-98752ebdf7d6,ICLR,oral,figure,Figure 1,2,main,Twoexamplesofonlinelearningandequilibriumcomputationwithrankingfeedback.,108.0,185.574,145.31,195.536,NimbusRomNo9L-Regu,9.963
iclr-2026-98752ebdf7d6,ICLR,oral,table,Table 1,3,main,"Summaryofourcontributions,includingthenegativeresults(top)andthepositiveresults",108.0,171.134,140.339,181.096,NimbusRomNo9L-Regu,9.963
iclr-2026-98752ebdf7d6,ICLR,oral,figure,Figure 2,10,main,RegretofAlgorithm3withAvgUtilRankunderbanditfeedbackfordifferenttempera-,108.0,202.83,144.772,212.792,NimbusRomNo9L-Regu,9.963
iclr-2026-98752ebdf7d6,ICLR,oral,figure,Figure 3,18,appendix,Theexploitabilityforthefull-informationfeedbacksettingunderbothInstUtilRank,108.0,262.395,145.519,272.357,NimbusRomNo9L-Regu,9.963
iclr-2026-98752ebdf7d6,ICLR,oral,figure,Figure 4,18,appendix,TheregretforbanditfeedbacksettingunderInstUtilRankfeedbackintheonlinelearning,108.0,680.513,143.885,690.475,NimbusRomNo9L-Regu,9.963
iclr-2026-98752ebdf7d6,ICLR,oral,figure,Figure 5,19,appendix,TheregretforbanditfeedbacksettingunderAvgUtilRankfeedbackintheonlinelearning,108.0,181.432,143.915,191.394,NimbusRomNo9L-Regu,9.963
iclr-2026-98752ebdf7d6,ICLR,oral,figure,Figure 6,19,appendix,"RegretofAlgorithm3withAvgUtilRankunderfull-informationfeedback,acrossdiffer-",108.0,423.783,144.224,433.745,NimbusRomNo9L-Regu,9.963
iclr-2026-98752ebdf7d6,ICLR,oral,figure,Figure 7,19,appendix,Theexploitabil1ityforthefull-informationsettingunderbothIn1stUtilRankandAvgUtil,108.0,613.218,144.493,623.18,NimbusRomNo9L-Regu,9.963
iclr-2026-98752ebdf7d6,ICLR,oral,figure,Figure 8,20,appendix,Theexploitabil1ityforthebanditfeedbacksettingunderInstU1tilRankfeedbackinthe,108.0,234.894,145.091,244.856,NimbusRomNo9L-Regu,9.963
iclr-2026-98752ebdf7d6,ICLR,oral,figure,Figure 9,20,appendix,Theexploitabil1ityforthebanditfeedbacksettingunderAvgU1tilRankfeedbackinthe,108.0,439.6,145.121,449.562,NimbusRomNo9L-Regu,9.963
iclr-2026-98752ebdf7d6,ICLR,oral,figure,Figure 10,31,appendix,ThediagramofAlgorithm2withInstUtilRankunderfull-informationfeedback(top),108.0,380.827,149.634,390.789,NimbusRomNo9L-Regu,9.963
iclr-2026-98752ebdf7d6,ICLR,oral,figure,Figure 11,32,appendix,ThediagramofAlgorithm3withAvgUtilRankunderfull-informationfeedback(top),108.0,352.481,149.664,362.443,NimbusRomNo9L-Regu,9.963
iclr-2026-987dd9468fc4,ICLR,oral,figure,Figure 1,2,main,"ProposedCompSLOTframework.Givenanimagebatch,weextractprimitivesforeach",108.0,277.74,144.882,287.703,NimbusRomNo9L-Regu,9.963
iclr-2026-987dd9468fc4,ICLR,oral,figure,Figure 2,6,main,ExamplesoflearnedslotsbycontinualCOBJreconstructiontasksandvalidationrecon-,108.0,229.725,144.989,239.688,NimbusRomNo9L-Regu,9.963
iclr-2026-987dd9468fc4,ICLR,oral,table,Table 1,8,main,MainresultonCGQA.MethodswithCompSLOTaredenotedwithapostfix“†”.Methods,107.691,81.722,139.756,91.685,NimbusRomNo9L-Regu,9.963
iclr-2026-987dd9468fc4,ICLR,oral,figure,Figure 3,9,main,LearningcurvesandhistogramsofmethodswithandwithoutCompSLOTonCGQAa),108.0,201.428,144.999,211.391,NimbusRomNo9L-Regu,9.963
iclr-2026-987dd9468fc4,ICLR,oral,table,Table 2,9,main,AblationresultsonCGQA.,332.722,359.251,364.851,369.214,NimbusRomNo9L-Regu,9.963
iclr-2026-987dd9468fc4,ICLR,oral,figure,Figure 4,10,main,Conceptlearningvisualizationandfruitsofprimitive-logitknowledgedistillationonCOBJ.,108.0,179.509,143.568,189.472,NimbusRomNo9L-Regu,9.963
iclr-2026-987dd9468fc4,ICLR,oral,table,Table 3,21,appendix,Detailhyperparametersforconceptlearningstageinourmainexperiments.,135.127,81.722,167.256,91.685,NimbusRomNo9L-Regu,9.963
iclr-2026-987dd9468fc4,ICLR,oral,table,Table 4,21,appendix,Detailhyperparametersforconceptknowledgedistillationstageinourmainexperiments.,107.691,382.818,139.573,392.781,NimbusRomNo9L-Regu,9.963
iclr-2026-987dd9468fc4,ICLR,oral,figure,Figure 5,23,appendix,Visualizationoflearnedslotson30randomlysampledimages(3imagesforeachclass,108.0,376.089,145.152,386.052,NimbusRomNo9L-Regu,9.963
iclr-2026-987dd9468fc4,ICLR,oral,figure,Figure 6,24,appendix,Visualizationoflearnedslotson30randomlysampledimages(3imagesforeachclass,108.0,376.089,145.152,386.052,NimbusRomNo9L-Regu,9.963
iclr-2026-987dd9468fc4,ICLR,oral,figure,Figure 7,24,appendix,Visualizationoflearnedslotson60randomlysampledimages(3imagesforeachclass,108.0,624.009,145.152,633.972,NimbusRomNo9L-Regu,9.963
iclr-2026-987dd9468fc4,ICLR,oral,figure,Figure 8,25,appendix,Visualizationoflearnedslotson30randomlysampledimages(3imagesforeachclass,108.0,202.959,145.152,212.922,NimbusRomNo9L-Regu,9.963
iclr-2026-987dd9468fc4,ICLR,oral,figure,Figure 9,25,appendix,Visualizationofa)concept;b)primitive;c)feature;d)logitcosinesimilaritymatriceson,108.0,510.15,144.498,520.113,NimbusRomNo9L-Regu,9.963
iclr-2026-987dd9468fc4,ICLR,oral,figure,Figure 10,26,appendix,Visualizationofa)imagesrelatedtoredbox;b)primitive;c)feature;d)logitcosine,108.0,296.864,150.578,306.827,NimbusRomNo9L-Regu,9.963
iclr-2026-987dd9468fc4,ICLR,oral,table,Table 5,27,appendix,DetailCFSTresults.Wereporttheaveragewith±95%confidenceinterval.,136.319,141.276,168.448,151.239,NimbusRomNo9L-Regu,9.963
iclr-2026-987dd9468fc4,ICLR,oral,table,Table 6,28,appendix,VaringβresultsonCPrompt10-10CGQA(thefirstthreetasks).,159.389,81.722,191.518,91.685,NimbusRomNo9L-Regu,9.963
iclr-2026-987dd9468fc4,ICLR,oral,figure,Figure 11,28,appendix,Radarsofdifferenthyperparametersinslotrepresentationlearning.,150.081,326.167,191.316,336.13,NimbusRomNo9L-Regu,9.963
iclr-2026-987dd9468fc4,ICLR,oral,figure,Figure 12,29,appendix,Linechartsofdifferenthyperparametersinslotattentionarchitecture.,145.24,166.761,186.475,176.724,NimbusRomNo9L-Regu,9.963
iclr-2026-987dd9468fc4,ICLR,oral,figure,Figure 13,29,appendix,Linechartsofdifferenthyperparametersinprimitive-logitknowledgedistillation.,121.474,318.079,162.709,328.042,NimbusRomNo9L-Regu,9.963
iclr-2026-987dd9468fc4,ICLR,oral,table,Table 7,30,appendix,Mainresulton10-10tasksCOBJ.Wereporttheaverageaccuracyaftertrainingthelasttask,107.691,81.722,139.368,91.685,NimbusRomNo9L-Regu,9.963
iclr-2026-987dd9468fc4,ICLR,oral,table,Table 8,31,appendix,Mainresulton20-20tasksImageNet-R.Wereporttheaverageaccuracyaftertrainingthe,107.691,81.722,140.196,91.685,NimbusRomNo9L-Regu,9.963
iclr-2026-987dd9468fc4,ICLR,oral,table,Table 9,31,appendix,Varyingbackboneon10-10tasksCGQA.Wereporttheaverageaccuracyaftertrainingthe,107.691,342.488,139.724,352.451,NimbusRomNo9L-Regu,9.963
iclr-2026-987dd9468fc4,ICLR,oral,table,Table 10,31,appendix,AAresultson10-10tasksCUB200andCIFAR100.,182.34,485.252,219.451,495.215,NimbusRomNo9L-Regu,9.963
iclr-2026-987dd9468fc4,ICLR,oral,table,Table 11,32,appendix,AdditionalablationresultsonCGQA.,210.061,81.722,247.172,91.685,NimbusRomNo9L-Regu,9.963
iclr-2026-987dd9468fc4,ICLR,oral,table,Table 12,32,appendix,ResultsonFinetuningon10-10CGQA.Wereporttheaveragewith±95%confidence,107.691,199.284,145.757,209.247,NimbusRomNo9L-Regu,9.963
iclr-2026-987dd9468fc4,ICLR,oral,figure,Figure 14,33,appendix,Visualizationoftheparameternumbersformethodswithandwithouttheslotmodule.,108.0,254.329,150.172,264.292,NimbusRomNo9L-Regu,9.963
iclr-2026-987dd9468fc4,ICLR,oral,table,Table 13,33,appendix,Computationaloverhead(h)onCGQA.,206.897,320.689,244.008,330.652,NimbusRomNo9L-Regu,9.963
iclr-2026-99e6f2b9fab2,ICLR,oral,figure,Figure 1,2,main,EmotionThinkergeneratesemotionpredictionswithexplanatoryreasoningbyleveragingspeaker,108.0,211.547,144.959,221.51,NimbusRomNo9L-Regu,9.963
iclr-2026-99e6f2b9fab2,ICLR,oral,figure,Figure 2,3,main,EmotionCoT-35Kdatacurationpipeline.,213.025,271.859,249.279,281.822,NimbusRomNo9L-Regu,9.963
iclr-2026-99e6f2b9fab2,ICLR,oral,table,Table 1,4,main,Comparisonofdifferentspeechcaptioningdatasetsacrossvariousacousticfeatures.Reasoningdenotes,107.691,236.436,138.934,246.399,NimbusRomNo9L-Regu,9.963
iclr-2026-99e6f2b9fab2,ICLR,oral,figure,Figure 3,5,main,ArchitectureofEmotionThinkerwiththeproposedGRPO-PTRframework.Theupperpartdepicts,108.0,262.049,144.425,272.012,NimbusRomNo9L-Regu,9.963
iclr-2026-99e6f2b9fab2,ICLR,oral,table,Table 2,7,main,"Performancecomparisonacrossmodels.Emotionrecognitionismeasuredbyaccuracy(%),whilerea-",107.691,81.722,139.38,91.685,NimbusRomNo9L-Regu,9.963
iclr-2026-99e6f2b9fab2,ICLR,oral,table,Table 3,7,main,Humanevaluationresultsonemotion,325.492,598.913,359.158,608.876,NimbusRomNo9L-Regu,9.963
iclr-2026-99e6f2b9fab2,ICLR,oral,figure,Figure 4,8,main,Casestudycomparingemotionalreasoningacrossmodelsonasadutterance.Redhighlightsmark,108.0,241.99,144.649,251.953,NimbusRomNo9L-Regu,9.963
iclr-2026-99e6f2b9fab2,ICLR,oral,table,Table 4,8,main,Ablationstudyondifferenttrainingstrategiesfor,293.812,515.535,325.813,525.498,NimbusRomNo9L-Regu,9.963
iclr-2026-99e6f2b9fab2,ICLR,oral,table,Table 5,9,main,"Prosodyperceptioncomparisonacrosspitch(Pit.),Table6:",107.691,81.722,139.051,91.685,NimbusRomNo9L-Regu,9.963
iclr-2026-99e6f2b9fab2,ICLR,oral,table,Table 6,9,main,GRPO-PTRwithvaryingKsettings.,328.879,82.759,361.008,92.722,NimbusRomNo9L-Regu,9.963
iclr-2026-99e6f2b9fab2,ICLR,oral,table,Table 7,9,main,Sensitivityanalysisonrewardpenalty.,322.399,463.38,354.528,473.343,NimbusRomNo9L-Regu,9.963
iclr-2026-99e6f2b9fab2,ICLR,oral,figure,Figure 5,17,appendix,PrompttemplateusedtoelicitemotionreasoningtracesfromGPT-4o.,160.478,619.686,196.732,629.649,NimbusRomNo9L-Regu,9.963
iclr-2026-99e6f2b9fab2,ICLR,oral,figure,Figure 6,19,appendix,Prompttemplateforgeneratingrewardmodeltrainingdata(Part1).,151.556,619.686,187.81,629.649,NimbusRomNo9L-Regu,9.963
iclr-2026-99e6f2b9fab2,ICLR,oral,table,Table 8,20,appendix,CasestudycomparingemotionreasoningoutputsfromEmotionThinkerand12representative,111.939,91.685,142.986,101.648,NimbusRomNo9L-Regu,9.963
iclr-2026-99e6f2b9fab2,ICLR,oral,figure,Figure 7,24,appendix,Prompttemplateforgeneratingrewardmodeltrainingdata(Part2).,151.556,670.642,187.81,680.605,NimbusRomNo9L-Regu,9.963
iclr-2026-99e6f2b9fab2,ICLR,oral,figure,Figure 8,25,appendix,Prompttemplateforemotionreasoningevaluation(Part1).,168.776,670.642,205.03,680.605,NimbusRomNo9L-Regu,9.963
iclr-2026-99e6f2b9fab2,ICLR,oral,figure,Figure 9,26,appendix,Prompttemplateforemotionreasoningevaluation(Part2).,168.776,670.642,205.03,680.605,NimbusRomNo9L-Regu,9.963
iclr-2026-9a1a4fec2317,ICLR,oral,figure,Figure 1,1,main,Geometrydistribution.,340.044,590.291,376.298,600.254,NimbusRomNo9L-Regu,9.963
iclr-2026-9a1a4fec2317,ICLR,oral,figure,Figure 2,2,main,(a)Denoisingprocessofahumangeometrydistribution.(b)Randomavatargenerationfor,108.0,255.235,143.915,265.198,NimbusRomNo9L-Regu,9.963
iclr-2026-9a1a4fec2317,ICLR,oral,table,Table 1,3,main,Comparisonof3Dhumanrepresentationmethods.,187.67,46.853,219.799,56.816,NimbusRomNo9L-Regu,9.963
iclr-2026-9a1a4fec2317,ICLR,oral,figure,Figure 4,5,main,"Overviewofourmethod.(a)Weencodeageometryintoafeaturemap,whichisdecom-",108.0,145.476,144.104,155.439,NimbusRomNo9L-Regu,9.963
iclr-2026-9a1a4fec2317,ICLR,oral,figure,Figure 5,6,main,Single-geometryfittingvisualization.,311.024,603.851,347.278,613.814,NimbusRomNo9L-Regu,9.963
iclr-2026-9a1a4fec2317,ICLR,oral,figure,Figure 6,7,main,Comparisonofstrategiesforconstruct-Figure7:Visualizationresultsofdiffer-,108.0,226.876,145.778,236.839,NimbusRomNo9L-Regu,9.963
iclr-2026-9a1a4fec2317,ICLR,oral,figure,Figure 7,7,main,Visualizationresultsofdiffer-,323.311,226.876,362.823,236.839,NimbusRomNo9L-Regu,9.963
iclr-2026-9a1a4fec2317,ICLR,oral,table,Table 2,7,main,Chamferdistanceofdifferentdistribu-Table3:Surfacedistancecomparisonbetween,108.0,565.544,140.339,575.507,NimbusRomNo9L-Regu,9.963
iclr-2026-9a1a4fec2317,ICLR,oral,table,Table 3,7,main,Surfacedistancecomparisonbetween,311.431,565.544,344.347,575.507,NimbusRomNo9L-Regu,9.963
iclr-2026-9a1a4fec2317,ICLR,oral,table,Table 4,8,main,"ComparisonofFIDscores.The*resultsareadoptedfromE3Gen(Zhangetal.,2024d).Forsome",108.0,81.806,137.41,90.773,NimbusRomNo9L-Regu,8.966
iclr-2026-9a1a4fec2317,ICLR,oral,figure,Figure 8,8,main,Qualitativecomparisonsofhumangenerationresults.Existingmethodsaredisplayed,108.0,404.114,145.4,414.077,NimbusRomNo9L-Regu,9.963
iclr-2026-9a1a4fec2317,ICLR,oral,table,Table 5,8,main,Userstudyonqualityandphysicalplausibility.,306.0,681.686,334.63,690.653,NimbusRomNo9L-Regu,8.966
iclr-2026-9a1a4fec2317,ICLR,oral,figure,Figure 9,9,main,"Generatingdifferentposesforagivenavatar.Weshowcasechallengingcases,including",108.0,198.957,144.623,208.92,NimbusRomNo9L-Regu,9.963
iclr-2026-9a1a4fec2317,ICLR,oral,figure,Figure 10,15,appendix,Detailsofourauto-decoder.(a)WesamplenoisefromaGaussiandistribution(3),108.0,234.358,150.032,244.321,NimbusRomNo9L-Regu,9.963
iclr-2026-9a1a4fec2317,ICLR,oral,figure,Figure 11,15,appendix,TheevolutionoftheChamferdistance,306.0,609.451,347.305,619.414,NimbusRomNo9L-Regu,9.963
iclr-2026-9a1a4fec2317,ICLR,oral,figure,Figure 12,16,appendix,Demonstrationsofdifferentmethodswithfixedgeometryfeaturesacrossvaryingposes.,108.0,229.758,149.325,239.721,NimbusRomNo9L-Regu,9.963
iclr-2026-9a1a4fec2317,ICLR,oral,figure,Figure 13,16,appendix,Novelposegenerationresults.,223.669,637.162,264.904,647.125,NimbusRomNo9L-Regu,9.963
iclr-2026-9a1a4fec2317,ICLR,oral,figure,Figure 15,17,appendix,Thisfigureshowschallengingexampleswithlooseclothingandhair.Ourpoint-based,108.0,287.677,149.793,297.64,NimbusRomNo9L-Regu,9.963
iclr-2026-9a1a4fec2317,ICLR,oral,figure,Figure 14,17,appendix,Thisfigureshowstheresultsofour,306.0,511.249,348.72,521.212,NimbusRomNo9L-Regu,9.963
iclr-2026-9a1a4fec2317,ICLR,oral,figure,Figure 16,18,appendix,Thisfigureillustrateslargedeformationsoflooseclothingunderextremeposes.,124.762,313.435,165.997,323.398,NimbusRomNo9L-Regu,9.963
iclr-2026-9a1a4fec2317,ICLR,oral,figure,Figure 17,18,appendix,"Giventhesamefeaturemap,thefigureshowsthegeneratedresultsfordifferentSMPL",108.0,667.452,149.654,677.415,NimbusRomNo9L-Regu,9.963
iclr-2026-9a1a4fec2317,ICLR,oral,figure,Figure 18,19,appendix,Thefigureshowsinterpolationresultsbetweentheleftmostandrightmostidentities;note,108.0,336.301,148.976,346.264,NimbusRomNo9L-Regu,9.963
iclr-2026-9a1a4fec2317,ICLR,oral,figure,Figure 20,19,appendix,UVparameterizationofthe,345.602,573.978,387.634,583.941,NimbusRomNo9L-Regu,9.963
iclr-2026-9a1a4fec2317,ICLR,oral,figure,Figure 19,20,appendix,Interpolations.Thisfigurepresentsinterpolationsbetweenidentitieswearingouterwear.,108.667,380.334,149.902,390.297,NimbusRomNo9L-Regu,9.963
iclr-2026-9a1a4fec2317,ICLR,oral,figure,Figure 21,20,appendix,"Givenourhigh-qualitygeometries,texturescanbesynthesizedinvariousways.Here,",108.0,688.922,149.783,698.885,NimbusRomNo9L-Regu,9.963
iclr-2026-9ba8184b9ae8,ICLR,oral,table,Table 1,1,main,Estimatedtimestate-of-the-artAIagentsspendonvarioustasksenvironments.,131.435,617.185,163.564,627.148,NimbusRomNo9L-Regu,9.963
iclr-2026-9ba8184b9ae8,ICLR,oral,figure,Figure 1,2,main,Illustrationofourframeworkinachess-playingenvironment.WhiletheActorissuesan,108.0,252.327,144.593,262.29,NimbusRomNo9L-Regu,9.963
iclr-2026-9ba8184b9ae8,ICLR,oral,figure,Figure 2,6,main,Percentageoftimesavedandpercentage,306.0,701.72,341.736,711.683,NimbusRomNo9L-Regu,9.963
iclr-2026-9ba8184b9ae8,ICLR,oral,figure,Figure 3,7,main,APIspredictionaccuracyacross,325.801,417.513,363.878,427.476,NimbusRomNo9L-Regu,9.963
iclr-2026-9ba8184b9ae8,ICLR,oral,figure,Figure 4,8,main,Accuracywithgemini-2.5-flashas,325.801,238.187,362.354,248.15,NimbusRomNo9L-Regu,9.963
iclr-2026-9ba8184b9ae8,ICLR,oral,figure,Figure 5,9,main,"(Left)ComparisonofSpeculator-Actor,Speculator-only,andActor-onlyconvergence.",108.0,173.99,144.254,183.953,NimbusRomNo9L-Regu,9.963
iclr-2026-9ba8184b9ae8,ICLR,oral,figure,Figure 6,10,main,Cost-latencytradeoacrossdierent,319.861,235.356,355.607,245.319,NimbusRomNo9L-Regu,9.963
iclr-2026-9ba8184b9ae8,ICLR,oral,figure,Figure 7,18,appendix,Acontrolledexperimentshowingthesystem’sstepresponseafteramanualperturbation,108.0,315.61,144.642,325.573,NimbusRomNo9L-Regu,9.963
iclr-2026-9ba8184b9ae8,ICLR,oral,figure,Figure 8,20,appendix,PredictionAccuracyagainstSpeculator’sCostacrossdierentmodels.(a)Accu-,108.0,214.622,145.4,224.585,NimbusRomNo9L-Regu,9.963
iclr-2026-9ba8184b9ae8,ICLR,oral,figure,Figure 9,20,appendix,Cumulativetokenusageandcostovertime.Theleftandrightplotsshowthecumulative,108.0,401.45,143.806,411.413,NimbusRomNo9L-Regu,9.963
iclr-2026-9ba8184b9ae8,ICLR,oral,table,Table 2,20,appendix,Cumulativetokensandcost(incents)atselectedtimemarks.WhileSpeculationincurs,108.0,458.699,140.916,468.662,NimbusRomNo9L-Regu,9.963
iclr-2026-9bfcc62a75a1,ICLR,oral,table,Table 1,2,main,ComparinggeneratedsamplestodatasampleswithWmetric(EarthMover’sDistance).W,107.691,81.722,141.713,91.685,NimbusRomNo9L-Regu,9.963
iclr-2026-9bfcc62a75a1,ICLR,oral,figure,Figure 1,2,main,"GeneratedsamplesonthePinwheeldatasetwith5clusters.Colorin(a)indicatesclassmembership,",108.0,351.156,144.119,361.119,NimbusRomNo9L-Regu,9.963
iclr-2026-9bfcc62a75a1,ICLR,oral,figure,Figure 2,3,main,ExamplesofgraphicalmodelsincorporatedintoSFAs:(a)latentcontinuousvariablemodel;(b)latent,108.0,154.873,143.421,164.836,NimbusRomNo9L-Regu,9.963
iclr-2026-9bfcc62a75a1,ICLR,oral,figure,Figure 3,5,main,OverviewofStructuredFlowAutoencoders(SFAs).(a)SFAframeworkshowingco-,108.0,298.537,145.751,308.5,NimbusRomNo9L-Regu,9.963
iclr-2026-9bfcc62a75a1,ICLR,oral,table,Table 2,8,main,"ComparisonofmetricsforMNISTdatasetbetweenVAE,latentFMandSFA.Evaluatedon",107.691,81.722,139.551,91.685,NimbusRomNo9L-Regu,9.963
iclr-2026-9bfcc62a75a1,ICLR,oral,table,Table 3,9,main,SubspaceclusteringonMNISTwithlatentmixturesmodelsMixture-SVAEandMixture-,107.691,81.722,140.368,91.685,NimbusRomNo9L-Regu,9.963
iclr-2026-9bfcc62a75a1,ICLR,oral,figure,Figure 4,9,main,ComparisonofMixture-SVAEandMixture-SFAonMNISTdataset.Thefirstrowdisplays,108.0,258.071,143.723,268.034,NimbusRomNo9L-Regu,9.963
iclr-2026-9bfcc62a75a1,ICLR,oral,table,Table 4,10,main,Comparisonofmetricsacrossdifferentdatasetsandmethods.(a)KangHVGdataset,107.691,81.722,141.499,91.685,NimbusRomNo9L-Regu,9.963
iclr-2026-9bfcc62a75a1,ICLR,oral,figure,Figure 5,18,appendix,"RNAseqdataset:Latentspacevisualizationin2D,projectedwithTSNE(perplexity=30).",108.597,718.763,144.851,728.726,NimbusRomNo9L-Regu,9.963
iclr-2026-9bfcc62a75a1,ICLR,oral,figure,Figure 6,19,appendix,MNISTdataset:Latentspacevisualizationin2DprojectedwithTSNE(perplexity=50).,108.0,259.145,145.02,269.108,NimbusRomNo9L-Regu,9.963
iclr-2026-9bfcc62a75a1,ICLR,oral,figure,Figure 7,20,appendix,"ComparisonofPosteriorPredictiveResults:(a)VAE,(b)SFA,(c)Mixture-SVAEand(d)",108.0,496.739,144.28,506.702,NimbusRomNo9L-Regu,9.963
iclr-2026-9bfcc62a75a1,ICLR,oral,figure,Figure 8,21,appendix,Mixture-SVAEPosteriorSamples:(a)samplesfromlatentvariableξ:eachcolumn,108.0,262.029,146.198,271.992,NimbusRomNo9L-Regu,9.963
iclr-2026-9bfcc62a75a1,ICLR,oral,figure,Figure 9,21,appendix,Mixture-SFAResults:(a)PosteriorSamples(ξ)and(b)PosteriorSamples(z).,129.515,511.846,165.769,521.809,NimbusRomNo9L-Regu,9.963
iclr-2026-9bfcc62a75a1,ICLR,oral,figure,Figure 10,22,appendix,"ComparisonofPendulumDynamics:GroundTruth,LDS-SFAandGLD-SVAE.",123.426,248.34,164.661,258.303,NimbusRomNo9L-Regu,9.963
iclr-2026-9d74a65ca00d,ICLR,oral,figure,Figure 1,2,main,Left:TotallossisdecomposedintoBayesRisk(decreasingwithcontextlength)andAp-,108.0,196.006,144.373,205.969,NimbusRomNo9L-Regu,9.963
iclr-2026-9d74a65ca00d,ICLR,oral,figure,Figure 2,5,main,CrossEntropylossvs.Gaussian-KDEmeasuredIntrinsicEntropy(innats)forthree,108.0,189.4,145.599,199.363,NimbusRomNo9L-Regu,9.963
iclr-2026-9d74a65ca00d,ICLR,oral,figure,Figure 3,6,main,"OurmodifiedPosition-WeightedRuler-QA1(Hsiehetal.,2024)dataset.Multiplepara-",108.0,204.439,144.762,214.402,NimbusRomNo9L-Regu,9.963
iclr-2026-9d74a65ca00d,ICLR,oral,figure,Figure 4,6,main,MeasuredresultsonPosition-WeightedRuler-QA1dataset.Left:QAaccuracyvs.num-,108.0,404.415,144.423,414.378,NimbusRomNo9L-Regu,9.963
iclr-2026-9d74a65ca00d,ICLR,oral,figure,Figure 5,8,main,"Left:Anexampleofthe‘twoneedlesinahaystack’task,similartothosein(Levyetal.,",108.0,203.164,144.393,213.127,NimbusRomNo9L-Regu,9.963
iclr-2026-9d74a65ca00d,ICLR,oral,figure,Figure 6,9,main,"TransformerandRope-basedmodelforthesynthetictask.Here,weuseonetasktokento",108.0,224.136,144.264,234.099,NimbusRomNo9L-Regu,9.963
iclr-2026-9d74a65ca00d,ICLR,oral,figure,Figure 7,9,main,EigenvalueandCEresultsmeasuredontrainedmodelforSyntheticDatasetinthissection.,108.0,400.591,143.696,410.554,NimbusRomNo9L-Regu,9.963
iclr-2026-9d74a65ca00d,ICLR,oral,figure,Figure 8,17,appendix,Accvs.VisibleContextLengthofQwen-3seriesmodels(non-thinkingchatmodels)on,108.0,332.583,144.583,342.546,NimbusRomNo9L-Regu,9.963
iclr-2026-9d74a65ca00d,ICLR,oral,figure,Figure 9,20,appendix,"Gaussian-KDEmeasuredEntropy(10000samples,autobandwidth=0.997756)vs.PCA-",108.0,384.437,144.094,394.4,NimbusRomNo9L-Regu,9.963
iclr-2026-9d74a65ca00d,ICLR,oral,table,Table 1,21,appendix,ComparisonbetweentrainedmodelandBayesModel(minimumCELoss)forSynthetic,108.0,266.771,140.697,276.734,NimbusRomNo9L-Regu,9.963
iclr-2026-9d74a65ca00d,ICLR,oral,table,Table 2,23,appendix,InthisSection(AppendixD)weformulateresultsfromprevioussectionswithThe-,108.0,213.432,140.757,223.395,NimbusRomNo9L-Regu,9.963
iclr-2026-9d74a65ca00d,ICLR,oral,figure,Figure 10,27,appendix,"CrossEntropyLossvs.ContextLength,withlogscale.Weseethaty=C+C/xγfits",108.0,601.977,149.225,611.94,NimbusRomNo9L-Regu,9.963
iclr-2026-9d74a65ca00d,ICLR,oral,figure,Figure 11,28,appendix,ValidationsetCrossEntropyLossoftheoutputtoken(resemblingthe‘answer’tokenof,108.0,203.916,149.285,213.879,NimbusRomNo9L-Regu,9.963
iclr-2026-9d74a65ca00d,ICLR,oral,figure,Figure 12,29,appendix,BayesRiskvs.ContextLength:BayesRiskisapproximatedbyCrossEntropyloss,108.0,278.692,150.002,288.655,NimbusRomNo9L-Regu,9.963
iclr-2026-9d74a65ca00d,ICLR,oral,figure,Figure 13,30,appendix,"Left:RelativeEigenValueMeasuredforthelasttoken,forLLaMa-3.1-8Bonasubset",108.0,219.648,149.365,229.611,NimbusRomNo9L-Regu,9.963
iclr-2026-9d74a65ca00d,ICLR,oral,figure,Figure 14,30,appendix,"Upper-left,Upper-right,Bottom-left:CrossEntropyLossvs.measuredIntrinsicEn-",108.0,532.576,149.375,542.539,NimbusRomNo9L-Regu,9.963
iclr-2026-9d74a65ca00d,ICLR,oral,figure,Figure 15,31,appendix,"Openwebtextsubset,ValidationLossvs.ContextLength,fordifferentdatasetsizes.",108.0,281.765,150.022,291.728,NimbusRomNo9L-Regu,9.963
iclr-2026-9d74a65ca00d,ICLR,oral,figure,Figure 16,34,appendix,"Leftfigures:RelativeEigenValueforLLaMa-3.1-8BonasubsetofOpenWebText,",108.0,289.642,150.052,299.605,NimbusRomNo9L-Regu,9.963
iclr-2026-9d74a65ca00d,ICLR,oral,figure,Figure S,34,appendix,"RelativeEigenValueforLLaMa-3.1-8BonasubsetofOpenWebText,",175.795,289.573,207.168,299.605,NimbusRomNo9L-Medi|NimbusRomNo9L-Regu,9.963
iclr-2026-9d74a65ca00d,ICLR,oral,figure,Figure 17,34,appendix,Modeltrainedontheproposedsyntheticdataset;⊕representsfeatureconcatenation.,108.0,685.886,150.301,695.849,NimbusRomNo9L-Regu,9.963
iclr-2026-9d74a65ca00d,ICLR,oral,figure,Figure 18,35,appendix,"Relativeeigenvaluevs.index,formodelstrainedondifferentcontextlength.Vertical",108.0,287.485,149.723,297.448,NimbusRomNo9L-Regu,9.963
iclr-2026-9dbde6327464,ICLR,oral,figure,Figure 1,3,main,FrameworkOverview:PRISMgeneratesstructuredtextdescriptionsforeachtrainingimageusing,108.0,326.815,144.373,336.778,NimbusRomNo9L-Regu,9.963
iclr-2026-9dbde6327464,ICLR,oral,table,Table 1,4,main,Alignmentresultsbetweenmodelrepre-,325.801,311.279,357.651,321.242,NimbusRomNo9L-Regu,9.963
iclr-2026-9dbde6327464,ICLR,oral,table,Table 2,7,main,Comparisonofourframeworkwithstate-of-the-artmethodsonthreedatasets.AllmethodsuseStable,108.0,90.808,139.771,100.771,NimbusRomNo9L-Regu,9.963
iclr-2026-9dbde6327464,ICLR,oral,table,Table 3,7,main,ImageQAresultsonreconstructedNSDimages.,286.199,552.866,319.225,562.829,NimbusRomNo9L-Regu,9.963
iclr-2026-9dbde6327464,ICLR,oral,figure,Figure 2,8,main,Reconstructedimagesfromdifferentmethods.Thefirstcolumnshowstheoriginalviewedimages.,108.0,306.679,144.423,316.642,NimbusRomNo9L-Regu,9.963
iclr-2026-9dbde6327464,ICLR,oral,table,Table 4,8,main,Reconstructionperformanceacrossthreelatentspaces.,266.398,459.596,299.285,469.559,NimbusRomNo9L-Regu,9.963
iclr-2026-9dbde6327464,ICLR,oral,table,Table 5,8,main,Effectivenessoftheobject-centricdiffusionmoduleand,266.398,587.16,298.707,597.123,NimbusRomNo9L-Regu,9.963
iclr-2026-9dbde6327464,ICLR,oral,table,Table 6,10,main,"Top-5keywordsscoredby1−LPIPSbeforesearchingandafter10,20,30searchsteps.The",108.0,90.808,141.504,100.771,NimbusRomNo9L-Regu,9.963
iclr-2026-9dbde6327464,ICLR,oral,figure,Figure 3,17,main,ACommonErrorinGenerativeModels.Whiletheoriginalimageshows“agraytiger-,108.0,303.226,144.832,313.189,NimbusRomNo9L-Regu,9.963
iclr-2026-9dbde6327464,ICLR,oral,table,Table 7,20,appendix,Reconstructionperformanceacrossthreelatentspaces.Thebestresultineachcolumnis,108.0,76.635,140.598,86.598,NimbusRomNo9L-Regu,9.963
iclr-2026-9dbde6327464,ICLR,oral,figure,Figure 4,20,appendix,Reconstructedimagesusingobject-leveldescriptions.,179.307,479.376,215.561,489.339,NimbusRomNo9L-Regu,9.963
iclr-2026-9dbde6327464,ICLR,oral,table,Table 8,21,appendix,"Comparisonofthenumberofobjectsinourframework.ResultsarereportedusingPixCorr,",108.0,90.808,139.761,100.771,NimbusRomNo9L-Regu,9.963
iclr-2026-9dbde6327464,ICLR,oral,figure,Figure 5,21,appendix,Reconstructedimagesusingtwoobjects.,205.164,700.721,241.418,710.684,NimbusRomNo9L-Regu,9.963
iclr-2026-9dbde6327464,ICLR,oral,figure,Figure 6,22,appendix,Reconstructedimagesusingfourobjects.,204.288,295.385,240.542,305.348,NimbusRomNo9L-Regu,9.963
iclr-2026-9dbde6327464,ICLR,oral,table,Table 9,23,appendix,Top-5discoveredkeywordsacrosssearchrounds.,189.792,183.511,221.921,193.474,NimbusRomNo9L-Regu,9.963
iclr-2026-9dbde6327464,ICLR,oral,figure,Figure 7,24,appendix,"Scoresofallkeywordsduringthepromptsearch.Amongthetop-10keywords,themost",108.0,699.93,144.533,709.893,NimbusRomNo9L-Regu,9.963
iclr-2026-9f44d179b34e,ICLR,oral,figure,Figure 1,2,main,SafeRLHF(left)andSafeDPO(right).Theblueitemsindicatecomponentsadditionally,108.0,166.131,143.957,176.094,NimbusRomNo9L-Regu,9.963
iclr-2026-9f44d179b34e,ICLR,oral,figure,Figure 2,7,main,"Helpfulness,HarmlessnessandHarmlessRatioEvaluation.TheDashedlineindicates",108.0,227.057,144.264,237.02,NimbusRomNo9L-Regu,9.963
iclr-2026-9f44d179b34e,ICLR,oral,figure,Figure 3,8,main,HarmlessnessandHelpfulnessVariationswithChanging∆.Thedashedhorizontalline,108.0,227.057,143.776,237.02,NimbusRomNo9L-Regu,9.963
iclr-2026-9f44d179b34e,ICLR,oral,table,Table 1,9,main,"ComparisonofSafeDPOwithvariousreferencemodelsonhelpfulness,harmlessness,and",107.691,374.53,140.003,384.493,NimbusRomNo9L-Regu,9.963
iclr-2026-9f44d179b34e,ICLR,oral,table,Table 2,9,main,Humanevaluationofsafetyandhelpfulnessscoresacrossdifferentmethods,137.429,637.811,169.558,647.774,NimbusRomNo9L-Regu,9.963
iclr-2026-9f44d179b34e,ICLR,oral,table,Table 3,10,main,Comparisonofover-refusalandharmlessratio.,194.713,447.265,226.842,457.228,NimbusRomNo9L-Regu,9.963
iclr-2026-9f44d179b34e,ICLR,oral,table,Table 4,18,appendix,TraininghyperparameterconfigurationsharedbyDPOanditsvariants.,147.057,409.965,179.186,419.928,NimbusRomNo9L-Regu,9.963
iclr-2026-9f44d179b34e,ICLR,oral,table,Table 5,22,appendix,"DPO-HELPFULperformanceacrossvarious∆valuesonHelpfulness,Harmlessness,and",107.691,343.059,140.057,353.022,NimbusRomNo9L-Regu,9.963
iclr-2026-9f44d179b34e,ICLR,oral,table,Table 6,22,appendix,"DPO-HARMLESSperformanceacrossvarious∆valuesonHelpfulness,Harmlessness,and",107.691,443.429,139.271,453.392,NimbusRomNo9L-Regu,9.963
iclr-2026-9f44d179b34e,ICLR,oral,table,Table 7,22,appendix,"DPO-SAFEBETTERperformanceacrossvarious∆valuesonHelpfulness,Harmlessness,",107.691,543.799,140.045,553.762,NimbusRomNo9L-Regu,9.963
iclr-2026-9f44d179b34e,ICLR,oral,table,Table 8,23,appendix,"ComparisonofPeCAN(P)andMoCAN(M)modelsacrossvaryingλvaluesonhelpfulness,",107.691,170.768,139.149,180.731,NimbusRomNo9L-Regu,9.963
iclr-2026-9f44d179b34e,ICLR,oral,table,Table 9,23,appendix,"ComparisonofSafeDPOwithvariousreferencemodelsonhelpfulness,harmlessness,and",107.691,522.257,140.003,532.22,NimbusRomNo9L-Regu,9.963
iclr-2026-9f44d179b34e,ICLR,oral,table,Table 10,24,appendix,Ablationstudyforevaluatoroveroptimization.Whenevaluatedusing,107.691,174.234,152.444,184.197,NimbusRomNo9L-Regu,9.963
iclr-2026-9f44d179b34e,ICLR,oral,table,Table 11,24,appendix,Humanevaluationresults:proportionofresponseslabeledassafeandhelpful.,130.38,574.981,167.491,584.944,NimbusRomNo9L-Regu,9.963
iclr-2026-9f44d179b34e,ICLR,oral,table,Table 12,26,appendix,SafetycomparisonbetweenSafeDPOandbaselinemethods.Wecategorizeeach,107.691,223.275,146.956,233.238,NimbusRomNo9L-Regu,9.963
iclr-2026-9f44d179b34e,ICLR,oral,table,Table 13,26,appendix,Performancecomparisonacrossthreerandomseeds.Wereportthemean,107.691,443.094,149.68,453.057,NimbusRomNo9L-Regu,9.963
iclr-2026-9f44d179b34e,ICLR,oral,table,Table 14,26,appendix,Networkcomponentsrequiredfortrainingπ.SafeRLHFrequiresadditionalreward,107.691,691.19,145.574,701.153,NimbusRomNo9L-Regu,9.963
iclr-2026-9f44d179b34e,ICLR,oral,table,Table 15,27,appendix,Computationtime(seconds)requiredfortraining.SafeRLHFincurssubstantialcom-,107.691,307.589,145.274,317.552,NimbusRomNo9L-Regu,9.963
iclr-2026-9f44d179b34e,ICLR,oral,table,Table 16,27,appendix,Requiredsupervisionsignals.SafeRLHFreliesonmultipletypesoflabeleddatatotrain,107.691,531.867,144.663,541.83,NimbusRomNo9L-Regu,9.963
iclr-2026-9f44d179b34e,ICLR,oral,table,Table 17,28,appendix,ExactnumericalvaluescorrespondingtoFigure2(a).(N)and(O)denotenormalizedand,107.691,265.04,145.004,275.003,NimbusRomNo9L-Regu,9.963
iclr-2026-9f44d179b34e,ICLR,oral,table,Table 18,28,appendix,NumericalvaluescorrespondingtoFigure2(b).,191.266,421.693,228.377,431.656,NimbusRomNo9L-Regu,9.963
iclr-2026-9f44d179b34e,ICLR,oral,table,Table 19,29,appendix,GPT-4evaluationresultsagainstSFTusingTemplateT1.,172.009,448.844,209.12,458.807,NimbusRomNo9L-Regu,9.963
iclr-2026-9f44d179b34e,ICLR,oral,table,Table 20,29,appendix,GPT-4evaluationresultsagainstSFTusingTemplateT2.,172.009,569.585,209.12,579.548,NimbusRomNo9L-Regu,9.963
iclr-2026-9f44d179b34e,ICLR,oral,table,Table 21,29,appendix,GPT-4evaluationresultsagainstSFTusingTemplateT3.,172.009,692.01,209.12,701.973,NimbusRomNo9L-Regu,9.963
iclr-2026-9f44d179b34e,ICLR,oral,figure,Figure 4,30,appendix,"ResultsusingVariousTemplates.Weplotthetop,middle,andbottomofthisfigurebased",108.0,595.123,143.578,605.086,NimbusRomNo9L-Regu,9.963
iclr-2026-9f44d179b34e,ICLR,oral,table,Table 22,31,appendix,"PairwisecomparisonresultsofSafeDPOagainsteachbaseline,evaluatedusingGPT-5.1.",107.691,259.704,145.19,269.667,NimbusRomNo9L-Regu,9.963
iclr-2026-9f44d179b34e,ICLR,oral,table,Table 23,31,appendix,"PairwisehelpfulnesscomparisonbetweenSafeDPOandeachbaselineunderGPT-5.1,",107.691,477.064,146.184,487.027,NimbusRomNo9L-Regu,9.963
iclr-2026-9f44d179b34e,ICLR,oral,table,Table 24,32,appendix,QualitativeexamplecomparingDPO-HELPFULandSafeDPOunderGPT-4evaluation(1).,107.691,634.638,143.991,644.601,NimbusRomNo9L-Regu,9.963
iclr-2026-9f44d179b34e,ICLR,oral,table,Table 25,33,appendix,QualitativeexamplecomparingDPO-HELPFULandSafeDPOunderGPT-4evaluation(2).,107.691,677.712,143.991,687.675,NimbusRomNo9L-Regu,9.963
iclr-2026-9f44d179b34e,ICLR,oral,table,Table 26,34,appendix,QualitativeexamplecomparingDPO-HELPFULandSafeDPOunderGPT-4evaluation(3).,107.691,491.41,143.991,501.373,NimbusRomNo9L-Regu,9.963
iclr-2026-9f44d179b34e,ICLR,oral,table,Table 27,35,appendix,QualitativeexamplecomparingDPO-HELPFULandSafeDPOunderGPT-4evaluation(4).,107.691,688.671,143.991,698.634,NimbusRomNo9L-Regu,9.963
iclr-2026-9f44d179b34e,ICLR,oral,table,Table 28,36,appendix,"ExamplesadaptedfromTable7ofHuangetal.(2024),evaluatedwithGPT-4under",107.691,702.476,146.591,712.439,NimbusRomNo9L-Regu,9.963
iclr-2026-9f44d179b34e,ICLR,oral,table,Table 29,37,appendix,"ExamplesadaptedfromTable8ofHuangetal.(2024),evaluatedwithGPT-4under",107.691,647.57,146.591,657.533,NimbusRomNo9L-Regu,9.963
iclr-2026-a2b879220593,ICLR,oral,figure,Figure 1,1,main,Trajectorysegmentsthat,345.602,640.289,386.07,650.252,NimbusRomNo9L-Regu,9.963
iclr-2026-a2b879220593,ICLR,oral,figure,Figure 2,4,main,PG++framework.,234.31,207.247,270.564,217.21,NimbusRomNo9L-Regu,9.963
iclr-2026-a2b879220593,ICLR,oral,table,Table 1,8,main,Comparisonresultswithbaselines.Approacheswereimplementedwithoutnoiseonthe,108.0,81.722,140.877,91.685,NimbusRomNo9L-Regu,9.963
iclr-2026-a2b879220593,ICLR,oral,table,Table 2,8,main,ComparisonofPGvs.PG++atvariousnoiselevelsunderGeolifedataset.,108.0,344.445,140.259,354.408,NimbusRomNo9L-Regu,9.963
iclr-2026-a2b879220593,ICLR,oral,table,Table 3,8,main,ComparisonofPGandPG++atvariousnoiselevelsundertheTelecom,108.0,475.498,141.086,485.461,NimbusRomNo9L-Regu,9.963
iclr-2026-a2b879220593,ICLR,oral,table,Table 4,9,main,Comparisonofwhite-boxMIAperformanceagainstPGandPG++under,108.0,148.996,140.677,158.959,NimbusRomNo9L-Regu,9.963
iclr-2026-a2b879220593,ICLR,oral,table,Table 5,9,main,ComparisonofLiRAperformanceagainstPGandPG++underdifferent,108.0,262.534,140.926,272.497,NimbusRomNo9L-Regu,9.963
iclr-2026-a2b879220593,ICLR,oral,table,Table 6,9,main,Ablationstudyofdifferentλlevelsacrossnoiselevels.,174.36,519.506,206.489,529.469,NimbusRomNo9L-Regu,9.963
iclr-2026-a2b879220593,ICLR,oral,table,Table 7,10,main,PerformancecomparisonbetweenPG++andPG++underlocaldiffer-,108.0,219.526,140.498,229.489,NimbusRomNo9L-Regu,9.963
iclr-2026-a2b879220593,ICLR,oral,table,Table 8,15,appendix,Comparisonofwhite-boxMIAperformanceagainstPGandPG++under,108.0,148.489,140.677,158.452,NimbusRomNo9L-Regu,9.963
iclr-2026-a2b879220593,ICLR,oral,table,Table 9,15,appendix,ComparisonofLiRAperformanceagainstPGandPG++underdifferent,108.0,271.923,140.926,281.886,NimbusRomNo9L-Regu,9.963
iclr-2026-a2b879220593,ICLR,oral,figure,Figure 3,15,appendix,ComparisonofPGandthebest-performingPG++configurationover,108.0,516.686,145.977,526.649,NimbusRomNo9L-Regu,9.963
iclr-2026-a2b879220593,ICLR,oral,table,Table 10,16,appendix,"Performancecomparisonacrossdifferentuserpercentages(40%,80%,100%)undervary-",108.0,81.722,144.762,91.685,NimbusRomNo9L-Regu,9.963
iclr-2026-a360ac840b2a,ICLR,oral,figure,Figure 1,4,main,Planner-AwarePathLearning(PAPL)resolvestraining–inferencemismatchinDLMs.,108.0,190.494,143.587,200.457,NimbusRomNo9L-Regu,9.963
iclr-2026-a360ac840b2a,ICLR,oral,figure,Figure 2,7,main,VisualizationofPAPLgen-,353.518,458.225,390.548,468.188,NimbusRomNo9L-Regu,9.963
iclr-2026-a360ac840b2a,ICLR,oral,table,Table 1,7,main,"Proteinsequencegenerationbenchmark.WeevaluatestructurequalityviapLDDT,pTM,andpAE,",107.691,528.137,140.316,538.1,NimbusRomNo9L-Regu,9.963
iclr-2026-a360ac840b2a,ICLR,oral,table,Table 2,8,main,"Unconditionaltextgeneration.ForeachsamplingstepT,wereportMAUVE(higheris",107.691,283.852,140.798,293.815,NimbusRomNo9L-Regu,9.963
iclr-2026-a360ac840b2a,ICLR,oral,table,Table 3,8,main,CodeinfillingperformanceonHE-,305.691,567.032,337.68,576.995,NimbusRomNo9L-Regu,9.963
iclr-2026-a360ac840b2a,ICLR,oral,table,Table 4,9,main,"CodegenerationperformanceonHE,HE+,MBPP,andMBPP+.Large-scale",107.691,76.741,139.82,86.704,NimbusRomNo9L-Regu,9.963
iclr-2026-a360ac840b2a,ICLR,oral,figure,Figure 3,9,main,"PAPLconsistentlyimprovesoverDLMacrosstraining,samplingsteps,andtemperature.",108.0,527.381,144.659,537.344,NimbusRomNo9L-Regu,9.963
iclr-2026-a360ac840b2a,ICLR,oral,figure,Figure 4,10,main,Effectofτandαonfoldability.Lower,306.0,249.0,343.853,258.963,NimbusRomNo9L-Regu,9.963
iclr-2026-a360ac840b2a,ICLR,oral,table,Table 5,41,appendix,"ComparisonofGreedy,ProbabilityMargin,andP2-SelfSamplingacrossmetricsandnumber",107.691,248.624,138.865,258.587,NimbusRomNo9L-Regu,9.963
iclr-2026-a360ac840b2a,ICLR,oral,figure,Figure 5,42,appendix,"TrainingwithpurePAPLloss(τ=1)leadstounstablebehavior,withlargefluctuationsin",108.0,232.71,143.822,242.673,NimbusRomNo9L-Regu,9.963
iclr-2026-a360ac840b2a,ICLR,oral,table,Table 6,42,appendix,Performancecomparisonacrosscodingbenchmarksforsamplingdifferentmethods.,120.278,575.036,152.407,584.999,NimbusRomNo9L-Regu,9.963
iclr-2026-a360ac840b2a,ICLR,oral,figure,Figure 6,43,appendix,"VanillaMDMvsPAPLTrainingCurves.Earlyintraining,thePAPLlossremainssmall",108.0,200.511,143.947,210.474,NimbusRomNo9L-Regu,9.963
iclr-2026-a360ac840b2a,ICLR,oral,table,Table 7,43,appendix,AblationoftheapproximationstepsusedtoobtainthePAPLloss.,156.831,479.126,188.96,489.089,NimbusRomNo9L-Regu,9.963
iclr-2026-a52a988a4775,ICLR,oral,table,Table 1,3,main,Summaryofefficiencyguarantees(inBigO-notation)forfindinganε-stationarypoint.I-CGM-RG-,107.722,81.806,136.958,90.773,NimbusRomNo9L-Regu,8.966
iclr-2026-a52a988a4775,ICLR,oral,figure,Figure 1,10,main,Comparisonsofdifferentalgorithmsforsolvingthequadraticminimizationproblemswithnon-convex,108.0,215.707,140.011,224.674,NimbusRomNo9L-Regu,8.966
iclr-2026-a52a988a4775,ICLR,oral,figure,Figure 2,10,main,ComparisonsofdifferentalgorithmsontwoLIBSVMdatasetsusinglogisticlosswithnon-convex,108.0,355.397,141.3,364.364,NimbusRomNo9L-Regu,8.966
iclr-2026-a52a988a4775,ICLR,oral,figure,Figure D.1,18,appendix,Illustrationofthesequenceofproceduresperformedbyacentralizeddistributedoptimization,108.0,250.178,150.811,259.145,NimbusRomNo9L-Regu,8.966
iclr-2026-a52a988a4775,ICLR,oral,figure,Figure J.1,39,appendix,ComparisonsofdifferentinitializationstrategiesofI-CGM-RG-SAGAforsolvingthequadratic,108.0,195.514,147.327,204.481,NimbusRomNo9L-Regu,8.966
iclr-2026-a52a988a4775,ICLR,oral,figure,Figure J.2,39,appendix,Comparisonsofdifferentp(numberoflocalsteps)usedinlocalCGMforI-CGM-RG-SAGAwhen,108.0,341.893,146.069,350.86,NimbusRomNo9L-Regu,8.966
iclr-2026-a52a988a4775,ICLR,oral,figure,Figure J.3,40,appendix,ComparisonsofdifferentλusedI-CGM-RG-SAGAforsolvingthequadraticminimizationproblems,108.0,195.517,145.565,204.484,NimbusRomNo9L-Regu,8.966
iclr-2026-a52a988a4775,ICLR,oral,figure,Figure J.4,40,appendix,ComparisonsofdifferentβusedI-CGM-RG-SAGAforsolvingthequadraticminimizationproblems,108.0,352.256,145.538,361.223,NimbusRomNo9L-Regu,8.966
iclr-2026-a52a988a4775,ICLR,oral,figure,Figure J.5,41,appendix,ComparisonsofI-CGM-RG-SAGAagainstI-CGM-RG-SVRGunderdifferentC/Cforsolving,108.0,186.585,146.273,195.552,NimbusRomNo9L-Regu,8.966
iclr-2026-a52a988a4775,ICLR,oral,figure,Figure J.6,41,appendix,ComparisonsofI-CGM-RG-SAGAunderdifferentnforsolvingthequadraticminimization,108.0,332.758,147.793,341.725,NimbusRomNo9L-Regu,8.966
iclr-2026-a52a988a4775,ICLR,oral,table,Table J.1,41,appendix,Hyper-parametersoftheconsideredoptimizersusedinthemulti-classificationtaskfortheEMNIST,107.722,635.888,142.394,644.855,NimbusRomNo9L-Regu,8.966
iclr-2026-a52a988a4775,ICLR,oral,table,Table J.2,41,appendix,Comparisonsofvalidationaccuracyfordifferentoptimizersusedinthemulti-classificationtaskfor,107.722,703.37,142.636,712.337,NimbusRomNo9L-Regu,8.966
iclr-2026-a52a988a4775,ICLR,oral,figure,Figure J.7,42,appendix,ComparisonsofdifferentalgorithmsontheEMNISTdatasetusinga6-layerresidualCNN.,121.806,191.201,160.164,200.168,NimbusRomNo9L-Regu,8.966
iclr-2026-a52a988a4775,ICLR,oral,figure,Figure J.8,42,appendix,ComparisonsofdifferentalgorithmsontheCIFAR10datasetusingResNet18.,145.163,390.749,183.521,399.716,NimbusRomNo9L-Regu,8.966
iclr-2026-a52a988a4775,ICLR,oral,figure,Figure J.9,42,appendix,PerformanceofI-CGM-RG-SAGAontheCIFAR10datasetusingResNet18.,147.108,719.843,185.466,728.81,NimbusRomNo9L-Regu,8.966
iclr-2026-a52a988a4775,ICLR,oral,table,Table J.3,43,appendix,Hyper-parametersoftheconsideredoptimizersusedinthemulti-classificationtaskfortheCIFAR10,107.722,176.533,142.239,185.5,NimbusRomNo9L-Regu,8.966
iclr-2026-a52a988a4775,ICLR,oral,table,Table J.4,43,appendix,Comparisonsofvalidationaccuracyfordifferentoptimizersusedinthemulti-classificationtaskfor,107.722,236.973,142.636,245.94,NimbusRomNo9L-Regu,8.966
iclr-2026-a60437a1dcad,ICLR,oral,figure,Figure 1,2,main,Comparisonofunsupervisedcross-modalknowledgetransfermethodsforbiosignals.The,108.0,168.699,144.046,178.662,NimbusRomNo9L-Regu,9.963
iclr-2026-a60437a1dcad,ICLR,oral,figure,Figure 2,4,main,"OverviewofBioX-Bridge.(a)Atthetrainingstage,thebridgelearnstoprojectintermediate",108.0,285.41,143.255,295.373,NimbusRomNo9L-Regu,9.963
iclr-2026-a60437a1dcad,ICLR,oral,figure,Figure 3,6,main,BridgePositionSelection,343.112,356.473,382.957,366.436,NimbusRomNo9L-Regu,9.963
iclr-2026-a60437a1dcad,ICLR,oral,table,Table 1,8,main,"Unsupervisedcross-modalknowledgetransferperformanceonISRUC,FOG,andWESAD.",107.691,81.722,139.541,91.685,NimbusRomNo9L-Regu,9.963
iclr-2026-a60437a1dcad,ICLR,oral,figure,Figure 4,9,main,BridgeTrainingAblation.Blue:BalancedAccuracy.Red:NumberofParameters.Wevary,108.0,409.074,143.529,419.037,NimbusRomNo9L-Regu,9.963
iclr-2026-a60437a1dcad,ICLR,oral,table,Table 2,9,main,BridgePositionAblation.Com-Table3:FoundationModelAblation.Wecomparethe,107.691,608.955,139.249,618.918,NimbusRomNo9L-Regu,9.963
iclr-2026-a60437a1dcad,ICLR,oral,table,Table 3,9,main,FoundationModelAblation.Wecomparethe,285.89,609.516,318.278,619.479,NimbusRomNo9L-Regu,9.963
iclr-2026-a60437a1dcad,ICLR,oral,figure,Figure A1,17,appendix,IllustrationofDatasetSplit.Thedatasetisdividedintofoursubject-independentsubsets.,108.0,237.288,151.109,247.251,NimbusRomNo9L-Regu,9.963
iclr-2026-a60437a1dcad,ICLR,oral,table,Table A1,18,appendix,Unsupervisedcross-modalknowledgetransferperformanceonISRUC.Resultsarereported,107.691,81.722,145.817,91.685,NimbusRomNo9L-Regu,9.963
iclr-2026-a60437a1dcad,ICLR,oral,table,Table A2,18,appendix,Unsupervisedcross-modalknowledgetransferperformanceonFOG.Resultsarereported,107.691,385.797,146.679,395.76,NimbusRomNo9L-Regu,9.963
iclr-2026-a60437a1dcad,ICLR,oral,table,Table A3,19,appendix,Unsupervisedcross-modalknowledgetransferperformanceonWESAD.Resultsare,107.691,81.722,148.653,91.685,NimbusRomNo9L-Regu,9.963
iclr-2026-a60437a1dcad,ICLR,oral,table,Table A4,19,appendix,BridgePositionAblation.WESAD(PPG→ECG).Westudytheeffectivenessofthe,107.691,397.773,148.125,407.736,NimbusRomNo9L-Regu,9.963
iclr-2026-a60437a1dcad,ICLR,oral,table,Table A5,19,appendix,FoundationModelAblation.WESAD(PPG→ECG).WereplaceHuBERT-ECGwith,107.691,502.817,147.79,512.78,NimbusRomNo9L-Regu,9.963
iclr-2026-a60437a1dcad,ICLR,oral,table,Table A6,20,appendix,TraditionalModelAblation.WESAD(PPG→ECG).WereplaceHuBERT-ECGwitha,107.691,81.722,147.121,91.685,NimbusRomNo9L-Regu,9.963
iclr-2026-a60437a1dcad,ICLR,oral,table,Table A7,20,appendix,FoundationModelSizeAblation.WESAD(PPG→ECG).Wereplacethesmallversion,107.691,301.557,146.827,311.52,NimbusRomNo9L-Regu,9.963
iclr-2026-a60437a1dcad,ICLR,oral,figure,Figure A2,21,appendix,ISRUCbridgepositionselection.Knowledgetransferdirectionisindicatedas(old,108.0,323.266,153.169,333.229,NimbusRomNo9L-Regu,9.963
iclr-2026-a60437a1dcad,ICLR,oral,figure,Figure A3,22,appendix,FOGbridgepositionselection.Knowledgetransferdirectionisindicatedas(oldmodality,108.0,325.542,150.578,335.505,NimbusRomNo9L-Regu,9.963
iclr-2026-a60437a1dcad,ICLR,oral,figure,Figure A4,22,appendix,WESADbridgepositionselection.Knowledgetransferdirectionisindicatedas(old,108.0,653.527,152.732,663.49,NimbusRomNo9L-Regu,9.963
iclr-2026-a60437a1dcad,ICLR,oral,figure,Figure A5,23,appendix,WESADbridgepositionselectionwith50%data.Knowledgetransferdirectionis,108.0,327.307,153.302,337.27,NimbusRomNo9L-Regu,9.963
iclr-2026-a60437a1dcad,ICLR,oral,figure,Figure A6,24,appendix,BridgeatninepredefinedpositionsforISRUCECG→EEG.Theresultsareaveraged,108.0,254.806,152.168,264.769,NimbusRomNo9L-Regu,9.963
iclr-2026-a60437a1dcad,ICLR,oral,figure,Figure A7,24,appendix,BridgeatninepredefinedpositionsforFOGEEG→EMG.Theresultsareaveragedover,108.0,473.463,150.637,483.426,NimbusRomNo9L-Regu,9.963
iclr-2026-a60437a1dcad,ICLR,oral,figure,Figure A8,24,appendix,BridgeatninepredefinedpositionsforWESAD(PPG→ECG).Theresultsareaveraged,108.0,692.12,150.747,702.083,NimbusRomNo9L-Regu,9.963
iclr-2026-a60437a1dcad,ICLR,oral,figure,Figure A9,25,appendix,BridgeTrainingAblationISRUC(ECG→EEG).Blue:BalancedAccuracy.Red:,108.0,180.319,153.108,190.282,NimbusRomNo9L-Regu,9.963
iclr-2026-a60437a1dcad,ICLR,oral,figure,Figure A10,25,appendix,BridgeTrainingAblationFOG(EEG→EMG).Blue:BalancedAccuracy.Red:,108.0,316.5,158.291,326.463,NimbusRomNo9L-Regu,9.963
iclr-2026-a60437a1dcad,ICLR,oral,table,Table A8,25,appendix,Bridgearchitectureablation.WESAD(PPG→ECG).Wereplacetheproposedbridge,107.691,454.48,147.871,464.443,NimbusRomNo9L-Regu,9.963
iclr-2026-a60437a1dcad,ICLR,oral,table,Table A9,26,appendix,Bridgewithreshuffledsubject.WESAD(PPG→ECG).Wereshufflethesubjectsand,107.691,199.445,147.912,209.408,NimbusRomNo9L-Regu,9.963
iclr-2026-ac7703f2b4ec,ICLR,oral,table,Table 1,1,main,(i)Insufficienttabular-specificfidelityassessments.Current,216.139,678.863,249.937,688.825,NimbusRomNo9L-Regu,9.963
iclr-2026-ac7703f2b4ec,ICLR,oral,figure,Figure 1,2,main,Illustrativeexamplehighlightingtheimportanceoffidelitycheckfortabulardata,108.0,375.868,145.264,385.83,NimbusRomNo9L-Regu,9.963
iclr-2026-ac7703f2b4ec,ICLR,oral,figure,Figure 2,3,main,Overviewoftheproposedevaluationframework.TabStructprovidesacomprehensive,108.0,150.32,144.363,160.282,NimbusRomNo9L-Regu,9.963
iclr-2026-ac7703f2b4ec,ICLR,oral,table,Table 2,8,main,Benchmarkresultsof13tabulargeneratorson29datasets.Wereportthenormalised,107.691,82.37,140.432,92.332,NimbusRomNo9L-Regu,9.963
iclr-2026-ac7703f2b4ec,ICLR,oral,figure,Figure 3,9,main,Left:Spearman’srankcorrelationheatmapbasedonmetricvaluesonsixSCMdatasets.,108.0,213.301,144.804,223.263,NimbusRomNo9L-Regu,9.963
iclr-2026-ac7703f2b4ec,ICLR,oral,figure,Figure 4,10,main,"Computationefficiencyon23real-worlddatasets.Left:Mediantrainingtimeper1,000",108.0,206.992,143.759,216.954,NimbusRomNo9L-Regu,9.963
iclr-2026-ac7703f2b4ec,ICLR,oral,table,Table 5,30,appendix,"DetailsofthreeSCMclassificationdatasetsfrombnlearn(Scutari,2011).",142.002,215.194,174.131,225.156,NimbusRomNo9L-Regu,9.963
iclr-2026-ac7703f2b4ec,ICLR,oral,table,Table 6,30,appendix,"DetailsofthreeSCMregressiondatasetsfrombnlearn(Scutari,2011).",147.616,298.35,179.745,308.312,NimbusRomNo9L-Regu,9.963
iclr-2026-ac7703f2b4ec,ICLR,oral,table,Table 7,30,appendix,"DetailsoffiveclassificationdatasetswithlargeSCMsfrombnlearn(Scutari,2011).",121.534,402.702,153.663,412.664,NimbusRomNo9L-Regu,9.963
iclr-2026-ac7703f2b4ec,ICLR,oral,table,Table 8,31,appendix,Detailsof14real-worldclassificationdatasets.,195.043,437.684,227.172,447.646,NimbusRomNo9L-Regu,9.963
iclr-2026-ac7703f2b4ec,ICLR,oral,table,Table 9,31,appendix,Detailsofninereal-worldregressiondatasets.,197.06,594.833,229.189,604.795,NimbusRomNo9L-Regu,9.963
iclr-2026-ac7703f2b4ec,ICLR,oral,figure,Figure 5,32,appendix,Datasplittingstrategiesforbenchmarkingtabulardatagenerators.,154.804,385.56,191.058,395.522,NimbusRomNo9L-Regu,9.963
iclr-2026-ac7703f2b4ec,ICLR,oral,table,Table 10,33,appendix,HyperparametersearchspaceofBN.,212.302,334.203,249.413,344.165,NimbusRomNo9L-Regu,9.963
iclr-2026-ac7703f2b4ec,ICLR,oral,table,Table 11,33,appendix,HyperparametersearchspaceofTVAE.,206.614,460.504,243.725,470.466,NimbusRomNo9L-Regu,9.963
iclr-2026-ac7703f2b4ec,ICLR,oral,table,Table 12,34,appendix,HyperparametersearchspaceofGOGGLE.,198.748,82.37,235.859,92.332,NimbusRomNo9L-Regu,9.963
iclr-2026-ac7703f2b4ec,ICLR,oral,table,Table 13,34,appendix,HyperparametersearchspaceofCTGAN.,202.066,323.269,239.177,333.231,NimbusRomNo9L-Regu,9.963
iclr-2026-ac7703f2b4ec,ICLR,oral,table,Table 14,34,appendix,HyperparametersearchspaceofNFlow.,205.831,544.079,242.942,554.041,NimbusRomNo9L-Regu,9.963
iclr-2026-ac7703f2b4ec,ICLR,oral,table,Table 15,35,appendix,HyperparametersearchspaceofARF.,209.931,130.916,247.042,140.878,NimbusRomNo9L-Regu,9.963
iclr-2026-ac7703f2b4ec,ICLR,oral,table,Table 16,35,appendix,HyperparametersearchspaceofTabDDPM.,197.483,323.869,234.594,333.831,NimbusRomNo9L-Regu,9.963
iclr-2026-ac7703f2b4ec,ICLR,oral,table,Table 17,35,appendix,HyperparametersearchspaceofTabSyn.,204.123,485.699,241.234,495.661,NimbusRomNo9L-Regu,9.963
iclr-2026-ac7703f2b4ec,ICLR,oral,table,Table 18,36,appendix,HyperparametersearchspaceofTabDiff.,203.7,82.37,240.811,92.332,NimbusRomNo9L-Regu,9.963
iclr-2026-ac7703f2b4ec,ICLR,oral,table,Table 19,36,appendix,HyperparametersearchspaceofTabEBM.,201.079,363.343,238.19,373.305,NimbusRomNo9L-Regu,9.963
iclr-2026-ac7703f2b4ec,ICLR,oral,table,Table 20,36,appendix,HyperparametersearchspaceofNRGBoost.,197.079,536.994,234.19,546.956,NimbusRomNo9L-Regu,9.963
iclr-2026-ac7703f2b4ec,ICLR,oral,table,Table 21,37,appendix,HyperparametersearchspaceofGReaT.,205.204,82.37,242.315,92.332,NimbusRomNo9L-Regu,9.963
iclr-2026-ac7703f2b4ec,ICLR,oral,table,Table 22,38,appendix,Spearman’srankcorrelationwithglobalCIonthreeSCMdatasets.Weboldthe,107.691,333.224,146.062,343.186,NimbusRomNo9L-Regu,9.963
iclr-2026-ac7703f2b4ec,ICLR,oral,table,Table 23,39,appendix,"Top-3tabulargeneratorsacrosstheTabStructbenchmarksuite.Foreachdataset,we",107.691,82.37,144.755,92.332,NimbusRomNo9L-Regu,9.963
iclr-2026-ac7703f2b4ec,ICLR,oral,figure,Figure 6,39,appendix,Rankcomparisonof13tabulardatageneratorsacrossthreeevaluationmetricson,108.0,664.958,144.989,674.92,NimbusRomNo9L-Regu,9.963
iclr-2026-ac7703f2b4ec,ICLR,oral,table,Table 24,40,appendix,Spearman’srankcorrelationbasedongeneratorrankingsonsixSCMdatasets.Global,107.691,82.37,143.718,92.332,NimbusRomNo9L-Regu,9.963
iclr-2026-ac7703f2b4ec,ICLR,oral,table,Table 25,40,appendix,Spearman’srankcorrelationbasedongeneratorrankingsofthetop-5generators,107.691,193.967,145.747,203.929,NimbusRomNo9L-Regu,9.963
iclr-2026-ac7703f2b4ec,ICLR,oral,table,Table 26,40,appendix,Spearman’srankcorrelationwithglobalCIonSCMdatasets.Weboldthehighest,107.691,371.944,145.656,381.906,NimbusRomNo9L-Regu,9.963
iclr-2026-ac7703f2b4ec,ICLR,oral,table,Table 27,41,appendix,Spearman’srankcorrelationwithglobalCIonSCMdatasets.Weboldthehighest,107.691,82.37,145.656,92.332,NimbusRomNo9L-Regu,9.963
iclr-2026-ac7703f2b4ec,ICLR,oral,table,Table 28,41,appendix,Spearman’srankcorrelationwithglobalCIacrosssixSCMdatasets.Weboldthe,107.691,242.795,145.737,252.757,NimbusRomNo9L-Regu,9.963
iclr-2026-ac7703f2b4ec,ICLR,oral,table,Table 29,41,appendix,Spearman’srankcorrelationwithglobalCIacrosssixSCMdatasets.Weboldthe,107.691,536.556,145.737,546.518,NimbusRomNo9L-Regu,9.963
iclr-2026-ac7703f2b4ec,ICLR,oral,table,Table 30,42,appendix,Globalutilityscoresunderdifferentsyntheticsamplesizes.Weboldthehighestglobal,107.691,82.37,144.376,92.332,NimbusRomNo9L-Regu,9.963
iclr-2026-ac7703f2b4ec,ICLR,oral,table,Table 31,42,appendix,GlobalutilityofGReaTandGReaT-sortonsixSCMdatasets.Weboldthehighest,107.691,442.039,145.656,452.001,NimbusRomNo9L-Regu,9.963
iclr-2026-ac7703f2b4ec,ICLR,oral,figure,Figure 7,43,appendix,"Utilityscoredistributionacrossfeatures.Forvisualclarity,wepresentsevenrepresenta-",108.0,642.717,143.921,652.679,NimbusRomNo9L-Regu,9.963
iclr-2026-ac7703f2b4ec,ICLR,oral,figure,Figure 8,44,appendix,Comparisonofrankingstabilitybetweenglobalutilityandlocalutilityon23real-,108.0,576.331,145.223,586.293,NimbusRomNo9L-Regu,9.963
iclr-2026-ac7703f2b4ec,ICLR,oral,table,Table 32,45,appendix,"BenchmarkresultsonthreeSCMdatasetswithinjectedunobservedconfounders,",107.691,177.084,145.889,187.046,NimbusRomNo9L-Regu,9.963
iclr-2026-ac7703f2b4ec,ICLR,oral,table,Table 33,45,appendix,Spearman’srankcorrelationwithglobalCI(MAG)onthreeSCMdatasetswith,107.691,335.848,146.204,345.81,NimbusRomNo9L-Regu,9.963
iclr-2026-ac7703f2b4ec,ICLR,oral,table,Table 34,46,appendix,Causalinferencecheckofsyntheticdatafrom13tabulargeneratorsonsixSCM,107.691,118.811,146.133,128.773,NimbusRomNo9L-Regu,9.963
iclr-2026-ac7703f2b4ec,ICLR,oral,table,Table 35,46,appendix,Spearman’srankcorrelationbetweencausalinferencemetricsandothermetricson,107.691,407.434,144.849,417.396,NimbusRomNo9L-Regu,9.963
iclr-2026-ac7703f2b4ec,ICLR,oral,table,Table 36,46,appendix,Spearman’srankcorrelationwithglobalCIacrossdifferentdegreesofdataavailability.,107.691,572.669,143.532,582.631,NimbusRomNo9L-Regu,9.963
iclr-2026-ac7703f2b4ec,ICLR,oral,table,Table 37,47,appendix,Spearman’srankcorrelationbasedongeneratorrankingsonsixSCMdatasets.The,107.691,226.127,144.765,236.089,NimbusRomNo9L-Regu,9.963
iclr-2026-ac7703f2b4ec,ICLR,oral,figure,Figure 9,48,appendix,BenchmarkresultsofsixrepresentativetabulargeneratorsonthreeSCMclassification,108.0,255.555,143.197,265.517,NimbusRomNo9L-Regu,9.963
iclr-2026-ac7703f2b4ec,ICLR,oral,table,Table 38,49,appendix,Rawbenchmarkresultsof13tabulargeneratorson“Hailfinder”dataset.Wereport,107.691,150.803,145.099,160.765,NimbusRomNo9L-Regu,9.963
iclr-2026-ac7703f2b4ec,ICLR,oral,table,Table 39,49,appendix,Rawbenchmarkresultsof13tabulargeneratorson“Insurance”dataset.Wereportthe,107.691,362.868,143.854,372.83,NimbusRomNo9L-Regu,9.963
iclr-2026-ac7703f2b4ec,ICLR,oral,table,Table 40,50,appendix,Rawbenchmarkresultsof13tabulargeneratorson“Sangiovese”dataset.Wereport,107.691,309.304,144.849,319.266,NimbusRomNo9L-Regu,9.963
iclr-2026-ac7703f2b4ec,ICLR,oral,table,Table 41,51,appendix,Rawbenchmarkresultsof13tabulargeneratorson“Healthcare”dataset.Wereport,107.691,106.537,144.792,116.499,NimbusRomNo9L-Regu,9.963
iclr-2026-ac7703f2b4ec,ICLR,oral,table,Table 42,51,appendix,Rawbenchmarkresultsof13tabulargeneratorson“MAGIC-IRRI”dataset.We,107.691,318.439,145.889,328.401,NimbusRomNo9L-Regu,9.963
iclr-2026-ac7703f2b4ec,ICLR,oral,table,Table 43,51,appendix,Rawbenchmarkresultsof13tabulargeneratorson“MEHRA”dataset.Wereportthe,107.691,530.341,144.267,540.303,NimbusRomNo9L-Regu,9.963
iclr-2026-ac7703f2b4ec,ICLR,oral,table,Table 44,52,appendix,Rawbenchmarkresultsof13tabulargeneratorson“Ada”dataset.Wereportthe,107.691,127.142,145.95,137.104,NimbusRomNo9L-Regu,9.963
iclr-2026-ac7703f2b4ec,ICLR,oral,table,Table 45,52,appendix,Rawbenchmarkresultsof13tabulargeneratorson“Characters”dataset.Wereport,107.691,359.777,144.727,369.739,NimbusRomNo9L-Regu,9.963
iclr-2026-ac7703f2b4ec,ICLR,oral,table,Table 46,53,appendix,Rawbenchmarkresultsof13tabulargeneratorson“Credit-g”dataset.Wereportthe,107.691,135.027,144.45,144.989,NimbusRomNo9L-Regu,9.963
iclr-2026-ac7703f2b4ec,ICLR,oral,table,Table 47,53,appendix,Rawbenchmarkresultsof13tabulargeneratorson“Electricity”dataset.Wereport,107.691,463.012,145.051,472.974,NimbusRomNo9L-Regu,9.963
iclr-2026-ac7703f2b4ec,ICLR,oral,table,Table 48,54,appendix,Rawbenchmarkresultsof13tabulargeneratorson“Higgs”dataset.Wereportthe,107.691,135.027,145.554,144.989,NimbusRomNo9L-Regu,9.963
iclr-2026-ac7703f2b4ec,ICLR,oral,table,Table 49,54,appendix,Rawbenchmarkresultsof13tabulargeneratorson“Jasmine”dataset.Wereportthe,107.691,463.012,144.552,472.974,NimbusRomNo9L-Regu,9.963
iclr-2026-ac7703f2b4ec,ICLR,oral,table,Table 50,55,appendix,Rawbenchmarkresultsof13tabulargeneratorson“Nomao”dataset.Wereportthe,107.691,135.027,144.967,144.989,NimbusRomNo9L-Regu,9.963
iclr-2026-ac7703f2b4ec,ICLR,oral,table,Table 51,55,appendix,Rawbenchmarkresultsof13tabulargeneratorson“Phoneme”dataset.Wereportthe,107.691,463.012,144.108,472.974,NimbusRomNo9L-Regu,9.963
iclr-2026-ac7703f2b4ec,ICLR,oral,table,Table 52,56,appendix,Rawbenchmarkresultsof13tabulargeneratorson“Plants”dataset.Wereportthe,107.691,135.027,145.355,144.989,NimbusRomNo9L-Regu,9.963
iclr-2026-ac7703f2b4ec,ICLR,oral,table,Table 53,56,appendix,Rawbenchmarkresultsof13tabulargeneratorson“QSAR”dataset.Wereportthe,107.691,463.012,145.237,472.974,NimbusRomNo9L-Regu,9.963
iclr-2026-ac7703f2b4ec,ICLR,oral,table,Table 54,57,appendix,Rawbenchmarkresultsof13tabulargeneratorson“SpeedDating”dataset.Wereport,107.691,135.027,144.089,144.989,NimbusRomNo9L-Regu,9.963
iclr-2026-ac7703f2b4ec,ICLR,oral,table,Table 55,57,appendix,Rawbenchmarkresultsof13tabulargeneratorson“Splice”dataset.Wereportthe,107.691,463.012,145.466,472.974,NimbusRomNo9L-Regu,9.963
iclr-2026-ac7703f2b4ec,ICLR,oral,table,Table 56,58,appendix,Rawbenchmarkresultsof13tabulargeneratorson“Vehicle”dataset.Wereportthe,107.691,135.027,144.95,144.989,NimbusRomNo9L-Regu,9.963
iclr-2026-ac7703f2b4ec,ICLR,oral,table,Table 57,58,appendix,Rawbenchmarkresultsof13tabulargeneratorson“Zernike”dataset.Wereportthe,107.691,463.012,144.663,472.974,NimbusRomNo9L-Regu,9.963
iclr-2026-ac7703f2b4ec,ICLR,oral,table,Table 58,59,appendix,Rawbenchmarkresultsof13tabulargeneratorson“Ailerons”dataset.Wereportthe,107.691,106.619,144.45,116.581,NimbusRomNo9L-Regu,9.963
iclr-2026-ac7703f2b4ec,ICLR,oral,table,Table 59,59,appendix,Rawbenchmarkresultsof13tabulargeneratorson“California”dataset.Wereport,107.691,339.254,145.143,349.216,NimbusRomNo9L-Regu,9.963
iclr-2026-ac7703f2b4ec,ICLR,oral,table,Table 60,60,appendix,Rawbenchmarkresultsof13tabulargeneratorson“Elevators”dataset.Wereportthe,107.691,135.027,144.05,144.989,NimbusRomNo9L-Regu,9.963
iclr-2026-ac7703f2b4ec,ICLR,oral,table,Table 61,60,appendix,Rawbenchmarkresultsof13tabulargeneratorson“H16”dataset.Wereportthe,107.691,463.012,145.95,472.974,NimbusRomNo9L-Regu,9.963
iclr-2026-ac7703f2b4ec,ICLR,oral,table,Table 62,61,appendix,Rawbenchmarkresultsof13tabulargeneratorson“Liver”dataset.Wereportthe,107.691,135.027,145.625,144.989,NimbusRomNo9L-Regu,9.963
iclr-2026-ac7703f2b4ec,ICLR,oral,table,Table 63,61,appendix,Rawbenchmarkresultsof13tabulargeneratorson“Sales”dataset.Wereportthe,107.691,463.012,145.717,472.974,NimbusRomNo9L-Regu,9.963
iclr-2026-ac7703f2b4ec,ICLR,oral,table,Table 64,62,appendix,Rawbenchmarkresultsof13tabulargeneratorson“Space”dataset.Wereportthe,107.691,135.027,145.513,144.989,NimbusRomNo9L-Regu,9.963
iclr-2026-ac7703f2b4ec,ICLR,oral,table,Table 65,62,appendix,Rawbenchmarkresultsof13tabulargeneratorson“Superconductivity”dataset.We,107.691,463.012,144.349,472.974,NimbusRomNo9L-Regu,9.963
iclr-2026-ac7703f2b4ec,ICLR,oral,table,Table 66,63,appendix,Rawbenchmarkresultsof13tabulargeneratorson“Wine”dataset.Wereportthe,107.691,299.019,145.656,308.981,NimbusRomNo9L-Regu,9.963
iclr-2026-b22813abf7f0,ICLR,oral,figure,Figure 1,1,main,"AccuracyscoresofRULER-HQA(Hsiehetal.,2024;Yangetal.,2018).Evenmodelsthat",108.0,564.213,143.529,574.176,NimbusRomNo9L-Regu,9.963
iclr-2026-b22813abf7f0,ICLR,oral,figure,Figure 2,3,main,MAisinspiredbythewayhumansprocesslongdocuments.Itdividesthe,108.0,202.772,145.995,212.735,NimbusRomNo9L-Regu,9.963
iclr-2026-b22813abf7f0,ICLR,oral,figure,Figure 3,3,main,ComparisonbetweenvanillaGRPOandMulti-ConvDAPO.Duringtherolloutphaseof,108.0,416.668,144.793,426.631,NimbusRomNo9L-Regu,9.963
iclr-2026-b22813abf7f0,ICLR,oral,figure,Figure 4,4,main,ThearchitectureandgraphicmodelofMA.Thememoryismodeledasalatent,108.0,271.827,144.622,281.79,NimbusRomNo9L-Regu,9.963
iclr-2026-b22813abf7f0,ICLR,oral,table,Table 1,5,main,Mainexperimentalresultscomparingmodelperformanceacrossvariouscontextlengths.All,107.691,81.722,139.139,91.685,NimbusRomNo9L-Regu,9.963
iclr-2026-b22813abf7f0,ICLR,oral,table,Table 2,6,main,ModelperformanceonLongBench-SUM.Allvaluesrepresentrecallrates(%).Boldmarks,107.691,81.722,139.455,91.685,NimbusRomNo9L-Regu,9.963
iclr-2026-b22813abf7f0,ICLR,oral,table,Table 3,6,main,ModelperformanceonLongBench-QA.,293.142,376.064,325.271,386.027,NimbusRomNo9L-Regu,9.963
iclr-2026-b22813abf7f0,ICLR,oral,figure,Figure 5,7,main,PerformanceheatmapsonNIAHbenchmarkacrossdifferentcontextlengths.,132.841,325.624,169.095,335.587,NimbusRomNo9L-Regu,9.963
iclr-2026-b22813abf7f0,ICLR,oral,figure,Figure 6,8,main,AblationresultofRLtrainingonFigure7:AblationresultofRLtrainingon,108.0,247.841,146.961,257.804,NimbusRomNo9L-Regu,9.963
iclr-2026-b22813abf7f0,ICLR,oral,figure,Figure 7,8,main,AblationresultofRLtrainingon,311.431,247.841,350.392,257.804,NimbusRomNo9L-Regu,9.963
iclr-2026-b22813abf7f0,ICLR,oral,figure,Figure 8,9,main,Ablationresultofmemory-lengthonNIAH,199.306,286.627,235.56,296.59,NimbusRomNo9L-Regu,9.963
iclr-2026-b22813abf7f0,ICLR,oral,figure,Figure 9,9,main,Ablationresultofmemory-lengthonLongbench,189.343,396.466,225.597,406.429,NimbusRomNo9L-Regu,9.963
iclr-2026-b22813abf7f0,ICLR,oral,table,Table 4,10,main,"Probeexperimentresults.Ctx.Dist.denotesthecontextdistribution,wherethetwonumbers",107.691,81.722,141.499,91.685,NimbusRomNo9L-Regu,9.963
iclr-2026-b22813abf7f0,ICLR,oral,table,Table 5,17,appendix,TemplateofMAforcontextprocessing(toppart)andﬁnalanswergeneration,107.691,282.968,141.002,292.931,NimbusRomNo9L-Regu,9.963
iclr-2026-b22813abf7f0,ICLR,oral,table,Table 6,18,appendix,Generationconﬁgurationsofbaselinemodels.,196.512,554.115,228.641,564.078,NimbusRomNo9L-Regu,9.963
iclr-2026-b22813abf7f0,ICLR,oral,table,Table 7,19,appendix,SyntheticConﬁgurationusedforNIAHtask.,198.858,370.639,230.987,380.602,NimbusRomNo9L-Regu,9.963
iclr-2026-b22813abf7f0,ICLR,oral,figure,Figure 10,19,appendix,Floatingpointoperationsacrosscontextlengthsfrom8Kto4M,157.035,682.823,198.27,692.786,NimbusRomNo9L-Regu,9.963
iclr-2026-b22813abf7f0,ICLR,oral,table,Table 8,22,appendix,Ablationresultofmemory-sizeandcontext-sizeonNIAH.Allnumberindicatesthe,107.691,169.961,141.794,179.924,NimbusRomNo9L-Regu,9.963
iclr-2026-b22813abf7f0,ICLR,oral,table,Table 9,22,appendix,Ablationresultofmemory-sizeandcontext-sizeonLongbench-QA,153.429,333.515,185.558,343.478,NimbusRomNo9L-Regu,9.963
iclr-2026-b22813abf7f0,ICLR,oral,table,Table 10,23,appendix,ResultversusRAGAgentinRULER-HQAwithdifferenttop-Ksettings.Wesegmentthe,107.691,81.722,144.626,91.685,NimbusRomNo9L-Regu,9.963
iclr-2026-b22813abf7f0,ICLR,oral,table,Table 11,23,appendix,ResultversusRAGAgentinLongbench-QAwithdifferenttop-KandContextsizesettings.,107.691,304.902,144.001,314.865,NimbusRomNo9L-Regu,9.963
iclr-2026-b879ca6dd1a4,ICLR,oral,figure,Figure 1,2,main,Illustration.Contrastivelearningyields(approximately)Gaussianrepresentations.,120.483,191.417,156.737,201.38,NimbusRomNo9L-Regu,9.963
iclr-2026-b879ca6dd1a4,ICLR,oral,figure,Figure 2,6,main,Uniformityvs.alignmentacrosssettings.Asimplelinearencodertrainedonsynthetic,108.0,218.04,144.705,228.003,NimbusRomNo9L-Regu,9.963
iclr-2026-b879ca6dd1a4,ICLR,oral,figure,Figure 3,8,main,Syntheticdataexperiments.Left:representationnormstatisticsvs.batchsize(curves,108.0,223.031,145.02,232.994,NimbusRomNo9L-Regu,9.963
iclr-2026-b879ca6dd1a4,ICLR,oral,figure,Figure 4,9,main,CIFAR-10trainingdynamics.Atwo-layerMLPtrainedwithInfoNCEonCIFAR-10,108.0,172.572,145.152,182.535,NimbusRomNo9L-Regu,9.963
iclr-2026-b879ca6dd1a4,ICLR,oral,table,Table 1,9,main,Gaussianitydiagnosticsacrossdataandtrainingsettings.Wereportnormconcentration,107.691,583.577,139.487,593.54,NimbusRomNo9L-Regu,9.963
iclr-2026-b879ca6dd1a4,ICLR,oral,table,Table 2,10,main,Gaussianitydiagnosticsforpretrainedmodels.Coordinate-wiseGaussianityviaADand,107.691,204.024,139.551,213.987,NimbusRomNo9L-Regu,9.963
iclr-2026-b879ca6dd1a4,ICLR,oral,figure,Figure 5,18,appendix,vMFexponentialtiltdistributionfordifferentconcentrationscaleskappa(κ).,122.166,189.036,158.42,198.999,NimbusRomNo9L-Regu,9.963
iclr-2026-b879ca6dd1a4,ICLR,oral,figure,Figure 6,20,appendix,Thin-shellconcentrationacrosspretrainedmodels.Radiusdistributionsofrepresenta-,108.0,167.325,144.441,177.288,NimbusRomNo9L-Regu,9.963
iclr-2026-b879ca6dd1a4,ICLR,oral,figure,Figure 7,21,appendix,Alignmentanduniformityvs.batchsize.Histogramviewofcosinesimilaritiesfor,108.0,199.859,145.639,209.822,NimbusRomNo9L-Regu,9.963
iclr-2026-b879ca6dd1a4,ICLR,oral,figure,Figure 8,21,appendix,Alignmentanduniformityvs.dimensionality.Histogramviewofcosinesimilaritiesfor,108.0,380.478,144.092,390.441,NimbusRomNo9L-Regu,9.963
iclr-2026-b879ca6dd1a4,ICLR,oral,figure,Figure 9,21,appendix,Whiteninganduniformity:unnormalizedrepresentations.Cosinesimilarityhistograms,108.0,670.141,143.431,680.104,NimbusRomNo9L-Regu,9.963
iclr-2026-b879ca6dd1a4,ICLR,oral,figure,Figure 10,22,appendix,Whiteninganduniformity:normalizedrepresentations.Cosinesimilarityhistograms,108.0,208.148,148.966,218.111,NimbusRomNo9L-Regu,9.963
iclr-2026-b879ca6dd1a4,ICLR,oral,figure,Figure 11,22,appendix,"Encoder“pushforward”.Onsyntheticdata,theencodermapsLaplace-distributedinputs",108.0,453.795,148.362,463.758,NimbusRomNo9L-Regu,9.963
iclr-2026-c4f15a7f203b,ICLR,oral,figure,Figure 1,1,main,Imageandvideosamplesgeneratedfromthemodelfine-tunedbyourRLRoptimizer.,108.0,450.303,145.579,460.266,NimbusRomNo9L-Regu,9.963
iclr-2026-c4f15a7f203b,ICLR,oral,figure,Figure 2,2,main,Therecursivestructureof,365.398,321.945,400.888,331.908,NimbusRomNo9L-Regu,9.963
iclr-2026-c4f15a7f203b,ICLR,oral,figure,Figure 3,2,main,Modelcollapsecaused,365.398,468.909,403.556,478.872,NimbusRomNo9L-Regu,9.963
iclr-2026-c4f15a7f203b,ICLR,oral,figure,Figure 4,3,main,ThecomputationparadigmoftheRLRoptimizer.,187.401,189.634,223.655,199.597,NimbusRomNo9L-Regu,9.963
iclr-2026-c4f15a7f203b,ICLR,oral,table,Table 1,4,main,Comparisonofgradientestimators.,316.951,515.932,349.08,525.895,NimbusRomNo9L-Regu,9.963
iclr-2026-c4f15a7f203b,ICLR,oral,table,Table 2,6,main,TexttoImagerewardscore.WeevaluatemethodsunderdifferentDMunderdifferentreward,107.691,415.987,139.09,425.95,NimbusRomNo9L-Regu,9.963
iclr-2026-c4f15a7f203b,ICLR,oral,table,Table 3,6,main,Text2VideoGenerationEvaluationontheVbench.Theweightedaverageiscalculatedby,107.691,572.969,140.23,582.932,NimbusRomNo9L-Regu,9.963
iclr-2026-c4f15a7f203b,ICLR,oral,figure,Figure 5,7,main,"Sampleefficiencyanalysis,rewardcurvesunderthesametrainingstepsforSD1.4.",120.353,196.959,156.607,206.922,NimbusRomNo9L-Regu,9.963
iclr-2026-c4f15a7f203b,ICLR,oral,figure,Figure 6,7,main,TheframeworkofDiffusiveChain-of-Thought.TheDMgeneratesimagesinamulti-scale,108.0,628.065,143.858,638.028,NimbusRomNo9L-Regu,9.963
iclr-2026-c4f15a7f203b,ICLR,oral,table,Table 4,8,main,ExperimentresultsforDiffusiveChain-,305.691,122.044,338.859,132.007,NimbusRomNo9L-Regu,9.963
iclr-2026-c4f15a7f203b,ICLR,oral,table,Table 5,8,main,AblationoftheRLR.,325.095,377.713,357.224,387.676,NimbusRomNo9L-Regu,9.963
iclr-2026-c4f15a7f203b,ICLR,oral,figure,Figure 7,18,appendix,QualitativeresultsforText2Imagegeneration.,194.679,587.258,230.933,597.221,NimbusRomNo9L-Regu,9.963
iclr-2026-c4f15a7f203b,ICLR,oral,figure,Figure 8,19,appendix,QualitativeresultsforText2Videogeneration.,195.251,584.41,231.505,594.373,NimbusRomNo9L-Regu,9.963
iclr-2026-c4f15a7f203b,ICLR,oral,figure,Figure 9,20,appendix,QualitativeresultsforthehandtaskinDCoT.,195.859,329.881,232.113,339.844,NimbusRomNo9L-Regu,9.963
iclr-2026-c4f15a7f203b,ICLR,oral,figure,Figure 10,20,appendix,QualitativeexamplesforDCoTprompts,203.59,657.769,244.825,667.732,NimbusRomNo9L-Regu,9.963
iclr-2026-c4f15a7f203b,ICLR,oral,figure,Figure 11,21,appendix,InstructiontogenerateDCoTprompts.,206.499,292.426,247.734,302.389,NimbusRomNo9L-Regu,9.963
iclr-2026-c4f15a7f203b,ICLR,oral,table,Table 6,21,appendix,MemorycostofText2ImageexperimentsonSD1.4,184.696,421.94,216.825,431.903,NimbusRomNo9L-Regu,9.963
iclr-2026-c4f15a7f203b,ICLR,oral,table,Table 7,21,appendix,TimecomplexityofText2ImageexperimentsonSD1.4,177.194,588.668,209.323,598.631,NimbusRomNo9L-Regu,9.963
iclr-2026-c4f15a7f203b,ICLR,oral,table,Table 8,22,appendix,AblationofdifferentdiffusionsolverinText2ImageexperimentsonSD1.4,137.842,138.441,169.971,148.404,NimbusRomNo9L-Regu,9.963
iclr-2026-c4f15a7f203b,ICLR,oral,table,Table 9,22,appendix,ComparisonofmethodsonHPSv2andImageRewardwithmemory(GB)andtime,107.691,254.165,142.516,264.128,NimbusRomNo9L-Regu,9.963
iclr-2026-c4f15a7f203b,ICLR,oral,table,Table 10,23,appendix,AutomaticevaluationonVBench.,217.926,139.188,255.037,149.151,NimbusRomNo9L-Regu,9.963
iclr-2026-c5caee9922e5,ICLR,oral,figure,Figure 1,3,main,"Workflow:Ateachtimestep,theworkerandorderpoolsupdatetheirstatesbasedonthe",108.0,293.073,144.56,303.036,NimbusRomNo9L-Regu,9.963
iclr-2026-c5caee9922e5,ICLR,oral,figure,Figure 2,4,main,NetworkArchitecture:Thenetworkconsistsofthreemaincomponents:thefeature,108.0,439.596,146.127,449.559,NimbusRomNo9L-Regu,9.963
iclr-2026-c5caee9922e5,ICLR,oral,table,Table 1,9,main,ComparisonofDifferentRideSharingMethods:Boldentriesrepresentthebestresults.,114.012,81.722,146.141,91.685,NimbusRomNo9L-Regu,9.963
iclr-2026-c5caee9922e5,ICLR,oral,figure,Figure 3,9,main,"TrainingProcess:Eachmethodistrainedfivetimes,andthecurveissmoothedusing",108.0,591.162,145.589,601.125,NimbusRomNo9L-Regu,9.963
iclr-2026-c5caee9922e5,ICLR,oral,table,Table 2,10,main,PerformanceofDifferentMethodsinManhattanFHVData[47],160.263,308.63,192.392,318.593,NimbusRomNo9L-Regu,9.963
iclr-2026-c5caee9922e5,ICLR,oral,figure,Figure 4,19,appendix,"ComparisonBetweenDifferentNoiseMethods:Eachmethodistrainedthreetimes,andthe",108.0,354.828,143.431,364.791,NimbusRomNo9L-Regu,9.963
iclr-2026-c5caee9922e5,ICLR,oral,figure,Figure 5,19,appendix,NetworkStructureinStage1,228.272,685.585,264.526,695.548,NimbusRomNo9L-Regu,9.963
iclr-2026-c5caee9922e5,ICLR,oral,table,Table 3,21,appendix,ModelConfigurations,244.372,534.493,276.501,544.456,NimbusRomNo9L-Regu,9.963
iclr-2026-c5caee9922e5,ICLR,oral,table,Table 4,23,appendix,AveragePerformanceunderMultiplePeriods:Boldentriesrepresentthebestresults.,118.909,437.751,151.038,447.714,NimbusRomNo9L-Regu,9.963
iclr-2026-c5caee9922e5,ICLR,oral,table,Table 5,24,appendix,RewardofDifferentMethodsUnderDifferentDays,184.915,81.722,217.044,91.685,NimbusRomNo9L-Regu,9.963
iclr-2026-c5caee9922e5,ICLR,oral,table,Table 6,24,appendix,RewardofDifferentMethodsDuringHighConcurrencyPeriodamongDifferentDriver,107.691,161.008,140.788,170.971,NimbusRomNo9L-Regu,9.963
iclr-2026-c5caee9922e5,ICLR,oral,table,Table 7,24,appendix,DecisionTimeofDifferentDriverandOrderAmounts(unit:seconds),148.298,342.433,180.427,352.396,NimbusRomNo9L-Regu,9.963
iclr-2026-c5caee9922e5,ICLR,oral,table,Table 8,25,appendix,"PerformanceofDifferentMethodsinQueens,NewYorkCity[47]",155.954,81.722,188.083,91.685,NimbusRomNo9L-Regu,9.963
iclr-2026-c5caee9922e5,ICLR,oral,table,Table 9,25,appendix,RewardofTripe-BERTw/andw/oPositionalEmbedding(PE),162.425,409.518,194.554,419.481,NimbusRomNo9L-Regu,9.963
iclr-2026-c5caee9922e5,ICLR,oral,table,Table 10,25,appendix,RewardofDifferentMethodsUnderDifferentEncoder,176.063,658.993,213.174,668.956,NimbusRomNo9L-Regu,9.963
iclr-2026-c5caee9922e5,ICLR,oral,figure,Figure 6,28,appendix,DetailedEvaluationResults,230.833,732.637,267.087,742.6,NimbusRomNo9L-Regu,9.963
iclr-2026-c6856f20a2f5,ICLR,oral,figure,Figure 1,2,main,IllustrationofModelFingerprintingLeft:Themodelownertrainsandreleasesamodel,108.0,274.992,144.129,284.955,NimbusRomNo9L-Regu,9.963
iclr-2026-c6856f20a2f5,ICLR,oral,table,Table 1,6,main,EffectivenessofOurFingerprintWecomparetheFingerprintSuccessRate(FSR)of3,107.691,81.722,140.554,91.685,NimbusRomNo9L-Regu,9.963
iclr-2026-c6856f20a2f5,ICLR,oral,table,Table 2,7,main,RobustnessEvaluationAgainstProminentDeploymentsWecomparetheFingerprint,107.691,81.722,140.605,91.685,NimbusRomNo9L-Regu,9.963
iclr-2026-c6856f20a2f5,ICLR,oral,table,Table 3,8,main,RobustnessEvaluationAgainstTargetedAdversariesWecomparetheFingerprintSuccess,107.691,81.722,138.729,91.685,NimbusRomNo9L-Regu,9.963
iclr-2026-c6856f20a2f5,ICLR,oral,figure,Figure 2,9,main,"StealthEvaluationFPR(Left)andRecall(Right)(i.e.,percentageofdetectedfinger-",108.0,189.56,145.568,199.523,NimbusRomNo9L-Regu,9.963
iclr-2026-c6856f20a2f5,ICLR,oral,table,Table 4,20,appendix,"AdditionalQualityMetricsWestudytheimpactonquality,measuredthroughperplexity",107.691,81.722,139.907,91.685,NimbusRomNo9L-Regu,9.963
iclr-2026-c6856f20a2f5,ICLR,oral,table,Table 5,20,appendix,ComplementaryRobustnessEvaluationWecomparetheFingerprintSuccessRateof,107.691,256.609,140.89,266.572,NimbusRomNo9L-Regu,9.963
iclr-2026-c6856f20a2f5,ICLR,oral,figure,Figure 3,21,appendix,DetectabilityAgainstAdversarialParaphrasingWecomparethedetectabilityofour,108.0,254.116,145.07,264.079,NimbusRomNo9L-Regu,9.963
iclr-2026-c6856f20a2f5,ICLR,oral,figure,Figure 4,22,appendix,RobustnessAgainstFinetuningWith/WithoutSemanticallyConditionedWatermarks,108.0,254.882,143.74,264.845,NimbusRomNo9L-Regu,9.963
iclr-2026-c6856f20a2f5,ICLR,oral,figure,Figure 5,23,appendix,RobustnesstoInstruction-TuningWeshowthedetectabilityofourfingerprint(measured,108.0,244.635,143.723,254.598,NimbusRomNo9L-Regu,9.963
iclr-2026-c6856f20a2f5,ICLR,oral,table,Table 6,23,appendix,EvaluationofOurFingerprintImpactonFinetune-,254.209,406.828,285.982,416.791,NimbusRomNo9L-Regu,9.963
iclr-2026-c6856f20a2f5,ICLR,oral,figure,Figure 6,24,appendix,AblationontheNumberofQueriesWecomparethedetectabilityofourfingerprint,108.0,254.147,145.568,264.11,NimbusRomNo9L-Regu,9.963
iclr-2026-c6856f20a2f5,ICLR,oral,table,Table 7,25,appendix,EffectivenessofOurFingerprintingMethodOnDifferentSemanticDomainsWe,107.691,81.722,141.469,91.685,NimbusRomNo9L-Regu,9.963
iclr-2026-c6856f20a2f5,ICLR,oral,figure,Figure 7,25,appendix,AblationontheSemanticDomainWecomparethedetectabilityofourfingerprint,108.0,395.888,146.076,405.851,NimbusRomNo9L-Regu,9.963
iclr-2026-c6856f20a2f5,ICLR,oral,figure,Figure 8,26,appendix,AblationontheWatermarkStrengthParameter(Left)Wecomparethedetectability,108.0,206.383,145.009,216.346,NimbusRomNo9L-Regu,9.963
iclr-2026-c6856f20a2f5,ICLR,oral,table,Table 8,26,appendix,EffectivenessofOurFingerprintingMethodWecomparetheFingerprintSuccessRate,107.691,279.158,140.218,289.121,NimbusRomNo9L-Regu,9.963
iclr-2026-c6856f20a2f5,ICLR,oral,figure,Figure 9,27,appendix,AblationonFingerprintLeakageWecomparethedetectabilityofourfingerprint,108.0,254.19,146.412,264.153,NimbusRomNo9L-Regu,9.963
iclr-2026-c6856f20a2f5,ICLR,oral,figure,Figure 10,30,appendix,ROCcurvesforevaluatingsemanticallyconditionedwatermarkswithawatermarktoken,108.0,243.575,148.998,253.538,NimbusRomNo9L-Regu,9.963
iclr-2026-c6856f20a2f5,ICLR,oral,figure,Figure 11,31,appendix,ROCcurvesforevaluatingsemanticallyconditionedwatermarkwithadifferentkeyper,108.0,310.855,149.545,320.818,NimbusRomNo9L-Regu,9.963
iclr-2026-c6856f20a2f5,ICLR,oral,figure,Figure 12,31,appendix,ROCcurveforevaluatingsemanticallyconditionedwatermarkontheharmfuldomain.,111.063,471.603,152.298,481.566,NimbusRomNo9L-Regu,9.963
iclr-2026-c6856f20a2f5,ICLR,oral,table,Table 9,32,appendix,CostComparisonWecompare,345.294,446.373,376.761,456.336,NimbusRomNo9L-Regu,9.963
iclr-2026-c9604bfa6042,ICLR,oral,figure,Figure 1,1,main,(Left)Weakcorrelationbetweentheguidancemetricsofothermethods(basedonperfor-,108.0,665.251,144.264,675.214,NimbusRomNo9L-Regu,9.963
iclr-2026-c9604bfa6042,ICLR,oral,table,Table 1,7,main,Clade-Metaproductivity:Empiricalvs.EstimationCorrelation.WereportthePearson,108.0,81.722,140.129,91.685,NimbusRomNo9L-Regu,9.963
iclr-2026-c9604bfa6042,ICLR,oral,table,Table 2,8,main,Self-ImprovingCapabilityComparison.Wereportthetaskperformance(inaccuracy),108.0,81.722,140.727,91.685,NimbusRomNo9L-Regu,9.963
iclr-2026-c9604bfa6042,ICLR,oral,table,Table 3,9,main,GeneralizationonSWE-LiteandGPT-5.WereporttheaccuracyofHGM’sbest-belief,108.0,81.722,140.478,91.685,NimbusRomNo9L-Regu,9.963
iclr-2026-c9604bfa6042,ICLR,oral,table,Table 4,21,appendix,Comparisonofstructuredpoliciesacrossself-improvingmethods.Eachmethodisde-,108.0,347.639,141.335,357.602,NimbusRomNo9L-Regu,9.963
iclr-2026-cdc551019493,ICLR,oral,figure,Figure 1,3,main,TheoverallarchitectureofUniImbwhichenhancesgraphrepresentationsbyextracting,108.0,305.024,145.081,314.987,NimbusRomNo9L-Regu,9.963
iclr-2026-cdc551019493,ICLR,oral,table,Table 1,6,main,Macro-F1andMicro-F1scoresonclassimbalancedatasetswithextremeimbalancedegree,107.691,70.384,139.188,80.347,NimbusRomNo9L-Regu,9.963
iclr-2026-cdc551019493,ICLR,oral,table,Table 2,7,main,Performanceonclassimbalancedatasetswithextremeimbalancedegree.Thebestresults,107.691,534.038,139.66,544.001,NimbusRomNo9L-Regu,9.963
iclr-2026-cdc551019493,ICLR,oral,table,Table 3,8,main,Performancecomparisonontopologicalimbalancedatasetswithextremeimbalancedegree.,107.691,81.722,138.904,91.685,NimbusRomNo9L-Regu,9.963
iclr-2026-cdc551019493,ICLR,oral,table,Table 4,9,main,Graphclassificationperformanceofvariousback-,107.691,81.722,139.432,91.685,NimbusRomNo9L-Regu,9.963
iclr-2026-cdc551019493,ICLR,oral,figure,Figure 2,9,main,Modelperformanceandeffi-,343.112,204.198,380.599,214.161,NimbusRomNo9L-Regu,9.963
iclr-2026-cdc551019493,ICLR,oral,figure,Figure 3,9,main,Macro-F1(left)andMicro-F1(right)Figure4:Ablationexperimentsonclassimbalance,108.0,447.396,144.959,457.359,NimbusRomNo9L-Regu,9.963
iclr-2026-cdc551019493,ICLR,oral,figure,Figure 4,9,main,Ablationexperimentsonclassimbalance,303.509,447.396,338.862,457.359,NimbusRomNo9L-Regu,9.963
iclr-2026-cdc551019493,ICLR,oral,figure,Figure 5,10,main,Sensitivitystudyonclassimbalance(upper)and,108.0,229.957,145.934,239.92,NimbusRomNo9L-Regu,9.963
iclr-2026-cdc551019493,ICLR,oral,figure,Figure 6,10,main,Representationvisualiza-,358.949,234.814,396.192,244.777,NimbusRomNo9L-Regu,9.963
iclr-2026-cdc551019493,ICLR,oral,table,Table 5,10,main,Performancecomparisononclassimbalancedatasetswithextremeimbalancedegree.,117.683,400.882,149.812,410.845,NimbusRomNo9L-Regu,9.963
iclr-2026-cdc551019493,ICLR,oral,table,Table 6,24,appendix,Macro-F1andMicro-F1scoresonclassimbalancedatasetswithextremeimbalancedegree,107.691,577.355,139.188,587.318,NimbusRomNo9L-Regu,9.963
iclr-2026-cdc551019493,ICLR,oral,table,Table 7,25,appendix,Macro-F1andMicro-F1scoresontopologicalimbalancedatasetswithextremeimbalance,107.691,81.722,139.519,91.685,NimbusRomNo9L-Regu,9.963
iclr-2026-cdc551019493,ICLR,oral,table,Table 8,26,appendix,Statisticsofallbenchmarkdatasetsforimbalancedgraphclassification.,145.878,468.846,178.007,478.809,NimbusRomNo9L-Regu,9.963
iclr-2026-cdc551019493,ICLR,oral,figure,Figure 7,27,appendix,"DistributionofPollutionLevelsintheAirGraphDataset:High(6.86%),Medium(42.84%),",108.0,534.466,143.519,544.429,NimbusRomNo9L-Regu,9.963
iclr-2026-cdc551019493,ICLR,oral,table,Table 9,28,appendix,StatisticsoftheClassimbalancedatasetsforgraphclassification.Inthegraph-levelclass,107.691,181.906,140.176,191.869,NimbusRomNo9L-Regu,9.963
iclr-2026-cdc551019493,ICLR,oral,table,Table 10,29,appendix,StatisticsofthemodifiedTopologicalImbalancedatasetsforgraphclassification.Inthe,107.691,184.152,145.19,194.115,NimbusRomNo9L-Regu,9.963
iclr-2026-cdc551019493,ICLR,oral,table,Table 11,30,appendix,StatisticsofthemodifiedIntertwinedClassandTopologicalImbalanceddatasetsforgraph,107.691,215.612,143.825,225.575,NimbusRomNo9L-Regu,9.963
iclr-2026-cdc551019493,ICLR,oral,table,Table 12,30,appendix,DetailedhyperparametersofUniImbwithClassImbalancedatasets.,149.922,464.515,187.033,474.478,NimbusRomNo9L-Regu,9.963
iclr-2026-cdc551019493,ICLR,oral,table,Table 13,30,appendix,DetailedhyperparametersofUniImbwithTopologicalImbalancedatasets.,137.04,570.386,174.151,580.349,NimbusRomNo9L-Regu,9.963
iclr-2026-cdc551019493,ICLR,oral,table,Table 14,32,appendix,Macro-F1andMicro-F1scoreonclassimbalancedatasetswithextremeimbalancedegree.,107.691,81.722,143.923,91.685,NimbusRomNo9L-Regu,9.963
iclr-2026-cdc551019493,ICLR,oral,table,Table 15,32,appendix,Macro-F1andMicro-F1scoreonclassimbalancedatasetswithmediumimbalancedegree.,107.691,392.057,143.737,402.02,NimbusRomNo9L-Regu,9.963
iclr-2026-cdc551019493,ICLR,oral,table,Table 16,33,appendix,Macro-F1andMicro-F1scoreonclassimbalancedatasetswithlowimbalancedegree.,111.267,81.722,148.378,91.685,NimbusRomNo9L-Regu,9.963
iclr-2026-cdc551019493,ICLR,oral,table,Table 17,33,appendix,Macro-F1andMicro-F1scoreonmulti-classdatasetswithextremeimbalancedegree.,112.672,384.179,149.783,394.142,NimbusRomNo9L-Regu,9.963
iclr-2026-cdc551019493,ICLR,oral,table,Table 18,34,appendix,ComparisonofMicro-F1performancetopologicalimbalanceddatasetswithextreme,107.691,86.903,146.276,96.866,NimbusRomNo9L-Regu,9.963
iclr-2026-cdc551019493,ICLR,oral,table,Table 19,34,appendix,"Macro-F1,Micro-F1ontopologicalimbalancedatasetswithextremeimbalancedegree.",108.234,282.903,145.345,292.866,NimbusRomNo9L-Regu,9.963
iclr-2026-cdc551019493,ICLR,oral,table,Table 20,34,appendix,"Macro-F1,Micro-F1ontopologicalimbalancedatasetswithmediumimbalancedegree.",107.95,435.023,145.061,444.986,NimbusRomNo9L-Regu,9.963
iclr-2026-cdc551019493,ICLR,oral,table,Table 21,34,appendix,"Macro-F1,Micro-F1ontopologicalimbalancedatasetswithlowimbalancedegree.",117.484,588.948,154.595,598.911,NimbusRomNo9L-Regu,9.963
iclr-2026-cdc551019493,ICLR,oral,figure,Figure 8,35,appendix,Ablationexperimentsofonclass-imbalance(upperhalf)andtopological-imbalance(lower,108.0,289.127,143.802,299.09,NimbusRomNo9L-Regu,9.963
iclr-2026-cdc551019493,ICLR,oral,figure,Figure 9,35,appendix,Ablationexperimentsonclass-imbalance(upperhalf)andtopological-imbalance(lower,108.0,454.31,144.793,464.273,NimbusRomNo9L-Regu,9.963
iclr-2026-cdc551019493,ICLR,oral,figure,Figure 10,35,appendix,Ablationexperimentsonclass-imbalance(upperhalf)andtopological-imbalance(lower,108.0,613.515,149.328,623.478,NimbusRomNo9L-Regu,9.963
iclr-2026-cdc551019493,ICLR,oral,figure,Figure 11,36,appendix,SensitivitystudyofTopKonclass-imbalance(upperhalf)andtopological-imbalance,108.0,271.943,150.101,281.906,NimbusRomNo9L-Regu,9.963
iclr-2026-cdc551019493,ICLR,oral,figure,Figure 12,36,appendix,SensitivitystudyofTopKonclass-imbalance(upperhalf)andtopological-imbalance,108.0,439.099,150.101,449.062,NimbusRomNo9L-Regu,9.963
iclr-2026-cdc551019493,ICLR,oral,figure,Figure 13,37,appendix,Macro-F1ontheD&DDatasetforFigure14:Micro-F1ontheD&DDatasetfor,108.0,227.31,150.578,237.273,NimbusRomNo9L-Regu,9.963
iclr-2026-cdc551019493,ICLR,oral,figure,Figure 14,37,appendix,Micro-F1ontheD&DDatasetfor,311.431,227.31,354.223,237.273,NimbusRomNo9L-Regu,9.963
iclr-2026-cdc551019493,ICLR,oral,table,Table 22,37,appendix,GraphclassificationperformanceofvariousbackboneswihtourUniImbunderClass,107.691,347.701,146.337,357.664,NimbusRomNo9L-Regu,9.963
iclr-2026-cdc551019493,ICLR,oral,table,Table 23,37,appendix,GraphclassificationperformanceofvariousbackboneswihtourUniImbunderTopological,107.691,481.142,144.059,491.105,NimbusRomNo9L-Regu,9.963
iclr-2026-cdc551019493,ICLR,oral,table,Table 24,38,appendix,AnalysisofOnlyDBPPerformanceonclassimbalanceddatasetswithextremeimbalance,107.691,81.722,144.376,91.685,NimbusRomNo9L-Regu,9.963
iclr-2026-cdc551019493,ICLR,oral,figure,Figure 15,38,appendix,Visualizationanalysisofprototypeeffects.,198.903,408.118,240.138,418.081,NimbusRomNo9L-Regu,9.963
iclr-2026-cdc551019493,ICLR,oral,figure,Figure 16,38,appendix,Macro-F1onclass-imbalanceandtopological-imbalancedatasetswithextremeimbalance,108.0,690.388,148.491,700.351,NimbusRomNo9L-Regu,9.963
iclr-2026-d548949c4ba4,ICLR,oral,figure,Figure 1,2,main,"Anexampletask(Right):Eachtaskisdefinedbyasparsematrix,whichcontainsrow",108.0,627.894,145.101,637.857,NimbusRomNo9L-Regu,9.963
iclr-2026-d548949c4ba4,ICLR,oral,figure,Figure 2,4,main,OverviewofourmethodtooptimizepretrainedLMsforsparseCUDAcodegeneration.,108.0,391.549,143.187,401.512,NimbusRomNo9L-Regu,9.963
iclr-2026-d548949c4ba4,ICLR,oral,table,Table 1,8,main,Correctfunctionality(pass@k)andCompilationRates(CR)underk=1000.,133.048,81.722,165.177,91.685,NimbusRomNo9L-Regu,9.963
iclr-2026-d548949c4ba4,ICLR,oral,figure,Figure 3,8,main,Performance(GFLOPs)ofSpMVacrossSuiteSparseMatriceson(a)V100(b)A100GPUs.,108.0,383.767,143.314,393.73,NimbusRomNo9L-Regu,9.963
iclr-2026-d548949c4ba4,ICLR,oral,figure,Figure 4,9,main,Performance(TFLOPs)ofSpMMacrossSuiteSparseMatriceswith(a)column=8,108.0,183.061,146.219,193.024,NimbusRomNo9L-Regu,9.963
iclr-2026-d548949c4ba4,ICLR,oral,table,Table 2,9,main,Ablationcomparisonbetweenthethreephases(Pre-training/SFT/RL).,148.089,213.579,180.218,223.542,NimbusRomNo9L-Regu,9.963
iclr-2026-d548949c4ba4,ICLR,oral,table,Table 3,9,main,Ablationstudyofsparsematrixembeddingoncorrectfunctionality(pass@k)andCompila-,107.691,545.436,139.4,555.399,NimbusRomNo9L-Regu,9.963
iclr-2026-d548949c4ba4,ICLR,oral,figure,Figure 5,10,main,AblationStudieson(a)V100and(b)A100.,198.613,144.126,234.867,154.089,NimbusRomNo9L-Regu,9.963
iclr-2026-d548949c4ba4,ICLR,oral,table,Table 4,18,appendix,ImpactofVaryingr(Fixedr=0.3),201.619,336.54,233.748,346.503,NimbusRomNo9L-Regu,9.963
iclr-2026-d548949c4ba4,ICLR,oral,table,Table 5,18,appendix,ImpactofVaryingr(Fixedr=1.0),201.619,516.677,233.748,526.64,NimbusRomNo9L-Regu,9.963
iclr-2026-d548949c4ba4,ICLR,oral,figure,Figure 6,20,appendix,"PPOdiagnostics(KL,entropy,valueloss,reward)overtraining.",158.763,349.259,195.017,359.222,NimbusRomNo9L-Regu,9.963
iclr-2026-d548949c4ba4,ICLR,oral,table,Table 6,20,appendix,Correctfunctionality(pass@k)andPerformance(Speedupvs.cuSPARSE)comparisonfor,107.691,429.365,139.573,439.328,NimbusRomNo9L-Regu,9.963
iclr-2026-d548949c4ba4,ICLR,oral,table,Table 7,21,appendix,Correctfunctionality(pass@k)andperformance(Speedupvs.cuSPARSE)comparisonfor,107.691,161.015,139.615,170.978,NimbusRomNo9L-Regu,9.963
iclr-2026-d548949c4ba4,ICLR,oral,table,Table 8,22,appendix,Resultsofcorrectfunctionality(pass@k)andperformanceevaluatedbyspeedup.Correctly,107.691,81.722,139.541,91.685,NimbusRomNo9L-Regu,9.963
iclr-2026-d548949c4ba4,ICLR,oral,table,Table 9,23,appendix,Performance(GFLOPs)ComparisonofdifferentmethodsonDLMCdataset.,134.933,320.432,167.062,330.395,NimbusRomNo9L-Regu,9.963
iclr-2026-d548949c4ba4,ICLR,oral,table,Table 10,23,appendix,Correctfunctionality(pass@k)andperformance(Speedupvs.cuSPARSE)comparisonfor,107.691,551.097,144.059,561.06,NimbusRomNo9L-Regu,9.963
iclr-2026-d548949c4ba4,ICLR,oral,table,Table 11,24,appendix,Ablationstudyofsparsematrixembeddingoncorrectfunctionality(pass@k)andCompi-,107.691,305.611,144.542,315.574,NimbusRomNo9L-Regu,9.963
iclr-2026-d548949c4ba4,ICLR,oral,table,Table 12,24,appendix,ComparisononSparseRL+Qwen2.5-14B.Performance(Speedupvs.cuSPARSE)compari-,107.691,595.339,144.183,605.302,NimbusRomNo9L-Regu,9.963
iclr-2026-d548949c4ba4,ICLR,oral,table,Table 13,26,appendix,"PerformanceandmemoryaccessofPPOCoder,TVM-S,andSparseRLonV100.",123.944,537.166,161.055,547.129,NimbusRomNo9L-Regu,9.963
iclr-2026-d548949c4ba4,ICLR,oral,table,Table 14,27,appendix,SMOccupancyComparisononV100.,209.587,160.955,246.698,170.918,NimbusRomNo9L-Regu,9.963
iclr-2026-d548949c4ba4,ICLR,oral,table,Table 15,27,appendix,SMoccupancycomparison(A100platform)for4representativematrices.,138.415,420.13,175.526,430.093,NimbusRomNo9L-Regu,9.963
iclr-2026-d548949c4ba4,ICLR,oral,table,Table 16,28,appendix,ExperimentalValidationAcrossFullSparsitySpectrum,174.918,347.859,212.029,357.822,NimbusRomNo9L-Regu,9.963
iclr-2026-d548949c4ba4,ICLR,oral,table,Table 17,29,appendix,Failurecases,259.953,81.722,297.064,91.685,NimbusRomNo9L-Regu,9.963
iclr-2026-d548949c4ba4,ICLR,oral,table,Table 18,29,appendix,MethodGFLOPSvs.cuSPARSE,219.48,250.401,256.591,260.364,NimbusRomNo9L-Regu,9.963
iclr-2026-d548949c4ba4,ICLR,oral,table,Table 19,30,appendix,Time(seconds)isrecordedbyiterativelyexecutingSpMV.,168.766,81.722,205.877,91.685,NimbusRomNo9L-Regu,9.963
iclr-2026-d548949c4ba4,ICLR,oral,figure,Figure 7,32,appendix,Pass@kcurvewithnumberofsamples(k)inbeamsearch.,169.558,712.119,205.812,722.082,NimbusRomNo9L-Regu,9.963
iclr-2026-d548949c4ba4,ICLR,oral,figure,Figure 8,34,appendix,Speed-MemoryTrade-offforSparseCUDAKernelsonNVIDIAV100,144.472,276.485,180.726,286.448,NimbusRomNo9L-Regu,9.963
iclr-2026-d548949c4ba4,ICLR,oral,table,Table 20,38,appendix,”TextPrompt”meansthattextpromptalwaysexistsintheSFTstage.”TextPrompt&No,107.691,297.079,144.552,307.042,NimbusRomNo9L-Regu,9.963
iclr-2026-d930d9c23cc7,ICLR,oral,table,Table 1,2,main,"ComparisonofourUFEvalwithrecentevaluators.NLG,IU,IG,andITIGrepresent",107.691,81.722,141.489,91.685,NimbusRomNo9L-Regu,9.963
iclr-2026-d930d9c23cc7,ICLR,oral,figure,Figure 1,4,main,Anillustrationoftheevaluationpipeline.Thepipelineconsistsoftwosteps:(1)Aspect,108.0,410.775,144.856,420.738,NimbusRomNo9L-Regu,9.963
iclr-2026-d930d9c23cc7,ICLR,oral,figure,Figure 2,5,main,PairwisedatastatisticsoftheFRAbench.“Public”indicatesdataderivedfromexisting,108.0,217.329,145.172,227.292,NimbusRomNo9L-Regu,9.963
iclr-2026-d930d9c23cc7,ICLR,oral,figure,Figure 3,6,main,ComparisonofbaselinesontheFRA-OODandFRA-OOD-H.BlackareasshowunseenTAs,108.0,322.13,143.158,332.093,NimbusRomNo9L-Regu,9.963
iclr-2026-d930d9c23cc7,ICLR,oral,table,Table 2,6,main,Theresultscorrespondtotaskandaspectgeneralizationevaluation.Averageaccuracyserves,107.691,355.672,139.119,365.635,NimbusRomNo9L-Regu,9.963
iclr-2026-d930d9c23cc7,ICLR,oral,figure,Figure 4,7,main,"Comparisonofaspect-level.Inthesubfigures,thex-axisshowsthetestset(FRA-ID,",108.0,191.72,145.67,201.683,NimbusRomNo9L-Regu,9.963
iclr-2026-d930d9c23cc7,ICLR,oral,table,Table 3,7,main,"EvaluationasMLLM-as-a-JudgeforNLG,usingthreebenchmarks.“tau”indicatesthat",107.691,216.954,140.656,226.917,NimbusRomNo9L-Regu,9.963
iclr-2026-d930d9c23cc7,ICLR,oral,table,Table 4,8,main,EvaluationasMLLM-as-a-JudgeforIU.Weevaluatebaselinesacrossthreebenchmarks.,111.118,81.722,143.247,91.685,NimbusRomNo9L-Regu,9.963
iclr-2026-d930d9c23cc7,ICLR,oral,table,Table 5,8,main,EvaluationasMLLM-as-a-JudgeforIG.Weevaluatebaselinesacrossthreebenchmarks.,111.118,250.852,143.247,260.815,NimbusRomNo9L-Regu,9.963
iclr-2026-d930d9c23cc7,ICLR,oral,figure,Figure 5,9,main,Weevaluatemulti-aspectlearningbytrainingmodelsondifferentdatacombinationsand,108.0,223.597,144.55,233.56,NimbusRomNo9L-Regu,9.963
iclr-2026-d930d9c23cc7,ICLR,oral,table,Table 6,10,main,ImageunderstandingDPOcomparison.Table7:ImagegenerationDPOcomparison.,111.021,81.722,143.012,91.685,NimbusRomNo9L-Regu,9.963
iclr-2026-d930d9c23cc7,ICLR,oral,table,Table 7,10,main,ImagegenerationDPOcomparison.,311.75,81.722,345.538,91.685,NimbusRomNo9L-Regu,9.963
iclr-2026-d930d9c23cc7,ICLR,oral,table,Table 8,17,appendix,"Thedetailedstatisticalinformationofthesub-tasks,whichisnotshowninFigure2.",120.807,81.722,152.936,91.685,NimbusRomNo9L-Regu,9.963
iclr-2026-d930d9c23cc7,ICLR,oral,table,Table 9,17,appendix,DifferentMLLMsusedforgeneratingpairwiseresponsesforsub-tasksunderthe“Generated”,107.691,324.097,138.836,334.06,NimbusRomNo9L-Regu,9.963
iclr-2026-d930d9c23cc7,ICLR,oral,table,Table 10,18,appendix,Wecalculatethemodels’positionconsistencyintheFRA-IDandFRA-OOD.Sinceour,107.691,81.722,145.355,91.685,NimbusRomNo9L-Regu,9.963
iclr-2026-d930d9c23cc7,ICLR,oral,figure,Figure 6,18,appendix,Statisticsofpairwisedatainthetrain-Figure7:Statisticsofpairwisedatainthe,111.446,375.806,146.594,385.769,NimbusRomNo9L-Regu,9.963
iclr-2026-d930d9c23cc7,ICLR,oral,figure,Figure 7,18,appendix,Statisticsofpairwisedatainthe,318.391,375.806,356.925,385.769,NimbusRomNo9L-Regu,9.963
iclr-2026-d930d9c23cc7,ICLR,oral,figure,Figure 8,18,appendix,StatisticsofpairwisedataintheFRA-Figure9:StatisticsofpairwisedataintheFRA-,111.446,556.092,146.448,566.055,NimbusRomNo9L-Regu,9.963
iclr-2026-d930d9c23cc7,ICLR,oral,figure,Figure 9,18,appendix,StatisticsofpairwisedataintheFRA-,318.391,556.092,353.393,566.055,NimbusRomNo9L-Regu,9.963
iclr-2026-d930d9c23cc7,ICLR,oral,figure,Figure 10,19,appendix,Rouge-Lscoredistributionamongtworandomlysampledaspectsfromthetrainingset.A,108.0,329.285,148.583,339.248,NimbusRomNo9L-Regu,9.963
iclr-2026-d930d9c23cc7,ICLR,oral,figure,Figure 11,19,appendix,Rouge-Lscoredistributionamongarandomlysampledaspectfromthetrainingsetand,108.0,633.36,149.648,643.323,NimbusRomNo9L-Regu,9.963
iclr-2026-d930d9c23cc7,ICLR,oral,table,Table 11,21,appendix,Aspectgeneralizationperformanceevaluatedacrosstwodimensions:ContextualGeneral-,107.691,81.722,144.69,91.685,NimbusRomNo9L-Regu,9.963
iclr-2026-d930d9c23cc7,ICLR,oral,table,Table 12,22,appendix,"SelectingAspectsandsamplecountsintheTrainingSet,FRA-ID,FRAUAs-OOD,and",107.691,101.631,145.585,111.594,NimbusRomNo9L-Regu,9.963
iclr-2026-d930d9c23cc7,ICLR,oral,table,Table 13,23,appendix,ThedefinitionandsourceofUniversalAspects(UAs).(Part1),160.861,81.722,197.972,91.685,NimbusRomNo9L-Regu,9.963
iclr-2026-d930d9c23cc7,ICLR,oral,table,Table 14,24,appendix,ThedefinitionandsourceofUniversalAspects(UAs).(Part2),160.861,100.247,197.972,110.21,NimbusRomNo9L-Regu,9.963
iclr-2026-d930d9c23cc7,ICLR,oral,table,Table 15,25,appendix,ThedefinitionandsourceofUniversalAspects(UAs).(Part3),160.861,83.761,197.972,93.724,NimbusRomNo9L-Regu,9.963
iclr-2026-d930d9c23cc7,ICLR,oral,table,Table 16,26,appendix,ThedefinitionandsourceofUniversalAspects(UAs).(Part4),160.861,88.517,197.972,98.48,NimbusRomNo9L-Regu,9.963
iclr-2026-d930d9c23cc7,ICLR,oral,table,Table 17,27,appendix,ThedefinitionandsourceofTask-specificAspects(TAs).(Part1),154.684,92.324,191.795,102.287,NimbusRomNo9L-Regu,9.963
iclr-2026-d930d9c23cc7,ICLR,oral,table,Table 18,28,appendix,ThedefinitionandsourceofTask-specificAspects(TAs).(Part2),154.684,103.738,191.795,113.701,NimbusRomNo9L-Regu,9.963
iclr-2026-d930d9c23cc7,ICLR,oral,table,Table 19,29,appendix,ThedefinitionandsourceofTask-specificAspects(TAs).(Part3),154.684,81.722,191.795,91.685,NimbusRomNo9L-Regu,9.963
iclr-2026-d930d9c23cc7,ICLR,oral,table,Table 20,30,appendix,ThedefinitionandsourceofTask-specificAspects(TAs).(Part4),154.684,94.086,191.795,104.049,NimbusRomNo9L-Regu,9.963
iclr-2026-d930d9c23cc7,ICLR,oral,table,Table 21,31,appendix,ThedefinitionandsourceofTask-specificAspects(TAs).(Part5),154.684,91.415,191.795,101.378,NimbusRomNo9L-Regu,9.963
iclr-2026-d930d9c23cc7,ICLR,oral,table,Table 22,32,appendix,ThedefinitionandsourceofTask-specificAspects(TAs).(Part6),154.684,81.722,191.795,91.685,NimbusRomNo9L-Regu,9.963
iclr-2026-d930d9c23cc7,ICLR,oral,table,Table 23,33,appendix,ThedefinitionandsourceofTask-specificAspects(TAs).(Part7),154.684,96.045,191.795,106.008,NimbusRomNo9L-Regu,9.963
iclr-2026-d930d9c23cc7,ICLR,oral,table,Table 24,34,appendix,Aspectsusedbyevaluatorsinthebenchmarkevaluations.(Part1),154.594,160.408,191.705,170.371,NimbusRomNo9L-Regu,9.963
iclr-2026-d930d9c23cc7,ICLR,oral,table,Table 25,35,appendix,Aspectsusedbyevaluatorsinthebenchmarkevaluations.(Part2),154.594,134.621,191.705,144.584,NimbusRomNo9L-Regu,9.963
iclr-2026-d930d9c23cc7,ICLR,oral,table,Table 26,36,appendix,Aspectsusedbyevaluatorsinthemata-benchmarkevaluations.(Part3),143.252,122.413,180.363,132.376,NimbusRomNo9L-Regu,9.963
iclr-2026-d930d9c23cc7,ICLR,oral,table,Table 27,37,appendix,Aspectsusedbyevaluatorsinthebenchmarkevaluations.(Part4),154.594,142.848,191.705,152.811,NimbusRomNo9L-Regu,9.963
iclr-2026-d930d9c23cc7,ICLR,oral,figure,Figure 12,38,appendix,ComparisononFRA-IDandFRA-ID-H.ThetopshowsalignmentwithGPT-4ousing,108.0,348.715,150.121,358.678,NimbusRomNo9L-Regu,9.963
iclr-2026-d930d9c23cc7,ICLR,oral,table,Table 28,38,appendix,"AverageaccuracyonFRA-IDandFRA-ID-H,separatedbyUAsandTAs.Averageaccuracy",107.691,410.236,143.708,420.199,NimbusRomNo9L-Regu,9.963
iclr-2026-d930d9c23cc7,ICLR,oral,figure,Figure 13,39,appendix,ComparisononFRAUAs-OODtoevaluatethegeneralizationinUAs.,145.165,224.181,186.4,234.144,NimbusRomNo9L-Regu,9.963
iclr-2026-d930d9c23cc7,ICLR,oral,table,Table 29,39,appendix,Theresultsofaverageaccuracyon,325.492,365.949,362.65,375.912,NimbusRomNo9L-Regu,9.963
iclr-2026-d930d9c23cc7,ICLR,oral,table,Table 30,39,appendix,EvaluationasMLLM-as-a-JudgeforIGtask.Weevaluatebaselinesacrossthreebench-,107.691,540.46,145.554,550.423,NimbusRomNo9L-Regu,9.963
iclr-2026-d930d9c23cc7,ICLR,oral,figure,Figure 14,40,appendix,ComparisonofUFEval-72BonFRA-IDandFRA-ID-H.Thetopshowsalignmentwith,108.0,473.445,149.494,483.408,NimbusRomNo9L-Regu,9.963
iclr-2026-d930d9c23cc7,ICLR,oral,table,Table 31,40,appendix,EvaluationasMLLM-as-a-JudgeforIUtasks.Weevaluatebaselinesacrossthreebench-,107.691,557.198,145.19,567.161,NimbusRomNo9L-Regu,9.963
iclr-2026-d930d9c23cc7,ICLR,oral,figure,Figure 15,41,appendix,ComparisonofUFEval-72BonFRA-OODandFRA-OOD-H.Theblue-coloredaspects,108.0,415.196,149.349,425.159,NimbusRomNo9L-Regu,9.963
iclr-2026-d930d9c23cc7,ICLR,oral,table,Table 32,41,appendix,EvaluationasMLLM-as-a-JudgeforNLGtask.,190.693,478.957,227.804,488.92,NimbusRomNo9L-Regu,9.963
iclr-2026-d930d9c23cc7,ICLR,oral,table,Table 33,42,appendix,ThespecificexperimentalresultsoftheIGtaskintheFRA-IDareusedtoevaluate,107.691,93.551,146.672,103.514,NimbusRomNo9L-Regu,9.963
iclr-2026-d930d9c23cc7,ICLR,oral,table,Table 34,42,appendix,ThespecificexperimentalresultsoftheITIGtaskintheFRA-IDareusedtoevaluate,107.691,299.683,146.113,309.646,NimbusRomNo9L-Regu,9.963
iclr-2026-d930d9c23cc7,ICLR,oral,table,Table 35,42,appendix,ThespecificexperimentalresultsoftheIGtaskintheFRA-ID-Hareusedtoevaluate,107.691,542.973,146.042,552.936,NimbusRomNo9L-Regu,9.963
iclr-2026-d930d9c23cc7,ICLR,oral,table,Table 36,43,appendix,ThespecificexperimentalresultsoftheNLGtaskintheFRA-IDareusedtoevaluate,107.691,108.758,146.072,118.721,NimbusRomNo9L-Regu,9.963
iclr-2026-d930d9c23cc7,ICLR,oral,table,Table 37,43,appendix,ThespecificexperimentalresultsoftheIUtaskintheFRA-IDareusedtoevaluate,107.691,432.581,146.672,442.544,NimbusRomNo9L-Regu,9.963
iclr-2026-d930d9c23cc7,ICLR,oral,table,Table 38,44,appendix,ThespecificexperimentalresultsoftheITIGtaskintheFRA-ID-Hareusedtoevaluate,107.691,102.753,145.466,112.716,NimbusRomNo9L-Regu,9.963
iclr-2026-d930d9c23cc7,ICLR,oral,table,Table 39,44,appendix,ThespecificexperimentalresultsoftheNLGtaskintheFRA-ID-Hareusedtoevaluate,107.691,396.873,145.402,406.836,NimbusRomNo9L-Regu,9.963
iclr-2026-d930d9c23cc7,ICLR,oral,table,Table 40,45,appendix,ThespecificexperimentalresultsoftheITIGtaskintheFRA-OODareusedtoevaluate,107.691,113.416,145.402,123.379,NimbusRomNo9L-Regu,9.963
iclr-2026-d930d9c23cc7,ICLR,oral,table,Table 41,45,appendix,ThespecificexperimentalresultsoftheIUtaskintheFRA-ID-Hareusedtoevaluate,107.691,385.76,146.042,395.723,NimbusRomNo9L-Regu,9.963
iclr-2026-d930d9c23cc7,ICLR,oral,table,Table 42,46,appendix,ThespecificexperimentalresultsoftheITIGtaskintheFRA-OOD-Hareusedtoevaluate,107.691,84.814,144.349,94.777,NimbusRomNo9L-Regu,9.963
iclr-2026-d930d9c23cc7,ICLR,oral,table,Table 43,46,appendix,ThespecificexperimentalresultsoftheIGtaskintheFRA-OODareusedtoevaluate,107.691,298.866,146.011,308.829,NimbusRomNo9L-Regu,9.963
iclr-2026-d930d9c23cc7,ICLR,oral,table,Table 44,46,appendix,ThespecificexperimentalresultsoftheIGtaskintheFRA-OOD-Hareusedtoevaluate,107.691,519.825,145.291,529.788,NimbusRomNo9L-Regu,9.963
iclr-2026-d930d9c23cc7,ICLR,oral,table,Table 45,47,appendix,ThespecificexperimentalresultsoftheNLGtaskintheFRA-OODareusedtoevaluate,107.691,113.54,145.338,123.503,NimbusRomNo9L-Regu,9.963
iclr-2026-d930d9c23cc7,ICLR,oral,table,Table 46,47,appendix,ThespecificexperimentalresultsoftheIUtaskintheFRA-OODareusedtoevaluate,107.691,471.458,146.011,481.421,NimbusRomNo9L-Regu,9.963
iclr-2026-d930d9c23cc7,ICLR,oral,table,Table 47,48,appendix,ThespecificexperimentalresultsoftheNLGtaskintheFRA-OOD-Hareusedtoevaluate,107.691,113.54,144.302,123.503,NimbusRomNo9L-Regu,9.963
iclr-2026-d930d9c23cc7,ICLR,oral,table,Table 48,48,appendix,ThespecificexperimentalresultsoftheIUtaskintheFRA-OOD-Hareusedtoevaluate,107.691,471.458,145.291,481.421,NimbusRomNo9L-Regu,9.963
iclr-2026-d930d9c23cc7,ICLR,oral,table,Table 49,49,appendix,ComprehensiveresultsonMLLM-as-a-Judge.*:TheresultsforGPT-4VandLLaVA-Critic,107.691,86.734,143.796,96.697,NimbusRomNo9L-Regu,9.963
iclr-2026-d930d9c23cc7,ICLR,oral,table,Table 50,49,appendix,Thespecificexperimentalresultsofmulti-aspectassessmentlearningintheIUtasks.,116.483,297.514,153.594,307.477,NimbusRomNo9L-Regu,9.963
iclr-2026-d930d9c23cc7,ICLR,oral,table,Table 51,49,appendix,Thespecificexperimentalresultsofmulti-aspectassessmentlearningintheIGtasks.,116.483,459.993,153.594,469.956,NimbusRomNo9L-Regu,9.963
iclr-2026-d930d9c23cc7,ICLR,oral,table,Table 52,49,appendix,Thespecificexperimentalresultsofmulti-aspectassessmentlearningintheITIGtasks.,111.781,606.809,148.892,616.772,NimbusRomNo9L-Regu,9.963
iclr-2026-d930d9c23cc7,ICLR,oral,figure,Figure 16,50,appendix,TheannotationuserinterfaceforlabelingthehumanscoresonTAs.,148.642,688.86,189.877,698.823,NimbusRomNo9L-Regu,9.963
iclr-2026-d930d9c23cc7,ICLR,oral,figure,Figure 17,51,appendix,TheannotationuserinterfaceforlabelingthehumanscoresonUAs.,147.825,568.258,189.06,578.221,NimbusRomNo9L-Regu,9.963
iclr-2026-d930d9c23cc7,ICLR,oral,table,Table 53,51,appendix,InterAnnotatorAgreementofeachTable54:InterAnnotatorAgreementofeach,111.239,638.848,149.478,648.811,NimbusRomNo9L-Regu,9.963
iclr-2026-d930d9c23cc7,ICLR,oral,table,Table 54,51,appendix,InterAnnotatorAgreementofeach,314.023,638.848,352.262,648.811,NimbusRomNo9L-Regu,9.963
iclr-2026-d930d9c23cc7,ICLR,oral,figure,Figure 18,52,appendix,Boxplotsofaspect-levelIAAonFRA-ID-HandFRA-OOD-H.,156.621,453.636,197.856,463.599,NimbusRomNo9L-Regu,9.963
iclr-2026-d930d9c23cc7,ICLR,oral,table,Table 55,52,appendix,DetailedInter-AnnotatorAgreement(IAA)valuesforFRA-ID-H.,154.42,466.587,191.531,476.55,NimbusRomNo9L-Regu,9.963
iclr-2026-d930d9c23cc7,ICLR,oral,table,Table 56,53,appendix,DetailedInter-AnnotatorAgreement(IAA)valuesforFRA-OOD-H.,148.886,81.722,185.997,91.685,NimbusRomNo9L-Regu,9.963
iclr-2026-d930d9c23cc7,ICLR,oral,table,Table 57,54,appendix,StatisticsofAspect-levelCorrelation,212.203,86.557,249.314,96.52,NimbusRomNo9L-Regu,9.963
iclr-2026-d930d9c23cc7,ICLR,oral,figure,Figure 19,54,appendix,HeatmapofKendall’sTau(τ)correlationsbetweenevaluationaspectsacrossdifferent,108.0,702.969,150.141,712.932,NimbusRomNo9L-Regu,9.963
iclr-2026-d930d9c23cc7,ICLR,oral,figure,Figure 20,55,appendix,HeatmapofKendall’sTau(τ)correlationsbetweenevaluationaspectsacrossdifferent,108.0,670.397,150.141,680.36,NimbusRomNo9L-Regu,9.963
iclr-2026-d930d9c23cc7,ICLR,oral,figure,Figure 21,56,appendix,HeatmapofKendall’sTau(τ)correlationsbetweenevaluationaspectsacrossdifferent,108.0,670.372,150.141,680.335,NimbusRomNo9L-Regu,9.963
iclr-2026-d930d9c23cc7,ICLR,oral,figure,Figure 22,57,appendix,HeatmapofKendall’sTau(τ)correlationsbetweenevaluationaspectsacrossdifferent,108.0,669.554,150.141,679.517,NimbusRomNo9L-Regu,9.963
iclr-2026-d930d9c23cc7,ICLR,oral,table,Table 58,59,appendix,TheprompttemplateisusedtoevaluateUAsformulti-imageoutputs.,146.316,143.406,183.427,153.369,NimbusRomNo9L-Regu,9.963
iclr-2026-d930d9c23cc7,ICLR,oral,table,Table 59,59,appendix,TheprompttemplateisusedtoevaluateTAsintheNLGtasks.,160.557,386.318,197.668,396.281,NimbusRomNo9L-Regu,9.963
iclr-2026-d930d9c23cc7,ICLR,oral,table,Table 60,60,appendix,TheprompttemplateisusedtoevaluateTAsintheIUtasks.,165.538,81.722,202.649,91.685,NimbusRomNo9L-Regu,9.963
iclr-2026-d930d9c23cc7,ICLR,oral,table,Table 61,60,appendix,TheprompttemplateisusedtoevaluateTAsintheIGtasks.,165.538,359.485,202.649,369.448,NimbusRomNo9L-Regu,9.963
iclr-2026-d930d9c23cc7,ICLR,oral,table,Table 62,61,appendix,TheprompttemplatesforGPT-4otogeneratefeedbackforhuman-annotatedscores.,117.852,84.015,154.963,93.978,NimbusRomNo9L-Regu,9.963
iclr-2026-d930d9c23cc7,ICLR,oral,table,Table 63,61,appendix,TheprompttemplateisusedtoevaluateUAsfortextoutput.,165.209,328.083,202.32,338.046,NimbusRomNo9L-Regu,9.963
iclr-2026-d930d9c23cc7,ICLR,oral,table,Table 64,61,appendix,TheprompttemplateisusedtoevaluateUAsforimageoutput.,160.432,549.281,197.543,559.244,NimbusRomNo9L-Regu,9.963
iclr-2026-d930d9c23cc7,ICLR,oral,table,Table 65,62,appendix,TheprompttemplateforTAsinITIGtaskwithinput.,179.122,81.722,216.233,91.685,NimbusRomNo9L-Regu,9.963
iclr-2026-d930d9c23cc7,ICLR,oral,table,Table 66,62,appendix,TheprompttemplateforTAsinITIGtaskwithoutinput.,172.756,405.636,209.867,415.599,NimbusRomNo9L-Regu,9.963
iclr-2026-d930d9c23cc7,ICLR,oral,table,Table 67,63,appendix,"AnexampleofcomparingthefeedbackgeneratedbyUFEval,ThemisandGPT-4ointitle",107.691,140.951,144.626,150.914,NimbusRomNo9L-Regu,9.963
iclr-2026-d930d9c23cc7,ICLR,oral,table,Table 68,64,appendix,"AnexampleofcomparingthefeedbackgeneratedbyUFEval,LLaVA-Critic,andGPT-4o",107.691,85.518,144.636,95.481,NimbusRomNo9L-Regu,9.963
iclr-2026-d930d9c23cc7,ICLR,oral,table,Table 69,65,appendix,"AnexampleofcomparingthefeedbackgeneratedbyUFEval,Claude-3.5andGPT-4oin",107.691,81.722,145.014,91.685,NimbusRomNo9L-Regu,9.963
iclr-2026-d930d9c23cc7,ICLR,oral,table,Table 70,66,appendix,"AnexampleofcomparingthefeedbackgeneratedbyUFEval,Qwen2VL-72BandGPT-4o",107.691,155.973,144.274,165.936,NimbusRomNo9L-Regu,9.963
iclr-2026-d930d9c23cc7,ICLR,oral,table,Table 71,67,appendix,"AnexampleofcomparingthefeedbackgeneratedbyUFEval,Qwen2VL-72BandGPT-4o",107.691,113.257,144.274,123.22,NimbusRomNo9L-Regu,9.963
iclr-2026-d930d9c23cc7,ICLR,oral,table,Table 72,68,appendix,"AnexampleofcomparingthefeedbackgeneratedbyUFEval,Qwen2VL-72BandGPT-4o",107.691,97.038,144.274,107.001,NimbusRomNo9L-Regu,9.963
iclr-2026-d930d9c23cc7,ICLR,oral,table,Table 73,69,appendix,"AnexampleofcomparingthefeedbackgeneratedbyUFEval,GPT-4oandQwen2VL-72B",107.691,126.191,144.274,136.154,NimbusRomNo9L-Regu,9.963
iclr-2026-d930d9c23cc7,ICLR,oral,table,Table 74,70,appendix,"AnexampleofcomparingthefeedbackgeneratedbyUFEval,GPT-4oandClaude-3.5in",107.691,117.289,145.014,127.252,NimbusRomNo9L-Regu,9.963
iclr-2026-d930d9c23cc7,ICLR,oral,table,Table 75,71,appendix,"AnexampleofcomparingthefeedbackgeneratedbyUFEval,GPT-4oandQwen2VL-72B",107.691,117.289,144.274,127.252,NimbusRomNo9L-Regu,9.963
iclr-2026-d930d9c23cc7,ICLR,oral,figure,Figure 36,72,appendix,Imagegenerationqualitativecomparisonusingdifferentpreferencedatasets.,131.72,340.701,172.955,350.664,NimbusRomNo9L-Regu,9.963
iclr-2026-d99017a21fe7,ICLR,oral,figure,Figure 1,5,main,Distributionofearlycorrectanswerdetectionduringdecodingprocess..Histograms,108.0,358.901,144.483,368.864,NimbusRomNo9L-Regu,9.963
iclr-2026-d99017a21fe7,ICLR,oral,figure,Figure 2,6,main,Decodingdynamicsacrossallpositionsbasedonmaximum-probabilitypredictions.,108.0,270.751,144.543,280.714,NimbusRomNo9L-Regu,9.963
iclr-2026-d99017a21fe7,ICLR,oral,figure,Figure 3,6,main,AnillustrationoftheProphet’searly-commit-decodingmechanism.(a)Standardfull-step,108.0,568.471,144.164,578.434,NimbusRomNo9L-Regu,9.963
iclr-2026-d99017a21fe7,ICLR,oral,table,Table 1,8,main,BenchmarkresultsonLLaDA-8B-InstructandDream-7B-Instruct.WereportAccuracy,108.0,81.722,141.016,91.685,NimbusRomNo9L-Regu,9.963
iclr-2026-d99017a21fe7,ICLR,oral,table,Table 2,9,main,ComparisonbetweenProphetandaccelerationbaselinesonGSM8K.,150.599,541.911,182.728,551.874,NimbusRomNo9L-Regu,9.963
iclr-2026-d99017a21fe7,ICLR,oral,table,Table 3,10,main,Ablationstudyonstepbudgetandremaskingstrategy..(a)Accuracyvs.stepbudgetun-,108.0,81.722,139.741,91.685,NimbusRomNo9L-Regu,9.963
iclr-2026-d99017a21fe7,ICLR,oral,table,Table 4,10,main,SensitivitytoblocklengthonGSM8K(semi-autoregressiveupdates).Prophetisless,108.0,206.553,141.325,216.516,NimbusRomNo9L-Regu,9.963
iclr-2026-d99017a21fe7,ICLR,oral,figure,Figure 4,16,appendix,Distributionofearlycorrectanswerdetectionduringdecodingprocess.Histograms,108.0,358.884,144.662,368.847,NimbusRomNo9L-Regu,9.963
iclr-2026-d99017a21fe7,ICLR,oral,table,Table 5,17,appendix,QualitativeAnalysis:DecodingDynamics.Visualizationofthedecodingtrajectoryfor,108.0,81.722,140.578,91.685,NimbusRomNo9L-Regu,9.963
iclr-2026-d99017a21fe7,ICLR,oral,figure,Figure 5,17,appendix,Distributionofthe“LastChangeStep”forincorrectanswers.Theright-skeweddistribu-,108.0,594.582,144.493,604.545,NimbusRomNo9L-Regu,9.963
iclr-2026-d99017a21fe7,ICLR,oral,table,Table 6,19,appendix,Configurationsusedinourruns.Wekeeponlyparametersrelevanttoourmethod:base,108.0,172.78,140.279,182.743,NimbusRomNo9L-Regu,9.963
iclr-2026-d99017a21fe7,ICLR,oral,table,Table 7,19,appendix,ComparisonofthresholdschedulesonGSM8K(LLaDA-8B).,165.319,573.765,197.448,583.728,NimbusRomNo9L-Regu,9.963
iclr-2026-dba10825e0af,ICLR,oral,figure,Figure 1,2,main,Theoverallframeworkofourwork.Ourkeycontributionsare:(1)aunifiedtheoretical,108.0,196.389,144.762,206.352,NimbusRomNo9L-Regu,9.963
iclr-2026-dba10825e0af,ICLR,oral,figure,Figure 2,3,main,Thebiasedpositionalestimate,108.0,706.772,143.835,716.735,NimbusRomNo9L-Regu,9.963
iclr-2026-dba10825e0af,ICLR,oral,figure,Figure 3,6,main,ThecumulativescalingfactorsofdifferentRoPEextensionmethodsacrossvarying,108.0,390.322,145.449,400.285,NimbusRomNo9L-Regu,9.963
iclr-2026-dba10825e0af,ICLR,oral,table,Table 1,7,main,Perplexityscoresonproofpiledatasetacrossdifferentmodels.Thebestandsecond-best,108.0,138.241,140.737,148.204,NimbusRomNo9L-Regu,9.963
iclr-2026-dba10825e0af,ICLR,oral,figure,Figure 4,7,main,"IntheNeedle-IN-A-Haystacktest,MrRoPE-Pro(right)effectivelyextendsLLaMA3-8B’s",108.0,708.935,143.985,718.898,NimbusRomNo9L-Regu,9.963
iclr-2026-dba10825e0af,ICLR,oral,table,Table 2,8,main,RetrievalscoresonRULERbenchmarkacrossall13subtasks.,164.188,266.115,196.317,276.078,NimbusRomNo9L-Regu,9.963
iclr-2026-dba10825e0af,ICLR,oral,table,Table 3,8,main,"LongcontextperformancecomparisononInfinite-Bench.Ineachsubset,werandomly",108.0,520.072,141.076,530.035,NimbusRomNo9L-Regu,9.963
iclr-2026-dba10825e0af,ICLR,oral,figure,Figure 5,9,main,"Thecosinesumoftherotationanglesineachdimension,measuringtheabilitytogive",108.0,217.766,145.041,227.729,NimbusRomNo9L-Regu,9.963
iclr-2026-dba10825e0af,ICLR,oral,figure,Figure 6,9,main,"Middle-partialattentionscoreonextendedcontextwindows.Foreachrelativeposition,",108.0,629.249,144.822,639.212,NimbusRomNo9L-Regu,9.963
iclr-2026-dba10825e0af,ICLR,oral,figure,Figure 7,14,appendix,LLama3-8B-InstructPPLscoretestedon128Kcontextwindowacrossdifferentα/βset-,108.0,627.437,144.513,637.4,NimbusRomNo9L-Regu,9.963
iclr-2026-dba10825e0af,ICLR,oral,figure,Figure 8,15,appendix,Qwen2.5-3B-InstructPPLscoretestedon128Kcontextwindowacrossdifferentα/β,108.0,253.263,145.639,263.226,NimbusRomNo9L-Regu,9.963
iclr-2026-dba10825e0af,ICLR,oral,table,Table 4,15,appendix,PerplexityscoresofLLaMA2-7B-chat-hfonproofpiledataset.Thebestandsecondbest,108.0,411.429,140.657,421.392,NimbusRomNo9L-Regu,9.963
iclr-2026-dba10825e0af,ICLR,oral,table,Table 5,16,appendix,ResultesofLLaMA3-8B-InstructandQwen2.5-3B-InstructonLongBenchV2dataset.,108.0,90.808,141.813,100.771,NimbusRomNo9L-Regu,9.963
iclr-2026-dc06dcfe9933,ICLR,oral,figure,Figure 1,9,main,Optimalacceptanceratesfromni.i.ddraftswithtop-ksamplingwithnwithtarget/draft,108.0,267.236,144.685,277.199,NimbusRomNo9L-Regu,9.963
iclr-2026-dc06dcfe9933,ICLR,oral,table,Table 1,9,main,"AverageLlama-3solvetimes(ms/token)overk,n,forthefivei.i.d.OTLPsolvers.General",107.691,460.488,139.519,470.451,NimbusRomNo9L-Regu,9.963
iclr-2026-dc06dcfe9933,ICLR,oral,table,Table 2,10,main,"Bestacceptanceratesforbaselinesolvers(generalLP)andours(max-flow,optimized",107.691,224.114,141.286,234.077,NimbusRomNo9L-Regu,9.963
iclr-2026-dc06dcfe9933,ICLR,oral,figure,Figure 2,29,appendix,Comparisonofi.i.d.versusgreedyacceptanceratesforGemma-227B/2Bacrossvarious,108.0,332.82,144.461,342.783,NimbusRomNo9L-Regu,9.963
iclr-2026-dc06dcfe9933,ICLR,oral,figure,Figure 3,29,appendix,Comparisonofi.i.d.versusgreedyacceptanceratesforLlama-370B/8Bacrossvarious,108.0,706.099,145.009,716.062,NimbusRomNo9L-Regu,9.963
iclr-2026-dc06dcfe9933,ICLR,oral,table,Table 3,30,appendix,"AverageGemma-2solvetimes(ms/token)overk,n,forthefivei.i.d.OTLPsolvers.General",107.691,269.723,139.031,279.686,NimbusRomNo9L-Regu,9.963
iclr-2026-dc06dcfe9933,ICLR,oral,figure,Figure 4,30,appendix,Optimalacceptanceratesfromni.i.ddraftswithtop-ksamplingwithnwiththetarget/draft,108.0,696.845,143.363,706.808,NimbusRomNo9L-Regu,9.963
iclr-2026-dc06dcfe9933,ICLR,oral,figure,Figure 5,31,appendix,Solvetimesandfailureratesofglobalresolutionwithτ=10−4(Gemma-227B/2B)for,108.0,644.571,144.721,654.534,NimbusRomNo9L-Regu,9.963
iclr-2026-dc06dcfe9933,ICLR,oral,table,Table 4,32,appendix,Blockefficiency(numberofdecodedtokenspercalltotargetmodel)inandwalltimespeedup,107.691,273.058,138.865,283.021,NimbusRomNo9L-Regu,9.963
iclr-2026-dc06dcfe9933,ICLR,oral,table,Table 5,33,appendix,Extendingglobalresolutiontothreenon-i.i.d.draftingregimes.Yesmeanstheextensionis,107.691,527.948,139.67,537.911,NimbusRomNo9L-Regu,9.963
iclr-2026-ddc69d973093,ICLR,oral,table,Table 1,3,main,"Summaryofpriorcertifiedunlearningnotionsandper-examplelossassumptions,compared",107.691,327.387,139.4,337.35,NimbusRomNo9L-Regu,9.963
iclr-2026-ddc69d973093,ICLR,oral,figure,Figure 1,8,main,Comparisonofunlearnedestimatorsonnewtestdata:meanGED(with3SDerrorbars),108.0,677.953,144.731,687.916,NimbusRomNo9L-Regu,9.963
iclr-2026-ddc69d973093,ICLR,oral,figure,Figure 2,9,main,ComparisonofGED(plottedinlogscale)acrossdifferentvaluesofεforLaplacenoise(in,108.0,387.762,143.723,397.725,NimbusRomNo9L-Regu,9.963
iclr-2026-ddc69d973093,ICLR,oral,figure,Figure 3,9,main,ComparisonofmeanGED(with3SDerrorbars)acrosstheunlearningsizem(bothinlog,108.0,616.199,143.667,626.162,NimbusRomNo9L-Regu,9.963
iclr-2026-ddc69d973093,ICLR,oral,figure,Figure 4,10,main,ComparisonofmeanGEDandUED(with3SDerrorbars)acrossthedimensionpwhen,108.0,199.518,144.461,209.481,NimbusRomNo9L-Regu,9.963
iclr-2026-ddc69d973093,ICLR,oral,figure,Figure 5,10,main,ComparisonofmeanGED(with3SDerrorbars)acrossεfor(left)low-dimensionalMNIST,108.0,462.495,143.158,472.458,NimbusRomNo9L-Regu,9.963
iclr-2026-ddc69d973093,ICLR,oral,figure,Figure 6,33,appendix,Comparisononunlearneddata:meanUED(with3SDerrorbars)ontheunlearnedset,108.0,592.96,144.999,602.923,NimbusRomNo9L-Regu,9.963
iclr-2026-ddc69d973093,ICLR,oral,figure,Figure 7,34,appendix,Comparisonofthedifferenceinnegativeloglikelihoodontherequestedremovalset,108.0,347.027,145.802,356.99,NimbusRomNo9L-Regu,9.963
iclr-2026-ddc69d973093,ICLR,oral,figure,Figure 8,34,appendix,ComparisonofUED(plottedinlogscale)acrosstheunlearningsizem(plottedinlog,108.0,685.971,145.385,695.934,NimbusRomNo9L-Regu,9.963
iclr-2026-ddc69d973093,ICLR,oral,figure,Figure 9,35,appendix,Comparisonofunlearnedestimatorsonnewtestdata:meanGED(with3SDerrorbars),108.0,429.434,144.731,439.397,NimbusRomNo9L-Regu,9.963
iclr-2026-ddc69d973093,ICLR,oral,figure,Figure 10,36,appendix,Comparisononunlearneddata:meanUED(with3SDerrorbars)ontheunlearnedset,108.0,352.507,149.586,362.47,NimbusRomNo9L-Regu,9.963
iclr-2026-ddc69d973093,ICLR,oral,figure,Figure 11,36,appendix,ComparisonofGED(plottedinlogscale)acrossdifferentvaluesofεforLaplacenoise,108.0,680.492,149.617,690.455,NimbusRomNo9L-Regu,9.963
iclr-2026-ddc69d973093,ICLR,oral,figure,Figure 12,37,appendix,Comparisonofthedifferenceinnegativeloglikelihoodontherequestedremovalset,108.0,347.027,150.538,356.99,NimbusRomNo9L-Regu,9.963
iclr-2026-ddc69d973093,ICLR,oral,figure,Figure 13,37,appendix,ComparisonofmeanGED(with3SDerrorbars)acrosstheunlearningsizem(bothin,108.0,685.971,149.741,695.934,NimbusRomNo9L-Regu,9.963
iclr-2026-ddc69d973093,ICLR,oral,figure,Figure 14,38,appendix,ComparisonofUED(plottedinlogscale)acrosstheunlearningsizem(plottedinlog,108.0,516.499,150.172,526.462,NimbusRomNo9L-Regu,9.963
iclr-2026-de09352af556,ICLR,oral,figure,Figure 1,5,main,SchematicillustrationoftheKL-Lipschitz-,306.0,560.96,342.822,570.923,NimbusRomNo9L-Regu,9.963
iclr-2026-de09352af556,ICLR,oral,figure,Figure 2,7,main,AIGB-Pearl(PlanningwithEvaluAtorviaRL)constructsatrajectoryevaluatortoscore,108.0,255.422,144.583,265.385,NimbusRomNo9L-Regu,9.963
iclr-2026-de09352af556,ICLR,oral,table,Table 1,8,main,Overallperformance(GMV)insimulatedexperimentswith30advertisers.∆indicatesthe,108.0,81.722,140.02,91.685,NimbusRomNo9L-Regu,9.963
iclr-2026-de09352af556,ICLR,oral,table,Table 2,8,main,"Overallperformanceinreal-worldA/Btests,involving6kadvertisersover19days.",122.335,185.888,154.464,195.851,NimbusRomNo9L-Regu,9.963
iclr-2026-de09352af556,ICLR,oral,table,Table 3,9,main,Generalizationperformanceinreal-worldA/BtestswithunseenadvertisersagainstAIGB,108.0,81.722,140.319,91.685,NimbusRomNo9L-Regu,9.963
iclr-2026-de09352af556,ICLR,oral,table,Table 4,9,main,AblationStudy.TheeffectivenessoftheKLconstraintandtheLipschitzconstraintinReal-,108.0,164.728,139.821,174.691,NimbusRomNo9L-Regu,9.963
iclr-2026-de09352af556,ICLR,oral,figure,Figure 3,10,main,"TrajectoryGenerationVisualization.Threecasesarepresented.Here,theAIGB-Pearl",108.0,187.223,145.081,197.186,NimbusRomNo9L-Regu,9.963
iclr-2026-de09352af556,ICLR,oral,table,Table 5,10,main,Evaluatoraccuracyforsimulatedandreal-worldexperiments.Resultsarereportedfor,108.0,229.22,141.335,239.183,NimbusRomNo9L-Regu,9.963
iclr-2026-de09352af556,ICLR,oral,figure,Figure 4,10,main,ExaminationFigure5:Examination,306.0,379.839,343.848,389.802,NimbusRomNo9L-Regu,9.963
iclr-2026-de09352af556,ICLR,oral,figure,Figure 5,10,main,Examination,406.47,379.751,444.318,389.714,NimbusRomNo9L-Regu,9.963
iclr-2026-de09352af556,ICLR,oral,figure,Figure 6,19,appendix,"Theimpressionopportunitieswithintimesteptandt+1,wherepi/viisthe1/ROIof",108.0,261.991,144.752,271.954,NimbusRomNo9L-Regu,9.963
iclr-2026-de09352af556,ICLR,oral,figure,Figure 7,24,appendix,"Performancerangeoftheplannerwithrespecttohyper-parametersδ,Landϵ.Thereis",108.0,193.364,144.324,203.327,NimbusRomNo9L-Regu,9.963
iclr-2026-de09352af556,ICLR,oral,figure,Figure 8,26,appendix,"AIGB-PearlEvaluatorLearning.Theevaluatorlossiscomposedofthreeparts,in-",108.0,284.09,145.34,294.053,NimbusRomNo9L-Regu,9.963
iclr-2026-de09352af556,ICLR,oral,table,Table 6,27,appendix,Settingsofthesimulatedexperiments.,212.228,326.463,244.357,336.426,NimbusRomNo9L-Regu,9.963
iclr-2026-de09352af556,ICLR,oral,table,Table 7,28,appendix,Settingsofthereal-worldexperiments.,210.903,81.722,243.032,91.685,NimbusRomNo9L-Regu,9.963
iclr-2026-de09352af556,ICLR,oral,figure,Figure 9,28,appendix,TheSMAPEtrainingcurvesofthetrajectoryevaluatorwithandwithoutLLMEmbed-,108.0,375.102,144.981,385.065,NimbusRomNo9L-Regu,9.963
iclr-2026-de09352af556,ICLR,oral,table,Table 8,29,appendix,"OverallperformanceofTargetROASinreal-worldA/Btest,involving300kadvertisers",108.0,81.722,141.185,91.685,NimbusRomNo9L-Regu,9.963
iclr-2026-de09352af556,ICLR,oral,figure,Figure 10,29,appendix,LearningcurvesofcumulativerewardsbetweenofflineRLwithbootstrappingmethod,108.0,303.006,149.813,312.969,NimbusRomNo9L-Regu,9.963
iclr-2026-de09352af556,ICLR,oral,figure,Figure 11,30,appendix,LearningcurvesofonlineratebetweenofflineRLwithbootstrappingmethodandAIGB-,108.0,209.009,148.916,218.972,NimbusRomNo9L-Regu,9.963
iclr-2026-de09352af556,ICLR,oral,figure,Figure 12,30,appendix,LearningcurvesofbadcaseratebetweenofflineRLwithbootstrappingmethodand,108.0,371.155,150.351,381.118,NimbusRomNo9L-Regu,9.963
iclr-2026-de09352af556,ICLR,oral,table,Table 9,30,appendix,SMAPEresultsfromablationexperi-Table10:AUCresultsfromablationexperi-,109.498,675.42,141.936,685.383,NimbusRomNo9L-Regu,9.963
iclr-2026-de09352af556,ICLR,oral,table,Table 10,30,appendix,AUCresultsfromablationexperi-,313.89,675.42,352.415,685.383,NimbusRomNo9L-Regu,9.963
iclr-2026-de09352af556,ICLR,oral,figure,Figure 13,31,appendix,LearningcurvesofcostratebetweenofflineRLwithbootstrappingmethodandAIGB-,108.0,209.009,149.534,218.972,NimbusRomNo9L-Regu,9.963
iclr-2026-de09352af556,ICLR,oral,table,Table 11,31,appendix,Empiricalperformancewithmultipledata-collectionpolicies.,163.048,372.72,200.159,382.683,NimbusRomNo9L-Regu,9.963
iclr-2026-de09352af556,ICLR,oral,table,Table 12,31,appendix,Hyper-parametertuningwithrespecttoKLconstraintδ.,171.493,664.823,208.604,674.786,NimbusRomNo9L-Regu,9.963
iclr-2026-de09352af556,ICLR,oral,table,Table 13,32,appendix,Empiricalperformanceinthesimulatedexperimentswithafirst-priceauction.,129.922,81.722,167.033,91.685,NimbusRomNo9L-Regu,9.963
iclr-2026-df99a0fdd618,ICLR,oral,figure,Figure 1,1,main,ThestrongvideoeditingperformanceofEditVerseemergesfromaunifiedframework,108.0,667.257,144.563,677.22,NimbusRomNo9L-Regu,9.963
iclr-2026-df99a0fdd618,ICLR,oral,figure,Figure 2,4,main,OverviewofEditVerse.Wedesignaunifiedframeworkforimageandvideoediting,108.0,343.776,145.33,353.739,NimbusRomNo9L-Regu,9.963
iclr-2026-df99a0fdd618,ICLR,oral,figure,Figure 3,4,main,Examplesfortheinterleavedtextandvisionpattern.EditVerseiscapableofprocessing,108.0,707.804,143.786,717.767,NimbusRomNo9L-Regu,9.963
iclr-2026-df99a0fdd618,ICLR,oral,table,Table 1,6,main,Statisticsofthetrainingdatasets.,325.801,353.768,358.239,363.731,NimbusRomNo9L-Regu,9.963
iclr-2026-df99a0fdd618,ICLR,oral,figure,Figure 4,7,main,ExamplesfromtheproposedEditVerseBench.EditVerseBenchincludes200editing,108.0,703.17,145.081,713.133,NimbusRomNo9L-Regu,9.963
iclr-2026-df99a0fdd618,ICLR,oral,table,Table 2,8,main,"QuantitativecomparisononEditVerseBench.Foropen-sourceresearchmodels,we",108.0,255.534,141.434,265.497,NimbusRomNo9L-Regu,9.963
iclr-2026-df99a0fdd618,ICLR,oral,figure,Figure 5,8,main,UserstudyonEditVerseBench.,329.313,686.837,365.567,696.8,NimbusRomNo9L-Regu,9.963
iclr-2026-df99a0fdd618,ICLR,oral,figure,Figure 6,9,main,VisualizationofEditVerseandothervideoeditingmethods.EditVerseshowsstronger,108.0,238.881,144.284,248.844,NimbusRomNo9L-Regu,9.963
iclr-2026-df99a0fdd618,ICLR,oral,table,Table 3,9,main,QuantitativecomparisononTGVE+.Re-,286.199,374.34,319.155,384.303,NimbusRomNo9L-Regu,9.963
iclr-2026-df99a0fdd618,ICLR,oral,figure,Figure 7,9,main,CompareEditVersegeneratedresultswithgroundtruth.ResultsshowEditVersecan,108.0,707.804,144.443,717.767,NimbusRomNo9L-Regu,9.963
iclr-2026-df99a0fdd618,ICLR,oral,figure,Figure 8,10,main,Visualizationofablationontrainingdata.Imagedataplaysacriticalrole.,133.598,259.651,169.852,269.614,NimbusRomNo9L-Regu,9.963
iclr-2026-df99a0fdd618,ICLR,oral,table,Table 4,10,main,Ablationstudyontrainingdata.Werun20KstepswiththesamesetupasinSection5.1.,108.0,351.426,139.9,361.389,NimbusRomNo9L-Regu,9.963
iclr-2026-df99a0fdd618,ICLR,oral,table,Table 5,10,main,AblationstudyoninterleavedformationandsequentialRoPE.Werun20Kstepswith,108.0,569.105,140.179,579.068,NimbusRomNo9L-Regu,9.963
iclr-2026-df99a0fdd618,ICLR,oral,table,Table 6,18,appendix,"QuantitativecomparisononImgEdit-Bench(Yeetal.,2025a).",158.375,724.432,190.504,734.395,NimbusRomNo9L-Regu,9.963
iclr-2026-df99a0fdd618,ICLR,oral,table,Table 7,19,appendix,"Comparisonwithtext-to-videomodelsontheVBench(Zhangetal.,2024).#Params.is",108.0,308.204,139.94,318.167,NimbusRomNo9L-Regu,9.963
iclr-2026-df99a0fdd618,ICLR,oral,table,Table 8,19,appendix,"Comparisonwithtext-to-imagemodelsontheGenEval(Zhangetal.,2024).",129.747,568.192,161.876,578.155,NimbusRomNo9L-Regu,9.963
iclr-2026-df99a0fdd618,ICLR,oral,table,Table 9,20,appendix,"QuantitativecomparisononV2VBench(Sunetal.,2024).Methodsaregroupedinto",108.0,323.188,140.857,333.151,NimbusRomNo9L-Regu,9.963
iclr-2026-df99a0fdd618,ICLR,oral,figure,Figure 9,20,appendix,FailurecaseexamplesofEditVerse.(a)Themodelfailstoaddobject(treasurechest)at,108.0,608.088,144.274,618.051,NimbusRomNo9L-Regu,9.963
iclr-2026-df99a0fdd618,ICLR,oral,table,Table 10,21,appendix,DetailedStatisticsofthetrainingdatasets.Wecombinehigh-qualityopen-source,108.0,689.983,146.665,699.946,NimbusRomNo9L-Regu,9.963
iclr-2026-df99a0fdd618,ICLR,oral,figure,Figure 10,22,appendix,GPUmemoryusageandinferencelatencyasfunctionsoftokenlength.,141.887,337.493,183.122,347.456,NimbusRomNo9L-Regu,9.963
iclr-2026-df99a0fdd618,ICLR,oral,table,Table 11,22,appendix,Inferenceefficiencyacrossdifferenttokenlengths,186.544,421.019,223.655,430.982,NimbusRomNo9L-Regu,9.963
iclr-2026-dff0527cb8cf,ICLR,oral,figure,Figure 1,3,main,Q-RAGagentinteractswithmulti-stepretrievalenvironment.Thestartingstatescontains,108.0,400.542,143.656,410.505,NimbusRomNo9L-Regu,9.963
iclr-2026-dff0527cb8cf,ICLR,oral,figure,Figure 2,6,main,Comparisonofansweraccuracyonthelong-contextbenchmarkBabiLong.Solidlines,108.0,685.886,145.041,695.849,NimbusRomNo9L-Regu,9.963
iclr-2026-dff0527cb8cf,ICLR,oral,table,Table 1,7,main,"ResultsontheRULERbenchmark,evaluatinglong-contextretrievalperformanceacross",108.0,377.001,140.837,386.964,NimbusRomNo9L-Regu,9.963
iclr-2026-dff0527cb8cf,ICLR,oral,table,Table 2,8,main,ComparisonofmethodsonHotPotQAandMuSiQuebenchmarks.Boldtextandunderline,108.0,476.54,140.09,486.503,NimbusRomNo9L-Regu,9.963
iclr-2026-dff0527cb8cf,ICLR,oral,figure,Figure 3,9,main,Ablationfor(a)policyentropycoefficient(α)insoftQfunctionand(b)forλ-return,108.0,205.62,145.469,215.583,NimbusRomNo9L-Regu,9.963
iclr-2026-dff0527cb8cf,ICLR,oral,table,Table 3,9,main,AblationresultsonBabiLongQA3.TheTableshowsF1scoreforsupportingfactsretrieval.,108.0,529.396,139.661,539.359,NimbusRomNo9L-Regu,9.963
iclr-2026-dff0527cb8cf,ICLR,oral,table,Table 4,10,main,Sensitivitytothenumberofretrievalsteps.Dataset:HotPotQA(1000samples).Embedder,108.0,81.722,139.95,91.685,NimbusRomNo9L-Regu,9.963
iclr-2026-dff0527cb8cf,ICLR,oral,figure,Figure 4,22,appendix,EarlystoppinganalysisonHotPotQA(toprow)andBabiLongQA2(bottomrow).Panels,108.0,330.004,144.164,339.967,NimbusRomNo9L-Regu,9.963
iclr-2026-dff0527cb8cf,ICLR,oral,table,Table 5,22,appendix,HotPotQAearlystoppingexperiments,211.954,398.346,244.083,408.309,NimbusRomNo9L-Regu,9.963
iclr-2026-dff0527cb8cf,ICLR,oral,figure,Figure 5,23,appendix,ROCcurvesfortheearly-stoppingrule.Panel(a)showsHotPotQA;panel(b)showsBa-,108.0,285.604,144.423,295.567,NimbusRomNo9L-Regu,9.963
iclr-2026-dff0527cb8cf,ICLR,oral,table,Table 6,23,appendix,BabiLongQA2earlystoppingexperiments.,201.164,341.558,233.293,351.521,NimbusRomNo9L-Regu,9.963
iclr-2026-dff0527cb8cf,ICLR,oral,figure,Figure 6,24,appendix,LearningcurvesforHotPotQAandBabiLongQA2runs.Bothgraphsshowtheaverage,108.0,700.719,144.682,710.682,NimbusRomNo9L-Regu,9.963
iclr-2026-dff0527cb8cf,ICLR,oral,table,Table 7,25,appendix,"ComparisonofmethodsonHotPotQA-distractors,MuSiQue(in-distribution),and",108.0,182.789,143.327,192.752,NimbusRomNo9L-Regu,9.963
iclr-2026-dff0527cb8cf,ICLR,oral,table,Table 8,26,appendix,Retrievalandgenerationconfigurationforeachdataset.Chunksizeisintokens;Tisthe,108.0,141.528,140.568,151.491,NimbusRomNo9L-Regu,9.963
iclr-2026-e17153a60ea0,ICLR,oral,figure,Figure 1,3,main,IllustrationoftheproposedframeworkCoCo.,195.192,219.037,231.446,229.0,NimbusRomNo9L-Regu,9.963
iclr-2026-e17153a60ea0,ICLR,oral,table,Table 1,6,main,Clusteringperformanceonfivebenchmarkdatasets(mean±standarddeviation).Thetop,108.0,81.722,140.468,91.685,NimbusRomNo9L-Regu,9.963
iclr-2026-e17153a60ea0,ICLR,oral,figure,Figure 2,7,main,Theablationexperimentalresults.,311.674,448.187,347.928,458.15,NimbusRomNo9L-Regu,9.963
iclr-2026-e17153a60ea0,ICLR,oral,table,Table 2,7,main,Thecomparativeresultsofconsistencylearn-,286.199,490.456,318.567,500.419,NimbusRomNo9L-Regu,9.963
iclr-2026-e17153a60ea0,ICLR,oral,figure,Figure 3,8,main,Thet-SNEresultscomparingourCoCowithcompetitivebaselinesontwodatasets.The,108.0,179.595,144.523,189.558,NimbusRomNo9L-Regu,9.963
iclr-2026-e17153a60ea0,ICLR,oral,figure,Figure 4,8,main,Sensitivityexperimentalresults.,331.365,618.572,367.619,628.535,NimbusRomNo9L-Regu,9.963
iclr-2026-e17153a60ea0,ICLR,oral,table,Table 4,9,main,Comparisononheterophilicgraphs.Table5:Comparisononhomophilicgraphs.,118.0,81.979,150.129,91.942,NimbusRomNo9L-Regu,9.963
iclr-2026-e17153a60ea0,ICLR,oral,table,Table 5,9,main,Comparisononhomophilicgraphs.,317.1,81.722,349.229,91.685,NimbusRomNo9L-Regu,9.963
iclr-2026-e17153a60ea0,ICLR,oral,figure,Figure 5,9,main,Comparisonsofaveragetrainingtimeperepochandmemorycost.,153.693,236.586,189.947,246.549,NimbusRomNo9L-Regu,9.963
iclr-2026-e17153a60ea0,ICLR,oral,table,Table 3,9,main,ComparisonofaccuracyonnoisyBAT.,309.15,272.257,341.279,282.22,NimbusRomNo9L-Regu,9.963
iclr-2026-e17153a60ea0,ICLR,oral,table,Table 6,9,main,ImpactofEMiterations.,338.415,592.555,370.544,602.518,NimbusRomNo9L-Regu,9.963
iclr-2026-e17153a60ea0,ICLR,oral,table,Table 7,10,main,Performancecomparisononnodeclassification,266.398,106.548,300.48,116.511,NimbusRomNo9L-Regu,9.963
iclr-2026-e17153a60ea0,ICLR,oral,table,Table 8,20,appendix,Theoreticalanalysisofcomplexity,298.629,526.89,330.758,536.853,NimbusRomNo9L-Regu,9.963
iclr-2026-e17153a60ea0,ICLR,oral,table,Table 9,21,appendix,Clusteringperformanceonfivebenchmarkdatasets(mean±standarddeviation).Thetop,108.0,436.368,140.468,446.331,NimbusRomNo9L-Regu,9.963
iclr-2026-e17153a60ea0,ICLR,oral,table,Table 10,22,appendix,Thecomparativeanalysisofconsistencylearningacrossalldatasets.,149.633,165.526,186.744,175.489,NimbusRomNo9L-Regu,9.963
iclr-2026-e17153a60ea0,ICLR,oral,figure,Figure 6,23,appendix,Thesensitivityanalysisofthreehyper-parametersonallfivedatasets.,147.88,299.294,184.134,309.257,NimbusRomNo9L-Regu,9.963
iclr-2026-e17153a60ea0,ICLR,oral,figure,Figure 7,23,appendix,Robustnessanalysis.,324.393,427.677,360.647,437.64,NimbusRomNo9L-Regu,9.963
iclr-2026-e6952544908b,ICLR,oral,figure,Figure 1,8,main,"ExperimentsonSimpleTask.Left:Testlossasafunctionoftestlengthandtrainlength,",108.0,166.37,144.596,176.333,NimbusRomNo9L-Regu,9.963
iclr-2026-e6952544908b,ICLR,oral,figure,Figure 2,8,main,"ExperimentsonModPTask.Left:Testlossasafunctionoftestlengthandtrainlength,",108.0,310.68,144.892,320.643,NimbusRomNo9L-Regu,9.963
iclr-2026-e6952544908b,ICLR,oral,figure,Figure 4,9,main,Experimentsonthein-contextk-gramtask.Left:Testlossasafunctionoftestlength,108.0,163.045,145.294,173.008,NimbusRomNo9L-Regu,9.963
iclr-2026-e6952544908b,ICLR,oral,figure,Figure 3,9,main,"FortheModPTask,thesoft-",353.518,581.928,388.842,591.891,NimbusRomNo9L-Regu,9.963
iclr-2026-e7be893c9452,ICLR,oral,figure,Figure 1,2,main,ContrastingmakestheVLMseebetter.(a)ContrastiveVQApairscompelsamore,108.0,315.553,145.22,325.516,NimbusRomNo9L-Regu,9.963
iclr-2026-e7be893c9452,ICLR,oral,figure,Figure 2,3,main,"VisCoR-55K.WeintroducetheVisualContrastiveReasoningdataset(VisCoR-55K),a",108.0,306.973,144.882,316.936,NimbusRomNo9L-Regu,9.963
iclr-2026-e7be893c9452,ICLR,oral,figure,Figure 3,5,main,"ContrastiveVQApaircurationpipeline.Tofacilitateeffectivecontrastiveanalysis,we",108.0,175.319,144.304,185.282,NimbusRomNo9L-Regu,9.963
iclr-2026-e7be893c9452,ICLR,oral,figure,Figure 4,5,main,Faithfulrationalegenerationpipeline.Acontrastiveanalysiscanbeobtainedbased,108.0,385.135,145.21,395.098,NimbusRomNo9L-Regu,9.963
iclr-2026-e7be893c9452,ICLR,oral,table,Table 1,7,main,Performancecomparisonwithself-improvingbaselinesandthemodelstrainedonoff-,108.0,81.722,141.474,91.685,NimbusRomNo9L-Regu,9.963
iclr-2026-e7be893c9452,ICLR,oral,figure,Figure 5,8,main,QualitativeComparisonwithbasemodel.Thesecondrowshowsthedirectlyresponse,108.0,286.278,144.383,296.241,NimbusRomNo9L-Regu,9.963
iclr-2026-e7be893c9452,ICLR,oral,figure,Figure 6,8,main,PerformancecomparisonwithothercontrastiveVQApairconstructionstrategies.,108.0,479.321,144.971,489.284,NimbusRomNo9L-Regu,9.963
iclr-2026-e7be893c9452,ICLR,oral,table,Table 2,9,main,EvaluationoftheeffectofVC-STaRonotherTable3:Effectoftheeasysamplesadding,108.0,81.722,140.279,91.685,NimbusRomNo9L-Regu,9.963
iclr-2026-e7be893c9452,ICLR,oral,table,Table 3,9,main,Effectoftheeasysamplesadding,337.681,81.722,369.372,91.685,NimbusRomNo9L-Regu,9.963
iclr-2026-e7be893c9452,ICLR,oral,table,Table 4,9,main,AnalysisabouttheeffectofpositiveandnegativecontrastiveVQAcounterpartsonGQA,108.0,203.48,140.568,213.443,NimbusRomNo9L-Regu,9.963
iclr-2026-e7be893c9452,ICLR,oral,figure,Figure 7,17,main,StatisticsofthecontrastiveVQApaircuration.Thebarchart(lefty-axis)displays,108.0,252.437,145.21,262.4,NimbusRomNo9L-Regu,9.963
iclr-2026-e7be893c9452,ICLR,oral,figure,Figure 8,19,appendix,ExamplesofrationalesinVisCoR-55K.,203.077,393.736,239.331,403.699,NimbusRomNo9L-Regu,9.963
iclr-2026-e7be893c9452,ICLR,oral,figure,Figure 9,19,appendix,Additionalqualitativecomparison.,212.392,687.732,248.646,697.695,NimbusRomNo9L-Regu,9.963
iclr-2026-e7ef44128dd8,ICLR,oral,figure,Figure 1,5,main,"XFactorcombinesa[PE,R]stereo-monocularmodelwithourproposed",108.0,197.265,144.951,207.228,NimbusRomNo9L-Regu,9.963
iclr-2026-e7ef44128dd8,ICLR,oral,table,Table 1,7,main,"TheTransferabilityTest.WecomparethetransferabilityofXFactor’s,RayZer’s,and",110.491,458.557,143.656,468.52,NimbusRomNo9L-Regu,9.963
iclr-2026-e7ef44128dd8,ICLR,oral,table,Table 2,8,main,PoseProbeAccuracy.Wereportprobeaccuracytrainedtopredictground-truthSE(3),110.491,338.873,143.467,348.836,NimbusRomNo9L-Regu,9.963
iclr-2026-e7ef44128dd8,ICLR,oral,table,Table 3,9,main,Ablations.Weablatepotentialalternativedesigndecisionsusingstereo-monocularXFac-,108.0,262.012,140.259,271.975,NimbusRomNo9L-Regu,9.963
iclr-2026-e7ef44128dd8,ICLR,oral,table,Table 4,14,main,AutoencodingReconstructionQuality.,207.211,142.457,239.34,152.42,NimbusRomNo9L-Regu,9.963
iclr-2026-e7ef44128dd8,ICLR,oral,table,Table 5,14,main,AugmentationsatInference.Weevaluatetransferredrenderingqualityintermsofstan-,108.0,234.9,140.458,244.863,NimbusRomNo9L-Regu,9.963
iclr-2026-e7ef44128dd8,ICLR,oral,table,Table 6,15,appendix,ComparisonwithSelf-SupervisedObjectives:PoseProbeAccuracy.Probeaccuracy,108.0,137.475,140.767,147.438,NimbusRomNo9L-Regu,9.963
iclr-2026-e7ef44128dd8,ICLR,oral,table,Table 7,15,appendix,RobustnessofTransferabilityObjective.Weprogressivelycorruptourstereo-monocular,108.0,285.106,139.98,295.069,NimbusRomNo9L-Regu,9.963
iclr-2026-e7ef44128dd8,ICLR,oral,figure,Figure 2,16,appendix,QualitativeRobustnessAnalysisofTPSOracles.Weevaluatetherobustnessof,108.0,192.743,146.256,202.706,NimbusRomNo9L-Regu,9.963
iclr-2026-e7ef44128dd8,ICLR,oral,table,Table 8,16,appendix,QuantitativeRobustnessAnalysisofTPSOracles.Weevaluatethe,144.63,397.296,177.527,407.259,NimbusRomNo9L-Regu,9.963
iclr-2026-e7ef44128dd8,ICLR,oral,figure,Figure 3,17,appendix,SupervisedMethodsAlsoStruggle.Substantialreconstructionartifactsarealsoobserved,108.0,218.792,143.746,228.755,NimbusRomNo9L-Regu,9.963
iclr-2026-e7ef44128dd8,ICLR,oral,table,Table 9,17,appendix,FragilityofCOLMAPonTransferredVideosWefindthatCOLMAP,144.63,335.317,176.799,345.28,NimbusRomNo9L-Regu,9.963
iclr-2026-e87e18e18569,ICLR,oral,figure,Figure 1,3,main,"OverviewofSAdataconstructionpipeline,includingrepositorycollection,",108.0,212.727,145.152,222.69,NimbusRomNo9L-Regu,9.963
iclr-2026-e87e18e18569,ICLR,oral,figure,Figure 2,5,main,IllustrationoftheSAadversarialevaluationframework.Theframework,108.0,256.887,146.097,266.85,NimbusRomNo9L-Regu,9.963
iclr-2026-e87e18e18569,ICLR,oral,table,Table 1,8,main,EvaluationofCodeSubmissionvs.TestSubmissionCapabilitiesAmongProprietaryLLMs.,107.691,83.714,139.239,93.677,NimbusRomNo9L-Regu,9.963
iclr-2026-e87e18e18569,ICLR,oral,table,Table 2,8,main,Best@3acrossModelsandLanguages.,289.11,539.641,321.239,549.604,NimbusRomNo9L-Regu,9.963
iclr-2026-e87e18e18569,ICLR,oral,figure,Figure 3,9,main,Best@kwinrate.,350.719,188.367,386.973,198.33,NimbusRomNo9L-Regu,9.963
iclr-2026-e87e18e18569,ICLR,oral,table,Table 3,9,main,RACGAblationComparison.,328.074,525.651,360.203,535.614,NimbusRomNo9L-Regu,9.963
iclr-2026-e87e18e18569,ICLR,oral,figure,Figure 4,14,appendix,"TokenusageheatmapforSA.Thedarkerthebluecolor,thehigherthenumber",108.0,499.171,143.786,509.134,NimbusRomNo9L-Regu,9.963
iclr-2026-e87e18e18569,ICLR,oral,table,Table 4,14,appendix,EvaluationofCodeSubmissionvs.TestSubmissionCapabilitiesAmongOpenSource,107.691,600.046,141.012,610.009,NimbusRomNo9L-Regu,9.963
iclr-2026-e87e18e18569,ICLR,oral,figure,Figure 5,15,appendix,ClarityandDifﬁcultyDistribution.,217.089,300.694,253.343,310.657,NimbusRomNo9L-Regu,9.963
iclr-2026-e87e18e18569,ICLR,oral,figure,Figure 6,16,appendix,Lengthdistributionsindifferentlanguages.,200.357,319.132,236.611,329.095,NimbusRomNo9L-Regu,9.963
iclr-2026-e87e18e18569,ICLR,oral,figure,Figure 7,16,appendix,Averageproblemstatement,345.602,601.632,383.943,611.595,NimbusRomNo9L-Regu,9.963
iclr-2026-e87e18e18569,ICLR,oral,table,Table 5,17,appendix,Filehitratesofdifferentretrievalmethods.,305.691,155.35,336.875,165.313,NimbusRomNo9L-Regu,9.963
iclr-2026-e87e18e18569,ICLR,oral,table,Table 6,19,appendix,Filehitratesofdifferentretrievalmethods.,305.691,350.871,336.875,360.834,NimbusRomNo9L-Regu,9.963
iclr-2026-eb4983c11917,ICLR,oral,figure,Figure 1,3,main,VQAevaluationquestionexamplesforeachcategory.,173.06,329.202,209.314,339.165,NimbusRomNo9L-Regu,9.963
iclr-2026-eb4983c11917,ICLR,oral,figure,Figure 2,3,main,"Impactofmodelanddatasizes.TheplotsillustratetheperformanceofMLLMs,builtupon",108.0,469.337,143.05,479.3,NimbusRomNo9L-Regu,9.963
iclr-2026-eb4983c11917,ICLR,oral,figure,Figure 3,4,main,Impactofpre-trainingdatasources.ThebarchartsillustratethedownstreamVQA,108.0,305.675,145.538,315.638,NimbusRomNo9L-Regu,9.963
iclr-2026-eb4983c11917,ICLR,oral,figure,Figure 4,5,main,Impactofreasoning-centricandvisualdatacategoriesandproportions.Theplots,108.0,207.674,145.284,217.637,NimbusRomNo9L-Regu,9.963
iclr-2026-eb4983c11917,ICLR,oral,table,Table 1,6,main,GridSearchforavision-favorabledata,107.691,408.208,139.239,418.171,NimbusRomNo9L-Regu,9.963
iclr-2026-eb4983c11917,ICLR,oral,table,Table 2,7,main,Derivingadatamixtureformorevision-awareLLMs.Thistabledetailsaseriesof11,107.691,184.545,140.336,194.508,NimbusRomNo9L-Regu,9.963
iclr-2026-eb4983c11917,ICLR,oral,figure,Figure 5,7,main,CorrelationmatrixforVQAper-,108.0,643.277,147.316,653.24,NimbusRomNo9L-Regu,9.963
iclr-2026-eb4983c11917,ICLR,oral,figure,Figure 6,8,main,Universalityofthelearnedvisualpriors.TheplotsshowtheVQAperformanceof,108.0,202.955,145.67,212.918,NimbusRomNo9L-Regu,9.963
iclr-2026-eb4983c11917,ICLR,oral,figure,Figure 7,9,main,Step-wiseeffectsofperceptionandreasoningvisual-instructiontuningdataremoval.,108.0,288.023,144.201,297.986,NimbusRomNo9L-Regu,9.963
iclr-2026-eb4983c11917,ICLR,oral,table,Table 3,10,main,PerformancecomparisonsoftheLanguage-FavorableandBalancedmodelsacross,107.691,279.419,140.808,289.382,NimbusRomNo9L-Regu,9.963
iclr-2026-eb4983c11917,ICLR,oral,figure,Figure 8,18,appendix,PerformanceofMLLMsontheMulti-LevelExistenceBench(MLE-Bench).Theleft,108.0,183.724,144.083,193.687,NimbusRomNo9L-Regu,9.963
iclr-2026-eb4983c11917,ICLR,oral,figure,Figure 9,19,appendix,Qualitativeimpactofreasoning-centricdataonvisualreasoning.Thefiguredisplays,108.0,286.957,144.514,296.92,NimbusRomNo9L-Regu,9.963
iclr-2026-eb4983c11917,ICLR,oral,figure,Figure 10,19,appendix,Qualitativeimpactofreasoning-centricdata,108.0,649.77,150.172,659.733,NimbusRomNo9L-Regu,9.963
iclr-2026-eb4983c11917,ICLR,oral,figure,Figure 11,20,appendix,Qualitativeimpactof,108.0,605.175,154.328,615.138,NimbusRomNo9L-Regu,9.963
iclr-2026-eb4983c11917,ICLR,oral,table,Table 4,25,appendix,Conceptualcategoriesofkeypre-trainingdatacorpus(%).Thetableshowsthe,107.691,159.692,141.794,169.655,NimbusRomNo9L-Regu,9.963
iclr-2026-eb4983c11917,ICLR,oral,figure,Figure 12,27,appendix,"MLEBenchmarkExamples.ThefigureprovidesexamplesfromtheMLE-Bench,",108.0,258.433,150.883,268.396,NimbusRomNo9L-Regu,9.963
iclr-2026-eb4983c11917,ICLR,oral,table,Table 5,27,appendix,ModelperformanceontheMLE-Bench.Resultsarereportedinthreesplitsbasedon,107.691,395.371,140.849,405.334,NimbusRomNo9L-Regu,9.963
iclr-2026-eb4983c11917,ICLR,oral,table,Table 6,28,appendix,PerformancecomparisonsoftheLang-FavorableandBalancedmodelsacrossboth,107.691,158.898,140.615,168.861,NimbusRomNo9L-Regu,9.963
iclr-2026-eb4983c11917,ICLR,oral,figure,Figure 13,31,appendix,Qualitativeimpactofreasoning-centricdataonvisualspatialreasoning.Thefigure,108.0,308.7,149.473,318.663,NimbusRomNo9L-Regu,9.963
iclr-2026-eb4983c11917,ICLR,oral,figure,Figure 14,31,appendix,Qualitativeimpactofvisualworlddataoncomplexvisualperception.Thefigure,108.0,631.205,150.375,641.168,NimbusRomNo9L-Regu,9.963
iclr-2026-ee69851b0726,ICLR,oral,figure,Figure 1,1,main,IllustrationofFIRE.Solving,337.681,647.037,375.077,657.0,NimbusRomNo9L-Regu,9.963
iclr-2026-ee69851b0726,ICLR,oral,figure,Figure 2,7,main,Continualvisuallearningresults.Warm-startsetting(a):trainingbeginswithonly10%,108.0,382.545,144.254,392.508,NimbusRomNo9L-Regu,9.963
iclr-2026-ee69851b0726,ICLR,oral,figure,Figure 3,8,main,ContinualpretrainingofGPT-0.1B.ModelsarefirstpretrainedonWikiText-103and,108.0,209.52,145.172,219.483,NimbusRomNo9L-Regu,9.963
iclr-2026-ee69851b0726,ICLR,oral,figure,Figure 4,9,main,Reinforcementlearningresults.DiscretecontrolwithDQNonthreeAtarienvironments,108.0,305.166,144.056,315.129,NimbusRomNo9L-Regu,9.963
iclr-2026-ee69851b0726,ICLR,oral,figure,Figure 5,10,main,Ablationstudyresults.FinalperformanceofFIREwithvaryingnumbersofiterations,108.0,271.256,145.081,281.219,NimbusRomNo9L-Regu,9.963
iclr-2026-ee69851b0726,ICLR,oral,table,Table 1,23,appendix,Wall-ClockTimeandGPUmemoryfootprintofFIREandbaselinemethods,136.064,159.815,168.193,169.778,NimbusRomNo9L-Regu,9.963
iclr-2026-ee69851b0726,ICLR,oral,figure,Figure 6,23,appendix,EffectofnumberofFIREiterations.TestaccuracyofFIREwithsingleiterationand,108.0,495.176,145.121,505.139,NimbusRomNo9L-Regu,9.963
iclr-2026-ee69851b0726,ICLR,oral,figure,Figure 7,24,appendix,EffectofNewtonSchulziterationcoefficientsonFIRE.FIREandFIREwithMuon’s,108.0,337.215,144.83,347.178,NimbusRomNo9L-Regu,9.963
iclr-2026-ee69851b0726,ICLR,oral,figure,Figure 8,24,appendix,"Trainaccuracyofcontinualvisuallearningexperiment.Warm-startsetting(a),Continual",108.0,702.308,143.011,712.271,NimbusRomNo9L-Regu,9.963
iclr-2026-ee69851b0726,ICLR,oral,table,Table 2,28,appendix,Detailedsettingsincontinualvisuallearning.,198.026,148.468,230.155,158.431,NimbusRomNo9L-Regu,9.963
iclr-2026-ee69851b0726,ICLR,oral,table,Table 3,28,appendix,DetailedsettingsincontinualpretrainingofLLMs.,186.544,434.67,218.673,444.633,NimbusRomNo9L-Regu,9.963
iclr-2026-ee69851b0726,ICLR,oral,table,Table 4,29,appendix,HyperparametersusedintheALEenvironmentwithDQNalgorithm.,149.952,81.722,182.081,91.685,NimbusRomNo9L-Regu,9.963
iclr-2026-ee69851b0726,ICLR,oral,table,Table 5,29,appendix,HyperparametersusedinHumanoidBenchenvironmentswithSimBa.,149.115,415.043,181.244,425.006,NimbusRomNo9L-Regu,9.963
iclr-2026-ee69851b0726,ICLR,oral,table,Table 6,30,appendix,Hyperparametersearchspaceforallexperiments.,189.553,81.722,221.682,91.685,NimbusRomNo9L-Regu,9.963
iclr-2026-ee69851b0726,ICLR,oral,table,Table 7,31,appendix,HyperparametersforWarm-Startsetting.,206.743,81.722,238.872,91.685,NimbusRomNo9L-Regu,9.963
iclr-2026-ee69851b0726,ICLR,oral,table,Table 8,32,appendix,HyperparametersforContinualSetting.,209.378,81.722,241.507,91.685,NimbusRomNo9L-Regu,9.963
iclr-2026-ee69851b0726,ICLR,oral,table,Table 9,32,appendix,HyperparametersforClass-IncrementalSetting.,192.786,506.397,224.915,516.36,NimbusRomNo9L-Regu,9.963
iclr-2026-ee69851b0726,ICLR,oral,table,Table 10,33,appendix,HyperparametersforContinualpretrainingofLLMs.,180.054,81.722,217.165,91.685,NimbusRomNo9L-Regu,9.963
iclr-2026-f34826d49cba,ICLR,oral,figure,Figure 1,8,main,SetUnionMMasafunctionof∆.Notethatlowerisbetter.,164.657,704.717,200.911,714.68,NimbusRomNo9L-Regu,9.963
iclr-2026-f34826d49cba,ICLR,oral,figure,Figure 2,9,main,"Top-kMMasafunctionofk,using∆=100.",191.827,400.288,228.081,410.251,NimbusRomNo9L-Regu,9.963
iclr-2026-f34826d49cba,ICLR,oral,figure,Figure 3,10,main,"Numberofmissedusersasafunctionofk,using∆=100.",165.681,199.648,201.935,209.611,NimbusRomNo9L-Regu,9.963
iclr-2026-f34826d49cba,ICLR,oral,table,Table 1,23,appendix,"Numberofusers,items,andentries(user-itempairs)foreachdataset",150.988,447.069,183.117,457.032,NimbusRomNo9L-Regu,9.963
iclr-2026-f34826d49cba,ICLR,oral,figure,Figure 4,23,appendix,Log-logplotoffrequencyvs.rankforlargedatasets,182.305,718.763,218.559,728.726,NimbusRomNo9L-Regu,9.963
iclr-2026-f34826d49cba,ICLR,oral,figure,Figure 5,24,appendix,Log-logplotoffrequencyvs.rankforsmalldatasets,181.379,203.815,217.633,213.778,NimbusRomNo9L-Regu,9.963
iclr-2026-f34826d49cba,ICLR,oral,figure,Figure 6,24,appendix,ECDFsofuseritemsetsizesforlargedatasets.,192.482,422.544,228.736,432.507,NimbusRomNo9L-Regu,9.963
iclr-2026-f34826d49cba,ICLR,oral,figure,Figure 7,24,appendix,ECDFsofuseritemsetsizesforsmalldatasets.,191.556,588.6,227.81,598.563,NimbusRomNo9L-Regu,9.963
iclr-2026-f34826d49cba,ICLR,oral,figure,Figure 8,25,appendix,"MMasafunctionof∆∈{1,50,100,150,200,300}forthesmalldatasets.",133.561,199.614,169.815,209.577,NimbusRomNo9L-Regu,9.963
iclr-2026-f34826d49cba,ICLR,oral,figure,Figure 9,25,appendix,"MMasafunctionof∆∈{1,50,100,150,200,300}forlargedatasetswhenϵ=0.1and",108.0,399.387,143.985,409.35,NimbusRomNo9L-Regu,9.963
iclr-2026-f34826d49cba,ICLR,oral,figure,Figure 10,25,appendix,"MMasafunctionof∆∈{1,50,100,150,200,300}forsmalldatasetswhenϵ=0.1",108.0,563.046,149.564,573.009,NimbusRomNo9L-Regu,9.963
iclr-2026-f34826d49cba,ICLR,oral,figure,Figure 11,26,appendix,"Top-kℓlossvs.kwithϵ=1.0,δ=10−5,and∆=100.",165.124,200.087,206.359,210.05,NimbusRomNo9L-Regu,9.963
iclr-2026-f34826d49cba,ICLR,oral,figure,Figure 12,26,appendix,"Top-kMMandTop-kℓvs.kfork∈{5,10,20,50,100,200},withϵ=0.1,δ=10−5",108.0,647.12,149.245,657.083,NimbusRomNo9L-Regu,9.963
iclr-2026-f34826d49cba,ICLR,oral,figure,Figure 13,27,appendix,"Numberofmissedusersvs.kfork∈{5,10,20,50,100,200}withϵ=0.1,δ=10−5,",108.0,268.43,149.365,278.393,NimbusRomNo9L-Regu,9.963
iclr-2026-f37e773ebaa6,ICLR,oral,figure,Figure 1,1,main,ImagesgeneratedonQwen-ImageusingHyCacombinedwithdistillationat12×speedup.,108.0,594.307,143.812,604.27,NimbusRomNo9L-Regu,9.963
iclr-2026-f37e773ebaa6,ICLR,oral,figure,Figure 2,2,main,Featuretrajectoryclustersandstabilityofassignments.(a–b)Cluster1showsoscillatory,108.0,200.307,143.109,210.27,NimbusRomNo9L-Regu,9.963
iclr-2026-f37e773ebaa6,ICLR,oral,figure,Figure 3,4,main,HyCaFramework.(a)OfflinePreprocessing:featuredimensionsarefirstanalyzedand,108.0,273.945,144.695,283.908,NimbusRomNo9L-Regu,9.963
iclr-2026-f37e773ebaa6,ICLR,oral,table,Table 1,5,main,Quantitativecomparisonoftext-to-imagegenerationonQwen-Image.,141.832,566.752,173.961,576.715,NimbusRomNo9L-Regu,9.963
iclr-2026-f37e773ebaa6,ICLR,oral,table,Table 2,6,main,Quantitativecomparisonoftext-to-imagegenerationonFLUX.1-dev.,142.689,82.168,174.818,92.131,NimbusRomNo9L-Regu,9.963
iclr-2026-f37e773ebaa6,ICLR,oral,table,Table 3,6,main,Quantitativecomparisonoftext-to-videogenerationonHunyuanVideo.,139.152,569.101,171.281,579.064,NimbusRomNo9L-Regu,9.963
iclr-2026-f37e773ebaa6,ICLR,oral,figure,Figure 4,7,main,Visualcomparisonof5.5×acceleratedFLUX.,193.25,350.982,229.504,360.945,NimbusRomNo9L-Regu,9.963
iclr-2026-f37e773ebaa6,ICLR,oral,table,Table 4,7,main,QuantitativecomparisonofimageeditingonQwen-Image-Edit.,155.376,480.448,187.505,490.411,NimbusRomNo9L-Regu,9.963
iclr-2026-f37e773ebaa6,ICLR,oral,figure,Figure 5,8,main,VisualcomparisonofdifferentcachingmethodonQwen-Image-Edit.,147.86,320.688,184.114,330.651,NimbusRomNo9L-Regu,9.963
iclr-2026-f37e773ebaa6,ICLR,oral,table,Table 5,8,main,QuantitativecomparisonofDistilledModelonFluxandQwen-Image.,142.644,462.235,174.773,472.198,NimbusRomNo9L-Regu,9.963
iclr-2026-f37e773ebaa6,ICLR,oral,figure,Figure 6,9,main,Toprow:ClusteringresultsfromFLUX;Bottomrow:ClusteringresultsfromHunyuan,108.0,325.463,144.979,335.426,NimbusRomNo9L-Regu,9.963
iclr-2026-f37e773ebaa6,ICLR,oral,figure,Figure 7,9,main,OverallandablationresultsofHyCa.(a–b)HyCaconsistentlyoutperformstoken-wise,108.0,621.85,144.28,631.813,NimbusRomNo9L-Regu,9.963
iclr-2026-f37e773ebaa6,ICLR,oral,figure,Figure 8,10,main,ClusteringconsistencybetweenoriginalandLoRA-tunedmodels.Eachsubplot,108.0,487.335,146.219,497.298,NimbusRomNo9L-Regu,9.963
iclr-2026-f37e773ebaa6,ICLR,oral,figure,Figure 9,19,appendix,ComparisonbetweenHyCaandtheoriginalFLUX.1-Schnellmodel.HyCaachievesmuch,108.0,205.915,143.802,215.878,NimbusRomNo9L-Regu,9.963
iclr-2026-f37e773ebaa6,ICLR,oral,figure,Figure 10,19,appendix,ComparisonbetweenHyCaandTaylorSeeronHunyuanVideo.HyCamaintainssuperior,108.0,687.221,149.09,697.184,NimbusRomNo9L-Regu,9.963
iclr-2026-f37e773ebaa6,ICLR,oral,figure,Figure 11,20,appendix,"Thefirstrowshows,fromlefttoright,ARIcomparisonplotsofFLUX,Qwen-Image,and",108.0,561.06,148.491,571.023,NimbusRomNo9L-Regu,9.963
iclr-2026-f37e773ebaa6,ICLR,oral,figure,Figure 12,21,appendix,ClusteringconsistencybetweenoriginalandLoRA-tunedmodels.Eachsubplot,108.0,396.368,150.914,406.331,NimbusRomNo9L-Regu,9.963
iclr-2026-f37e773ebaa6,ICLR,oral,figure,Figure 13,21,appendix,ARIbetweenclusteringassignmentsfromFLUX.1-devanditsLoRAvariants.(a),108.0,650.337,149.917,660.3,NimbusRomNo9L-Regu,9.963
iclr-2026-f37e773ebaa6,ICLR,oral,figure,Figure 14,23,appendix,(a–b)Thelefttwofiguresshowthatclusteringstructuresremainstableunderextreme,108.0,631.705,150.182,641.668,NimbusRomNo9L-Regu,9.963
iclr-2026-f37e773ebaa6,ICLR,oral,figure,Figure 15,24,appendix,"(a)AlthoughtheclusteringresultsatStep49,Step48,andStep47areinconsistent,the",108.0,191.151,149.627,201.114,NimbusRomNo9L-Regu,9.963
iclr-2026-f8f364a44221,ICLR,oral,figure,Figure 1,1,main,OpenThoughts3outperformsexistingSFTreasoningdatasetsacrossdatascales.All,108.0,671.347,144.326,681.31,NimbusRomNo9L-Regu,9.963
iclr-2026-f8f364a44221,ICLR,oral,table,Table 1,2,main,OpenThinker3-7Boutperformsallopen-data7Band8Breasoningmodels,107.691,397.556,144.081,407.519,NimbusRomNo9L-Regu,9.963
iclr-2026-f8f364a44221,ICLR,oral,figure,Figure 2,4,main,TheOpenThoughtsexperimentpipelineaimstobuildthestrongestreasoningdataset,108.0,150.257,143.865,160.22,NimbusRomNo9L-Regu,9.963
iclr-2026-f8f364a44221,ICLR,oral,table,Table 2,5,main,Evaluatingquestionsourcesandgenerationstrategies.Weshowonlythetop3scoring,107.691,358.006,139.971,367.969,NimbusRomNo9L-Regu,9.963
iclr-2026-f8f364a44221,ICLR,oral,table,Table 3,5,main,Mixingdifferentcodequestionsources.Ourexperimentsshowthatchoosingonlythetwo,107.691,550.945,139.294,560.908,NimbusRomNo9L-Regu,9.963
iclr-2026-f8f364a44221,ICLR,oral,table,Table 4,6,main,Filteringquestionsprovidesaneffectivetoolforextractinghigh-qualityquestions.,107.691,276.794,141.123,286.757,NimbusRomNo9L-Regu,9.963
iclr-2026-f8f364a44221,ICLR,oral,table,Table 5,7,main,Deduplicationandrepeatedteachersamplingprovideanaxisofscale.Usingfewer,107.691,240.788,140.819,250.751,NimbusRomNo9L-Regu,9.963
iclr-2026-f8f364a44221,ICLR,oral,table,Table 6,8,main,Filteringanswersdidnotimproveovernotfilteringatall.Usingverificationtechniques,107.691,200.418,139.336,210.381,NimbusRomNo9L-Regu,9.963
iclr-2026-f8f364a44221,ICLR,oral,table,Table 7,8,main,"Usingaweakerteacheroutperformedusingastrongerteacher.Acrossalldomains,",107.691,338.563,140.819,348.526,NimbusRomNo9L-Regu,9.963
iclr-2026-f8f364a44221,ICLR,oral,figure,Figure 3,9,main,TheOpenThoughts3-1.2MFullDataPipeline.,188.905,288.838,225.159,298.801,NimbusRomNo9L-Regu,9.963
iclr-2026-f8f364a44221,ICLR,oral,table,Table 8,22,appendix,Settingsfordifferenthyperparametersetswithcorrespondingdatasetsizes,129.29,386.934,161.419,396.897,NimbusRomNo9L-Regu,9.963
iclr-2026-f8f364a44221,ICLR,oral,table,Table 9,23,appendix,Performancecomparisonbetweenmodelstrainedwithandwithoutsequencepacking.,107.691,135.661,139.67,145.624,NimbusRomNo9L-Regu,9.963
iclr-2026-f8f364a44221,ICLR,oral,table,Table 10,23,appendix,PerformancecomparisonofOpenThinker-7BmodelwithandwithoutR1tem-,107.691,307.281,146.987,317.244,NimbusRomNo9L-Regu,9.963
iclr-2026-f8f364a44221,ICLR,oral,table,Table 11,23,appendix,Performancecomparisonacrossreasoningbenchmarkswithreasoningenabledand,107.691,630.318,144.967,640.281,NimbusRomNo9L-Regu,9.963
iclr-2026-f8f364a44221,ICLR,oral,table,Table 12,25,appendix,Weevaluateon12tasksacrossmultipledatadomains.Wevalidateexperimentson8of,107.691,247.357,144.265,257.32,NimbusRomNo9L-Regu,9.963
iclr-2026-f8f364a44221,ICLR,oral,figure,Figure 4,26,appendix,Ourdecontaminationalgorithmaccuratelyidentifiescontaminatedsamples.Our,108.0,299.583,145.609,309.546,NimbusRomNo9L-Regu,9.963
iclr-2026-f8f364a44221,ICLR,oral,figure,Figure 5,27,appendix,"Scalingthetopstrategiesfromeachpipelinestep.Acrossdatasetscales,thedatasets",108.0,293.161,145.03,303.124,NimbusRomNo9L-Regu,9.963
iclr-2026-f8f364a44221,ICLR,oral,figure,Figure 6,28,appendix,DownstreammodelperformanceafterfinetuningQwen-2.5-7B-Instructonincreas-,108.0,566.59,144.747,576.553,NimbusRomNo9L-Regu,9.963
iclr-2026-f8f364a44221,ICLR,oral,figure,Figure 7,29,appendix,TheOpenThoughts3datarecipewithineachdomainshowsstrongscalingover,108.0,242.211,146.188,252.174,NimbusRomNo9L-Regu,9.963
iclr-2026-f8f364a44221,ICLR,oral,table,Table 13,30,appendix,Performancecomparisonbetweenbasemodelswhenfine-tuningon100ksamplesfrom,107.691,156.771,143.718,166.734,NimbusRomNo9L-Regu,9.963
iclr-2026-f8f364a44221,ICLR,oral,table,Table 14,30,appendix,ImpactofVerificationonoriginalOpenThinkermodels.Weseeverificationhurtsatthe,107.691,315.338,144.136,325.301,NimbusRomNo9L-Regu,9.963
iclr-2026-f8f364a44221,ICLR,oral,table,Table 15,31,appendix,ComparisonofOpenThoughtswithandwithoutproof-basedquestions.Throwingout,107.691,154.113,144.431,164.076,NimbusRomNo9L-Regu,9.963
iclr-2026-f8f364a44221,ICLR,oral,table,Table 16,31,appendix,Comparisonofmathanswerverificationstrategies.WefiltertheOpenThoughts-114K,107.691,274.652,144.839,284.615,NimbusRomNo9L-Regu,9.963
iclr-2026-f8f364a44221,ICLR,oral,table,Table 17,31,appendix,EffectofusingLLM-Generatedunittestsforcodedataverification.Downstream,107.691,391.725,146.072,401.688,NimbusRomNo9L-Regu,9.963
iclr-2026-f8f364a44221,ICLR,oral,figure,Figure 8,32,appendix,Claude3.7accuracyimprovesconsistentlywithlargerthinking-tokenbudgetsacross,108.0,254.996,144.01,264.959,NimbusRomNo9L-Regu,9.963
iclr-2026-f8f364a44221,ICLR,oral,table,Table 18,32,appendix,ScoresforswitchingthecodeannotatorfromR1toClaude.,159.874,571.451,196.985,581.414,NimbusRomNo9L-Regu,9.963
iclr-2026-f8f364a44221,ICLR,oral,table,Table 19,33,appendix,ScoresforswitchingthescienceannotatorfromR1toClaude.,153.374,135.661,190.485,145.624,NimbusRomNo9L-Regu,9.963
iclr-2026-f8f364a44221,ICLR,oral,table,Table 20,33,appendix,ScoresforswitchingtheannotatorfromGeminitoR1orClaude.,146.589,223.474,183.7,233.437,NimbusRomNo9L-Regu,9.963
iclr-2026-f8f364a44221,ICLR,oral,table,Table 21,34,appendix,Evaluatingtheroleofcompressingreasoningtracesondownstreamperformance.,107.691,169.793,145.869,179.756,NimbusRomNo9L-Regu,9.963
iclr-2026-f8f364a44221,ICLR,oral,table,Table 22,34,appendix,Performancecomparison:Full-scaledatasetsvs.controlledablationstudy.,107.691,534.505,148.206,544.468,NimbusRomNo9L-Regu,9.963
iclr-2026-f8f364a44221,ICLR,oral,table,Table 23,35,appendix,Out-of-domain(codetosciencetransfer)gainsdonotpersistwhenmixedwiththe,107.691,311.124,145.605,321.087,NimbusRomNo9L-Regu,9.963
iclr-2026-f8f364a44221,ICLR,oral,figure,Figure 9,36,appendix,GPT-4o-minicanreliablydeterminetherelativedifficultyofquestions.DeepSeekR1,108.0,257.963,145.568,267.926,NimbusRomNo9L-Regu,9.963
iclr-2026-f8f364a44221,ICLR,oral,figure,Figure 10,37,appendix,OpenThoughts3performancescalingonLiveCodeBench05/23-05/24asthedatasetsize,108.0,322.733,149.225,332.696,NimbusRomNo9L-Regu,9.963
iclr-2026-f8f364a44221,ICLR,oral,table,Table 24,37,appendix,"PerformancecomparisonofsamplingstrategiesonAIME24dataset.""Vanilla""refers",107.691,475.467,144.94,485.43,NimbusRomNo9L-Regu,9.963
iclr-2026-f8f364a44221,ICLR,oral,table,Table 25,37,appendix,PerformancecomparisononGPQADiamonddataset(high-runexperiments),122.017,640.988,159.128,650.951,NimbusRomNo9L-Regu,9.963
iclr-2026-f8f364a44221,ICLR,oral,table,Table 26,38,appendix,Averageresponselengthcomparison:Correctvs.Incorrectresponses,138.584,206.417,175.695,216.38,NimbusRomNo9L-Regu,9.963
iclr-2026-f8f364a44221,ICLR,oral,table,Table 27,39,appendix,Comparisonofmodelperformanceunderdifferentfinetuningsetups.,139.018,168.538,176.129,178.501,NimbusRomNo9L-Regu,9.963
iclr-2026-f8f364a44221,ICLR,oral,table,Table 28,39,appendix,ComparisonofOpenThinker3-7Btoteachermodels.WeseethatDeepSeek-R1is,107.692,481.063,146.175,491.026,NimbusRomNo9L-Regu,9.963
iclr-2026-f8f364a44221,ICLR,oral,table,Table 29,40,appendix,"PerformanceofOpenThinkermodelsonsafetyandover-refusalbenchmarks.Here,",107.691,163.934,145.2,173.897,NimbusRomNo9L-Regu,9.963
iclr-2026-f8f364a44221,ICLR,oral,table,Table 30,41,appendix,PerformanceofcurrentAPI-basedfrontiermodels.Asignificantgapremainsbetween,107.691,523.141,144.562,533.104,NimbusRomNo9L-Regu,9.963
iclr-2026-f8f364a44221,ICLR,oral,figure,Figure 11,42,appendix,Distilledreasoningmodelsshowdeficitsingeneralization.Alldistilledreasoning,108.0,208.015,150.649,217.978,NimbusRomNo9L-Regu,9.963
iclr-2026-f8f364a44221,ICLR,oral,figure,Figure 12,43,appendix,ReasoningmodelsoutperformconventionalLLMs.Albeitsufferingfromstrong,108.0,466.989,151.035,476.952,NimbusRomNo9L-Regu,9.963
iclr-2026-f8f364a44221,ICLR,oral,figure,Figure 13,44,appendix,ExampleofareasoningtracefoundinDCLM-Baseline.Thisisanexamplereasoning,108.0,666.13,148.874,676.093,NimbusRomNo9L-Regu,9.963
iclr-2026-f8f364a44221,ICLR,oral,figure,Figure 14,47,appendix,CoderStatPrompt,243.256,216.407,284.491,226.37,NimbusRomNo9L-Regu,9.963
iclr-2026-f8f364a44221,ICLR,oral,figure,Figure 15,48,appendix,CommitPackPrompt,238.464,226.37,279.699,236.333,NimbusRomNo9L-Regu,9.963
iclr-2026-f8f364a44221,ICLR,oral,figure,Figure 16,49,appendix,AutoMathTextPrompt,235.246,226.37,276.481,236.333,NimbusRomNo9L-Regu,9.963
iclr-2026-f8f364a44221,ICLR,oral,figure,Figure 17,49,appendix,Formulas,263.485,393.932,304.72,403.895,NimbusRomNo9L-Regu,9.963
iclr-2026-f8f364a44221,ICLR,oral,figure,Figure 18,51,appendix,OrganicChemistryFiltering,223.012,168.563,264.247,178.526,NimbusRomNo9L-Regu,9.963
iclr-2026-f8f364a44221,ICLR,oral,figure,Figure 19,51,appendix,"Code,Math,andScienceQuestionFilteringPrompt",173.513,326.116,214.748,336.079,NimbusRomNo9L-Regu,9.963
iclr-2026-f8f364a44221,ICLR,oral,figure,Figure 20,51,appendix,QuestionRefinementPrompt,221.667,706.831,262.902,716.794,NimbusRomNo9L-Regu,9.963
iclr-2026-f8f364a44221,ICLR,oral,figure,Figure 21,52,appendix,QuestionExtractionPrompt,223.326,335.473,264.561,345.436,NimbusRomNo9L-Regu,9.963
iclr-2026-f8f364a44221,ICLR,oral,figure,Figure 22,52,appendix,GeminiOCRPrompt,238.27,712.275,279.505,722.238,NimbusRomNo9L-Regu,9.963
iclr-2026-f8f364a44221,ICLR,oral,figure,Figure 23,53,appendix,PromptforGeneratingScienceQuestions,195.506,303.593,236.741,313.556,NimbusRomNo9L-Regu,9.963
iclr-2026-f8f364a44221,ICLR,oral,figure,Figure 24,53,appendix,PromptforGeneratingScienceQuestions,195.506,631.578,236.741,641.541,NimbusRomNo9L-Regu,9.963
iclr-2026-f8f364a44221,ICLR,oral,figure,Figure 25,56,appendix,PromptforCodeDifficultyFiltering.ThistextisthepromptforCodeDifficulty,108.0,644.801,151.025,654.764,NimbusRomNo9L-Regu,9.963
iclr-2026-f8f364a44221,ICLR,oral,figure,Figure 26,57,appendix,PromptforAskLLMFiltering.ThistextisthepromptforAskLLMFiltering,126.445,440.567,167.68,450.53,NimbusRomNo9L-Regu,9.963
iclr-2026-f8f364a44221,ICLR,oral,figure,Figure 27,58,appendix,PromptforMathDifficultyFiltering.ThistextisthepromptforMathDifficulty,108.0,440.567,150.954,450.53,NimbusRomNo9L-Regu,9.963
iclr-2026-f8f364a44221,ICLR,oral,figure,Figure 28,60,appendix,PromptforScienceDifficultyFiltering.ThistextisthepromptforScienceDifficulty,108.0,677.678,149.731,687.641,NimbusRomNo9L-Regu,9.963
iclr-2026-f8f364a44221,ICLR,oral,figure,Figure 29,61,appendix,PromptforMathQuestion-AnswerMajorityConsensusVerification.Thistextisthe,108.0,425.623,148.988,435.586,NimbusRomNo9L-Regu,9.963
iclr-2026-f8f364a44221,ICLR,oral,figure,Figure 30,61,appendix,PromptforMathQuestion-AnswerGPTVerification.ThistextisthepromptforMath,108.0,544.368,148.573,554.331,NimbusRomNo9L-Regu,9.963
iclr-2026-f8f364a44221,ICLR,oral,figure,Figure 31,63,appendix,PromptforCodeQuestion-AnswerGPTVerification.ThistextisthepromptforCode,108.0,183.863,148.687,193.826,NimbusRomNo9L-Regu,9.963
iclr-2026-f8f364a44221,ICLR,oral,figure,Figure 32,63,appendix,PromptforEnglishVerification.ThistextisthepromptforEnglishVerification.,119.81,313.235,161.045,323.198,NimbusRomNo9L-Regu,9.963
iclr-2026-f8f364a44221,ICLR,oral,figure,Figure 33,63,appendix,PromptforLongParagraphsVerification.ThistextisthepromptforLongParagraphs,108.0,451.574,148.77,461.537,NimbusRomNo9L-Regu,9.963
iclr-2026-f8f364a44221,ICLR,oral,figure,Figure 34,63,appendix,PromptforScienceQuestion-AnswerMajorityConsensusVerification.Thistextis,108.0,700.498,149.659,710.461,NimbusRomNo9L-Regu,9.963
iclr-2026-f8f364a44221,ICLR,oral,figure,Figure 35,64,appendix,PromptforCodeQuestion-AnswerMajorityConsensusVerification.Thistextisthe,108.0,609.055,149.102,619.018,NimbusRomNo9L-Regu,9.963
iclr-2026-f8f364a44221,ICLR,oral,table,Table 31,65,appendix,FullAblationforCodeQuestionSources,199.476,428.085,236.587,438.048,NimbusRomNo9L-Regu,9.963
iclr-2026-f8f364a44221,ICLR,oral,table,Table 32,66,appendix,FullAblationforMathQuestionSources,198.923,407.986,236.034,417.949,NimbusRomNo9L-Regu,9.963
iclr-2026-f8f364a44221,ICLR,oral,table,Table 33,66,appendix,FullAblationforScienceQuestionSources,194.773,689.446,231.884,699.409,NimbusRomNo9L-Regu,9.963
iclr-2026-f8f364a44221,ICLR,oral,table,Table 34,67,appendix,FullAblationforCodeQuestionSourceMixing,184.945,186.99,222.056,196.953,NimbusRomNo9L-Regu,9.963
iclr-2026-f8f364a44221,ICLR,oral,table,Table 35,67,appendix,FullAblationforMathQuestionSourceMixing,184.392,315.171,221.503,325.134,NimbusRomNo9L-Regu,9.963
iclr-2026-f8f364a44221,ICLR,oral,table,Table 36,67,appendix,FullAblationforScienceQuestionSourceMixing,180.243,443.353,217.354,453.316,NimbusRomNo9L-Regu,9.963
iclr-2026-f8f364a44221,ICLR,oral,table,Table 37,68,appendix,FullAblationforCodeQuestionFiltering,197.448,285.62,234.559,295.583,NimbusRomNo9L-Regu,9.963
iclr-2026-f8f364a44221,ICLR,oral,table,Table 38,68,appendix,FullAblationforMathQuestionFiltering,196.895,512.432,234.006,522.395,NimbusRomNo9L-Regu,9.963
iclr-2026-f8f364a44221,ICLR,oral,table,Table 39,69,appendix,FullAblationforScienceQuestionFiltering,192.746,491.232,229.857,501.195,NimbusRomNo9L-Regu,9.963
iclr-2026-f8f364a44221,ICLR,oral,table,Table 40,70,appendix,FullAblationforCodeDeduplicationandMultipleSampling,156.198,208.907,193.309,218.87,NimbusRomNo9L-Regu,9.963
iclr-2026-f8f364a44221,ICLR,oral,table,Table 41,70,appendix,FullAblationforMathDeduplicationandMultipleSampling,155.645,380.925,192.756,390.888,NimbusRomNo9L-Regu,9.963
iclr-2026-f8f364a44221,ICLR,oral,table,Table 42,70,appendix,FullAblationforScienceDeduplicationandMultipleSampling,151.496,552.942,188.607,562.905,NimbusRomNo9L-Regu,9.963
iclr-2026-f8f364a44221,ICLR,oral,table,Table 43,71,appendix,FullAblationforCodeQuestion-AnswerFiltering,179.466,241.784,216.577,251.747,NimbusRomNo9L-Regu,9.963
iclr-2026-f8f364a44221,ICLR,oral,table,Table 44,71,appendix,FullAblationforMathQuestion-AnswerFiltering,178.913,413.801,216.024,423.764,NimbusRomNo9L-Regu,9.963
iclr-2026-f8f364a44221,ICLR,oral,table,Table 45,71,appendix,FullAblationforScienceQuestion-AnswerFiltering,174.764,585.819,211.875,595.782,NimbusRomNo9L-Regu,9.963
iclr-2026-f8f364a44221,ICLR,oral,table,Table 46,72,appendix,FullAblationforTeacherModelforCode,197.074,165.072,234.185,175.035,NimbusRomNo9L-Regu,9.963
iclr-2026-f8f364a44221,ICLR,oral,table,Table 47,72,appendix,FullAblationforTeacherModelforMath,196.522,271.336,233.633,281.299,NimbusRomNo9L-Regu,9.963
iclr-2026-f8f364a44221,ICLR,oral,table,Table 48,72,appendix,FullAblationforTeacherModelforScience,192.372,377.6,229.483,387.563,NimbusRomNo9L-Regu,9.963
iclr-2026-fac989b896c5,ICLR,oral,figure,Figure 1,2,main,OverviewoftheAgentDataProtocol(ADP).RawdatafromdiversesourcessuchasSWE-,108.0,249.871,143.816,259.834,NimbusRomNo9L-Regu,9.963
iclr-2026-fac989b896c5,ICLR,oral,table,Table 1,3,main,"OverviewofExistingAgentTrainingDatasets.C=Coding,S=SoftwareEngineering,",108.0,216.082,141.863,226.045,NimbusRomNo9L-Regu,9.963
iclr-2026-fac989b896c5,ICLR,oral,figure,Figure 2,6,main,ADPcollapsesmany-to-manyconversionsintoahub-and-spokepipeline.Left:With-,108.0,207.655,144.254,217.618,NimbusRomNo9L-Regu,9.963
iclr-2026-fac989b896c5,ICLR,oral,table,Table 2,6,main,DatasetStatsandTrajectoryAnalysis.,286.199,345.647,322.682,355.61,NimbusRomNo9L-Regu,9.963
iclr-2026-fac989b896c5,ICLR,oral,table,Table 3,8,main,ComparisonofSOTAandourBest7–8BADP-trainedagents’resultsacrossbenchmarks.,108.0,90.808,140.378,100.771,NimbusRomNo9L-Regu,9.963
iclr-2026-fac989b896c5,ICLR,oral,table,Table 4,8,main,ComparisonofSOTAandourBest13–14BADP-trainedagents’resultsacrossbenchmarks.,108.0,385.828,139.611,395.791,NimbusRomNo9L-Regu,9.963
iclr-2026-fac989b896c5,ICLR,oral,table,Table 5,9,main,ComparisonofSOTAandourBest32BADP-trainedagents’resultsacrossbenchmarks.,108.0,90.808,140.737,100.771,NimbusRomNo9L-Regu,9.963
iclr-2026-fac989b896c5,ICLR,oral,table,Table 6,9,main,"Cross-tasktransferwithdiversevs.task-specificdata.Foreachbenchmark,wecompare",108.0,378.124,140.707,388.087,NimbusRomNo9L-Regu,9.963
iclr-2026-fac989b896c5,ICLR,oral,table,Table 7,10,main,LOCforconvertingdatasetstoADP.,314.062,134.458,346.191,144.421,NimbusRomNo9L-Regu,9.963
iclr-2026-fac989b896c5,ICLR,oral,table,Table 8,10,main,LOCforADP→SFTconverters.(cid:80)(cid:80),108.0,362.452,139.601,372.415,NimbusRomNo9L-Regu,9.963
iclr-2026-fac989b896c5,ICLR,oral,table,Table 9,18,appendix,Per-datasetsamplingmultipliersw.w<1indicatesdownsampling;w>1indicates,108.0,475.157,140.618,485.12,NimbusRomNo9L-Regu,9.963
iclr-2026-fac989b896c5,ICLR,oral,figure,Figure 3,19,appendix,PerformanceScalingAcrossAgentsFigure4:PerformanceGainsAcrossAgents,108.0,648.58,145.35,658.543,NimbusRomNo9L-Regu,9.963
iclr-2026-fac989b896c5,ICLR,oral,figure,Figure 4,19,appendix,PerformanceGainsAcrossAgents,311.431,649.397,349.887,659.36,NimbusRomNo9L-Regu,9.963
iclr-2026-fac989b896c5,ICLR,oral,table,Table 10,20,appendix,"Equal-scalecomparisonofQwen-3-8BtrainedonSWE-smithvs.ADP,evaluatedon",108.0,223.752,145.828,233.715,NimbusRomNo9L-Regu,9.963
iclr-2026-fac989b896c5,ICLR,oral,table,Table 11,20,appendix,LicensinginformationfordatasetsusedinADP,190.714,423.062,227.825,433.025,NimbusRomNo9L-Regu,9.963
iclr-2026-fd78f005be2e,ICLR,oral,figure,Figure 1,1,main,Goodtogreat:Neon’sstate-of-the-artperformanceonImageNet-256.Neonelevatesapowerful,108.0,640.702,143.812,650.664,NimbusRomNo9L-Regu,9.963
iclr-2026-fd78f005be2e,ICLR,oral,figure,Figure 2,4,main,Neon’skeyidea:syntheticdegradationandreal-,269.898,82.37,306.129,92.332,NimbusRomNo9L-Regu,9.963
iclr-2026-fd78f005be2e,ICLR,oral,figure,Figure 3,6,main,NeonconsistentlyimprovesFIDwithminimalself-trainingoverhead.MinimumFID(optimized,108.0,191.85,143.911,201.812,NimbusRomNo9L-Regu,9.963
iclr-2026-fd78f005be2e,ICLR,oral,figure,Figure 4,7,main,"Neontradesprecisionforrecall,yieldingnetFIDimprovement.FortheEDM-VPmodeltrained",108.0,175.461,144.046,185.423,NimbusRomNo9L-Regu,9.963
iclr-2026-fd78f005be2e,ICLR,oral,figure,Figure 5,7,main,Neonconsistentlyimprovesautoregressivemodelsacrossarchitecturesandresolutions.We,108.0,344.309,145.192,354.271,NimbusRomNo9L-Regu,9.963
iclr-2026-fd78f005be2e,ICLR,oral,figure,Figure 6,8,main,Optimalprecision-recalltrade-offsforVAR-d16asafunctionofwandγ.Left:Heatmapsfor,108.0,174.688,144.56,184.65,NimbusRomNo9L-Regu,9.963
iclr-2026-fd78f005be2e,ICLR,oral,figure,Figure 7,8,main,Neondramaticallyimprovesfew-stepinferenceforIMMonImageNet-256.MinimumFID,108.0,349.274,145.538,359.236,NimbusRomNo9L-Regu,9.963
iclr-2026-fd78f005be2e,ICLR,oral,figure,Figure 8,9,main,Neonsupportscross-,345.602,257.349,390.517,267.311,NimbusRomNo9L-Regu,9.963
iclr-2026-fd78f005be2e,ICLR,oral,figure,Figure 9,9,main,Neondoesnotrequireanear-,345.602,501.274,383.15,511.236,NimbusRomNo9L-Regu,9.963
iclr-2026-fd78f005be2e,ICLR,oral,figure,Figure 10,9,main,Neondoesnotrequirehigh-,345.602,704.659,388.607,714.621,NimbusRomNo9L-Regu,9.963
iclr-2026-fd78f005be2e,ICLR,oral,table,Table A.1,16,appendix,Comprehensivecomparisonofgenerativemodelsacrossfourstandardbenchmarks.Best,107.691,111.12,149.285,121.082,NimbusRomNo9L-Regu,9.963
iclr-2026-fd78f005be2e,ICLR,oral,figure,Figure B.1,20,appendix,"PopulationlossL(µ,Σ(α))alongtheNeonpathforaGaussianwithD=10,",108.0,244.054,155.395,254.016,NimbusRomNo9L-Regu,9.963
iclr-2026-fd78f005be2e,ICLR,oral,table,Table B.1,23,appendix,Notationreferencetable,235.535,82.37,276.8,92.332,NimbusRomNo9L-Regu,9.963
iclr-2026-fd78f005be2e,ICLR,oral,figure,Figure B.2,37,appendix,"FIDvs.MergeWeight(w)validation.Forthemode-seekingsampler(ζ=1.1),the",108.0,659.654,154.318,669.616,NimbusRomNo9L-Regu,9.963
iclr-2026-fd78f005be2e,ICLR,oral,figure,Figure B.3,38,appendix,Directmeasurementofthegradientalignmentdirection.Thecosinesimilaritycos(ϑ),108.0,416.913,152.492,426.875,NimbusRomNo9L-Regu,9.963
iclr-2026-fd78f005be2e,ICLR,oral,figure,Figure D.1,42,appendix,Neon’sprecision-recalltrade-offacrossdiffusionandflowmatchingarchitectures.,108.0,570.181,154.075,580.143,NimbusRomNo9L-Regu,9.963
iclr-2026-fd78f005be2e,ICLR,oral,figure,Figure E.1,43,appendix,"ImagesgeneratedfromNeonmodelwithB=4.25(Mi),w=1.4,γ=3.8,|S|=750k,",108.0,667.761,152.617,677.723,NimbusRomNo9L-Regu,9.963
iclr-2026-fd78f005be2e,ICLR,oral,figure,Figure F.1,44,appendix,"ImagesgeneratedfromNeonmodelwithB=3.75(Mi),w=1.6,γ=2.7,|S|=",108.0,667.761,152.976,677.723,NimbusRomNo9L-Regu,9.963
iclr-2026-fd78f005be2e,ICLR,oral,figure,Figure G.1,45,appendix,"ImagesgeneratedfromNeonmodelwithB=1.25(Mi),w=1,γ=2.9,|S|=750k,",108.0,667.761,154.504,677.723,NimbusRomNo9L-Regu,9.963
iclr-2026-fd78f005be2e,ICLR,oral,figure,Figure H.1,46,appendix,"ImagesgeneratedfromNeonmodelwithB=1.95(Mi),w=3.6,γ=1.8,|S|=30k,",108.0,667.761,154.459,677.723,NimbusRomNo9L-Regu,9.963
iclr-2026-fd78f005be2e,ICLR,oral,figure,Figure H.2,47,appendix,EffectofnegativeextrapolationweightwandCFGscaleγonIMMgenerationquality,108.0,365.337,154.239,375.299,NimbusRomNo9L-Regu,9.963
iclr-2026-fd78f005be2e,ICLR,oral,figure,Figure H.3,47,appendix,EffectofnegativeextrapolationweightwandCFGscaleγonIMMgenerationquality,108.0,693.322,154.239,703.284,NimbusRomNo9L-Regu,9.963
iclr-2026-fd78f005be2e,ICLR,oral,figure,Figure H.4,48,appendix,EffectofnegativeextrapolationweightwandCFGscaleγonIMMgenerationquality,108.0,365.337,154.239,375.299,NimbusRomNo9L-Regu,9.963
iclr-2026-fd78f005be2e,ICLR,oral,figure,Figure H.5,48,appendix,EffectofnegativeextrapolationweightwandCFGscaleγonIMMgenerationquality,108.0,693.322,154.239,703.284,NimbusRomNo9L-Regu,9.963
iclr-2026-fd78f005be2e,ICLR,oral,figure,Figure H.6,49,appendix,EffectofnegativeextrapolationweightwandCFGscaleγonIMMgenerationquality,108.0,365.337,154.239,375.299,NimbusRomNo9L-Regu,9.963
iclr-2026-fd78f005be2e,ICLR,oral,figure,Figure H.7,49,appendix,EffectofnegativeextrapolationweightwandCFGscaleγonIMMgenerationquality,108.0,693.322,154.239,703.284,NimbusRomNo9L-Regu,9.963
iclr-2026-fd78f005be2e,ICLR,oral,figure,Figure I.1,50,appendix,"ImagesgeneratedfromNeonmodelwithB=1.20(Mi),w=0.6,γ=3.2,|S|=90k,",108.0,667.761,150.811,677.723,NimbusRomNo9L-Regu,9.963
iclr-2026-fd78f005be2e,ICLR,oral,figure,Figure I.2,51,appendix,EffectofnegativeextrapolationweightwandCFGscaleγonVAR-d36-sgeneration,108.0,366.67,151.198,376.632,NimbusRomNo9L-Regu,9.963
iclr-2026-fd78f005be2e,ICLR,oral,figure,Figure I.3,51,appendix,EffectofnegativeextrapolationweightwandCFGscaleγonVAR-d36-sgeneration,108.0,694.655,151.198,704.617,NimbusRomNo9L-Regu,9.963
iclr-2026-fd78f005be2e,ICLR,oral,figure,Figure I.4,52,appendix,EffectofnegativeextrapolationweightwandCFGscaleγonVAR-d36-sgeneration,108.0,366.67,151.198,376.632,NimbusRomNo9L-Regu,9.963
iclr-2026-fd78f005be2e,ICLR,oral,figure,Figure I.5,52,appendix,EffectofnegativeextrapolationweightwandCFGscaleγonVAR-d36-sgeneration,108.0,694.655,151.198,704.617,NimbusRomNo9L-Regu,9.963
iclr-2026-fd78f005be2e,ICLR,oral,figure,Figure I.6,53,appendix,EffectofnegativeextrapolationweightwandCFGscaleγonVAR-d36-sgeneration,108.0,366.67,151.198,376.632,NimbusRomNo9L-Regu,9.963
iclr-2026-fd78f005be2e,ICLR,oral,figure,Figure I.7,53,appendix,EffectofnegativeextrapolationweightwandCFGscaleγonVAR-d36-sgeneration,108.0,694.655,151.198,704.617,NimbusRomNo9L-Regu,9.963
iclr-2026-fd78f005be2e,ICLR,oral,figure,Figure J.1,54,appendix,VisualdemonstrationofNeononEDM-VP(FFHQ-64)withmergeformulaθ=,108.0,661.235,151.991,671.197,NimbusRomNo9L-Regu,9.963
iclr-2026-fd78f005be2e,ICLR,oral,figure,Figure K.0,57,appendix,Neon’seffectonindividualtrainingsamplesacrossdiverseImageNetclasses.,126.993,702.9,172.931,712.862,NimbusRomNo9L-Regu,9.963
iclr-2026-fdf9a5fa8f55,ICLR,oral,figure,Figure 1,2,main,ProportionaltreemapofCommonCorpuscollectionsandtheirmostpopularlanguages.,111.86,237.789,148.114,247.752,NimbusRomNo9L-Regu,9.963
iclr-2026-fdf9a5fa8f55,ICLR,oral,figure,Figure 2,3,main,AschematicworldmapoflanguagesinCommonCorpuswithalog-scaleddistributionof,108.0,247.154,144.073,257.117,NimbusRomNo9L-Regu,9.963
iclr-2026-fdf9a5fa8f55,ICLR,oral,figure,Figure 3,5,main,TemporalandsemanticoverviewoftheCommonCorpuscollections.,148.183,258.881,184.437,268.844,NimbusRomNo9L-Regu,9.963
iclr-2026-fdf9a5fa8f55,ICLR,oral,table,Table 1,5,main,ComparisonofthecontemporarydatasetsforLLMtraining.,168.427,438.46,200.556,448.423,NimbusRomNo9L-Regu,9.963
iclr-2026-fdf9a5fa8f55,ICLR,oral,figure,Figure 4,9,main,StackedhistogramsofprobabilitydensityforqualitativeevaluationsofCommonCorpus,108.0,255.307,144.576,265.27,NimbusRomNo9L-Regu,9.963
iclr-2026-fdf9a5fa8f55,ICLR,oral,table,Table 2,10,main,Benchmarkingresults.“Ours”referstoPleIAsmodelspre-trainedonCommonCorpus.,113.618,358.843,145.747,368.806,NimbusRomNo9L-Regu,9.963
iclr-2026-fdf9a5fa8f55,ICLR,oral,table,Table 3,19,appendix,"DatasetcompositionofCommonCorpus.Foreachcollection,wereportthetotalnumberof",107.691,481.034,139.368,490.997,NimbusRomNo9L-Regu,9.963
iclr-2026-fdf9a5fa8f55,ICLR,oral,table,Table 4,19,appendix,TokencountsforthetenmostcommonlicensesinCommonCorpus.,151.566,666.244,183.695,676.207,NimbusRomNo9L-Regu,9.963
iclr-2026-fdf9a5fa8f55,ICLR,oral,table,Table 5,20,appendix,Top-50languagesinCommonCorpusbytokencount.Eachlanguageispresentedwithits,107.691,684.746,139.961,694.709,NimbusRomNo9L-Regu,9.963
iclr-2026-fdf9a5fa8f55,ICLR,oral,figure,Figure 5,21,appendix,ComparingthefertilityofPleIAstokenizer(markedas“Ours1B”)andotherlanguagemod-,108.0,319.244,143.412,329.207,NimbusRomNo9L-Regu,9.963
iclr-2026-fdf9a5fa8f55,ICLR,oral,table,Table 6,21,appendix,FinanceCommonssourcesdistributionwithlanguages.,177.922,686.482,210.051,696.445,NimbusRomNo9L-Regu,9.963
iclr-2026-fdf9a5fa8f55,ICLR,oral,table,Table 7,23,appendix,LegalCommonssourcesdistributionwithlanguages.,182.45,405.814,214.579,415.777,NimbusRomNo9L-Regu,9.963
iclr-2026-fdf9a5fa8f55,ICLR,oral,table,Table 8,24,appendix,"SubsetsofOpenCulturewithlanguagecoverage,typeofdocument,andtokencount.",118.131,420.593,150.26,430.556,NimbusRomNo9L-Regu,9.963
iclr-2026-fdf9a5fa8f55,ICLR,oral,table,Table 9,26,appendix,TokencountbydatasetOpenScience.,212.322,377.287,244.451,387.25,NimbusRomNo9L-Regu,9.963
iclr-2026-fdf9a5fa8f55,ICLR,oral,table,Table 10,26,appendix,Tokencountsbyprogramminglanguageorframework.,175.834,591.625,212.945,601.588,NimbusRomNo9L-Regu,9.963
iclr-2026-fdf9a5fa8f55,ICLR,oral,table,Table 11,32,appendix,MultilingualbenchmarkingresultsonMultiBLIMP(ISO639languagecodesa*–i*in,107.691,651.282,145.961,661.245,NimbusRomNo9L-Regu,9.963
iclr-2026-fdf9a5fa8f55,ICLR,oral,table,Table 12,33,appendix,MultilingualbenchmarkingresultsonMultiBLIMP(ISO639languagecodesk*–y*in,107.691,676.189,145.747,686.152,NimbusRomNo9L-Regu,9.963
iclr-2026-fdf9a5fa8f55,ICLR,oral,table,Table 13,34,appendix,MultilingualbenchmarkingresultsonXStoryCloze.“Ours”referstoPleIAsmodels,107.691,318.423,146.53,328.386,NimbusRomNo9L-Regu,9.963
iclr-2026-fdf9a5fa8f55,ICLR,oral,table,Table 14,34,appendix,MultilingualbenchmarkingresultsonXCopa.“Ours”referstoPleIAsmodelspre-trained,107.691,646.408,144.69,656.371,NimbusRomNo9L-Regu,9.963
iclr-2026-fe86008e62d4,ICLR,oral,figure,Figure 1,2,main,TrainingaGPT-2-Largemodel(774Mparams)on1billiontokensfromtheFineWeb,108.0,307.044,145.42,317.007,NimbusRomNo9L-Regu,9.963
iclr-2026-fe86008e62d4,ICLR,oral,figure,Figure 2,5,main,"Theevolutionofthefirstthreeoptimalpolynomialsp,p,andpandthecorresponding",108.0,208.842,144.373,218.805,NimbusRomNo9L-Regu,9.963
iclr-2026-fe86008e62d4,ICLR,oral,figure,Figure 3,8,main,Convergenceofdegree-5polynomialmethods.PolarExpressoutperformsothermethods,108.0,292.859,144.373,302.822,NimbusRomNo9L-Regu,9.963
iclr-2026-fe86008e62d4,ICLR,oral,figure,Figure 4,9,main,TrainingaGPT-2-Small(124M)modelon1BilliontokensoftheFineWebdata,108.0,252.058,146.854,262.021,NimbusRomNo9L-Regu,9.963
iclr-2026-fe86008e62d4,ICLR,oral,figure,Figure 5,10,main,"AblatingthenumberofiterationsofPolarExpressusedtoimplementMuon,and",108.0,228.858,145.021,238.821,NimbusRomNo9L-Regu,9.963
iclr-2026-fe86008e62d4,ICLR,oral,figure,Figure 6,10,main,TrainingGPT-2-Largeon10billiontokensofFineWebwithweightdecay0.1.Bestfinal,108.0,470.011,144.413,479.974,NimbusRomNo9L-Regu,9.963
iclr-2026-fe86008e62d4,ICLR,oral,figure,Figure 7,27,appendix,"Effectsofstabilizingtheupdateruleswithasafetyfactorandcushioning,asdescribed",108.0,297.532,145.011,307.495,NimbusRomNo9L-Regu,9.963
iclr-2026-fe86008e62d4,ICLR,oral,figure,Figure 8,27,appendix,Convergenceofdegree-5polynomialmethodsmeasuredinFrobeniusnormandcosine,108.0,677.54,145.111,687.503,NimbusRomNo9L-Regu,9.963
iclr-2026-fe86008e62d4,ICLR,oral,figure,Figure 9,29,appendix,Impactofsmallsingulardirectionsofmomentummatrixonoptimizationquality.We,108.0,306.351,145.32,316.314,NimbusRomNo9L-Regu,9.963
iclr-2026-fe86008e62d4,ICLR,oral,figure,Figure 10,29,appendix,"Convergenceofdegree-5polynomialmethods,consideringonlysingularvalueslarger",108.0,681.804,149.903,691.767,NimbusRomNo9L-Regu,9.963
iclr-2026-fe86008e62d4,ICLR,oral,figure,Figure 11,31,appendix,"TrainingGPT-2on1billiontokensofFineWebdata(Penedoetal.,2024)withoutweight",108.0,671.549,148.996,681.512,NimbusRomNo9L-Regu,9.963
iclr-2026-fe86008e62d4,ICLR,oral,figure,Figure 12,32,appendix,"TrainingGPT-2on1billiontokensofFineWebdata(Penedoetal.,2024)withweight",108.0,666.474,149.634,676.437,NimbusRomNo9L-Regu,9.963
iclr-2026-fe86008e62d4,ICLR,oral,figure,Figure 13,33,appendix,"TrainingGPT-2on10billiontokensofFineWebdata(Penedoetal.,2024).Thelabel",108.0,674.601,149.395,684.564,NimbusRomNo9L-Regu,9.963
iclr-2026-fe86008e62d4,ICLR,oral,figure,Figure 14,34,appendix,CIFAR10withaRESNET20.Shadedregionsshowrangeoverthreerandomseeds.,108.0,239.684,150.241,249.647,NimbusRomNo9L-Regu,9.963
iclr-2026-fe86008e62d4,ICLR,oral,figure,Figure 15,34,appendix,CIFAR100withRESNET110.Shadedregionsshowrangeoverthreerandom,108.0,458.341,151.925,468.304,NimbusRomNo9L-Regu,9.963
iclr-2026-fe86008e62d4,ICLR,oral,figure,Figure 16,34,appendix,CIFAR10withaVIT.Shadedregionsshowrangeoverthreerandomseeds.Thebest,108.0,676.997,149.763,686.96,NimbusRomNo9L-Regu,9.963
iclr-2026-fe86008e62d4,ICLR,oral,figure,Figure 17,36,appendix,Benefitsofthespectrum-awareinitializationschemeofAppendixI.Usingthisscheme,108.0,233.625,149.664,243.588,NimbusRomNo9L-Regu,9.963
iclr-2026-fe86008e62d4,ICLR,oral,figure,Figure 18,37,appendix,EffectsofusingAlgorithm3onruntimeonaGPU.WerunT=6iterationsofadegree-5,108.0,262.933,148.857,272.896,NimbusRomNo9L-Regu,9.963
icml-2026-7f1780627873,ICML,outstanding,figure,Figure 1,2,main,:Weobserveacounter-intuitive,55.44,195.372,97.179,206.281,SFRM1095,10.909
icml-2026-7f1780627873,ICML,outstanding,figure,Figure 2,2,main,,288.718,547.491,330.778,558.4,SFRM1095,10.909
icml-2026-7f1780627873,ICML,outstanding,figure,Figure 4,4,main,measuredby,288.718,664.068,333.385,674.977,SFRM1095,10.909
icml-2026-7f1780627873,ICML,outstanding,figure,Figure 3,5,main,Whilearbitraryorderiscompetitivein,55.44,380.244,99.618,391.153,SFRM1095,10.909
icml-2026-7f1780627873,ICML,outstanding,figure,Figure 5,5,main,,317.877,601.107,359.413,612.016,SFRM1095,10.909
icml-2026-7f1780627873,ICML,outstanding,figure,Figure 6,6,main,,395.639,163.379,443.489,174.288,SFRM1095,10.909
icml-2026-7f1780627873,ICML,outstanding,figure,Figure 7,6,main,Whiletheglobal,298.44,471.863,340.361,482.772,SFRM1095,10.909
icml-2026-7f1780627873,ICML,outstanding,table,Table 1,8,main,ofpost-trainingapproachesonLLaDA-Instruct.JustGRPO,55.05,64.52,95.048,75.429,SFRM1095,10.909
icml-2026-7f1780627873,ICML,outstanding,figure,Figure 8,9,main,"Interestingly,when",55.44,201.379,97.5,212.288,SFRM1095,10.909
icml-2026-7f1780627873,ICML,outstanding,table,Table 2,9,main,,259.169,495.944,297.122,506.853,SFRM1095,10.909
icml-2026-7f1780627873,ICML,outstanding,figure,Figure 9,10,main,,347.043,364.545,395.538,375.454,SFRM1095,10.909
icml-2026-7f1780627873,ICML,outstanding,table,Table 3,15,appendix,forJustGRPO3.,165.544,300.433,203.82,311.342,SFRM1095,10.909
icml-2026-7f1780627873,ICML,outstanding,figure,Figure 10,16,appendix,.,140.226,460.244,188.285,471.153,SFRM1095,10.909
icml-2026-7f1780627873,ICML,outstanding,figure,Figure 11,17,appendix,.,55.44,202.623,103.344,213.532,SFRM1095,10.909
icml-2026-7f1780627873,ICML,outstanding,figure,Figure 12,18,appendix,.,130.277,449.077,178.336,459.986,SFRM1095,10.909
icml-2026-7f1780627873,ICML,outstanding,table,Table 4,19,appendix,,55.05,64.52,95.393,75.429,SFRM1095,10.909
icml-2026-7f1780627873,ICML,outstanding,table,Table 5,19,appendix,isidenticalto,55.05,258.95,95.56,269.859,SFRM1095,10.909
icml-2026-7f1780627873,ICML,outstanding,table,Table 6,19,appendix,afterJustGRPO.Accuracy(%)on,55.05,506.507,93.353,517.416,SFRM1095,10.909
icml-2026-26bfc642d651,ICML,oral,figure,Figure 8,28,appendix,itdirectly,463.974,593.676,500.228,603.639,NimbusRomNo9L-Regu,9.963
icml-2026-26bfc642d651,ICML,oral,figure,Figure 1,30,appendix,"duringoptimization,theimplicitgaugechosenbytheoptimizeralreadyyieldsaconsistent>1amplification,and",55.44,683.339,91.163,693.302,NimbusRomNo9L-Regu,9.963
icml-2026-2b0091abd25f,ICML,oral,figure,Figure 1,1,main,Overviewofourrecipe.Left:WecuratetwocomplementarydatasetsusingdifferentelementsofPRs.,72.0,690.572,108.721,700.535,NimbusRomNo9L-Regu,9.963
icml-2026-2b0091abd25f,ICML,oral,figure,Figure 2,4,main,Comparisonoftrainingdataparadigms.(a)Traditionalcodepre-trainingusesisolatedstaticfiles.(b),72.0,224.759,109.009,234.722,NimbusRomNo9L-Regu,9.963
icml-2026-2b0091abd25f,ICML,oral,figure,Figure 3,5,main,Overviewofourdatasetgenerationpipeline.,189.355,174.492,225.609,184.455,NimbusRomNo9L-Regu,9.963
icml-2026-2b0091abd25f,ICML,oral,table,Table 1,7,main,Ablationsandmid-trainingcomparisonsonSWE-BenchVerified(SWE-V).Ouragenticmid-training,71.691,269.357,102.729,279.32,NimbusRomNo9L-Regu,9.963
icml-2026-2b0091abd25f,ICML,oral,table,Table 2,8,main,ComparisonwithrepresentativemethodsonSWE-BenchVerified(SWE-V).Weincluderepresenta-,71.691,277.221,103.358,287.184,NimbusRomNo9L-Regu,9.963
icml-2026-2b0091abd25f,ICML,oral,table,Table 3,9,main,Generalizationperformanceonscientificandcodebenchmarks.Wereportthebasemodelperformance,71.691,192.318,104.198,202.281,NimbusRomNo9L-Regu,9.963
icml-2026-2b0091abd25f,ICML,oral,table,Table 4,9,main,"AblationofdatacomponentsinMT.Top:Inazero-shotsetting(noSFT),groundingtrajectorieswithPR",71.691,573.783,103.541,583.746,NimbusRomNo9L-Regu,9.963
icml-2026-2b0091abd25f,ICML,oral,figure,Figure 4,10,main,ScalingLawofAgent-NativeMid-training.Pass@1performanceonSWE-BenchVerifiedduring,72.0,283.725,107.343,293.688,NimbusRomNo9L-Regu,9.963
icml-2026-2b0091abd25f,ICML,oral,figure,Figure 5,16,appendix,PromptsusedforoptionalLLM-basedPRsummarygenerationandcommit-messagerefinementduring,72.0,706.993,108.244,716.956,NimbusRomNo9L-Regu,9.963
icml-2026-2b0091abd25f,ICML,oral,figure,Figure 6,17,appendix,ExampleofthegeneralPRformat.,208.518,608.14,244.772,618.103,NimbusRomNo9L-Regu,9.963
icml-2026-2b0091abd25f,ICML,oral,figure,Figure 7,18,appendix,ExampleofthePythonPRagenticformat.,193.43,643.949,229.684,653.912,NimbusRomNo9L-Regu,9.963
icml-2026-500e61245eb4,ICML,oral,figure,Figure 1,9,main,Time-averagedrevenuefordifferentvaluesofv.,170.226,549.351,209.41,559.314,CMR10,9.963
icml-2026-500e61245eb4,ICML,oral,figure,Figure 2,10,main,Impactofdiscretizationlevelkonrevenueconvergence.,154.29,234.406,193.474,244.369,CMR10,9.963
icml-2026-500e61245eb4,ICML,oral,figure,Figure 3,10,main,Revenueproducedfordifferentnumberofbidders.,165.937,435.69,205.121,445.653,CMR10,9.963
icml-2026-500e61245eb4,ICML,oral,figure,Figure 4,23,appendix,Revenueproducedfordifferentnumberofbidders.,165.937,533.694,205.121,543.657,CMR10,9.963
icml-2026-57d6cc1a187d,ICML,oral,figure,Figure 1,4,main,"Motion-gradientcomputation(§3.4)hasthreesteps:(1)detectmotionwithAllTracker,",62.362,360.296,100.987,370.259,XCharter-Roman,9.963
icml-2026-57d6cc1a187d,ICML,oral,figure,Figure 2,7,main,withWan2.1-T2V-1.3B.:Queryclipsshowingfloat()androll,62.362,385.368,101.829,395.331,XCharter-Roman,9.963
icml-2026-57d6cc1a187d,ICML,oral,table,Table 1,8,main,"PerformancecomparisononVBench[Huangetal.,2024]acrossdifferent",62.063,83.445,97.985,93.408,XCharter-Roman,9.963
icml-2026-57d6cc1a187d,ICML,oral,figure,Figure 3,9,main,Wecomparefourmotionscenariosacrossthebasemodel(Wan2.1-T2V-,62.362,481.015,101.623,490.978,XCharter-Roman,9.963
icml-2026-57d6cc1a187d,ICML,oral,figure,Figure 4,10,main,Comparisonoftop-rankedsamples,62.362,162.177,100.625,172.14,XCharter-Roman,9.963
icml-2026-57d6cc1a187d,ICML,oral,table,Table 2,10,main,Pairwisecompar-,320.868,451.581,356.78,461.544,XCharter-Roman,9.963
icml-2026-57d6cc1a187d,ICML,oral,figure,Figure 5,10,main,Spear-,321.167,679.233,360.37,689.196,XCharter-Roman,9.963
icml-2026-57d6cc1a187d,ICML,oral,table,Table 3,17,appendix,Glossaryandnotation.,230.216,110.444,264.428,120.407,XCharter-Roman,9.963
icml-2026-57d6cc1a187d,ICML,oral,table,Table 4,18,appendix,Glossaryandnotation(continued).,203.645,188.766,237.857,198.729,XCharter-Roman,9.963
icml-2026-57d6cc1a187d,ICML,oral,table,Table 5,20,appendix,"PerformancecomparisononVBench[Huangetal.,2024]across",62.063,83.445,97.416,93.408,XCharter-Roman,9.963
icml-2026-57d6cc1a187d,ICML,oral,figure,Figure 6,20,appendix,"Ourinfluencescoresarecomputedviagradients,",62.362,428.166,100.537,438.129,XCharter-Roman,9.963
icml-2026-57d6cc1a187d,ICML,oral,figure,Figure 7,21,appendix,Heatmapsshowingthepercentageoverlapof,62.362,303.149,102.562,313.112,XCharter-Roman,9.963
icml-2026-57d6cc1a187d,ICML,oral,figure,Figure 8,24,appendix,Wegeneratenear-realisticvideoquerieswithVeo-3acrossten,62.362,332.52,102.43,342.483,XCharter-Roman,9.963
icml-2026-57d6cc1a187d,ICML,oral,table,Table 6,24,appendix,Detailedcomputationalcomplexityandruntimeforeachcomponentofour,62.063,373.626,96.918,383.589,XCharter-Roman,9.963
icml-2026-57d6cc1a187d,ICML,oral,table,Table 7,25,appendix,Totalcomputationaltimerequiredforprocessing10ktraining,62.063,83.445,95.737,93.408,XCharter-Roman,9.963
icml-2026-57d6cc1a187d,ICML,oral,figure,Figure 9,26,appendix,Comparisonoforiginalframesandmotionoverlaysforsevenvideo,62.362,480.239,101.516,490.202,XCharter-Roman,9.963
icml-2026-ca6b03466916,ICML,oral,table,Table 1,5,main,ComparisonoftheREINFORCEestimator(∇J(x))and,261.012,64.601,295.39,72.571,SFBX0800,7.97
icml-2026-ca6b03466916,ICML,oral,figure,Figure 1,7,main,"(Weightfunctions)Population-levelweightingfunctionsw(p)asafunctionofpassratep.Truncatedobjectives,",70.866,229.332,108.219,237.302,SFBX0800,7.97
icml-2026-ca6b03466916,ICML,oral,table,Table 2,7,main,Population-levelweightingfunctionsw(p).,313.336,326.197,347.507,334.167,SFBX0800,7.97
icml-2026-ca6b03466916,ICML,oral,figure,Figure 2,8,main,"(ImageNet)Comparisonoftrainingdynamicsunderexactmaximumlikelihood,,andREINFORCE",70.866,196.988,109.502,204.958,SFBX0800,7.97
icml-2026-ca6b03466916,ICML,oral,figure,Figure 8,8,main,andcross-entropyconcentratelearningsignalonhardertasks,169.163,324.133,208.806,334.096,SFRM1000,9.963
icml-2026-ca6b03466916,ICML,oral,figure,Figure 3,8,main,"(Maze)MotivatedbySchaefferetal.(2025),werecord−log(pass@k)(lowerisbetter)asafunctionoftraining",70.866,592.185,108.764,600.155,SFBX0800,7.97
icml-2026-ca6b03466916,ICML,oral,figure,Figure 4,9,main,(GSM8K)TrainingdynamicsonGSM8Kwithafixeddatasetandincreasingtrainingcomputeintermsof,70.866,402.934,110.215,410.904,SFBX0800,7.97
icml-2026-ca6b03466916,ICML,oral,figure,Figure 5,10,main,"(Qwen3trainingresults)EvaluationoffinalcheckpointsfromtrainingQwen3-1.7B-BaseandQwen3-4B-Base,",70.866,290.536,108.586,298.506,SFBX0800,7.97
icml-2026-ca6b03466916,ICML,oral,figure,Figure 6,11,main,"(Gradientnormanalysis)Tocomparedifferentobjectivesqualitatively,weshowascatterplotofgradientL2",70.866,148.041,108.679,156.011,SFBX0800,7.97
icml-2026-ca6b03466916,ICML,oral,figure,Figure 7,11,main,(Trainingdynamicscomparison)Fractionofpromptswherethemodelgeneratesatleastonecorrectrollout,70.866,294.99,108.803,302.96,SFBX0800,7.97
icml-2026-ca6b03466916,ICML,oral,figure,Figure 9,42,appendix,"(AdditionalImageNetresults)Onthedidacticimageclassificationsetting,outperformsandscales",70.866,597.69,108.972,605.66,SFBX0800,7.97
icml-2026-ca6b03466916,ICML,oral,figure,Figure 10,44,appendix,"(Mazedatavisualization)Theleftplotshowsasuccessfulnavigationtrajectory,whiletherightplot",70.866,688.088,115.868,696.058,SFBX0800,7.97
icml-2026-ca6b03466916,ICML,oral,figure,Figure 11,45,appendix,(Trainingdynamicsinthemazesettingunderourhighestcomputebudget)Weinvestigatehowthe,70.866,579.476,113.562,587.446,SFBX0800,7.97
icml-2026-ca6b03466916,ICML,oral,figure,Figure 12,46,appendix,"(Trainingcurvescomparedwithotherbaselines.)WecomparewithotherRLalgorithms,",70.866,200.537,115.389,208.507,SFBX0800,7.97
icml-2026-ca6b03466916,ICML,oral,table,Table 3,46,appendix,"Performancecomparisonacrossmethodsinmaze(batchsize32,numberoftrainingrolloutspertask128).",80.654,258.321,114.825,266.291,SFBX0800,7.97
icml-2026-ca6b03466916,ICML,oral,table,Table 4,47,appendix,TraininghyperparametersforSmolLM2-360M-InstructonGSM8K.,153.321,492.736,187.492,500.706,SFBX0800,7.97
icml-2026-ca6b03466916,ICML,oral,figure,Figure 13,48,appendix,"(EffectofnumberoftrainingrolloutsintheGSM8Ksetting)For,increaseinnumber",70.866,201.388,115.812,209.358,SFBX0800,7.97
icml-2026-ca6b03466916,ICML,oral,table,Table 5,48,appendix,PerformancecomparisonacrossmethodsonGSM8K.,179.726,343.49,213.897,351.46,SFBX0800,7.97
icml-2026-ca6b03466916,ICML,oral,figure,Figure 14,49,appendix,(DistributionsharpeningovertrainingonGSM8K)Evolutionoftheper-promptpass-ratedistribution,70.866,613.825,113.886,621.795,SFBX0800,7.97
icml-2026-ca6b03466916,ICML,oral,table,Table 6,50,appendix,TraininghyperparametersforQwen3-1.7B-BaseandQwen3-4B-Basetraining.,133.851,504.327,168.022,512.297,SFBX0800,7.97
icml-2026-ca6b03466916,ICML,oral,figure,Figure 15,51,appendix,"(EvaluationofQwen3modeltrainingonadditionalbenchmarks)CoverageonAIME2024,HMMTFeb",70.866,379.873,113.088,387.843,SFBX0800,7.97
icml-2026-ca6b03466916,ICML,oral,table,Table 7,51,appendix,(MajorityvotingperformancecomparisononQwen3-4B-Base)Wecomparetheperformanceof,70.525,515.354,104.136,523.324,SFBX0800,7.97
icml-2026-ca6b03466916,ICML,oral,figure,Figure 16,52,appendix,(AdditionaltrainingdynamicsmetricsforQwen3-4B-Base)WeshowcomparisonbetweenGRPOand,70.866,168.159,113.827,176.129,SFBX0800,7.97
icml-2026-ca6b03466916,ICML,oral,figure,Figure 17,52,appendix,(AdditionaltrainingdynamicsmetricsforQwen3-1.7B-Base)WeshowcomparisonbetweenGRPOand,70.866,337.135,113.143,345.105,SFBX0800,7.97
icml-2026-ca6b03466916,ICML,oral,figure,Figure 18,52,appendix,(Qwen3-4B-Basevalidationpass@1duringtraining)Pass@1(estimatedusing32samples)during,70.866,536.42,115.795,544.39,SFBX0800,7.97
icml-2026-ca6b03466916,ICML,oral,figure,Figure 19,52,appendix,(Qwen3-1.7B-Basevalidationaccuracyduringintermediatetraining)Werecordvalidationpass@1,70.866,716.775,114.682,724.745,SFBX0800,7.97
icml-2026-ca6b03466916,ICML,oral,table,Table 8,53,appendix,ComparisonbetweenPKPO(T=16)andonthemazesetting.,143.591,197.97,177.762,205.94,SFBX0800,7.97
icml-2026-ca6b03466916,ICML,oral,table,Table 9,53,appendix,ComparisonbetweenPKPO(T=16)andontheGSM8Ksetting.,138.044,275.514,172.215,283.484,SFBX0800,7.97
icml-2026-ca6b03466916,ICML,oral,figure,Figure 20,53,appendix,(ComparisonwithPKPOonQwen3-4B-Basetraining)WecompareagainstPKPOfor,70.866,619.516,115.99,627.486,SFBX0800,7.97
icml-2026-ca6b03466916,ICML,oral,figure,Figure 21,54,appendix,(ComparisonwithZPDonsupervisedImageNetclassificationsetting)Wecompareagainst,70.866,324.265,113.685,332.235,SFBX0800,7.97
icml-2026-ca6b03466916,ICML,oral,figure,Figure 22,54,appendix,(ComparisonwithZPDinthemazeandGSM8Ksetting.)WecompareagainstZPDonthe,70.866,564.816,113.965,572.786,SFBX0800,7.97
icml-2026-ca6b03466916,ICML,oral,figure,Figure 23,55,appendix,(ComparisonwithZPDonQwen3-4B-Basetraining)WecompareagainstZPDwhiletraining,70.866,213.117,113.72,221.087,SFBX0800,7.97
icml-2026-ca6b03466916,ICML,oral,figure,Figure 24,55,appendix,(ComparisonwithPowerFunctiononsupervisedImageNetclassificationsetting)Wecompare,70.866,662.82,115.226,670.79,SFBX0800,7.97
icml-2026-ca6b03466916,ICML,oral,figure,Figure 25,56,appendix,(ComparisonwithPowerFunctioninthemazeandGSM8Ksetting.)Wecompareagainst,70.866,195.707,113.965,203.677,SFBX0800,7.97
icml-2026-ca6b03466916,ICML,oral,figure,Figure 26,56,appendix,(ComparisonwithPowerFunctiononQwen3-4B-Basetraining)Wecompareagainstthe,70.866,480.528,114.988,488.498,SFBX0800,7.97
icml-2026-ca6b03466916,ICML,oral,figure,Figure 27,57,appendix,(Fractionoftrainingtaskswithnon-zeropassrate)ExtendingtheanalysisfromFigure7onlarge-scale,70.866,374.403,113.547,382.373,SFBX0800,7.97
icml-2026-ca6b03466916,ICML,oral,figure,Figure 28,58,appendix,(Effectofthebaselineongradientvariance)Weestimatethetraceofthesamplecovariance,70.866,177.67,114.394,185.64,SFBX0800,7.97
icml-2026-ca6b03466916,ICML,oral,figure,Figure 29,58,appendix,"(InversegradientSNRacrossrolloutcounts)WecomparenormalizedgradientvarianceforGRPO,",70.866,335.17,115.478,343.14,SFBX0800,7.97
icml-2026-ca6b03466916,ICML,oral,table,Table 10,59,appendix,Per-problemsolvabilityonAIME2025with4096samplesperquestion.Welisttheindicesofproblemssolvedby,70.525,60.642,108.804,68.612,SFBX0800,7.97
icml-2026-ca6b03466916,ICML,oral,figure,Figure 30,59,appendix,"(Perplexityanalysisonmathproblems,usingQwen3-4B-Baseanditsfine-tunedvariants)We",70.866,390.504,114.996,398.474,SFBX0800,7.97
icml-2026-ca6b03466916,ICML,oral,figure,Figure 31,60,appendix,(extendedtonon-binaryrewardmazesetting)Weexperimentwithourextensionofin,70.866,200.733,112.963,208.703,SFBX0800,7.97
icml-2026-dadc39271844,ICML,oral,figure,Figure 1,1,main,OPUSoutperformsrandomselectionbyanaverageof2.2%accuracyacross10,108.0,391.756,147.398,401.718,URWPalladioL-Roma,9.963
icml-2026-dadc39271844,ICML,oral,figure,Figure 2,2,main,Comparisonofdifferentdataselectionmethods.,177.578,240.939,216.054,250.901,URWPalladioL-Roma,9.963
icml-2026-dadc39271844,ICML,oral,figure,Figure 3,3,main,OverviewofOPUSpipeline.,222.549,236.251,261.025,246.213,URWPalladioL-Roma,9.963
icml-2026-dadc39271844,ICML,oral,table,Table 1,13,main,"Optimizerassignmentbyparameter.InourMuon+AdamWsetting,Muonis",107.691,91.929,142.373,101.891,URWPalladioL-Roma,9.963
icml-2026-dadc39271844,ICML,oral,table,Table 2,14,main,Benchmarkevaluationconfiguration.Formostbenchmarksweusemultiple-,107.691,91.929,142.495,101.891,URWPalladioL-Roma,9.963
icml-2026-dadc39271844,ICML,oral,table,Table 3,17,main,EvaluationresultsaftertrainingonFineWebdatasetwith30Btokens.Blocks,107.691,91.929,142.109,101.891,URWPalladioL-Roma,9.963
icml-2026-dadc39271844,ICML,oral,table,Table 4,18,main,EvaluationonFineWeb-Edudatasetwith30Btokens.OPUSisevaluatedundera,107.691,91.929,140.806,101.891,URWPalladioL-Roma,9.963
icml-2026-dadc39271844,ICML,oral,table,Table 5,18,main,Evaluationonout-of-distributionbenchmarks.WeevaluatethesameGPT2-,107.691,396.157,142.658,406.119,URWPalladioL-Roma,9.963
icml-2026-dadc39271844,ICML,oral,figure,Figure 4,19,main,Validation-losscurvesonGPT-2XLandGPT-2Largepre-trainedfromscratch,108.0,239.661,147.58,249.623,URWPalladioL-Roma,9.963
icml-2026-dadc39271844,ICML,oral,table,Table 6,19,main,Domain-specificperplexityanalysis.Perplexity(PPL;lowerisbetter)onten,107.691,318.372,142.658,328.334,URWPalladioL-Roma,9.963
icml-2026-dadc39271844,ICML,oral,figure,Figure 5,20,main,CPTdomainbreakdownonSciencePedia.Domain-levelaccuracyofQwen3-8B-,108.0,327.309,146.293,337.271,URWPalladioL-Roma,9.963
icml-2026-dadc39271844,ICML,oral,figure,Figure 6,20,main,Continuedpre-trainingre-,345.602,570.782,383.568,580.744,URWPalladioL-Roma,9.963
icml-2026-dadc39271844,ICML,oral,table,Table 7,21,main,Ablationstudyonsamplingandvalidationstrategy.,173.03,91.929,206.345,101.891,URWPalladioL-Roma,9.963
icml-2026-dadc39271844,ICML,oral,table,Table 8,21,main,FineWebresultsafter30BupdatetokensforGPT-2Largepre-trainedonFineWeb,107.691,424.723,141.375,434.685,URWPalladioL-Roma,9.963
icml-2026-dadc39271844,ICML,oral,figure,Figure 7,22,main,Efficiencyandcomputationalcostanalysis.Time(minutes)andtotalcompute,108.0,219.044,147.146,229.006,URWPalladioL-Roma,9.963
icml-2026-e0395b78826d,ICML,oral,figure,Figure 1,7,main,MisreportingthetokenizationofoutputsgeneratedbydifferentLLMsusingAlgorithm1.,72.0,267.62,109.385,277.583,SFRM1000,9.963
icml-2026-e0395b78826d,ICML,oral,figure,Figure 2,9,main,AdditionalrevenuefrommisreportingthetokenizationofoutputsusingAlgorithm2.,72.0,204.393,111.037,214.356,SFRM1000,9.963
icml-2026-e0395b78826d,ICML,oral,figure,Figure 3,10,main,FinancialgainfrommisreportingthetokenizationofoutputsusingAlgorithm2.The,72.0,204.393,111.115,214.356,SFRM1000,9.963
icml-2026-e0395b78826d,ICML,oral,figure,Figure 4,11,main,Provider’sprofitmarginunderapay-per-characterpricingmechanism.Thepanels,72.0,204.393,112.384,214.356,SFRM1000,9.963
icml-2026-e0395b78826d,ICML,oral,figure,Figure 5,23,appendix,FractionofoutputsforwhichAlgorithm2findsalongerplausibletokenization.The,72.0,591.54,111.467,601.503,SFRM1000,9.963
icml-2026-e0395b78826d,ICML,oral,figure,Figure 6,24,appendix,AdditionalrevenuefrommisreportingthetokenizationofoutputsusingAlgorithm2.,72.0,624.372,111.037,634.335,SFRM1000,9.963
icml-2026-e0395b78826d,ICML,oral,figure,Figure 7,25,appendix,FinancialgainfrommisreportingthetokenizationofoutputsusingAlgorithm2.The,72.0,588.181,111.115,598.144,SFRM1000,9.963
icml-2026-e0395b78826d,ICML,oral,figure,Figure 8,26,appendix,Responsestotheprompt“isDeadSnowworthwatchingorshouldIwatchdirectlyDead,72.0,350.988,110.998,360.951,SFRM1000,9.963
icml-2026-e0395b78826d,ICML,oral,figure,Figure 9,26,appendix,Responsestotheprompt“Whatisagoodtooltoplanacomplexserverdeployment?”.,76.472,562.489,115.646,572.452,SFRM1000,9.963
icml-2026-e0395b78826d,ICML,oral,figure,Figure 10,27,appendix,Responsestotheprompt“Whatiscurrentlytheeasiestinvestmentopportunitywith,72.0,546.699,117.251,556.662,SFRM1000,9.963
icml-2026-e0395b78826d,ICML,oral,figure,Figure 11,28,appendix,"Energycostofautoregressivegenerationvs.verification.Thefigureshows,acrossdifferent",72.0,395.438,114.832,405.401,SFRM1000,9.963
icml-2026-e0395b78826d,ICML,oral,table,Table 1,28,appendix,"Energycostofautoregressivegenerationvs.verification.Thetableshows,fordifferent",71.641,491.08,107.613,501.043,SFRM1000,9.963
icml-2026-e0395b78826d,ICML,oral,figure,Figure 12,29,appendix,Provider’sprofitmarginunderapay-per-characterpricingmechanism.Thepanels,72.0,591.362,117.129,601.325,SFRM1000,9.963
icml-2026-eb5aba1da40d,ICML,oral,figure,Figure 1,2,main,Examplefunctioncompositiontask.Theanswertoalearnedquestiononlydependsonapartof,72.0,269.488,111.399,279.451,CMR10,9.963
icml-2026-eb5aba1da40d,ICML,oral,figure,Figure 2,5,main,"Theconstruction’sstylefollowstakinganinputxandimplementing2functionsu,vwithanSSM.",72.0,253.39,110.724,263.353,CMR10,9.963
icml-2026-eb5aba1da40d,ICML,oral,figure,Figure 3,6,main,Theconstructionsolvingselectivecopytakesaninputsequenceandfindsthemostrecentnumber,72.0,252.817,110.871,262.78,CMR10,9.963
icml-2026-eb5aba1da40d,ICML,oral,figure,Figure 4,8,main,"ResultsfromtrainingsmallmodelsonSelectiveCopy,acrossanincreaseinthehiddendimension",72.0,336.39,111.145,346.353,CMR10,9.963
icml-2026-eb5aba1da40d,ICML,oral,figure,Figure 5,9,main,ResultsfromtrainingsmallmodelsonAssociativeRecallwithDecoding.Evenatmuchsmaller,72.0,269.499,111.828,279.462,CMR10,9.963
icml-2026-eb5aba1da40d,ICML,oral,figure,Figure 6,10,main,"ResultsfromtrainingsmallmodelsonMulti-KeyAssociativeRecall,acrossanincreaseinthe",72.0,336.39,112.333,346.353,CMR10,9.963
icml-2026-eb5aba1da40d,ICML,oral,figure,Figure 7,11,main,"ResultsfromtrainingsmallmodelsonNeedleinaHaystack,acrossanincreaseinthehidden",72.0,269.499,112.425,279.462,CMR10,9.963
icml-2026-eb5aba1da40d,ICML,oral,table,Table 1,11,main,Resultsfromtraining12-layermodelswithdifferentproportionsofbitsforAssociativeRecallwith,71.641,434.024,106.666,443.987,CMR10,9.963
icml-2026-eb5aba1da40d,ICML,oral,figure,Figure 8,12,main,Thedistributionofaccuraciesacrossdifferentinputsequencelengths.Hybridmodelswith,72.0,269.499,113.258,279.462,CMR10,9.963
icml-2026-eb5aba1da40d,ICML,oral,table,Table 2,16,appendix,Notation.,265.417,252.862,300.563,262.825,CMR10,9.963
icml-2026-eb5aba1da40d,ICML,oral,figure,Figure 9,25,appendix,Anexampleoftheinput/embeddingandtheoutputforselectivecopy.Theaspectsofthe,72.0,254.294,113.157,264.257,CMR10,9.963
icml-2026-eb5aba1da40d,ICML,oral,figure,Figure 10,26,appendix,Anexampleoftheinput/embeddingandtheoutputforassociativerecallwithdecoding.The,72.0,254.294,117.13,264.257,CMR10,9.963
icml-2026-eb5aba1da40d,ICML,oral,figure,Figure 11,27,appendix,"Resultsoftrainingthesamearchitectureastheother,smallervocabularyexperiments,except",72.0,207.097,116.988,217.06,CMR10,9.963
icml-2026-eb5aba1da40d,ICML,oral,figure,Figure 12,27,appendix,"ResultsfromtrainingsmallmodelsonSelectiveCopy.(a)changesthenumberofheads,and(b)",72.0,389.676,116.165,399.639,CMR10,9.963
icml-2026-eb5aba1da40d,ICML,oral,figure,Figure 13,28,appendix,"SelectiveCopytrainedonanadversarialdistribution,wherehalfoftheinstanceshaveanumber",72.0,238.302,116.087,248.265,CMR10,9.963
icml-2026-eb5aba1da40d,ICML,oral,figure,Figure 14,28,appendix,ResultsfromtrainingsmallmodelsonSelectiveCopy.Thischangesthewindowofthecontext,72.0,436.482,116.787,446.445,CMR10,9.963
icml-2026-eb5aba1da40d,ICML,oral,figure,Figure 15,29,appendix,ResultsfromtrainingsmallmodelsonMulti-KeyAssociativeRecall.Thischangesthewindowof,72.0,296.482,115.63,306.445,CMR10,9.963
icml-2026-eb5aba1da40d,ICML,oral,figure,Figure 16,29,appendix,ResultsfromtrainingsmallmodelsonMulti-KeyAssociativeRecall.(a)changesthenumber,72.0,610.689,117.252,620.652,CMR10,9.963
icml-2026-ef7b30eeedea,ICML,oral,figure,Figure 1,5,main,VisualizingtheRationalStateUpdate.Thehiddenstatevectorh(right)iscomputedasa,72.0,245.213,113.458,256.122,URWPalladioL-Roma,10.909
icml-2026-ef7b30eeedea,ICML,oral,figure,Figure 2,7,main,TheRationalTransductorArchitecture.TheRationalHeadextractsstatevariablesh.,72.0,380.285,115.396,391.194,URWPalladioL-Roma,10.909
icml-2026-ef7b30eeedea,ICML,oral,figure,Figure 3,9,main,TheUniversalRationalTransductor.Thearchitectureinstantiatesparallelheadswith,72.0,286.949,115.319,297.858,URWPalladioL-Roma,10.909
icml-2026-ef7b30eeedea,ICML,oral,figure,Figure 4,11,main,ArchitecturalComparison.(a)WideRecurrence:TheRationalTransductorcomputesa,72.0,238.12,114.699,249.029,URWPalladioL-Roma,10.909
icml-2026-ef7b30eeedea,ICML,oral,table,Table 1,13,main,Theoreticalcomparisonofcapabilitiesbetweenfinite-depthTransformersandRational,71.662,73.651,109.083,84.56,URWPalladioL-Roma,10.909
icml-2026-ef7b30eeedea,ICML,oral,figure,Figure 5,15,main,Statetrackingmechanismsforexactregularlanguages.(a)TheParityWFAusesa2-state,72.001,231.606,113.679,242.515,URWPalladioL-Roma,10.909
icml-2026-ef7b30eeedea,ICML,oral,figure,Figure 6,23,main,"VirtualTensorization.ByinjectingthelinearrationalstatehintotheAttentionmechanism,",72.0,229.644,112.829,240.553,URWPalladioL-Roma,10.909
icml-2026-ef7b30eeedea,ICML,oral,figure,Figure 7,36,main,TheRegularGap(Modulo-5Counting).Themodelsaretrainedonshortsequences,72.0,624.749,115.83,635.658,URWPalladioL-Roma,10.909
icml-2026-ef7b30eeedea,ICML,oral,figure,Figure 8,37,main,LengthGeneralization.ModelsweretrainedonlyonsequencesoflengthL40(vertical,72.0,593.611,114.131,604.52,URWPalladioL-Roma,10.909
icml-2026-ef7b30eeedea,ICML,oral,figure,Figure 9,39,main,Latencyvs.SequenceLength.Wall-clockinferencelatency(ms)onalog-logscale.The,72.0,223.095,114.803,234.004,URWPalladioL-Roma,10.909
icml-2026-ef7b30eeedea,ICML,oral,figure,Figure 10,40,main,ExperimentD:Long-IntegerAddition.Sequence-levelaccuracy(exactmatchoftheentire,72.0,348.478,118.302,359.387,URWPalladioL-Roma,10.909
icml-2026-ef7b30eeedea,ICML,oral,figure,Figure 11,41,main,QuantitativePrecision(Base-2Evaluation).Wetrainedmodelstocomputetheinteger,72.0,502.022,120.087,512.931,URWPalladioL-Roma,10.909
icml-2026-ef7b30eeedea,ICML,oral,table,Table 2,48,appendix,"HyperparametersforRationalTransductorExperiments.(RT:RationalTransductor,TF:",71.662,227.467,108.927,238.376,URWPalladioL-Roma,10.909
icml-2026-19ec66cff1c1,ICML,spotlight,table,Table 1,9,main,QuantitativeComparisonontheAXPDataset.PerformancemetricsforUP-OCPversus,85.039,337.376,121.141,347.339,CMR10,9.963
icml-2026-19ec66cff1c1,ICML,spotlight,figure,Figure 1,10,main,"ParetofrontiersforaveragepredictionsetsizeontheAXPDataset,for50targetmiscoverage",85.039,459.673,123.496,469.636,CMR10,9.963
icml-2026-19ec66cff1c1,ICML,spotlight,figure,Figure 2,11,main,Realizedvs.targetcoverage.,221.525,306.051,260.709,316.014,CMR10,9.963
icml-2026-19ec66cff1c1,ICML,spotlight,figure,Figure 3,11,main,Paretofrontiersonthesyntheticsinusoid.Optimalperformanceisthebottom-leftcorner,85.039,673.335,124.731,683.298,CMR10,9.963
icml-2026-19ec66cff1c1,ICML,spotlight,figure,Figure 4,12,main,"Plotoftherealizedmarginalcoverageagainsttheaveragepredictionsetsize,averagedover",85.039,407.853,124.153,417.816,CMR10,9.963
icml-2026-19ec66cff1c1,ICML,spotlight,figure,Figure 5,31,appendix,ObservednonconformityscoresforAAPLstockreturns.,161.652,325.458,200.836,335.421,CMR10,9.963
icml-2026-19ec66cff1c1,ICML,spotlight,figure,Figure 6,32,appendix,UP-OCPvs.DtACIforforecastingAXPstockreturn.,165.194,381.336,204.378,391.299,CMR10,9.963
icml-2026-19ec66cff1c1,ICML,spotlight,figure,Figure 7,32,appendix,"AsinFigure6,UP-OCPvs.KT.",211.41,663.798,250.594,673.761,CMR10,9.963
icml-2026-19ec66cff1c1,ICML,spotlight,figure,Figure 8,33,appendix,"AsinFigure6,UP-OCPvs.SFOGD(lr=25).",183.688,302.631,222.872,312.594,CMR10,9.963
icml-2026-19ec66cff1c1,ICML,spotlight,figure,Figure 9,33,appendix,"AsinFigure6,UP-OCPvs.PCtrl(lr=0.1).",185.853,585.093,225.037,595.056,CMR10,9.963
icml-2026-19ec66cff1c1,ICML,spotlight,figure,Figure 10,34,appendix,"AsinFigure6,UP-OCPvs.PICtrl(lr=0.1).",181.564,302.631,225.729,312.594,CMR10,9.963
icml-2026-19ec66cff1c1,ICML,spotlight,table,Table 2,34,appendix,QuantitativeComparisonontheAXPDataset.,183.058,382.146,218.204,392.109,CMR10,9.963
icml-2026-19ec66cff1c1,ICML,spotlight,figure,Figure 11,35,appendix,MeanpredictionsetsizesonAXP.Figure12:MedianpredictionsetsizesonAXP.,93.851,246.516,138.016,256.479,CMR10,9.963
icml-2026-19ec66cff1c1,ICML,spotlight,figure,Figure 12,35,appendix,MedianpredictionsetsizesonAXP.,315.077,246.516,359.242,256.479,CMR10,9.963
icml-2026-19ec66cff1c1,ICML,spotlight,figure,Figure 13,35,appendix,75%quantilepredictionsetsizesonFigure14:Realizedvs.targetcoverageonAXP.,85.039,463.125,130.738,473.088,CMR10,9.963
icml-2026-19ec66cff1c1,ICML,spotlight,figure,Figure 14,35,appendix,Realizedvs.targetcoverageonAXP.,310.417,463.125,355.04,473.088,CMR10,9.963
icml-2026-19ec66cff1c1,ICML,spotlight,figure,Figure 15,36,appendix,UP-OCPvs.DtACIforforecastingAAPLstockreturn.,159.59,674.037,203.755,684.0,CMR10,9.963
icml-2026-19ec66cff1c1,ICML,spotlight,figure,Figure 16,37,appendix,"AsinFigure15,UP-OCPvs.KT.",206.429,302.631,250.594,312.594,CMR10,9.963
icml-2026-19ec66cff1c1,ICML,spotlight,figure,Figure 17,37,appendix,"AsinFigure15,UP-OCPvs.SFOGD(lr=25).",178.706,585.093,222.871,595.056,CMR10,9.963
icml-2026-19ec66cff1c1,ICML,spotlight,figure,Figure 18,38,appendix,"AsinFigure15,UP-OCPvs.PCtrl(lr=0.5).",180.872,302.631,225.037,312.594,CMR10,9.963
icml-2026-19ec66cff1c1,ICML,spotlight,figure,Figure 19,38,appendix,"AsinFigure15,UP-OCPvs.PICtrl(lr=0.1).",179.073,585.093,223.238,595.056,CMR10,9.963
icml-2026-19ec66cff1c1,ICML,spotlight,table,Table 3,39,appendix,QuantitativeComparisonontheAAPLDataset.,179.945,57.031,215.091,66.994,CMR10,9.963
icml-2026-19ec66cff1c1,ICML,spotlight,figure,Figure 20,39,appendix,MeanpredictionsetsizesonAAPL.Figure21:MedianpredictionsetsizesonAAPL.,90.322,419.453,134.487,429.416,CMR10,9.963
icml-2026-19ec66cff1c1,ICML,spotlight,figure,Figure 21,39,appendix,MedianpredictionsetsizesonAAPL.,311.549,419.453,355.714,429.416,CMR10,9.963
icml-2026-19ec66cff1c1,ICML,spotlight,figure,Figure 22,39,appendix,75%quantilepredictionsetsizesonFigure23:Realizedvs.targetcoverageonAAPL.,85.039,636.062,130.738,646.025,CMR10,9.963
icml-2026-19ec66cff1c1,ICML,spotlight,figure,Figure 23,39,appendix,Realizedvs.targetcoverageonAAPL.,310.417,636.062,354.154,646.025,CMR10,9.963
icml-2026-19ec66cff1c1,ICML,spotlight,figure,Figure 24,41,appendix,UP-OCPvs.DtACIforforecastingAMZNstockreturn.,158.483,351.351,202.648,361.314,CMR10,9.963
icml-2026-19ec66cff1c1,ICML,spotlight,figure,Figure 25,41,appendix,"AsinFigure24,UP-OCPvs.KT.",206.429,633.813,250.594,643.776,CMR10,9.963
icml-2026-19ec66cff1c1,ICML,spotlight,figure,Figure 26,42,appendix,"AsinFigure24,UP-OCPvs.SFOGD(lr=100).",176.216,302.631,220.381,312.594,CMR10,9.963
icml-2026-19ec66cff1c1,ICML,spotlight,figure,Figure 27,42,appendix,"AsinFigure24,UP-OCPvs.PCtrl(lr=0.5).",180.872,585.093,225.037,595.056,CMR10,9.963
icml-2026-19ec66cff1c1,ICML,spotlight,figure,Figure 28,43,appendix,"AsinFigure24,UP-OCPvs.PICtrl(lr=0.5).",179.073,302.631,223.238,312.594,CMR10,9.963
icml-2026-19ec66cff1c1,ICML,spotlight,table,Table 4,43,appendix,QuantitativeComparisonontheAMZNDataset.,178.838,338.497,213.984,348.46,CMR10,9.963
icml-2026-19ec66cff1c1,ICML,spotlight,figure,Figure 29,44,appendix,MeanpredictionsetsizesonAMZN.Figure30:MedianpredictionsetsizesonAMZN.,89.215,271.367,133.38,281.33,CMR10,9.963
icml-2026-19ec66cff1c1,ICML,spotlight,figure,Figure 30,44,appendix,MedianpredictionsetsizesonAMZN.,310.442,271.367,354.607,281.33,CMR10,9.963
icml-2026-19ec66cff1c1,ICML,spotlight,figure,Figure 31,44,appendix,75%quantilepredictionsetsizesonFigure32:Realizedvs.targetcoverageonAMZN.,85.039,487.976,130.738,497.939,CMR10,9.963
icml-2026-19ec66cff1c1,ICML,spotlight,figure,Figure 32,44,appendix,Realizedvs.targetcoverageonAMZN.,310.417,487.976,353.775,497.939,CMR10,9.963
icml-2026-19ec66cff1c1,ICML,spotlight,figure,Figure 33,45,appendix,UP-OCPvs.DtACIforforecastingGOOGLstockreturn.,154.886,351.351,199.051,361.314,CMR10,9.963
icml-2026-19ec66cff1c1,ICML,spotlight,figure,Figure 34,45,appendix,"AsinFigure33,UP-OCPvs.KT.",206.429,633.813,250.594,643.776,CMR10,9.963
icml-2026-19ec66cff1c1,ICML,spotlight,figure,Figure 35,46,appendix,"AsinFigure33,UP-OCPvs.SFOGD(lr=100).",176.216,302.631,220.381,312.594,CMR10,9.963
icml-2026-19ec66cff1c1,ICML,spotlight,figure,Figure 36,46,appendix,"AsinFigure33,UP-OCPvs.PCtrl(lr=0.5).",180.872,585.093,225.037,595.056,CMR10,9.963
icml-2026-19ec66cff1c1,ICML,spotlight,figure,Figure 37,47,appendix,"AsinFigure33,UP-OCPvs.PICtrl(lr=0.5).",179.073,302.631,223.238,312.594,CMR10,9.963
icml-2026-19ec66cff1c1,ICML,spotlight,table,Table 5,47,appendix,QuantitativeComparisonontheGOOGLDataset.,175.24,338.497,210.386,348.46,CMR10,9.963
icml-2026-19ec66cff1c1,ICML,spotlight,figure,Figure 38,48,appendix,MeanpredictionsetsizesonGOOGL.Figure39:MedianpredictionsetsizesonGOOGL.,85.618,271.367,129.783,281.33,CMR10,9.963
icml-2026-19ec66cff1c1,ICML,spotlight,figure,Figure 39,48,appendix,MedianpredictionsetsizesonGOOGL.,310.417,271.367,353.486,281.33,CMR10,9.963
icml-2026-19ec66cff1c1,ICML,spotlight,figure,Figure 40,48,appendix,75%quantilepredictionsetsizesonFigure41:Realizedvs.targetcoverageon,85.039,487.976,130.738,497.939,CMR10,9.963
icml-2026-19ec66cff1c1,ICML,spotlight,figure,Figure 41,48,appendix,Realizedvs.targetcoverageon,310.417,487.976,358.089,497.939,CMR10,9.963
icml-2026-19ec66cff1c1,ICML,spotlight,figure,Figure 42,49,appendix,UP-OCPvs.DtACIforforecastingelectricitydemand.,161.569,367.185,205.734,377.148,CMR10,9.963
icml-2026-19ec66cff1c1,ICML,spotlight,figure,Figure 43,49,appendix,"AsinFigure42,UP-OCPvs.KT.",206.429,636.09,250.594,646.053,CMR10,9.963
icml-2026-19ec66cff1c1,ICML,spotlight,figure,Figure 44,50,appendix,"AsinFigure42,UP-OCPvs.SFOGD(lr=1.0).",177.323,302.631,221.488,312.594,CMR10,9.963
icml-2026-19ec66cff1c1,ICML,spotlight,figure,Figure 45,50,appendix,"AsinFigure42,UP-OCPvs.PCtrl(lr=0.5).",180.872,585.093,225.037,595.056,CMR10,9.963
icml-2026-19ec66cff1c1,ICML,spotlight,figure,Figure 46,51,appendix,"AsinFigure42,UP-OCPvs.PICtrl(lr=0.5).",179.073,302.631,223.238,312.594,CMR10,9.963
icml-2026-19ec66cff1c1,ICML,spotlight,table,Table 6,51,appendix,QuantitativeComparisonontheelectricitydemanddataset.,154.817,338.497,189.963,348.46,CMR10,9.963
icml-2026-19ec66cff1c1,ICML,spotlight,figure,Figure 47,52,appendix,MeanpredictionsetsizesonelectricityFigure48:Medianpredictionsetsizesonelectric-,85.039,271.367,128.995,281.33,CMR10,9.963
icml-2026-19ec66cff1c1,ICML,spotlight,figure,Figure 48,52,appendix,Medianpredictionsetsizesonelectric-,310.417,271.367,354.373,281.33,CMR10,9.963
icml-2026-19ec66cff1c1,ICML,spotlight,figure,Figure 49,52,appendix,75%quantilepredictionsetsizesonFigure50:Realizedvs.targetcoverageonelec-,85.039,499.931,130.738,509.894,CMR10,9.963
icml-2026-19ec66cff1c1,ICML,spotlight,figure,Figure 50,52,appendix,Realizedvs.targetcoverageonelec-,310.417,499.931,355.469,509.894,CMR10,9.963
icml-2026-19ec66cff1c1,ICML,spotlight,figure,Figure 51,53,appendix,UP-OCPvs.DtACIforforecastingsyntheticsinusoiddata.,151.676,328.44,195.841,338.403,CMR10,9.963
icml-2026-19ec66cff1c1,ICML,spotlight,figure,Figure 52,53,appendix,"AsinFigure51,UP-OCPvs.KT.",206.429,501.34,250.594,511.303,CMR10,9.963
icml-2026-19ec66cff1c1,ICML,spotlight,figure,Figure 53,53,appendix,"AsinFigure51,UP-OCPvs.PCtrl(lr=0.5).",180.872,674.24,225.037,684.203,CMR10,9.963
icml-2026-19ec66cff1c1,ICML,spotlight,figure,Figure 54,54,appendix,"AsinFigure51,UP-OCPvs.PICtrl(lr=0.5).",179.073,193.07,223.238,203.033,CMR10,9.963
icml-2026-19ec66cff1c1,ICML,spotlight,figure,Figure 55,54,appendix,"AsinFigure51,UP-OCPvs.SFOGD(lr=100).",176.216,365.97,220.381,375.933,CMR10,9.963
icml-2026-19ec66cff1c1,ICML,spotlight,table,Table 7,54,appendix,QuantitativeComparisonontheSinusoidDataset(synthetic).,150.555,402.832,185.701,412.795,CMR10,9.963
icml-2026-19ec66cff1c1,ICML,spotlight,figure,Figure 56,55,appendix,MeanpredictionsetsizesonsyntheticFigure57:Medianpredictionsetsizesonsynthetic,85.039,271.367,129.453,281.33,CMR10,9.963
icml-2026-19ec66cff1c1,ICML,spotlight,figure,Figure 57,55,appendix,Medianpredictionsetsizesonsynthetic,310.417,271.367,353.606,281.33,CMR10,9.963
icml-2026-19ec66cff1c1,ICML,spotlight,figure,Figure 58,55,appendix,75%quantilepredictionsetsizesonFigure59:Realizedvs.targetcoverageonsyn-,85.039,499.931,130.738,509.894,CMR10,9.963
icml-2026-19ec66cff1c1,ICML,spotlight,figure,Figure 59,55,appendix,Realizedvs.targetcoverageonsyn-,310.417,499.931,355.598,509.894,CMR10,9.963
icml-2026-19ec66cff1c1,ICML,spotlight,figure,Figure 60,56,appendix,UP-OCPvs.DtACIforforecastingstationarysyntheticdatawithrandomwaves.,103.218,500.431,147.383,510.394,CMR10,9.963
icml-2026-19ec66cff1c1,ICML,spotlight,figure,Figure 61,56,appendix,"AsinFigure60,UP-OCPvs.KT.",206.429,673.331,250.594,683.294,CMR10,9.963
icml-2026-19ec66cff1c1,ICML,spotlight,figure,Figure 62,57,appendix,"AsinFigure60,UP-OCPvs.PCtrl(lr=0.1).",180.872,193.07,225.037,203.033,CMR10,9.963
icml-2026-19ec66cff1c1,ICML,spotlight,figure,Figure 63,57,appendix,"AsinFigure60,UP-OCPvs.PICtrl(lr=0.1).",179.073,365.97,223.238,375.933,CMR10,9.963
icml-2026-19ec66cff1c1,ICML,spotlight,figure,Figure 64,57,appendix,"AsinFigure60,UP-OCPvs.SFOGD(lr=100).",176.216,538.87,220.381,548.833,CMR10,9.963
icml-2026-19ec66cff1c1,ICML,spotlight,table,Table 8,57,appendix,QuantitativeComparisonontheStationaryDataset(synthetic).,145.864,575.732,181.01,585.695,CMR10,9.963
icml-2026-19ec66cff1c1,ICML,spotlight,figure,Figure 65,58,appendix,MeanpredictionsetsizesonsyntheticFigure66:Medianpredictionsetsizesonsynthetic,85.039,271.367,129.453,281.33,CMR10,9.963
icml-2026-19ec66cff1c1,ICML,spotlight,figure,Figure 66,58,appendix,Medianpredictionsetsizesonsynthetic,310.417,271.367,353.606,281.33,CMR10,9.963
icml-2026-19ec66cff1c1,ICML,spotlight,figure,Figure 67,58,appendix,75%quantilepredictionsetsizesonFigure68:Realizedvs.targetcoverageonsyn-,85.039,499.931,130.738,509.894,CMR10,9.963
icml-2026-19ec66cff1c1,ICML,spotlight,figure,Figure 68,58,appendix,Realizedvs.targetcoverageonsyn-,310.417,499.931,355.598,509.894,CMR10,9.963
icml-2026-19ec66cff1c1,ICML,spotlight,figure,Figure 69,59,appendix,UP-OCPvs.DtACIforforecastingsyntheticdatawithquadratictrendandrandomwaves.,85.039,429.046,128.676,439.009,CMR10,9.963
icml-2026-19ec66cff1c1,ICML,spotlight,figure,Figure 70,59,appendix,"AsinFigure69,UP-OCPvs.KT.",206.429,601.946,250.594,611.909,CMR10,9.963
icml-2026-19ec66cff1c1,ICML,spotlight,figure,Figure 71,60,appendix,"AsinFigure69,UP-OCPvs.PCtrl(lr=0.5).",180.872,193.07,225.037,203.033,CMR10,9.963
icml-2026-19ec66cff1c1,ICML,spotlight,figure,Figure 72,60,appendix,"AsinFigure69,UP-OCPvs.PICtrl(lr=0.5).",179.073,365.97,223.238,375.933,CMR10,9.963
icml-2026-19ec66cff1c1,ICML,spotlight,figure,Figure 73,60,appendix,"AsinFigure69,UP-OCPvs.SFOGD(lr=100).",176.216,538.87,220.381,548.833,CMR10,9.963
icml-2026-19ec66cff1c1,ICML,spotlight,table,Table 9,60,appendix,QuantitativeComparisonontheMixDataset(ssynthetic).,156.505,575.732,191.651,585.695,CMR10,9.963
icml-2026-19ec66cff1c1,ICML,spotlight,figure,Figure 74,61,appendix,MeanpredictionsetsizesonsyntheticFigure75:Medianpredictionsetsizesonsynthetic,85.039,271.367,129.453,281.33,CMR10,9.963
icml-2026-19ec66cff1c1,ICML,spotlight,figure,Figure 75,61,appendix,Medianpredictionsetsizesonsynthetic,310.417,271.367,353.606,281.33,CMR10,9.963
icml-2026-19ec66cff1c1,ICML,spotlight,figure,Figure 76,61,appendix,75%quantilepredictionsetsizesonFigure77:Realizedvs.targetcoverageonsyn-,85.039,499.931,130.738,509.894,CMR10,9.963
icml-2026-19ec66cff1c1,ICML,spotlight,figure,Figure 77,61,appendix,Realizedvs.targetcoverageonsyn-,310.417,499.931,355.598,509.894,CMR10,9.963
icml-2026-19ec66cff1c1,ICML,spotlight,figure,Figure 78,62,appendix,UP-OCPvs.SF-OGD(lr=0.01)onAXPdataset;SF-OGD(lr=0.01)failstoexpandthe,85.039,414.559,129.782,424.522,CMR10,9.963
icml-2026-19ec66cff1c1,ICML,spotlight,figure,Figure 79,62,appendix,UP-OCPvs.PCtrl(lr=0.05)onsyntheticdatawithquadratictrendandrandomwaves;,85.039,611.369,129.384,621.332,CMR10,9.963
icml-2026-19ec66cff1c1,ICML,spotlight,figure,Figure 80,63,appendix,UP-OCPvs.PICtrl(lr=0.0)onsyntheticsinusoiddata;PIControllerfailstoadaptto,85.039,207.859,129.732,217.822,CMR10,9.963
icml-2026-2b91f2863fcf,ICML,spotlight,figure,Figure 3,14,appendix,"Portrait,",467.954,335.082,505.451,345.045,NimbusRomNo9L-Regu,9.963
icml-2026-536d8d3e0efc,ICML,spotlight,figure,Figure 2,6,main,worldhumanbehaviorsasshowninMazumdaretal.(2025).,224.167,436.871,260.421,446.834,NimbusRomNo9L-Regu,9.963
icml-2026-a6577855483d,ICML,spotlight,figure,Figure 1,4,main,Simplifiedproblem.,385.199,607.128,421.37,617.09,NimbusRomNo9L-Regu,9.963
icml-2026-a6577855483d,ICML,spotlight,figure,Figure 2,8,main,"Resultsofthebileveloptimization.Changeintransportationcostparametrization(left),",108.0,524.288,145.02,534.25,NimbusRomNo9L-Regu,9.963
icml-2026-a6577855483d,ICML,spotlight,figure,Figure 3,9,main,"Normalizeddistanced(Q,P;θ)betweenreferenceandtruedistributionbefore(violet)and",108.0,183.819,143.885,193.781,NimbusRomNo9L-Regu,9.963
icml-2026-a6577855483d,ICML,spotlight,figure,Figure 4,9,main,"UnderlyingtruedistributionP(redcontour)andsamples(black),unit-costellipsesdefined",108.0,584.909,143.832,594.871,NimbusRomNo9L-Regu,9.963
icml-2026-a6577855483d,ICML,spotlight,figure,Figure 5,10,main,Expectedabsoluteerrorontheworst-casedistributioneandexpectedabsoluteerror,108.0,155.935,145.396,165.897,NimbusRomNo9L-Regu,9.963
icml-2026-a6577855483d,ICML,spotlight,table,Table 1,29,appendix,ListofHyperparametersusedforallnumericalexamples.,173.493,463.1,205.622,473.062,NimbusRomNo9L-Regu,9.963
icml-2026-a6577855483d,ICML,spotlight,table,Table 2,30,appendix,ListofGaussiandistributions(meansandcovariancematrices)usedintheexperiments.,113.464,79.447,145.593,89.409,NimbusRomNo9L-Regu,9.963
icml-2026-a6577855483d,ICML,spotlight,figure,Figure 6,31,appendix,"UnderlyingtruedistributionP(redcontour)andsamples(black),unit-costellipsesdefined",108.0,193.658,143.832,203.62,NimbusRomNo9L-Regu,9.963
icml-2026-a6577855483d,ICML,spotlight,table,Table 3,31,appendix,"Summaryofthe10modelsusedforlinearregression.Foreachmodel,x(10,10)and",107.691,438.172,139.262,448.134,NimbusRomNo9L-Regu,9.963
icml-2026-a6577855483d,ICML,spotlight,figure,Figure 7,31,appendix,Averageinitial(left)andfinal(right)objectives(worst-caseobjectiveinblueandout-of-,108.0,658.289,144.82,668.251,NimbusRomNo9L-Regu,9.963
icml-2026-a6577855483d,ICML,spotlight,figure,Figure 8,32,appendix,Averageresultsforthehigher-dimensionalportfoliooptimizationexampleusingaGaussian,108.0,434.179,143.402,444.141,NimbusRomNo9L-Regu,9.963
icml-2026-a6577855483d,ICML,spotlight,figure,Figure 9,33,appendix,Averageresults(worst-caseobjectiveinblueandout-of-sampleperformanceinred)when,108.0,241.19,144.03,251.152,NimbusRomNo9L-Regu,9.963
icml-2026-a6577855483d,ICML,spotlight,figure,Figure 10,33,appendix,Averageresults(worst-caseobjectiveinblueandout-of-sampleperformanceinred)when,108.0,582.232,148.459,592.194,NimbusRomNo9L-Regu,9.963
icml-2026-a6577855483d,ICML,spotlight,figure,Figure 11,34,appendix,"UnderlyingtruedistributionP(redcontour)andsamples(black),unit-costellipsesdefined",108.0,236.082,148.284,246.044,NimbusRomNo9L-Regu,9.963
icml-2026-a6577855483d,ICML,spotlight,figure,Figure 12,34,appendix,Expectedsquarederrorontheworst-casedistributioneandexpectedsquarederroron,108.0,576.833,149.318,586.795,NimbusRomNo9L-Regu,9.963
icml-2026-a6577855483d,ICML,spotlight,figure,Figure 13,35,appendix,Averageinitial(left)andfinal(right)objectives(worst-caseobjectiveinblueandout-of-,108.0,206.697,149.339,216.659,NimbusRomNo9L-Regu,9.963
icml-2026-a6577855483d,ICML,spotlight,figure,Figure 14,36,appendix,"Meanrelativeimprovementfordifferentcombinationsof(λ,η).",152.098,388.906,193.333,398.868,NimbusRomNo9L-Regu,9.963
icml-2026-a6577855483d,ICML,spotlight,figure,Figure 15,36,appendix,Coverageconstraint(11b)violations(90thpercentile)fordifferentcombinationsof,108.0,639.893,151.086,649.855,NimbusRomNo9L-Regu,9.963
icml-2026-ed7dc4e0461b,ICML,spotlight,figure,Figure 1,2,main,Overviewofourapproach.WeconstructBMbyextractingadvancedcompe-,108.0,231.497,144.403,241.46,NimbusRomNo9L-Regu,9.963
icml-2026-ed7dc4e0461b,ICML,spotlight,figure,Figure 2,2,main,Resultsofpopularmodelson,345.602,660.334,382.185,670.297,NimbusRomNo9L-Regu,9.963
icml-2026-ed7dc4e0461b,ICML,spotlight,figure,Figure 3,4,main,ExamplesoforiginalandperturbedproblemsfromBM.Theperturbationsare,108.0,195.113,144.045,205.076,NimbusRomNo9L-Regu,9.963
icml-2026-ed7dc4e0461b,ICML,spotlight,table,Table 1,6,main,MainresultsonBM.,322.381,295.524,354.51,305.487,NimbusRomNo9L-Regu,9.963
icml-2026-ed7dc4e0461b,ICML,spotlight,table,Table 2,6,main,Sycophanticbehaviorforproof-based,306.0,575.619,340.162,585.582,NimbusRomNo9L-Regu,9.963
icml-2026-ed7dc4e0461b,ICML,spotlight,figure,Figure 4,7,main,Sycophancyrateonfinal-answerandproof-stylequestions.,168.397,192.953,204.651,202.916,NimbusRomNo9L-Regu,9.963
icml-2026-ed7dc4e0461b,ICML,spotlight,figure,Figure 5,8,main,Self-sycophancyFigure6:Agenticsycophancy,150.243,211.12,186.497,221.083,NimbusRomNo9L-Regu,9.963
icml-2026-ed7dc4e0461b,ICML,spotlight,figure,Figure 6,8,main,Agenticsycophancy,346.341,211.12,382.595,221.083,NimbusRomNo9L-Regu,9.963
icml-2026-ed7dc4e0461b,ICML,spotlight,figure,Figure 7,8,main,ImprovementinsycophancythroughFigure8:Black-boxconfidence-basedselection,108.0,382.431,144.961,392.394,NimbusRomNo9L-Regu,9.963
icml-2026-ed7dc4e0461b,ICML,spotlight,figure,Figure 8,8,main,Black-boxconfidence-basedselection,313.922,382.431,350.086,392.394,NimbusRomNo9L-Regu,9.963
icml-2026-ed7dc4e0461b,ICML,spotlight,figure,Figure 9,15,appendix,Modelbehavioronthesycophanticallyrephrasedproblems.,167.037,208.044,203.291,218.007,NimbusRomNo9L-Regu,9.963
icml-2026-ed7dc4e0461b,ICML,spotlight,table,Table 3,15,appendix,LLMsassycophanticdetectors.Costfor,306.0,346.389,338.189,356.352,NimbusRomNo9L-Regu,9.963
icml-2026-ed7dc4e0461b,ICML,spotlight,figure,Figure 10,16,appendix,Confidencedistributionstatisticsfortheblack-boxmethod.ThetoprowshowsaKDE,108.0,213.855,149.634,223.818,NimbusRomNo9L-Regu,9.963
icml-2026-ed7dc4e0461b,ICML,spotlight,figure,Figure 11,17,appendix,Confidencedistributionstatisticsforthewhite-boxmethodonQ3-4B.Thetoprow,108.0,253.188,149.205,263.151,NimbusRomNo9L-Regu,9.963
icml-2026-ed7dc4e0461b,ICML,spotlight,table,Table 4,18,appendix,AlistofcompetitionsourcesfortheproblemsinBM.,157.524,81.722,189.653,91.685,NimbusRomNo9L-Regu,9.963
icml-2026-ed7dc4e0461b,ICML,spotlight,table,Table 5,18,appendix,Hyperparemetersusedforsycophantic,306.0,577.02,339.674,586.983,NimbusRomNo9L-Regu,9.963
icml-2026-ed7f31d45d4a,ICML,spotlight,table,Table 1,3,main,SummaryofourupperboundresultsfortheGaussiankernelmatrix.p=0.173+o(1),71.564,293.14,110.489,304.049,CMR10,10.909
icml-2026-ed7f31d45d4a,ICML,spotlight,table,Table 2,4,main,Summaryofourlowerbounds.1strow:[BIMW21]gavealowerboundofΩ(n).See,71.564,348.719,110.665,359.628,CMR10,10.909
icml-2026-ed7f31d45d4a,ICML,spotlight,table,Table 3,13,main,ResultsforkerneldensityestimationqueriesthatcanbeusedinDefinition6.1.Note,71.564,519.941,110.985,530.85,CMR10,10.909
icml-2026-ed7f31d45d4a,ICML,spotlight,figure,Figure 1,15,main,Exponentofn(leftplot)andexponentofε(rightplot)fortheproblemofcomputings(K),72.0,152.722,113.884,163.631,CMR10,10.909
icml-2026-ed7f31d45d4a,ICML,spotlight,figure,Figure 2,30,appendix,"InAlgorithm3,weneedtocomputethesums(K),whichcanbebrokendownas",72.0,476.726,116.173,487.635,CMR10,10.909
icml-2026-ed7f31d45d4a,ICML,spotlight,figure,Figure 3,37,appendix,RepresentationofvKw.,219.574,248.466,262.481,259.375,CMR10,10.909
icml-2026-ed7f31d45d4a,ICML,spotlight,figure,Figure 4,41,appendix,"Plottingtherelativeerrorofthefinalλestimate,againsttheerrorεofthematrixvector",72.0,285.63,114.1,296.539,CMR10,10.909
icml-2026-ed7f31d45d4a,ICML,spotlight,figure,Figure 5,42,appendix,Trajectoriesofthenoisypowermethod(Algorithm2)aswevarythenumberofpower,72.0,369.886,115.446,380.795,CMR10,10.909
icml-2026-ed7f31d45d4a,ICML,spotlight,figure,Figure 6,42,appendix,"AnanalogousplottoFigure4,exceptwechangethebandwidthparametersothatthe",72.0,661.984,115.391,672.893,CMR10,10.909
icml-2026-ed7f31d45d4a,ICML,spotlight,figure,Figure 7,43,appendix,Relativeerrorofapproximatingλasafunctionofnumberofsamplestakenbythe,72.0,288.684,116.283,299.593,CMR10,10.909
icml-2026-ed7f31d45d4a,ICML,spotlight,figure,Figure 8,46,appendix,"Wevarythedatasetsizesaswellasεintheapproximatematrixvectorcomputation,and",72.0,718.932,114.186,729.841,CMR10,10.909
icml-2026-ed7f31d45d4a,ICML,spotlight,figure,Figure 9,47,appendix,"Wevarytheaveragekernelmatrixentry(byvaryingthescaleσ),andplottherelative",72.0,338.664,115.347,349.573,CMR10,10.909
icml-2026-ed7f31d45d4a,ICML,spotlight,figure,Figure 10,47,appendix,ComparingthenumberofKDEqueriesmade.,169.167,626.201,217.528,637.11,CMR10,10.909
icml-2026-f1190e536fe9,ICML,spotlight,figure,Figure 1,2,main,"Phasetransitionunderasloppyoracle.WevaryasinglenoiseknobJ,definedasJ=1−δ−",72.0,264.749,111.012,274.711,URWPalladioL-Roma,9.963
icml-2026-f1190e536fe9,ICML,spotlight,figure,Figure 2,3,main,TheWinnerTakesItAll.TheGRPOmean-fielddynamicsexhibitastrikingstructuralproperty:,72.0,269.22,110.869,279.182,URWPalladioL-Roma,9.963
icml-2026-f1190e536fe9,ICML,spotlight,figure,Figure 3,5,main,"Rate,notFate.Ourmean-fieldmulti-armedbanditanalysispredictsthat,wheneverlearning",72.0,354.384,111.641,364.346,URWPalladioL-Roma,9.963
icml-2026-f1190e536fe9,ICML,spotlight,figure,Figure 4,11,main,GeometryoftheProbabilitySimplex.Thepolicypevolvesonthenon-Euclideanmanifold,72.0,217.033,112.028,226.995,URWPalladioL-Roma,9.963
icml-2026-f1190e536fe9,ICML,spotlight,figure,Figure 5,17,main,KLregularizationsmoothsthephasetransitionatJ=0viaaninteriorfixedpoint.Incorporating,72.0,269.22,109.735,279.182,URWPalladioL-Roma,9.963
icml-2026-f1190e536fe9,ICML,spotlight,table,Table 1,18,main,ValidationAccuracy&NoiseSensitivity.Validationaccuracyaftertwoepochsacrossnoise,71.691,136.535,106.8,146.497,URWPalladioL-Roma,9.963
icml-2026-f1190e536fe9,ICML,spotlight,figure,Figure 6,25,appendix,Reward-variancegeometryundernoisyBernoullirewards.(Left)RewardvarianceVar(r)=,72.0,261.233,111.641,271.195,URWPalladioL-Roma,9.963
icml-2026-f1190e536fe9,ICML,spotlight,figure,Figure 7,31,appendix,Learnability-maximizingbadmasspundergroupz-scoredrewards.Weplottheinstantaneous,72.0,256.49,110.706,266.452,URWPalladioL-Roma,9.963
icml-2026-f1190e536fe9,ICML,spotlight,table,Table 2,51,appendix,Stabilityoftheuniformandpure–armequilibriaforthewithin–goodODEequation85.,95.98,700.323,129.295,710.285,URWPalladioL-Roma,9.963
icml-2026-f1190e536fe9,ICML,spotlight,table,Table 3,58,appendix,Stabilityofcanonicalequilibriaforthewithin–badODEequation115.,134.415,143.394,167.73,153.356,URWPalladioL-Roma,9.963
icml-2026-f1190e536fe9,ICML,spotlight,table,Table 4,60,appendix,Trainingconfiguration.,236.855,72.518,270.17,82.48,URWPalladioL-Roma,9.963
iclr-2026-0111e4fa230c,ICLR,oral,figure,Figure 1,2,main,"EDIT-BenchtestsLLMs’real-worldeditingcapabilities.WeproposeEDIT-Bench,",108.0,209.194,143.921,219.157,NimbusRomNo9L-Regu,9.963
iclr-2026-0111e4fa230c,ICLR,oral,figure,Figure 2,3,main,Wedevelopanopen-sourceVSCodeextensiontocollectreal-worldedits.,139.581,233.396,175.835,243.359,NimbusRomNo9L-Regu,9.963
iclr-2026-0111e4fa230c,ICLR,oral,table,Table 1,5,main,ComparingEDIT-Benchtootheredit-relatedbenchmarks.Wecompare,107.691,81.722,144.335,91.685,NimbusRomNo9L-Regu,9.963
iclr-2026-0111e4fa230c,ICLR,oral,figure,Figure 3,5,main,DistributionoflibrariesinEDIT-BenchforPythonproblems.EDIT-Benchcon-,108.0,318.015,145.192,327.978,NimbusRomNo9L-Regu,9.963
iclr-2026-0111e4fa230c,ICLR,oral,table,Table 2,6,main,ComparinguserinstructionswritteninIDEtotheinstructionswrittenbyhuman,107.691,81.722,141.073,91.685,NimbusRomNo9L-Regu,9.963
iclr-2026-0111e4fa230c,ICLR,oral,figure,Figure 4,7,main,Weevaluate40LLMsonEDIT-Bench.Wereportthepass@1ofeachmodel;only1,108.0,288.121,144.498,298.084,NimbusRomNo9L-Regu,9.963
iclr-2026-0111e4fa230c,ICLR,oral,table,Table 3,7,main,"Additionalcontextaffectsperformance.Highlightedcodeiscrucialtoperformance,",107.691,535.269,141.174,545.232,NimbusRomNo9L-Regu,9.963
iclr-2026-0111e4fa230c,ICLR,oral,figure,Figure 5,8,main,Comparingtop-performingopen-weightandclosedmodels.Toillustrateindividual,108.0,175.119,145.142,185.082,NimbusRomNo9L-Regu,9.963
iclr-2026-0111e4fa230c,ICLR,oral,figure,Figure 6,16,appendix,DistributionoffiletypesoverinstructededitusersinEditBenchExt.Themajorityofusers,108.0,470.67,144.01,480.633,NimbusRomNo9L-Regu,9.963
iclr-2026-0111e4fa230c,ICLR,oral,figure,Figure 7,17,appendix,DistributionofnaturallanguagesinuserinstructionsforinstructededitsinEditBenchExt.,108.0,354.552,144.3,364.515,NimbusRomNo9L-Regu,9.963
iclr-2026-0111e4fa230c,ICLR,oral,figure,Figure 8,17,appendix,Distributionofhighlightedcode(alsoreferredtoascodetoedit)tokenlengths.Usersdo,108.0,682.537,144.55,692.5,NimbusRomNo9L-Regu,9.963
iclr-2026-0111e4fa230c,ICLR,oral,figure,Figure 9,18,appendix,Distributionofthenumberofcharactersinuserinstructions.,165.927,360.032,202.181,369.995,NimbusRomNo9L-Regu,9.963
iclr-2026-0111e4fa230c,ICLR,oral,figure,Figure 10,18,appendix,Distributionofcontextlength(definedbytheprefixandsuffixtokenlength)ofcodefiles.,108.0,688.017,148.697,697.98,NimbusRomNo9L-Regu,9.963
iclr-2026-0111e4fa230c,ICLR,oral,table,Table 4,19,appendix,"Fullexamplesofuserinstructionsacrossdifferenttaskcategories,comparingwithtwo",107.691,204.954,141.052,214.917,NimbusRomNo9L-Regu,9.963
iclr-2026-0111e4fa230c,ICLR,oral,table,Table 5,20,appendix,"Additionalexamplesofuserinstructionsacrossdifferenttaskcategories,comparingwith",107.691,228.864,140.38,238.827,NimbusRomNo9L-Regu,9.963
iclr-2026-0111e4fa230c,ICLR,oral,figure,Figure 11,21,appendix,Examplecodefileandhighlightedsection.Theuserinstructionforthisfile:”Canyouedit,108.0,684.71,148.381,694.673,NimbusRomNo9L-Regu,9.963
iclr-2026-0111e4fa230c,ICLR,oral,figure,Figure 12,22,appendix,"Librarydistributionsforcomparisonbenchmarks:CanItEdit(25uniqueimports),Polyglot",108.0,445.026,148.313,454.989,NimbusRomNo9L-Regu,9.963
iclr-2026-0111e4fa230c,ICLR,oral,table,Table 6,23,appendix,Eachmodelinourexperimentswiththeirofficialnamesandproviderlinks,138.953,81.722,171.082,91.685,NimbusRomNo9L-Regu,9.963
iclr-2026-0111e4fa230c,ICLR,oral,figure,Figure 13,24,appendix,Wholepromptgiventomodels,220.387,352.92,261.622,362.883,NimbusRomNo9L-Regu,9.963
iclr-2026-0111e4fa230c,ICLR,oral,figure,Figure 14,24,appendix,CursorPositionpromptgiventomodels,190.499,682.151,231.734,692.114,NimbusRomNo9L-Regu,9.963
iclr-2026-0111e4fa230c,ICLR,oral,figure,Figure 15,25,appendix,NoHighlightpromptgiventomodels,199.465,480.424,240.7,490.387,NimbusRomNo9L-Regu,9.963
iclr-2026-0111e4fa230c,ICLR,oral,table,Table 7,26,appendix,Effectofcontextlengthonaveragepass@1.,200.332,173.293,232.461,183.256,NimbusRomNo9L-Regu,9.963
iclr-2026-0111e4fa230c,ICLR,oral,table,Table 8,26,appendix,Comparinginstructionandhighlightlengthforeasyversushardquestions.,139.436,323.621,171.565,333.584,NimbusRomNo9L-Regu,9.963
iclr-2026-0853a1e684f7,ICLR,oral,figure,Figure 1,2,main,"SimulatingaMindforAvatars.Wemodelavatarbehaviorusingdual-processtheory,",108.0,375.72,144.911,385.683,NimbusRomNo9L-Regu,9.963
iclr-2026-0853a1e684f7,ICLR,oral,figure,Figure 2,4,main,TheDual-SystemSimulationFramework.Ourframeworkmodelsavatarbehaviorby,108.0,252.571,144.782,262.534,NimbusRomNo9L-Regu,9.963
iclr-2026-0853a1e684f7,ICLR,oral,figure,Figure 3,6,main,TheReferenceConditioningDilemma.Left:Theevolutionofreferenceconditioning,108.0,314.641,144.752,324.604,NimbusRomNo9L-Regu,9.963
iclr-2026-0853a1e684f7,ICLR,oral,table,Table 1,7,main,Ablationstudiesonourproposedframework.,191.67,81.722,223.799,91.685,NimbusRomNo9L-Regu,9.963
iclr-2026-0853a1e684f7,ICLR,oral,table,Table 2,7,main,Pairwisesubjectiveablationstudyandcomponentcomparison.WereportLip-,108.0,265.665,142.371,275.628,NimbusRomNo9L-Regu,9.963
iclr-2026-0853a1e684f7,ICLR,oral,table,Table 3,8,main,Comparisonwithexistingmethodsonmulti-personanimation.Wereportquantitative,108.0,81.722,140.368,91.685,NimbusRomNo9L-Regu,9.963
iclr-2026-0853a1e684f7,ICLR,oral,table,Table 4,8,main,Quantitativecomparisonwithaudio-conditionedanimationbaselines.(Left)Portrait,108.0,237.337,140.598,247.3,NimbusRomNo9L-Regu,9.963
iclr-2026-0853a1e684f7,ICLR,oral,figure,Figure 4,9,main,GeneralizationandMulti-PersonResults.Ourmodelgeneralizestodiversenon-human,108.0,458.004,144.055,467.967,NimbusRomNo9L-Regu,9.963
iclr-2026-0853a1e684f7,ICLR,oral,figure,Figure 5,9,main,SubjectiveUserPreferenceStudy.Wepresentresultsfromtwoevaluationsettings:,108.0,501.607,145.499,511.57,NimbusRomNo9L-Regu,9.963
iclr-2026-0853a1e684f7,ICLR,oral,figure,Figure 6,20,appendix,ReasoningProcessVisualization.Thegeneratedmotionmatchesthespeechcontentand,108.0,272.112,144.144,282.075,NimbusRomNo9L-Regu,9.963
iclr-2026-0853a1e684f7,ICLR,oral,table,Table 5,26,appendix,MLLM-basedEvaluation.Pairwisecomparisonresults(GSBScore)withindividual,108.0,81.722,141.544,91.685,NimbusRomNo9L-Regu,9.963
iclr-2026-0853a1e684f7,ICLR,oral,table,Table 6,26,appendix,"SubjectiveEvaluationvs.Wan2.2-S2V.SubjectiveevaluationagainstWan2.2-S2V,in-",108.0,197.995,140.857,207.958,NimbusRomNo9L-Regu,9.963
iclr-2026-0853a1e684f7,ICLR,oral,figure,Figure 7,29,appendix,QualitativeComparisonwithRecentMethods.,187.501,390.313,223.755,400.276,NimbusRomNo9L-Regu,9.963
iclr-2026-0853a1e684f7,ICLR,oral,figure,Figure 8,29,appendix,EffectivenessofPLFinPreservingContentConsistency.,167.242,519.708,203.496,529.671,NimbusRomNo9L-Regu,9.963
iclr-2026-0853a1e684f7,ICLR,oral,figure,Figure 9,30,appendix,EffectivenessofPLFinMaintainingMotionDynamics.,169.508,567.458,205.762,577.421,NimbusRomNo9L-Regu,9.963
iclr-2026-0853a1e684f7,ICLR,oral,figure,Figure 10,31,appendix,"Qualitativeresultsofthereflectionprocess.Withoutreflection(firstrow),anill-",108.0,228.518,150.61,238.481,NimbusRomNo9L-Regu,9.963
iclr-2026-0853a1e684f7,ICLR,oral,figure,Figure 11,31,appendix,"Qualitativeresultsofthereflectionprocess.Withoutreflection(firstrow),anill-",108.0,375.449,150.61,385.412,NimbusRomNo9L-Regu,9.963
iclr-2026-0853a1e684f7,ICLR,oral,figure,Figure 12,32,appendix,"QualitativecomparisonwithOmniHuman-1(Linetal.,2025b),astate-of-the-art",108.0,393.288,149.992,403.251,NimbusRomNo9L-Regu,9.963
iclr-2026-0853a1e684f7,ICLR,oral,figure,Figure 13,33,appendix,"Limitationsofourmethod.Despiteitsstrongperformance,ourmethodexhibitslimita-",108.0,259.707,149.046,269.67,NimbusRomNo9L-Regu,9.963
iclr-2026-0f9a4f0ba34a,ICLR,oral,figure,Figure 1,2,main,"Comparisonamong(a)videogenerativeDiT,(b)restorationDiT,and(c)ourStableVideo",108.0,180.373,144.045,190.336,NimbusRomNo9L-Regu,9.963
iclr-2026-0f9a4f0ba34a,ICLR,oral,figure,Figure 2,3,main,Training-testhypothe-,365.398,488.798,402.678,498.761,NimbusRomNo9L-Regu,9.963
iclr-2026-0f9a4f0ba34a,ICLR,oral,figure,Figure 3,5,main,StableVideoInfinity.We(a)injecterrorsintocleanlatenttobreaktheerror-freehypoth-,108.0,273.446,144.045,283.409,NimbusRomNo9L-Regu,9.963
iclr-2026-0f9a4f0ba34a,ICLR,oral,figure,Figure 4,6,main,"Errorcalculation.Indifferentcases,thelatenterrorEandnoiseerrorEarecalcu-",108.0,212.665,144.224,222.628,NimbusRomNo9L-Regu,9.963
iclr-2026-0f9a4f0ba34a,ICLR,oral,table,Table 1,7,main,"Genericvideogenerationwithdiversesettings.Bold,Underlinehighlightsthehighest,",108.0,369.443,141.106,379.406,NimbusRomNo9L-Regu,9.963
iclr-2026-0f9a4f0ba34a,ICLR,oral,table,Table 2,7,main,Audio-conditionedlongtalk.,129.714,441.086,161.843,451.049,NimbusRomNo9L-Regu,9.963
iclr-2026-0f9a4f0ba34a,ICLR,oral,table,Table 3,7,main,Skeleton-conditionedlongdance.,322.087,439.564,354.216,449.527,NimbusRomNo9L-Regu,9.963
iclr-2026-0f9a4f0ba34a,ICLR,oral,figure,Figure 5,8,main,Stabilitycomparisonaboutvideolength.SVIismorestablewithoutanobviousdecrease.,108.0,179.46,144.234,189.423,NimbusRomNo9L-Regu,9.963
iclr-2026-0f9a4f0ba34a,ICLR,oral,table,Table 4,8,main,Ablationstudyoneacherrorterm.Figure6:Errorcorrectioncomparison.,122.753,272.184,154.882,282.147,NimbusRomNo9L-Regu,9.963
iclr-2026-0f9a4f0ba34a,ICLR,oral,figure,Figure 6,8,main,Errorcorrectioncomparison.,331.607,271.826,367.861,281.789,NimbusRomNo9L-Regu,9.963
iclr-2026-0f9a4f0ba34a,ICLR,oral,figure,Figure 7,9,main,Qualitativecomparisonwiththebestspecific-domainmethods(seevideosinAppxE).,113.863,306.999,150.117,316.962,NimbusRomNo9L-Regu,9.963
iclr-2026-0f9a4f0ba34a,ICLR,oral,figure,Figure 8,10,main,Extremelyultra-longgenerationresults(10+minutes).Thevideosaregeneratedwithlong,108.0,279.074,143.895,289.037,NimbusRomNo9L-Regu,9.963
iclr-2026-0f9a4f0ba34a,ICLR,oral,figure,Figure 9,10,main,Visualizationoflastframesofgeneratedvideoclips.Thewomanexitsthecurrentscene,108.0,405.869,144.563,415.832,NimbusRomNo9L-Regu,9.963
iclr-2026-0f9a4f0ba34a,ICLR,oral,figure,Figure 10,14,appendix,"Overviewoftheproposedend-to-endautomaticpipeline,whichisabletogeneratein-",108.0,402.232,149.803,412.195,NimbusRomNo9L-Regu,9.963
iclr-2026-0f9a4f0ba34a,ICLR,oral,table,Table 5,17,appendix,Exploringnaivevideoextensionmethods.Thebestishighlightedinred(abnormallylarge).,108.0,188.322,139.701,198.285,NimbusRomNo9L-Regu,9.963
iclr-2026-0f9a4f0ba34a,ICLR,oral,table,Table 6,17,appendix,Comparisonbetweenself-generatederrors,108.0,261.361,139.621,271.324,NimbusRomNo9L-Regu,9.963
iclr-2026-0f9a4f0ba34a,ICLR,oral,table,Table 7,17,appendix,Analysisonerror-recyclingintensity,315.389,266.741,348.335,276.704,NimbusRomNo9L-Regu,9.963
iclr-2026-0f9a4f0ba34a,ICLR,oral,table,Table 8,17,appendix,AblationstudyonerrorbanksizeZ.,294.798,676.82,326.927,686.783,NimbusRomNo9L-Regu,9.963
iclr-2026-0f9a4f0ba34a,ICLR,oral,table,Table 9,18,appendix,"ExploringdifferentLoRAranks,wherelargerranksindicatemoretrainableparameters.",113.479,142.693,145.608,152.656,NimbusRomNo9L-Regu,9.963
iclr-2026-0f9a4f0ba34a,ICLR,oral,table,Table 10,18,appendix,Exploringdifferentonlineerrorinjectionvariations.,182.39,245.036,219.501,254.999,NimbusRomNo9L-Regu,9.963
iclr-2026-0f9a4f0ba34a,ICLR,oral,table,Table 11,19,appendix,VBenchbenchmarkresultsforlong-videogeneration(50-clip).,159.874,152.656,196.985,162.619,NimbusRomNo9L-Regu,9.963
iclr-2026-0f9a4f0ba34a,ICLR,oral,table,Table 12,19,appendix,Detailedhyperparametersusedinthetrainingandtest.,177.189,505.516,214.3,515.479,NimbusRomNo9L-Regu,9.963
iclr-2026-0f9a4f0ba34a,ICLR,oral,figure,Figure 11,20,appendix,Qualitativeresultsaboutairplanelandingstory.,189.727,688.445,230.962,698.408,NimbusRomNo9L-Regu,9.963
iclr-2026-0f9a4f0ba34a,ICLR,oral,figure,Figure 12,21,appendix,Qualitativeresultsaboutthecatstory.,208.821,688.445,250.056,698.408,NimbusRomNo9L-Regu,9.963
iclr-2026-0f9a4f0ba34a,ICLR,oral,figure,Figure 13,22,appendix,Qualitativeresultsaboutthemotorcyclestory.,192.293,688.445,233.528,698.408,NimbusRomNo9L-Regu,9.963
iclr-2026-0f9a4f0ba34a,ICLR,oral,figure,Figure 14,23,appendix,Qualitativeresultsaboutthezoostory.,207.436,688.445,248.671,698.408,NimbusRomNo9L-Regu,9.963
iclr-2026-0f9a4f0ba34a,ICLR,oral,figure,Figure 15,24,appendix,Qualitativeresultsaboutthebabystory.,204.945,688.445,246.18,698.408,NimbusRomNo9L-Regu,9.963
iclr-2026-0f9a4f0ba34a,ICLR,oral,figure,Figure 16,25,appendix,Qualitativeresultsaboutthedancing.,209.742,584.518,250.977,594.481,NimbusRomNo9L-Regu,9.963
iclr-2026-0f9a4f0ba34a,ICLR,oral,figure,Figure 17,26,appendix,Qualitativeresultsaboutthetalkingface.,202.186,700.314,243.421,710.277,NimbusRomNo9L-Regu,9.963
iclr-2026-0f9a4f0ba34a,ICLR,oral,figure,Figure 18,27,appendix,QualitativeresultsabouttheclipsofTomandJerry.,181.135,622.002,222.37,631.965,NimbusRomNo9L-Regu,9.963
iclr-2026-198f06993051,ICLR,oral,table,Table 1,3,main,FeaturesetusedforTTSDScomparedtoTTSDS2.,186.409,91.685,218.538,101.648,NimbusRomNo9L-Regu,9.963
iclr-2026-198f06993051,ICLR,oral,table,Table 2,5,main,"MeanoverdatasetsofMOS,CMOS,",313.613,81.722,347.086,91.685,NimbusRomNo9L-Regu,9.963
iclr-2026-198f06993051,ICLR,oral,figure,Figure 1,5,main,DistributionofFinTTSDSfor,108.0,272.537,147.265,282.5,NimbusRomNo9L-Regu,9.963
iclr-2026-198f06993051,ICLR,oral,table,Table 3,7,main,"Spearmanrankcorrelations.Colours:–1...–0.5,–0.5...0,0...0.5,0.5...1.",107.691,81.722,139.66,91.685,NimbusRomNo9L-Regu,9.963
iclr-2026-198f06993051,ICLR,oral,figure,Figure 2,7,main,CorrelationofthreerepresentativeobjectivemetricswithhumanMOSacrossthefour,108.0,459.874,145.487,469.837,NimbusRomNo9L-Regu,9.963
iclr-2026-198f06993051,ICLR,oral,table,Table 4,8,main,Leave-One-OutCross-Validation(Gen-Table5:Instabilityoflearnedweights.Optimal,107.691,81.722,139.734,91.685,NimbusRomNo9L-Regu,9.963
iclr-2026-198f06993051,ICLR,oral,table,Table 5,8,main,Instabilityoflearnedweights.Optimal,313.613,81.722,345.819,91.685,NimbusRomNo9L-Regu,9.963
iclr-2026-198f06993051,ICLR,oral,figure,Figure 3,9,main,TTSDS2scoresacross14languages.nindicatesthenumberofsystemsperlanguage.,114.813,577.019,151.067,586.982,NimbusRomNo9L-Regu,9.963
iclr-2026-198f06993051,ICLR,oral,table,Table 6,15,appendix,"Open-sourceTTSsystems,priorevaluation,andresultsforeachsystemrelativeto",107.691,110.472,142.251,120.435,NimbusRomNo9L-Regu,9.963
iclr-2026-198f06993051,ICLR,oral,figure,Figure 4,17,appendix,InterfaceforMeanOpinionScore(MOS)listeningtests.,173.767,184.423,210.021,194.386,NimbusRomNo9L-Regu,9.963
iclr-2026-198f06993051,ICLR,oral,figure,Figure 5,17,appendix,InterfaceforComparisonMOS(CMOS)listeningtests.,175.556,325.845,211.81,335.808,NimbusRomNo9L-Regu,9.963
iclr-2026-198f06993051,ICLR,oral,figure,Figure 6,17,appendix,InterfaceforSpeakerSimilarityMOS(SMOS)listeningtests.,163.292,450.767,199.546,460.73,NimbusRomNo9L-Regu,9.963
iclr-2026-198f06993051,ICLR,oral,table,Table 7,18,appendix,"ListeningtestresultsintermsofMOS,CMOSandSMOSrelativetogroundtruthspeech.",109.115,112.759,141.244,122.722,NimbusRomNo9L-Regu,9.963
iclr-2026-198f06993051,ICLR,oral,table,Table 8,19,appendix,Pearsoncorrelation(r)betweeneachfactorandMOS.,179.944,102.686,212.073,112.649,NimbusRomNo9L-Regu,9.963
iclr-2026-198f06993051,ICLR,oral,figure,Figure 7,19,appendix,Significant(p<0.05)Spearmancorrelationheatmapsbetweenmetrics.,143.126,506.147,179.38,516.11,NimbusRomNo9L-Regu,9.963
iclr-2026-198f06993051,ICLR,oral,figure,Figure 8,20,appendix,Multidimensionalscaling(MDS)distanceplotsbetweenlanguages(lefttoright)fori),108.0,360.481,145.385,370.444,NimbusRomNo9L-Regu,9.963
iclr-2026-32bffb4a35b9,ICLR,oral,figure,Figure 1,1,main,"Left:Anexampleofimplicitrewardhacking,wherethemodelexploitstheanswergiven",108.0,552.575,144.423,562.538,NimbusRomNo9L-Regu,9.963
iclr-2026-32bffb4a35b9,ICLR,oral,figure,Figure 2,3,main,Examplesofloopholesinmathandcodetasks.Loopholesinthemathsettinginclude,108.0,354.378,145.16,364.341,NimbusRomNo9L-Regu,9.963
iclr-2026-32bffb4a35b9,ICLR,oral,figure,Figure 3,4,main,Implicithackingexamplesinmathin-contextloophole.Themodelmakesamistakeduring,108.0,260.297,143.726,270.26,NimbusRomNo9L-Regu,9.963
iclr-2026-32bffb4a35b9,ICLR,oral,figure,Figure 4,4,main,Hackingmodelexploitsthehints.,304.435,497.18,340.689,507.143,NimbusRomNo9L-Regu,9.963
iclr-2026-32bffb4a35b9,ICLR,oral,figure,Figure 5,5,main,"OverviewofTRACE.WetruncatetheCoTatdifferentpercentages,samplemultiple",108.0,230.838,145.669,240.801,NimbusRomNo9L-Regu,9.963
iclr-2026-32bffb4a35b9,ICLR,oral,figure,Figure 6,5,main,TRACErevealsimplicitexploitation.Onthesur-,266.398,464.355,302.841,474.318,NimbusRomNo9L-Regu,9.963
iclr-2026-32bffb4a35b9,ICLR,oral,figure,Figure 7,5,main,HackingModel,397.078,640.842,434.667,650.805,NimbusRomNo9L-Regu,9.963
iclr-2026-32bffb4a35b9,ICLR,oral,figure,Figure 8,6,main,"TRACEscorerisessharplyoncethemodelstartshacking,whileitstaysflatforthenon-",108.0,178.546,144.533,188.509,NimbusRomNo9L-Regu,9.963
iclr-2026-32bffb4a35b9,ICLR,oral,figure,Figure 9,6,main,F1scoreofhackingdetectionincodesetting.,275.048,498.362,311.302,508.325,NimbusRomNo9L-Regu,9.963
iclr-2026-32bffb4a35b9,ICLR,oral,figure,Figure 10,6,main,F1scoreofhackingdetectioninmath—TRACEconsistentlybeatsCoTmonitoring.,113.713,723.642,154.948,733.605,NimbusRomNo9L-Regu,9.963
iclr-2026-32bffb4a35b9,ICLR,oral,figure,Figure 11,7,main,Detectionresultsforhackingmodelsonmath(left)andcode(right)underthedataset-,108.0,421.335,149.753,431.298,NimbusRomNo9L-Regu,9.963
iclr-2026-32bffb4a35b9,ICLR,oral,figure,Figure 12,7,main,DetectionunderpartialloopholetrainingforQwen2.5-3B-InstructwithRM(left)andIC,108.0,676.793,149.036,686.756,NimbusRomNo9L-Regu,9.963
iclr-2026-32bffb4a35b9,ICLR,oral,figure,Figure 13,8,main,Oncethemodelstartsto,353.518,402.737,396.088,412.7,NimbusRomNo9L-Regu,9.963
iclr-2026-32bffb4a35b9,ICLR,oral,figure,Figure 14,8,main,UsingTRACEscoreclusteringforloopholediscovery.AnLLMjudgecanidentifyour,108.0,637.486,149.504,647.449,NimbusRomNo9L-Regu,9.963
iclr-2026-32bffb4a35b9,ICLR,oral,figure,Figure 15,14,main,TrainingQwen2.5-7B-Instructonthemathdatasetwithdifferentlevelsofcomplexityof,108.0,350.134,149.215,360.097,NimbusRomNo9L-Regu,9.963
iclr-2026-32bffb4a35b9,ICLR,oral,figure,Figure 16,14,main,DirecthintandRMloopholearehardtocatchforCoTmonitor.,156.831,620.15,198.066,630.113,NimbusRomNo9L-Regu,9.963
iclr-2026-32bffb4a35b9,ICLR,oral,figure,Figure 17,15,appendix,F1scoreofdetectinghackingsamplesfromhackingandnon-hackingmodelswithCoT,108.0,472.342,149.405,482.305,NimbusRomNo9L-Regu,9.963
iclr-2026-32bffb4a35b9,ICLR,oral,figure,Figure 18,16,appendix,"Whenthemodelstartstohack,theTRACEscorerises,whilethenon-hackingcounterpart",108.0,682.295,148.717,692.258,NimbusRomNo9L-Regu,9.963
iclr-2026-32bffb4a35b9,ICLR,oral,figure,Figure 19,17,appendix,Non-Hackingmodel(Left)canobtaintheproxyrewardonlywhentheanswerisreached,108.0,342.039,149.106,352.002,NimbusRomNo9L-Regu,9.963
iclr-2026-32bffb4a35b9,ICLR,oral,figure,Figure 20,17,appendix,Hackingmodel(Qwen-2.5-14b-Ins)trainedwithfulldatasetlevelrewardmodelloop-,108.0,686.862,149.933,696.825,NimbusRomNo9L-Regu,9.963
iclr-2026-32bffb4a35b9,ICLR,oral,figure,Figure 21,18,appendix,"Coding:Avgtestpassrate,Qwen2.5-3b-Instruct.(left)RMLoophole(right)In-context",108.0,226.108,149.424,236.071,NimbusRomNo9L-Regu,9.963
iclr-2026-32bffb4a35b9,ICLR,oral,figure,Figure 22,18,appendix,theTRACEscoreremainsflatfornon-hackingmodelsbutrisessharply,179.551,334.602,212.119,344.565,NimbusRomNo9L-Regu,9.963
iclr-2026-32bffb4a35b9,ICLR,oral,figure,Figure 23,19,appendix,WeobservedthattheTRACEscoreofthenon-hackingmodel(Qwen2.5-3B-Instruct),108.0,231.78,150.062,241.743,NimbusRomNo9L-Regu,9.963
iclr-2026-32bffb4a35b9,ICLR,oral,table,Table 1,19,appendix,KeyTrainingConfigurationsforMathwithRLOO,187.485,340.381,219.614,350.344,NimbusRomNo9L-Regu,9.963
iclr-2026-32bffb4a35b9,ICLR,oral,table,Table 2,19,appendix,KeyTrainingConfigurationsforCodewithRLOO.RMreferstothesettingforRM-,108.0,529.65,141.624,539.613,NimbusRomNo9L-Regu,9.963
iclr-2026-32bffb4a35b9,ICLR,oral,figure,Figure 24,20,appendix,"In-contextloopholeexample.Withthehint,thehackingmodel(trainedwithQwen2.5-",108.0,621.696,149.564,631.659,NimbusRomNo9L-Regu,9.963
iclr-2026-32bffb4a35b9,ICLR,oral,figure,Figure 25,21,appendix,RewardModelloopholehackingexample.Wepresenttworesponsesfromtworuns,108.0,610.737,150.351,620.7,NimbusRomNo9L-Regu,9.963
iclr-2026-32bffb4a35b9,ICLR,oral,figure,Figure 26,22,appendix,RewardModelloopholehackingexampleinthecodesetupforQwen2.5-3B-Instruct.,108.0,671.011,150.102,680.974,NimbusRomNo9L-Regu,9.963
iclr-2026-32bffb4a35b9,ICLR,oral,figure,Figure 27,23,appendix,In-contextloopholeexampleforQwen2.5-1.5B-Instructinthecodesetup.Withoutthe,108.0,596.291,149.644,606.254,NimbusRomNo9L-Regu,9.963
iclr-2026-32bffb4a35b9,ICLR,oral,figure,Figure 28,24,appendix,Prompttemplateforthein-contextloopholesetupincode.,167.556,313.916,208.791,323.879,NimbusRomNo9L-Regu,9.963
iclr-2026-32bffb4a35b9,ICLR,oral,figure,Figure 29,24,appendix,Prompttemplateforthein-contextloopholesetupinmath.,166.998,481.488,208.233,491.451,NimbusRomNo9L-Regu,9.963
iclr-2026-32bffb4a35b9,ICLR,oral,figure,Figure 30,25,appendix,RubricfortheCoTmonitoringinbothmathandcodesettings.,159.172,646.736,200.407,656.699,NimbusRomNo9L-Regu,9.963
iclr-2026-32bffb4a35b9,ICLR,oral,figure,Figure 31,26,appendix,Prompttemplatefortheloopholediscoverybycomparingtwoclustersofsamples.,119.397,590.817,160.632,600.78,NimbusRomNo9L-Regu,9.963
iclr-2026-3dfd982128a2,ICLR,oral,figure,Figure 1,2,main,ImageRegistrationProblem.(a),108.0,164.921,142.892,173.887,TeXGyreTermesX-Bold,8.966
iclr-2026-3dfd982128a2,ICLR,oral,figure,Figure 2,4,main,Leftdarkred,108.0,218.783,144.116,227.749,TeXGyreTermesX-Bold,8.966
iclr-2026-3dfd982128a2,ICLR,oral,figure,Figure 3,5,main,Left,108.0,208.278,142.699,217.244,TeXGyreTermesX-Bold,8.966
iclr-2026-3dfd982128a2,ICLR,oral,figure,Figure 4,6,main,(a),108.0,157.799,144.866,166.765,TeXGyreTermesX-Bold,8.966
iclr-2026-3dfd982128a2,ICLR,oral,figure,Figure 5,7,main,1mm500m250m250m,108.0,365.92,143.696,374.886,TeXGyreTermesX-Bold,8.966
iclr-2026-3dfd982128a2,ICLR,oral,figure,Figure 6,8,main,µm→,108.0,168.086,143.652,177.052,TeXGyreTermesX-Bold,8.966
iclr-2026-3dfd982128a2,ICLR,oral,figure,Figure 7,9,main,gridsampler,108.0,216.715,144.052,225.681,TeXGyreTermesX-Bold,8.966
iclr-2026-3dfd982128a2,ICLR,oral,table,Table 1,9,main,Top,285.903,369.542,319.221,378.508,TeXGyreTermesX-Bold,8.966
iclr-2026-3dfd982128a2,ICLR,oral,figure,Figure 8,10,main,histology-stylepipelinestypicallyregisterconsecutiveslides,115.804,119.267,150.827,128.233,TeXGyreTermesX-Bold,8.966
iclr-2026-4826a74c05ee,ICLR,oral,figure,Figure 1,2,main,Rankingsof61languagemodelsontwoquestion-answeringbenchmarks:NaturalQues-,108.0,251.897,144.695,261.86,NimbusRomNo9L-Regu,9.963
iclr-2026-4826a74c05ee,ICLR,oral,table,Table 1,4,main,Wecategorizebenchmarksintolanguageun-,285.89,331.322,318.804,341.285,NimbusRomNo9L-Regu,9.963
iclr-2026-4826a74c05ee,ICLR,oral,table,Table 2,5,main,"Modelsconsidered,categorizedbymodelfamily.",190.046,81.722,222.175,91.685,NimbusRomNo9L-Regu,9.963
iclr-2026-4826a74c05ee,ICLR,oral,figure,Figure 2,5,main,Meanrankingagreementbetweeneachbenchmarkandallothers.WecalculateKendall’sτ,108.0,362.583,143.578,372.546,NimbusRomNo9L-Regu,9.963
iclr-2026-4826a74c05ee,ICLR,oral,figure,Figure 3,6,main,Cross-categoryrankingagreementfordirectevaluation(left)andtrain-before-test(right).,108.0,240.193,144.451,250.156,NimbusRomNo9L-Regu,9.963
iclr-2026-4826a74c05ee,ICLR,oral,figure,Figure 4,7,main,Rankingagreementbetweenperplexityrankingsanddownstreambenchmarkrankings,108.0,230.999,145.396,240.962,NimbusRomNo9L-Regu,9.963
iclr-2026-4826a74c05ee,ICLR,oral,figure,Figure 5,7,main,Rankingagreementbetweenperplexityrankingsbeforefine-tuning(directevaluation),108.0,460.24,145.264,470.203,NimbusRomNo9L-Regu,9.963
iclr-2026-4826a74c05ee,ICLR,oral,figure,Figure 6,8,main,Explainedvarianceratiosofthetopfiveprincipalcomponentsofthebenchmarkscore,108.0,238.837,145.375,248.8,NimbusRomNo9L-Regu,9.963
iclr-2026-4826a74c05ee,ICLR,oral,figure,Figure 7,8,main,PC1scoresundertrain-before-test,333.723,722.036,368.812,731.999,NimbusRomNo9L-Regu,9.963
iclr-2026-4826a74c05ee,ICLR,oral,figure,Figure 8,9,main,ExplainedvarianceratiosofthetopfiveprincipalcomponentsoftheQscorematrix.,108.0,238.837,144.379,248.8,NimbusRomNo9L-Regu,9.963
iclr-2026-4826a74c05ee,ICLR,oral,figure,Figure 9,20,appendix,Crossbenchmarkrankingagreementunderdirectevaluation.Benchmarksaresortedbased,108.0,404.412,143.74,414.375,NimbusRomNo9L-Regu,9.963
iclr-2026-4826a74c05ee,ICLR,oral,figure,Figure 10,21,appendix,Crossbenchmarkrankingagreementundertrain-before-test.Benchmarksaresortedbased,108.0,556.108,148.352,566.071,NimbusRomNo9L-Regu,9.963
iclr-2026-4826a74c05ee,ICLR,oral,table,Table 3,22,appendix,Bitsperbyte(BPB)ofeightexcludedGmodelscomparedtoP-410Macross,107.691,81.722,139.628,91.685,NimbusRomNo9L-Regu,9.963
iclr-2026-4826a74c05ee,ICLR,oral,figure,Figure 11,23,appendix,PC1scoresundertrain-before-test.,214.395,627.722,255.63,637.685,NimbusRomNo9L-Regu,9.963
iclr-2026-4826a74c05ee,ICLR,oral,table,Table 4,24,appendix,ThemodelsusedinFigure7.Thenumberoftrainingtokensofthesemodelsispublicly,107.691,176.013,140.676,185.976,NimbusRomNo9L-Regu,9.963
iclr-2026-4826a74c05ee,ICLR,oral,table,Table 5,25,appendix,"WecalculateKendall’sτbetweeneachbenchmarkandeveryotherbenchmark,andthen",107.691,81.722,140.544,91.685,NimbusRomNo9L-Regu,9.963
iclr-2026-4826a74c05ee,ICLR,oral,table,Table 6,26,appendix,TheoverallaverageKendall’sτacrossallbenchmarkpairsformodelsineachsizebin.,114.548,81.722,146.677,91.685,NimbusRomNo9L-Regu,9.963
iclr-2026-4826a74c05ee,ICLR,oral,table,Table 7,27,appendix,TheoverallaverageKendall’sτacrossallbenchmarkpairsforeachmodelfamily.,124.331,81.722,156.46,91.685,NimbusRomNo9L-Regu,9.963
iclr-2026-4826a74c05ee,ICLR,oral,table,Table 8,27,appendix,Explainedvarianceratiosforthetopfiveprincipalcomponentsofthescorematrixforeach,107.691,203.144,139.67,213.107,NimbusRomNo9L-Regu,9.963
iclr-2026-4826a74c05ee,ICLR,oral,figure,Figure 12,30,appendix,"Meanrankingagreementbetweeneachbenchmarkandallothers,measuredbyKendall’s",108.0,277.502,148.884,287.465,NimbusRomNo9L-Regu,9.963
iclr-2026-4826a74c05ee,ICLR,oral,figure,Figure 13,30,appendix,"Cross-categoryrankingagreementfordirectevaluation(left)andtrain-before-test(right),",108.0,605.514,148.894,615.477,NimbusRomNo9L-Regu,9.963
iclr-2026-4826a74c05ee,ICLR,oral,figure,Figure 14,31,appendix,"Crossbenchmarkrankingagreementunderdirectevaluation,measuredbyKendall’stau-b",108.0,556.108,148.225,566.071,NimbusRomNo9L-Regu,9.963
iclr-2026-4826a74c05ee,ICLR,oral,figure,Figure 15,32,appendix,"Crossbenchmarkrankingagreementundertrain-before-test,measuredbyKendall’stau-b",108.0,556.108,148.391,566.071,NimbusRomNo9L-Regu,9.963
iclr-2026-4ddcea898ef4,ICLR,oral,figure,Figure 1,4,main,x∈16,416.879,494.103,455.135,504.066,NimbusRomNo9L-Regu,9.963
iclr-2026-4ddcea898ef4,ICLR,oral,figure,Figure 2,5,main,LatentFourierTransform(LFT).Weencodeaudio(whichmayberepresented,108.0,160.703,144.483,170.666,NimbusRomNo9L-Regu,9.963
iclr-2026-4ddcea898ef4,ICLR,oral,table,Table 1,9,main,ResultsonConditionalGenerationandBlendingontheMTG-JamendoTestset.Mel-,108.0,217.868,141.305,227.831,NimbusRomNo9L-Regu,9.963
iclr-2026-4ddcea898ef4,ICLR,oral,figure,Figure 3,10,main,ListeningstudyFigure4:Isolatingfrequenciesfromanelectronicmusicclip.We,108.0,190.315,148.687,200.278,NimbusRomNo9L-Regu,9.963
iclr-2026-4ddcea898ef4,ICLR,oral,figure,Figure 4,10,main,Isolatingfrequenciesfromanelectronicmusicclip.We,230.759,190.315,268.079,200.278,NimbusRomNo9L-Regu,9.963
iclr-2026-4ddcea898ef4,ICLR,oral,figure,Figure 5,10,main,Preservationcurvesin-,365.398,535.577,403.216,545.54,NimbusRomNo9L-Regu,9.963
iclr-2026-4ddcea898ef4,ICLR,oral,table,Table 2,18,appendix,MLPEncoderArchitecture,234.165,611.442,266.294,621.405,NimbusRomNo9L-Regu,9.963
iclr-2026-4ddcea898ef4,ICLR,oral,table,Table 3,19,appendix,1DU-NetEncoderHyperparameters,215.221,258.749,247.35,268.712,NimbusRomNo9L-Regu,9.963
iclr-2026-4ddcea898ef4,ICLR,oral,table,Table 4,19,appendix,DACEncoderHyperparameters,224.885,455.484,257.014,465.447,NimbusRomNo9L-Regu,9.963
iclr-2026-4ddcea898ef4,ICLR,oral,table,Table 5,19,appendix,DecoderHyperparameters,235.973,712.693,268.102,722.656,NimbusRomNo9L-Regu,9.963
iclr-2026-4ddcea898ef4,ICLR,oral,table,Table 6,20,appendix,TrainingHyperparameters,235.864,366.477,267.993,376.44,NimbusRomNo9L-Regu,9.963
iclr-2026-4ddcea898ef4,ICLR,oral,table,Table 7,20,appendix,OtherHyperparameters.FulldescriptionscanbefoundintheMethodssection(Sec.3),115.163,546.306,147.292,556.269,NimbusRomNo9L-Regu,9.963
iclr-2026-4ddcea898ef4,ICLR,oral,figure,Figure 6,21,appendix,Aquestionfromourlisteningstudysurvey.Aparticipantwillcompareeachorderedpair,108.0,537.259,144.383,547.222,NimbusRomNo9L-Regu,9.963
iclr-2026-4ddcea898ef4,ICLR,oral,table,Table 8,22,appendix,ResultsfromaKruskal-WallisHtestperformedonlisteningstudyresults.Allpairsof,108.0,181.928,141.086,191.891,NimbusRomNo9L-Regu,9.963
iclr-2026-4ddcea898ef4,ICLR,oral,table,Table 9,24,appendix,AblationresultsontheConditionalGenerationTask.Mel-CepstralDistortion(Timbre),108.0,312.948,140.598,322.911,NimbusRomNo9L-Regu,9.963
iclr-2026-4ddcea898ef4,ICLR,oral,table,Table 10,24,appendix,AblationresultsontheBlendingTask.Mel-CepstralDistortion(Timbre)isdividedby,108.0,482.56,145.778,492.523,NimbusRomNo9L-Regu,9.963
iclr-2026-4ddcea898ef4,ICLR,oral,figure,Figure 7,25,appendix,ExamplemaskswherethereisFigure8:Examplemasksfromourmask-,108.0,223.206,146.774,233.169,NimbusRomNo9L-Regu,9.963
iclr-2026-4ddcea898ef4,ICLR,oral,figure,Figure 8,25,appendix,Examplemasksfromourmask-,325.801,223.206,363.709,233.169,NimbusRomNo9L-Regu,9.963
iclr-2026-4ddcea898ef4,ICLR,oral,figure,Figure 9,26,appendix,"Aconditionalgenerationexample,wherewetake0.68–2.70Hzfromthelatentspectrum",108.0,370.021,144.413,379.984,NimbusRomNo9L-Regu,9.963
iclr-2026-4ddcea898ef4,ICLR,oral,figure,Figure 10,26,appendix,"Ablendingexample,wherewetake0–0.68Hzfromthefirstreference,and10.78–43",108.0,659.495,149.923,669.458,NimbusRomNo9L-Regu,9.963
iclr-2026-4ddcea898ef4,ICLR,oral,table,Table 11,27,appendix,ResultsonConditionalGenerationandBlendingontheGTZANdataset.Comparedto,108.0,368.832,145.798,378.795,NimbusRomNo9L-Regu,9.963
iclr-2026-4ddcea898ef4,ICLR,oral,table,Table 12,27,appendix,ResultsonConditionalGenerationandBlendingontheMaestrodataset.Eventhough,108.0,576.639,145.948,586.602,NimbusRomNo9L-Regu,9.963
iclr-2026-4ddcea898ef4,ICLR,oral,figure,Figure 11,28,appendix,"MoreSweepExamples.SongsaretakenfromtheGTZANdataset.Generally,genre",108.0,619.794,150.142,629.757,NimbusRomNo9L-Regu,9.963
iclr-2026-4ddcea898ef4,ICLR,oral,figure,Figure 12,29,appendix,Mel-spectrogramswhereweremovetheDFTduringbothtrainingandinference.During,108.0,608.074,149.046,618.037,NimbusRomNo9L-Regu,9.963
iclr-2026-4ddcea898ef4,ICLR,oral,figure,Figure 13,30,appendix,ConditioningonvariousRVQlayersintheVampnetModel(left)andonvariouslatent,108.0,320.614,149.664,330.577,NimbusRomNo9L-Regu,9.963
iclr-2026-4e1d7790186d,ICLR,oral,figure,Figure 1,4,main,"ViVerBenchOverview.ViVerBenchhasa1:1ratiooftruetofalseanswers;here,weshow",108.0,526.495,144.065,536.458,NimbusRomNo9L-Regu,9.963
iclr-2026-4e1d7790186d,ICLR,oral,table,Table 1,5,main,Rule-basedevaluationofadvancedVLMsonViVerBench.,167.247,73.87,199.376,83.833,NimbusRomNo9L-Regu,9.963
iclr-2026-4e1d7790186d,ICLR,oral,figure,Figure 2,6,main,Automatedpipelineforvisualverifierdataconstruction.,174.48,201.633,210.734,211.596,NimbusRomNo9L-Regu,9.963
iclr-2026-4e1d7790186d,ICLR,oral,figure,Figure 3,7,main,TrainingprogressoffourvisualverificationtasksonViVerBench.,155.033,391.922,191.287,401.885,NimbusRomNo9L-Regu,9.963
iclr-2026-4e1d7790186d,ICLR,oral,figure,Figure 4,7,main,Atomiccapabilitiesinvisualverifier.,307.187,647.934,343.441,657.897,NimbusRomNo9L-Regu,9.963
iclr-2026-4e1d7790186d,ICLR,oral,figure,Figure 5,8,main,OmniVerifier-TTS:sequentialtest-timescalingpipelineofunifiedmultimodalmodels.,113.888,179.733,150.142,189.696,NimbusRomNo9L-Regu,9.963
iclr-2026-4e1d7790186d,ICLR,oral,figure,Figure 6,9,main,QualitativevisualizationofOmniVerifier-TTS.,193.1,241.003,229.354,250.966,NimbusRomNo9L-Regu,9.963
iclr-2026-4e1d7790186d,ICLR,oral,table,Table 2,9,main,EvaluationofOmniVerifier-TTSonreasoningandcompositionalgenerationbenchmarks.,108.0,535.248,139.731,545.211,NimbusRomNo9L-Regu,9.963
iclr-2026-4e1d7790186d,ICLR,oral,figure,Figure 7,10,main,ComparisionbetweenParallelandSe-,306.0,327.94,343.121,337.903,NimbusRomNo9L-Regu,9.963
iclr-2026-4e1d7790186d,ICLR,oral,table,Table 3,10,main,EvaluationofParallelandSequentialTest-TimeScalinginUMMs.,151.68,374.334,183.809,384.297,NimbusRomNo9L-Regu,9.963
iclr-2026-4e1d7790186d,ICLR,oral,table,Table 4,26,appendix,EvaluationResultsonVLRewardBench.,204.526,317.526,236.655,327.489,NimbusRomNo9L-Regu,9.963
iclr-2026-4e1d7790186d,ICLR,oral,table,Table 5,26,appendix,EvaluationResultsonMainstreamPerceptionandImage-reasoningBenchmarks.,123.561,442.566,155.69,452.529,NimbusRomNo9L-Regu,9.963
iclr-2026-4e1d7790186d,ICLR,oral,table,Table 6,27,appendix,"PerformanceandRefinementEfficiencyAcrossBackbones,Verifiers,andTTSStrategies.",108.0,79.469,140.099,89.432,NimbusRomNo9L-Regu,9.963
iclr-2026-4e1d7790186d,ICLR,oral,table,Table 7,27,appendix,,208.114,402.909,240.244,412.872,NimbusRomNo9L-Regu,9.963
iclr-2026-4e1d7790186d,ICLR,oral,figure,Figure 8,28,appendix,MoreresultsofOmniVerifier-TTS.,216.701,316.813,252.955,326.776,NimbusRomNo9L-Regu,9.963
iclr-2026-4e1d7790186d,ICLR,oral,figure,Figure 9,28,appendix,Failurecasesinimagequalitycausedbythebackbone’slimitededitingcapability.,122.64,606.719,158.894,616.682,NimbusRomNo9L-Regu,9.963
iclr-2026-4e1d7790186d,ICLR,oral,figure,Figure 10,31,appendix,ExtendOmniVerifiertoworld-modelinginterleavedreasoningtasks:MazeandRobotics.,108.0,329.554,148.857,339.517,NimbusRomNo9L-Regu,9.963
iclr-2026-51378f92df54,ICLR,oral,figure,Figure 1,1,main,SFTvs.RLinlong-,377.277,728.565,415.201,738.528,NimbusRomNo9L-Regu,9.963
iclr-2026-51378f92df54,ICLR,oral,figure,Figure 2,4,main,"RLTrainingcurvesofthreesetups(Base-nothink,Base-think,andContinual-Pretrain-think)",108.0,223.678,143.168,233.641,NimbusRomNo9L-Regu,9.963
iclr-2026-51378f92df54,ICLR,oral,figure,Figure 3,6,main,EloscoresevaluatedonArena-Write,306.0,346.024,344.148,355.987,NimbusRomNo9L-Regu,9.963
iclr-2026-51378f92df54,ICLR,oral,table,Table 1,7,main,WritingBenchperformanceofdifferentLLMsacrosssixdomainsandthreewritingrequire-,107.691,273.887,139.519,283.85,NimbusRomNo9L-Regu,9.963
iclr-2026-51378f92df54,ICLR,oral,figure,Figure 4,8,main,Arena-WriteperformanceacrossRL,306.0,496.425,344.585,506.388,NimbusRomNo9L-Regu,9.963
iclr-2026-51378f92df54,ICLR,oral,figure,Figure 5,9,main,Win-rateresultsofLongWriter-Zeroinhuman-in-the-loopwin-rateevaluation.Leftsix,108.0,235.558,145.07,245.521,NimbusRomNo9L-Regu,9.963
iclr-2026-51378f92df54,ICLR,oral,figure,Figure 6,9,main,"Evolutionofthe""thinking""tokenlength",306.0,506.099,341.947,516.062,NimbusRomNo9L-Regu,9.963
iclr-2026-51378f92df54,ICLR,oral,table,Table 2,16,appendix,Continualpretrainingdatadistribution.,210.574,81.722,242.703,91.685,NimbusRomNo9L-Regu,9.963
iclr-2026-51378f92df54,ICLR,oral,table,Table 3,17,appendix,"LongWriter-Zero-14Bachievesstronggainsatsmallerscale.Evenat14Bparameters,",107.691,615.354,140.218,625.317,NimbusRomNo9L-Regu,9.963
iclr-2026-51378f92df54,ICLR,oral,table,Table 4,18,appendix,LongWriter-on-32BSFTbaseline.WeevaluateQwen2.5-32BtrainedwithLongWriter,107.691,137.353,140.358,147.316,NimbusRomNo9L-Regu,9.963
iclr-2026-51378f92df54,ICLR,oral,table,Table 5,18,appendix,LongBench-Writeresults.BaselinescoresfollowBaietal.(2025).LongWriter-Zero-32B,107.691,467.277,140.057,477.24,NimbusRomNo9L-Regu,9.963
iclr-2026-51419d6897b2,ICLR,oral,figure,Figure 1,2,main,Existingmeta-evaluationmetrics(e.g.,306.0,490.324,343.833,500.287,NimbusRomNo9L-Regu,9.963
iclr-2026-51419d6897b2,ICLR,oral,figure,Figure 2,4,main,AgreementandMDADmeasuresonMMLU-ProforuniformrandomsamplingandAnchor,108.0,602.401,143.421,612.364,NimbusRomNo9L-Regu,9.963
iclr-2026-51419d6897b2,ICLR,oral,table,Table 1,5,main,SummaryofdifferencesbetweenMDADandexistingmeta-evaluationmeasures.,126.614,81.722,158.743,91.685,NimbusRomNo9L-Regu,9.963
iclr-2026-51419d6897b2,ICLR,oral,figure,Figure 3,6,main,Comparingsixmicro-benchmarkingapproachesontwobenchmarks.y-axisshowsagree-,108.0,222.446,144.336,232.409,NimbusRomNo9L-Regu,9.963
iclr-2026-51419d6897b2,ICLR,oral,figure,Figure 4,8,main,MDADgivesmoregranularinformationthanmeanestimationerrorandKendall’staurank,108.0,285.182,143.687,295.145,NimbusRomNo9L-Regu,9.963
iclr-2026-51419d6897b2,ICLR,oral,figure,Figure 5,9,main,Whencomparing8B-parameterinstruction-tuned,266.398,339.416,302.886,349.379,NimbusRomNo9L-Regu,9.963
iclr-2026-51419d6897b2,ICLR,oral,figure,Figure 6,10,main,MDADismodestlyhigheronMMLU-Prowhenpredictingrelativemodelperformanceona,108.0,176.382,143.304,186.345,NimbusRomNo9L-Regu,9.963
iclr-2026-51419d6897b2,ICLR,oral,figure,Figure 7,15,appendix,MDADswhenusingdifferentthresholdsforagreementarequalitativelysimilar.Thesecond,108.0,585.487,143.295,595.45,NimbusRomNo9L-Regu,9.963
iclr-2026-51419d6897b2,ICLR,oral,table,Table 2,16,appendix,Averagetime(seconds)forcompletionofonetrial.,266.089,382.457,298.058,392.42,NimbusRomNo9L-Regu,9.963
iclr-2026-51419d6897b2,ICLR,oral,table,Table 3,16,appendix,"MDADswith95%confidenceintervalsforupto100trialsforuniformrandomsampling,",107.691,483.131,140.282,493.094,NimbusRomNo9L-Regu,9.963
iclr-2026-51419d6897b2,ICLR,oral,figure,Figure 8,17,appendix,MDADswhenusingdifferentbucketresolutionsforagreementarequalitativelysimilar.,108.0,372.867,144.999,382.83,NimbusRomNo9L-Regu,9.963
iclr-2026-51419d6897b2,ICLR,oral,figure,Figure 9,18,appendix,ExpandedversionofFigure3withalldatasets.Comparingsixmicro-benchmarking,108.0,389.586,145.883,399.549,NimbusRomNo9L-Regu,9.963
iclr-2026-51419d6897b2,ICLR,oral,figure,Figure 10,18,appendix,Resultswhenselectingafixedpercentageofexamplesfromeachsubtaskofabenchmark.,108.0,662.156,148.656,672.119,NimbusRomNo9L-Regu,9.963
iclr-2026-51419d6897b2,ICLR,oral,table,Table 4,19,appendix,ResultsfortheBenTomicro-benchmarkingmethod.,184.317,207.166,216.446,217.129,NimbusRomNo9L-Regu,9.963
iclr-2026-51419d6897b2,ICLR,oral,figure,Figure 11,19,appendix,"ForallmethodsonMMLU,MMLU-Pro,andBBH,MDADisnearlythesamewhen",108.0,535.901,150.487,545.864,NimbusRomNo9L-Regu,9.963
iclr-2026-51419d6897b2,ICLR,oral,figure,Figure 12,20,appendix,"Forallmethods,MDADismodestlyhigherwhenpredictingrelativemodelperformance",108.0,360.425,149.121,370.388,NimbusRomNo9L-Regu,9.963
iclr-2026-51419d6897b2,ICLR,oral,table,Table 5,20,appendix,ChangesinmeanestimationerrorandKendall’staurankcorrelationforMMLU-Pro,107.691,472.006,141.662,481.969,NimbusRomNo9L-Regu,9.963
iclr-2026-51419d6897b2,ICLR,oral,figure,Figure 13,21,appendix,Allowingmicro-benchmarkingmethodsaccesstoincreasingnumbersofsourcemodels,108.0,397.945,149.555,407.908,NimbusRomNo9L-Regu,9.963
iclr-2026-51419d6897b2,ICLR,oral,figure,Figure 14,22,appendix,Whencomparing8B-parameterinstruction-tunedmodelsonMMLU-Pro:per-model,108.0,269.405,150.629,279.368,NimbusRomNo9L-Regu,9.963
iclr-2026-51419d6897b2,ICLR,oral,figure,Figure 15,22,appendix,Pairwisemodelcomparisonsareoftenbetweenmodelswithsimilaraccuracieswhen,108.0,578.416,150.568,588.379,NimbusRomNo9L-Regu,9.963
iclr-2026-51419d6897b2,ICLR,oral,figure,Figure 16,23,appendix,Fullresultswhenselectingafixednumberofexamplesfromacrossentirebenchmarks.,108.0,633.585,149.937,643.548,NimbusRomNo9L-Regu,9.963
iclr-2026-51419d6897b2,ICLR,oral,figure,Figure 17,24,appendix,Fullresultswhenselectingafixedpercentageofexamplesfromacrossentirebenchmarks.,108.0,639.511,148.532,649.474,NimbusRomNo9L-Regu,9.963
iclr-2026-557a29cfb5fa,ICLR,oral,figure,Figure 1,1,main,CompositionalDiffusionwithGuided,286.199,657.827,325.671,667.789,NimbusRomNo9L-Regu,9.963
iclr-2026-557a29cfb5fa,ICLR,oral,figure,Figure 2,2,main,ApplicationsofCDGS.(Top)Longhorizonmotionplanning:CDGSdiscoversavalid,108.0,268.902,144.892,278.864,NimbusRomNo9L-Regu,9.963
iclr-2026-557a29cfb5fa,ICLR,oral,figure,Figure 3,3,main,Runningexample.(a)Considera1D-domainofxvariabledistributionsandy,108.0,167.117,144.503,177.079,NimbusRomNo9L-Regu,9.963
iclr-2026-557a29cfb5fa,ICLR,oral,figure,Figure 4,4,main,"CompositionaldiffusionwithGuidedSearch.Ateachdenoisingtimestep,CDGSit-",108.0,216.55,144.961,226.512,NimbusRomNo9L-Regu,9.963
iclr-2026-557a29cfb5fa,ICLR,oral,table,Table 1,7,main,OGbench[48]:learningfromstitchandplaydatasets.Withmuchlesstrainingdata,108.0,203.459,140.916,213.421,NimbusRomNo9L-Regu,9.963
iclr-2026-557a29cfb5fa,ICLR,oral,table,Table 2,7,main,StitchingcompositetaskAntSoccerinOGBench[48].WeevaluateCDGSonhigh-,108.0,332.029,141.205,341.991,NimbusRomNo9L-Regu,9.963
iclr-2026-557a29cfb5fa,ICLR,oral,table,Table 3,7,main,EvaluationonTAMPtask-suite.WecompareCDGSwithrelevantsearch-based(PDDL,108.0,686.534,140.299,696.496,NimbusRomNo9L-Regu,9.963
iclr-2026-557a29cfb5fa,ICLR,oral,figure,Figure 5,8,main,Left:Visualizingplanpruning.Whencompositionalsamplingchoosesaninfeasi-,108.0,257.33,145.698,267.292,NimbusRomNo9L-Regu,9.963
iclr-2026-557a29cfb5fa,ICLR,oral,figure,Figure 6,9,main,Panoramaimagegeneration.Theaboveﬁgureshowsthequalitativecomparisonof,108.0,289.898,145.459,299.86,NimbusRomNo9L-Regu,9.963
iclr-2026-557a29cfb5fa,ICLR,oral,table,Table 4,9,main,Quantitativecomparisonofpanoramageneration.Wegenerate1000panoramasof,108.0,418.2,141.305,428.162,NimbusRomNo9L-Regu,9.963
iclr-2026-557a29cfb5fa,ICLR,oral,table,Table 5,9,main,Quantitativecomparisonoflong-videogeneration.Weevaluatetheperformanceof,108.0,667.694,141.375,677.656,NimbusRomNo9L-Regu,9.963
iclr-2026-557a29cfb5fa,ICLR,oral,figure,Figure 7,10,main,Longvideogeneration.CDGSw/PR(below)maintainssubject-consistencywhileCDGS,108.0,212.983,143.666,222.945,NimbusRomNo9L-Regu,9.963
iclr-2026-5d471305c6f6,ICLR,oral,figure,Figure 1,4,main,"Hierarchicalrepresentationofthetokenizedsystemofequationsp=x2x2+5x2x,p=",108.0,568.332,143.666,578.295,NimbusRomNo9L-Regu,9.963
iclr-2026-5d471305c6f6,ICLR,oral,figure,Figure 2,7,main,Trainingdynamicscomparison;trainingmodelsonpredictingGro¨bnerbasesfor52hours,108.0,365.92,144.194,375.883,NimbusRomNo9L-Regu,9.963
iclr-2026-5d471305c6f6,ICLR,oral,table,Table 1,8,main,PerformanceofHATSolver-3oncomputingGro¨bnerbasesforpolynomialsystems,108.0,211.538,141.156,221.501,NimbusRomNo9L-Regu,9.963
iclr-2026-5d471305c6f6,ICLR,oral,table,Table 2,8,main,(ExactMatch)AccuracyofHATSolver-3trainedwithoutcurriculumonn=13vari-,108.0,604.495,140.697,614.458,NimbusRomNo9L-Regu,9.963
iclr-2026-5d471305c6f6,ICLR,oral,table,Table 3,9,main,ExactMatchAccuracy(%)ofourmodelonGro¨bnerbasispredictionofmultivariatepoly-,108.0,310.207,140.149,320.17,NimbusRomNo9L-Regu,9.963
iclr-2026-5d471305c6f6,ICLR,oral,table,Table 4,15,appendix,(ExactMatch)Accuracy(%)/SupportAccuracy(%)ofthebasetransformermodelin,108.0,90.808,141.136,100.771,NimbusRomNo9L-Regu,9.963
iclr-2026-5d471305c6f6,ICLR,oral,figure,Figure 3,15,appendix,Trainingbasemodelswithvaryingembeddingdimensionsandnumberoflayersfor48,108.0,587.792,144.941,597.755,NimbusRomNo9L-Regu,9.963
iclr-2026-5d471305c6f6,ICLR,oral,figure,Figure 4,16,appendix,Trainingdynamicscomparison;trainingmodelsfor72hoursonmultivariatedatasetsof,108.0,474.435,144.732,484.398,NimbusRomNo9L-Regu,9.963
iclr-2026-5d471305c6f6,ICLR,oral,figure,Figure 5,17,appendix,Trainingdynamicscomparison;trainingmodelsfor72hoursonmultivariatedatasetsof,108.0,365.92,144.732,375.883,NimbusRomNo9L-Regu,9.963
iclr-2026-5d471305c6f6,ICLR,oral,figure,Figure 6,18,appendix,ArchitecturaladaptationoftheHi-TransformerWuetal.(2021)formultivariatepolyno-,108.0,445.69,144.573,455.653,NimbusRomNo9L-Regu,9.963
iclr-2026-5d471305c6f6,ICLR,oral,table,Table 5,18,appendix,ExactMatchAccuracy(%)ofourmodelonGro¨bnerbasispredictionofmultivariate,108.0,525.411,141.355,535.374,NimbusRomNo9L-Regu,9.963
iclr-2026-5d471305c6f6,ICLR,oral,table,Table 6,19,appendix,DataGenerationConfigurationandexplanations.,190.654,268.342,222.783,278.305,NimbusRomNo9L-Regu,9.963
iclr-2026-5d471305c6f6,ICLR,oral,table,Table 7,19,appendix,Statisticsaboutthe13-variabledatasetsover.Max#MonomsinSys.isthemaximum,108.0,557.69,140.199,567.653,NimbusRomNo9L-Regu,9.963
iclr-2026-5d471305c6f6,ICLR,oral,table,Table 8,20,appendix,StatisticalComparisonofForwardandBackwardGenerationDatasetsforn=3over,111.53,169.781,143.659,179.744,NimbusRomNo9L-Regu,9.963
iclr-2026-5d471305c6f6,ICLR,oral,table,Table 9,20,appendix,IntrinsicDimensionalityAnalysis,221.144,356.216,253.273,366.179,NimbusRomNo9L-Regu,9.963
iclr-2026-5d471305c6f6,ICLR,oral,table,Table 10,20,appendix,BARTModelPerformanceonGro¨bnerBasisPredictionover,157.838,501.866,194.949,511.829,NimbusRomNo9L-Regu,9.963
iclr-2026-5d471305c6f6,ICLR,oral,table,Table 11,21,appendix,ComparisonofSTD-FGLMalgorithmexecutiontimesbetweenreportedliteraturevalues,108.0,161.863,145.3,171.826,NimbusRomNo9L-Regu,9.963
iclr-2026-5d471305c6f6,ICLR,oral,table,Table 12,21,appendix,Hyperparametersusedinourtable1trainingexperiment.,171.984,651.9,209.095,661.863,NimbusRomNo9L-Regu,9.963
iclr-2026-629630d76e2f,ICLR,oral,figure,Figure 1,2,main,"(a):OnefailuremodeofCMA-MAE.Onaflatobjectivef,solutionsθandθfallinthe",108.0,218.784,144.184,228.747,NimbusRomNo9L-Regu,9.963
iclr-2026-629630d76e2f,ICLR,oral,figure,Figure 2,3,main,"IntheLSI(Hiker)domain,theobjectiveis“Aphotoofthefaceofahiker,”andthe",108.0,209.879,145.539,219.842,NimbusRomNo9L-Regu,9.963
iclr-2026-629630d76e2f,ICLR,oral,table,Table 1,8,main,MeanQDScore(“QD”)andCoverage(“Cov”)foreachalgorithmineachdomain.,123.037,81.722,155.166,91.685,NimbusRomNo9L-Regu,9.963
iclr-2026-629630d76e2f,ICLR,oral,table,Table 2,10,main,Computation(wallclock)time(inseconds)ofeachalgorithmineachdomain.Weshowthe,108.0,81.722,139.93,91.685,NimbusRomNo9L-Regu,9.963
iclr-2026-629630d76e2f,ICLR,oral,figure,Figure 3,22,appendix,MeanandstandarderrorofthemeanforQDScoreandCoverageofeachalgorithmin,108.0,165.846,144.981,175.809,NimbusRomNo9L-Regu,9.963
iclr-2026-629630d76e2f,ICLR,oral,figure,Figure 4,23,appendix,MeanandstandarderrorofthemeanforQDScoreandCoverageofeachalgorithmin,108.0,279.806,144.981,289.769,NimbusRomNo9L-Regu,9.963
iclr-2026-629630d76e2f,ICLR,oral,figure,Figure 5,24,appendix,"ArandomsubsetofimagesgeneratedbyDMSintheTA(MNIST)domain,wheredesired",108.0,303.659,144.065,313.622,NimbusRomNo9L-Regu,9.963
iclr-2026-629630d76e2f,ICLR,oral,figure,Figure 6,24,appendix,"ArandomsubsetofimagesgeneratedbyDMSintheTA(F-MNIST)domain,where",108.0,631.644,145.449,641.607,NimbusRomNo9L-Regu,9.963
iclr-2026-629630d76e2f,ICLR,oral,figure,Figure 7,25,appendix,Heatmapsofarandomlyselectedarchiveproducedbyeachalgorithmindomainswith,108.0,569.61,145.041,579.573,NimbusRomNo9L-Regu,9.963
iclr-2026-629630d76e2f,ICLR,oral,figure,Figure 8,26,appendix,ProgressionofthearchiveanddiscountmodelinDMSinthe2DLP(Sphere)benchmark.,108.0,576.624,144.134,586.587,NimbusRomNo9L-Regu,9.963
iclr-2026-629630d76e2f,ICLR,oral,table,Table 3,27,appendix,Welch’sone-wayANOVAresultsineachdomain.Allp-valuesarelessthan0.001.,123.147,108.683,155.276,118.646,NimbusRomNo9L-Regu,9.963
iclr-2026-629630d76e2f,ICLR,oral,table,Table 4,27,appendix,Pairwisecomparisons(Games-Howelltest)oftheQDScoreofeachalgorithm.,130.744,332.112,162.873,342.075,NimbusRomNo9L-Regu,9.963
iclr-2026-629630d76e2f,ICLR,oral,table,Table 5,28,appendix,Pairwisecomparisons(Games-Howelltest)oftheCoverageofeachalgorithm.,131.586,220.398,163.715,230.361,NimbusRomNo9L-Regu,9.963
iclr-2026-629630d76e2f,ICLR,oral,table,Table 6,29,appendix,Hyperparameters.,252.845,111.671,284.974,121.634,NimbusRomNo9L-Regu,9.963
iclr-2026-629630d76e2f,ICLR,oral,figure,Figure 9,32,appendix,MeanandstandarderrorofthemeanofQDScoreandCoveragewhenvaryingthearchive,108.0,193.311,144.045,203.274,NimbusRomNo9L-Regu,9.963
iclr-2026-629630d76e2f,ICLR,oral,figure,Figure 10,33,appendix,MeanandstandarderrorofthemeanofQDScoreandCoveragewhenvaryingthe,108.0,103.606,150.59,113.569,NimbusRomNo9L-Regu,9.963
iclr-2026-629630d76e2f,ICLR,oral,table,Table 7,33,appendix,MeanandstandarderrorofthemeanofQDScoreandCoveragewithabasicrestartrule,108.0,565.148,140.558,575.111,NimbusRomNo9L-Regu,9.963
iclr-2026-629630d76e2f,ICLR,oral,figure,Figure 11,34,appendix,"SimilartoFig.8,thisfigureshowshowthearchiveanddiscountmodelinDMSprogress",108.0,507.245,149.086,517.208,NimbusRomNo9L-Regu,9.963
iclr-2026-629630d76e2f,ICLR,oral,figure,Figure 12,36,appendix,Irwin-Halldistributionwhensummingruniformlyrandomvariableswithrange,108.0,392.527,151.915,402.49,NimbusRomNo9L-Regu,9.963
iclr-2026-649b366699a1,ICLR,oral,figure,Figure 1,2,main,UpperLeft:Singlevectorretrievalmethodcomputesascoreforeachpairofqueryand,108.0,290.035,144.583,299.998,NimbusRomNo9L-Regu,9.963
iclr-2026-649b366699a1,ICLR,oral,figure,Figure 2,5,main,Illustrationoftest-timescalingwithvaryingretrievalbudgets.Left:MEcon-,108.0,191.572,144.613,201.535,NimbusRomNo9L-Regu,9.963
iclr-2026-649b366699a1,ICLR,oral,table,Table 1,6,main,"Precision@1(%)resultsonMMEB,whichincludes36tasksacrossfourcategories:Clas-",108.0,81.722,140.269,91.685,NimbusRomNo9L-Regu,9.963
iclr-2026-649b366699a1,ICLR,oral,table,Table 2,7,main,"NDCG@5(%)resultsontheViDoRev2benchmark,whichcovers7tasksonvisualdoc-",108.0,81.722,140.398,91.685,NimbusRomNo9L-Regu,9.963
iclr-2026-649b366699a1,ICLR,oral,figure,Figure 3,8,main,ImpactofretrievalbudgetonMMEBacrossMEofvaryingmodelsizes.Re-,108.0,168.53,144.752,178.493,NimbusRomNo9L-Regu,9.963
iclr-2026-649b366699a1,ICLR,oral,figure,Figure 4,8,main,"Ablationstudies.functions,i.e.howitorganizesqueryandcandidateinformation",118.346,601.459,154.6,611.422,NimbusRomNo9L-Regu,9.963
iclr-2026-649b366699a1,ICLR,oral,table,Table 3,9,main,EfficiencyanalysisofME-7BwithdifferentretrievalbudgetsonanA100GPU,108.0,81.722,140.388,91.685,NimbusRomNo9L-Regu,9.963
iclr-2026-649b366699a1,ICLR,oral,table,Table 4,17,appendix,TrainingdetailsofMEvariants.,203.799,128.753,235.928,138.716,NimbusRomNo9L-Regu,9.963
iclr-2026-649b366699a1,ICLR,oral,table,Table 5,18,appendix,ComparisonbetweenMEandsingle-vector&multi-vectorretrievalmodels,108.0,81.722,141.694,91.685,NimbusRomNo9L-Regu,9.963
iclr-2026-649b366699a1,ICLR,oral,table,Table 6,19,appendix,Detailedperformanceon36MMEBtasks.Tablestyleandbaselineperformanceare,108.0,81.722,141.733,91.685,NimbusRomNo9L-Regu,9.963
iclr-2026-6a94cca2daa0,ICLR,oral,figure,Figure 1,6,main,TheoverallframeworkofourIn-PlaceTest-TimeTraining.Themoduleoperatessequen-,108.0,261.344,144.524,271.307,NimbusRomNo9L-Regu,9.963
iclr-2026-6a94cca2daa0,ICLR,oral,table,Table 1,7,main,"EvaluationresultsontheRULERbenchmark(Hsiehetal.,2024).Wereporttheaverage",107.691,593.089,140.554,603.052,NimbusRomNo9L-Regu,9.963
iclr-2026-6a94cca2daa0,ICLR,oral,table,Table 2,8,main,ExtensionofIn-PlaceTTTtoLLaMA-3.1-8BandQwen3-14B-BaseontheRULER,107.691,81.722,141.845,91.685,NimbusRomNo9L-Regu,9.963
iclr-2026-6a94cca2daa0,ICLR,oral,figure,Figure 2,8,main,SlidingWindowPerplexityatvaryingcontextlengthsonthePiledatasetfor500M(left),108.0,689.066,144.793,699.029,NimbusRomNo9L-Regu,9.963
iclr-2026-6a94cca2daa0,ICLR,oral,table,Table 3,9,main,Evaluationresultsof4Bmodelsoncommonsensereasoningandlong-contextevaluation,107.691,184.812,140.272,194.775,NimbusRomNo9L-Regu,9.963
iclr-2026-6a94cca2daa0,ICLR,oral,figure,Figure 3,9,main,"AblationstudiesonthekeydesignchoicesoftheIn-PlaceTTTframework,evaluatedon",108.0,334.667,144.649,344.63,NimbusRomNo9L-Regu,9.963
iclr-2026-6a94cca2daa0,ICLR,oral,figure,Figure 4,10,main,"EfficiencyanalysisofIn-PlaceTTT.Bothprefillthroughput(a,b)andpeakmemory(c,d)",108.0,178.906,144.056,188.869,NimbusRomNo9L-Regu,9.963
iclr-2026-6a94cca2daa0,ICLR,oral,table,Table 4,19,appendix,Traininghyperparametersfor500Mand1.5Bmodels.,180.527,278.786,212.656,288.749,NimbusRomNo9L-Regu,9.963
iclr-2026-6a94cca2daa0,ICLR,oral,table,Table 5,19,appendix,Traininghyperparametersfor1.7Bmodelsand4Bmodelspretraining,149.12,444.058,181.249,454.021,NimbusRomNo9L-Regu,9.963
iclr-2026-6a94cca2daa0,ICLR,oral,table,Table 6,19,appendix,Hyperparametersfortwo-stagecontinualpre-training.,180.527,594.068,212.656,604.031,NimbusRomNo9L-Regu,9.963
iclr-2026-6a94cca2daa0,ICLR,oral,table,Table 7,20,appendix,Hyperparametersforcontinualpre-trainingofLLaMA-3.1-8BandQwen3-14B-Base.,117.394,81.722,149.523,91.685,NimbusRomNo9L-Regu,9.963
iclr-2026-6a94cca2daa0,ICLR,oral,table,Table 8,20,appendix,Modelarchitecturalconfigurationsfor500Mand1.5BModel.,164.412,494.372,196.541,504.335,NimbusRomNo9L-Regu,9.963
iclr-2026-707ee355091a,ICLR,oral,table,Table 1,8,main,"ResultsofExp(Bonnetetal.,2023),Gau(Xuetal.,2016),Ber(Lemonnier&Vayatis,",108.0,81.732,140.538,91.695,NimbusRomNo9L-Regu,9.963
iclr-2026-707ee355091a,ICLR,oral,table,Table 2,9,main,Resultsonrefractoryscenariodatasetacross10trials.NotationsfollowTable1.,129.105,81.732,161.234,91.695,NimbusRomNo9L-Regu,9.963
iclr-2026-707ee355091a,ICLR,oral,table,Table 3,9,main,PerformanceofOursregardingthesupportwindowAonmutually-excitingscenario,108.0,233.301,141.624,243.264,NimbusRomNo9L-Regu,9.963
iclr-2026-707ee355091a,ICLR,oral,table,Table 4,10,main,Resultsonﬁnancialdatasetacross10trialswithstandarderrorsinbrackets.nllisthe,108.0,81.732,141.185,91.695,NimbusRomNo9L-Regu,9.963
iclr-2026-707ee355091a,ICLR,oral,figure,Figure 1,14,appendix,Examplesoftheestimatedtriggeringkernelsinthemutually-excitingscenario.Dashed,108.0,371.876,144.852,381.839,NimbusRomNo9L-Regu,9.963
iclr-2026-707ee355091a,ICLR,oral,figure,Figure 2,14,appendix,Examplesoftheestimatedtriggeringkernelsintherefractoryscenario.Dashedlines,108.0,676.396,145.449,686.359,NimbusRomNo9L-Regu,9.963
iclr-2026-707ee355091a,ICLR,oral,table,Table 5,21,appendix,AverageCPUtimeinsecondsacross10trials.Ndenotestheaveragedatasizepertrial.,113.317,83.233,145.446,93.196,NimbusRomNo9L-Regu,9.963
iclr-2026-707ee355091a,ICLR,oral,table,Table 6,22,appendix,AverageCPUtimeinsecondsacross5trials.,198.908,81.732,231.027,91.695,NimbusRomNo9L-Regu,9.963
iclr-2026-707ee355091a,ICLR,oral,table,Table 7,22,appendix,CPUtimeinsecondsofOursregardingthedimensionalityUacross5trialswithstandard,108.0,172.541,140.05,182.504,NimbusRomNo9L-Regu,9.963
iclr-2026-707ee355091a,ICLR,oral,figure,Figure 3,22,appendix,Scalingcurveofthetrainingtimeregardingthedimensionality.Thebluelinerepresents,108.0,585.805,144.593,595.768,NimbusRomNo9L-Regu,9.963
iclr-2026-707ee355091a,ICLR,oral,table,Table 8,23,appendix,EstimationaccuracyoftriggeringkernelsandpredictiveperformancebyOurs.Resultsare,108.0,81.732,139.791,91.695,NimbusRomNo9L-Regu,9.963
iclr-2026-776ac69ed891,ICLR,oral,table,Table 1,2,main,"It’salljustvectorization:einxreducesthelarge,inconsistentAPIofNumpy-likeframe-",108.0,81.722,140.299,91.685,NimbusRomNo9L-Regu,9.963
iclr-2026-776ac69ed891,ICLR,oral,table,Table 2,3,main,Supportforclassesofoperationsandvectorizationindifferenttypesofein*-notation.,108.0,81.722,141.544,91.685,NimbusRomNo9L-Regu,9.963
iclr-2026-776ac69ed891,ICLR,oral,table,Table 3,20,appendix,OverheadinmillisecondsofusingeinxforthreeexampleoperationswithNumpy.,124.831,81.722,156.96,91.685,NimbusRomNo9L-Regu,9.963
iclr-2026-776ac69ed891,ICLR,oral,table,Table 4,20,appendix,Usagestatisticsoflibrariesinthecontextoftensornotations.*:einsumisimplemented,108.0,169.792,140.707,179.755,NimbusRomNo9L-Regu,9.963
iclr-2026-82ba4792ed68,ICLR,oral,figure,Figure 1,3,main,IllustrationoftheLLM-graphinteractionstrategiesdescribedinSection3.1.,134.082,187.187,170.336,197.15,NimbusRomNo9L-Regu,9.963
iclr-2026-82ba4792ed68,ICLR,oral,table,Table 1,5,main,"AccuracyofbaselinesandLLM-graphinteractionmodesPrompting,GraphTool,andGraph-",107.691,90.768,139.207,100.731,NimbusRomNo9L-Regu,9.963
iclr-2026-82ba4792ed68,ICLR,oral,table,Table 2,6,main,"AccuracyofbaselinesandLLM-graphinteractionmodesPrompting,GraphTool,andGraph-",107.691,90.768,139.207,100.731,NimbusRomNo9L-Regu,9.963
iclr-2026-82ba4792ed68,ICLR,oral,table,Table 3,6,main,"AccuracyofbaselinesandLLM-graphinteractionmodesPrompting,GraphTool,andGraph-",107.691,278.626,139.207,288.589,NimbusRomNo9L-Regu,9.963
iclr-2026-82ba4792ed68,ICLR,oral,figure,Figure 2,7,main,"Accuracyof2-hoppromptingandGraph-as-Codeonthecora,arxiv,andcornelldatasets",108.0,286.969,144.54,296.932,NimbusRomNo9L-Regu,9.963
iclr-2026-82ba4792ed68,ICLR,oral,figure,Figure 3,8,main,Accuracyof2-hopprompt-,345.602,529.993,384.024,539.956,NimbusRomNo9L-Regu,9.963
iclr-2026-82ba4792ed68,ICLR,oral,figure,Figure 4,9,main,"Accuracyof2-hoppromptingandGraph-as-Codeonthecora,arxiv,andcornelldatasets",108.0,286.969,144.54,296.932,NimbusRomNo9L-Regu,9.963
iclr-2026-82ba4792ed68,ICLR,oral,table,Table 4,15,appendix,AccuracyofLLM-graphinteractionmodesPromptingandGraph-as-CodeacrossLLMsof,107.691,90.768,139.724,100.731,NimbusRomNo9L-Regu,9.963
iclr-2026-82ba4792ed68,ICLR,oral,table,Table 5,15,appendix,AccuracyofLLM-graphinteractionstrategiesPromptingandGraph-as-CodeacrossLLMs,107.691,372.414,139.67,382.377,NimbusRomNo9L-Regu,9.963
iclr-2026-82ba4792ed68,ICLR,oral,table,Table 6,16,appendix,"AveragetokencountsperqueryforeachLLM-graphinteractionmodesPrompting,Graph-",107.691,391.778,139.885,401.741,NimbusRomNo9L-Regu,9.963
iclr-2026-82ba4792ed68,ICLR,oral,table,Table 7,16,appendix,Averagelatency(wall-clocktimeinseconds)perqueryacrossforeachLLM-graphinterac-,107.691,652.801,139.67,662.764,NimbusRomNo9L-Regu,9.963
iclr-2026-82ba4792ed68,ICLR,oral,table,Table 8,18,appendix,"AccuracyofLLM-graphinteractionmodesPrompting,SummaryPrompting,GraphTool,",107.691,90.768,140.412,100.731,NimbusRomNo9L-Regu,9.963
iclr-2026-82ba4792ed68,ICLR,oral,table,Table 9,18,appendix,"AccuracyofbaselinesandLLM-graphinteractionmodesPrompting,GraphToolandGraph-",107.691,500.618,139.4,510.581,NimbusRomNo9L-Regu,9.963
iclr-2026-82ba4792ed68,ICLR,oral,table,Table 10,19,appendix,"MeanSquaredError(MSE)ofLLM-graphinteractionmodesPrompting,GraphTooland",107.691,427.365,144.987,437.328,NimbusRomNo9L-Regu,9.963
iclr-2026-82ba4792ed68,ICLR,oral,table,Table 11,20,appendix,"AccuracycomparisonbetweenclassicGNNs,hybridLLM+GNNs,andourevaluated",107.691,268.627,146.194,278.59,NimbusRomNo9L-Regu,9.963
iclr-2026-82ba4792ed68,ICLR,oral,table,Table 12,23,appendix,Statisticsofalldatasets,239.271,90.768,276.382,100.731,NimbusRomNo9L-Regu,9.963
iclr-2026-8374ca36d622,ICLR,oral,figure,Figure 1,2,main,A)Humanlanguageproductioninvolveshigh-levelfeaturessuchassemanticcontentand,108.0,229.343,144.255,239.306,NimbusRomNo9L-Regu,9.963
iclr-2026-8374ca36d622,ICLR,oral,figure,Figure 2,5,main,"TSNEvisualizationsofPythia-160mSAEdecompositionsofMMLUquestions,labeled",108.0,293.712,144.684,303.675,NimbusRomNo9L-Regu,9.963
iclr-2026-8374ca36d622,ICLR,oral,figure,Figure 3,6,main,AccuracyofprobestrainedonSAEdecompositionsforvariousSAEstrainedonGemma2-,108.0,182.62,143.817,192.583,NimbusRomNo9L-Regu,9.963
iclr-2026-8374ca36d622,ICLR,oral,table,Table 1,7,main,CorePerformanceMetrics.Wereportsmoothnessonfeaturesplitswhenapplicableand,108.0,81.722,140.798,91.685,NimbusRomNo9L-Regu,9.963
iclr-2026-8374ca36d622,ICLR,oral,figure,Figure 4,8,main,Top8mostactiveGemma2-2bTemporalSAEfeaturesoveraconcatenatedsequence,108.0,187.502,145.521,197.465,NimbusRomNo9L-Regu,9.963
iclr-2026-8374ca36d622,ICLR,oral,figure,Figure 5,9,main,Left.WeuseSAEstounderstanduserpreferencesintheHH-RLHFBaietal.(2022),108.0,224.668,145.182,234.631,NimbusRomNo9L-Regu,9.963
iclr-2026-8374ca36d622,ICLR,oral,table,Table 2,10,main,DifferenceinperformancebetweenablationandnormalPythia-160mTemporalSAEs.,115.666,81.722,147.797,91.685,NimbusRomNo9L-Regu,9.963
iclr-2026-8374ca36d622,ICLR,oral,table,Table 3,17,appendix,Chosenandrejectedexampleswithmaximaldifference(rejected−chosen)infeatureacti-,108.0,144.091,140.38,154.054,NimbusRomNo9L-Regu,9.963
iclr-2026-8374ca36d622,ICLR,oral,table,Table 4,18,appendix,Chosenandrejectedexampleswithmaximaldifference(rejected−chosen)infeatureacti-,108.0,81.722,140.38,91.685,NimbusRomNo9L-Regu,9.963
iclr-2026-8374ca36d622,ICLR,oral,table,Table 5,19,appendix,Additionalchosenandrejectedexampleswithmaximaldifference(rejected−chosen)in,108.0,125.989,141.017,135.952,NimbusRomNo9L-Regu,9.963
iclr-2026-8374ca36d622,ICLR,oral,table,Table 6,20,appendix,Top15featureswithgreatestdifferenceinmeansequenceactivationbetweenrejectedand,108.0,117.677,140.24,127.64,NimbusRomNo9L-Regu,9.963
iclr-2026-8374ca36d622,ICLR,oral,figure,Figure 6,20,appendix,CorrelationofdifferenceinT-SAEfeatureactivations(rejected−chosen)withdifferencein,108.0,649.931,143.678,659.894,NimbusRomNo9L-Regu,9.963
iclr-2026-8374ca36d622,ICLR,oral,table,Table 7,22,appendix,Examplesofsteeringwithmedicalandliteraturefeatures.T-SAEsrespondtohigh-level,108.0,569.706,140.728,579.669,NimbusRomNo9L-Regu,9.963
iclr-2026-8374ca36d622,ICLR,oral,table,Table 8,23,appendix,FeaturesusedforsteeringinterventionsonGemma2-2b.,176.467,61.797,208.598,71.76,NimbusRomNo9L-Regu,9.963
iclr-2026-8374ca36d622,ICLR,oral,figure,Figure 7,24,appendix,ProbingresultssplitacrosshighandlowsplitsforTemporalandMatryoshkaSAEs.,119.247,528.433,155.502,538.396,NimbusRomNo9L-Regu,9.963
iclr-2026-8374ca36d622,ICLR,oral,table,Table 9,24,appendix,"Lipschitz,Fourier,Wavelet,andMultiscalesmoothnessmetricsacrosshighandlowsplits.",108.254,568.139,140.385,578.102,NimbusRomNo9L-Regu,9.963
iclr-2026-8374ca36d622,ICLR,oral,figure,Figure 8,25,appendix,Top8mostactivefeaturesovertheconcatenatedsequenceoftextusedinFigure4for,108.0,388.685,145.082,398.648,NimbusRomNo9L-Regu,9.963
iclr-2026-8374ca36d622,ICLR,oral,table,Table 10,25,appendix,Absorption,263.485,649.774,300.597,659.737,NimbusRomNo9L-Regu,9.963
iclr-2026-8374ca36d622,ICLR,oral,figure,Figure 9,26,appendix,TSNEresultsforT-SAEtrainedonLlama-3.1-8b-Instruct,170.993,490.809,207.248,500.772,NimbusRomNo9L-Regu,9.963
iclr-2026-8374ca36d622,ICLR,oral,figure,Figure 10,27,appendix,AccuracyofprobestrainedonSAEdecompositionsofWikipediaandFineFineWebfor,108.0,278.329,149.495,288.292,NimbusRomNo9L-Regu,9.963
iclr-2026-8374ca36d622,ICLR,oral,figure,Figure 11,27,appendix,"AccuracyofprobestrainedonSAEdecompositionsofdatafromFineFineWeb(top),",108.0,645.989,150.153,655.952,NimbusRomNo9L-Regu,9.963
iclr-2026-8374ca36d622,ICLR,oral,figure,Figure 12,28,appendix,"TSNEvisualizationsofPythia-160mSAEdecompositionsofMMLUquestions,labeled",108.0,600.52,149.257,610.483,NimbusRomNo9L-Regu,9.963
iclr-2026-842e6221ed35,ICLR,oral,figure,Figure 1,1,main,OAcangeneratethousandsofconfigurableversionsofapps.OA,108.0,619.785,145.459,629.748,NimbusRomNo9L-Regu,9.963
iclr-2026-842e6221ed35,ICLR,oral,figure,Figure 2,4,main,"ScreenshotswithexampleappearancevariationsofallsixappsinOA:OpenToDo,",108.0,492.307,143.786,502.27,NimbusRomNo9L-Regu,9.963
iclr-2026-842e6221ed35,ICLR,oral,figure,Figure 3,5,main,WeorganizeagentsinteractionswithOAusingthestandardterminologylofre-,108.0,296.89,145.041,306.853,NimbusRomNo9L-Regu,9.963
iclr-2026-842e6221ed35,ICLR,oral,figure,Figure 4,7,main,Agentsaresensitivetoappvariations.Weshowthattheaveragesuccessrateoverall,108.0,288.324,144.742,298.287,NimbusRomNo9L-Regu,9.963
iclr-2026-842e6221ed35,ICLR,oral,figure,Figure 5,8,main,Reliabilitywithinfixedappversionsunderestimatesfluctuationsinperformance.In,108.0,322.542,144.463,332.505,NimbusRomNo9L-Regu,9.963
iclr-2026-842e6221ed35,ICLR,oral,figure,Figure 6,8,main,Agentreliabilitycanbelowintermsofperformanceacrossappvariations.Model,108.0,598.566,144.882,608.529,NimbusRomNo9L-Regu,9.963
iclr-2026-842e6221ed35,ICLR,oral,figure,Figure 7,20,appendix,ExamplesoftheOpenTodopagewithdifferentappvariations.,162.33,572.241,198.584,582.204,NimbusRomNo9L-Regu,9.963
iclr-2026-842e6221ed35,ICLR,oral,table,Table 1,21,appendix,Samplegoalsfortheevaluatedtasks,216.008,177.268,248.137,187.231,NimbusRomNo9L-Regu,9.963
iclr-2026-842e6221ed35,ICLR,oral,figure,Figure 8,22,appendix,"TheactionsetprovidedthroughBrowserGym,copiedfromAppendixA(23)",132.826,411.571,169.08,421.534,NimbusRomNo9L-Regu,9.963
iclr-2026-842e6221ed35,ICLR,oral,table,Table 2,23,appendix,Taskswiththelargestfluctuationinsuccessrateacrossapplicationvariations.Weshow,108.0,81.722,140.827,91.685,NimbusRomNo9L-Regu,9.963
iclr-2026-842e6221ed35,ICLR,oral,table,Table 3,24,appendix,Taskswithvariablesuccessrateacrossappvariations.Weshowallappvariationsforeach,108.0,115.739,140.159,125.702,NimbusRomNo9L-Regu,9.963
iclr-2026-842e6221ed35,ICLR,oral,figure,Figure 9,25,appendix,WecompareagentperformanceforClaude(left)andKimi-VL(right)asthetemperature,108.0,253.627,144.443,263.59,NimbusRomNo9L-Regu,9.963
iclr-2026-842e6221ed35,ICLR,oral,figure,Figure 10,25,appendix,Performancewithinafixedappversionoverestimatesreliability.Wecomparethe,108.0,617.541,149.992,627.504,NimbusRomNo9L-Regu,9.963
iclr-2026-842e6221ed35,ICLR,oral,table,Table 4,26,appendix,Breakdownofmodelperformancebytask.Modelperformance(asmeasuredbypass@1,108.0,608.584,139.86,618.547,NimbusRomNo9L-Regu,9.963
iclr-2026-842e6221ed35,ICLR,oral,table,Table 5,27,appendix,Agentreliabilitycanbelowintermsofperformanceacrossappearancevariations.,108.0,536.801,140.897,546.764,NimbusRomNo9L-Regu,9.963
iclr-2026-842e6221ed35,ICLR,oral,table,Table 6,28,appendix,Agentreliabilitycanbelowintermsofperformanceacrosscontentvariations.Model,108.0,487.877,140.08,497.84,NimbusRomNo9L-Regu,9.963
iclr-2026-842e6221ed35,ICLR,oral,table,Table 7,28,appendix,HigherHDisnolongeralwaysbetterwhenwefixthethecontentandvarytheappearance.,108.0,684.355,140.01,694.318,NimbusRomNo9L-Regu,9.963
iclr-2026-842e6221ed35,ICLR,oral,table,Table 8,30,appendix,Variationscaninteracttoformnewcombinationsofappversions.Weshowagenttask,108.0,392.585,141.066,402.548,NimbusRomNo9L-Regu,9.963
iclr-2026-842e6221ed35,ICLR,oral,table,Table 9,30,appendix,"Weshowperformanceontasksrequiringmultiplestepsacrosstodo,messenger,andcalen-",108.0,627.02,140.07,636.983,NimbusRomNo9L-Regu,9.963
iclr-2026-842e6221ed35,ICLR,oral,table,Table 10,31,appendix,Wemeasureagentstasksuccesswhenaskedtoadditemstothetodolistacrosspopular,108.0,569.678,145.539,579.641,NimbusRomNo9L-Regu,9.963
iclr-2026-842e6221ed35,ICLR,oral,table,Table 11,32,appendix,Agentsaremoreorlesspronetoloopactionsdependingontheappvariationsthey,108.0,629.785,145.439,639.748,NimbusRomNo9L-Regu,9.963
iclr-2026-842e6221ed35,ICLR,oral,table,Table 12,33,appendix,Agentsaremorelikelytohallucinateactionsincertainappvariationsthanothers.,108.0,341.597,145.609,351.56,NimbusRomNo9L-Regu,9.963
iclr-2026-842e6221ed35,ICLR,oral,table,Table 13,34,appendix,Agentsmaybemorepronetomisunderstandusers’intentwhentheappscontent,108.0,402.979,145.908,412.942,NimbusRomNo9L-Regu,9.963
iclr-2026-86ded246ec76,ICLR,oral,figure,Figure 1,2,main,Causalinterventionscanrecruithiddencircuitsthatproducemisleadinglyconfir-,108.0,253.385,145.385,263.348,NimbusRomNo9L-Regu,9.963
iclr-2026-86ded246ec76,ICLR,oral,figure,Figure 2,5,main,Representationaldivergenceisacommonoccurrenceacrossvariousinterventions.,108.0,189.931,144.902,199.894,NimbusRomNo9L-Regu,9.963
iclr-2026-86ded246ec76,ICLR,oral,figure,Figure 3,10,main,TheCLlossreducesrepresentationaldivergenceandcanimproveout-of-distribution,108.0,195.038,143.875,205.001,NimbusRomNo9L-Regu,9.963
iclr-2026-86ded246ec76,ICLR,oral,figure,Figure 4,22,appendix,Anumberofadditionaldivergencemeasurestodemonstratethedifferencebetweenthe,108.0,525.35,145.081,535.313,NimbusRomNo9L-Regu,9.963
iclr-2026-86ded246ec76,ICLR,oral,figure,Figure 5,23,appendix,VisualizationofthedifferentsynthetictasksusedforFigure3.TheDefaultTaskissplit,108.0,490.97,144.938,500.933,NimbusRomNo9L-Regu,9.963
iclr-2026-86ded246ec76,ICLR,oral,figure,Figure 6,24,appendix,OutofdistributionhyperparametersearchshowingtheDASIIAonOODvalidationdata,108.0,561.368,144.55,571.331,NimbusRomNo9L-Regu,9.963
iclr-2026-86ded246ec76,ICLR,oral,figure,Figure 7,25,appendix,IndistributionhyperparametersearchshowingtheDASIIAonin-distributionvalidation,108.0,561.368,144.659,571.331,NimbusRomNo9L-Regu,9.963
iclr-2026-86ded246ec76,ICLR,oral,figure,Figure 8,26,appendix,OutofdistributionhyperparametersearchshowingtheDASrow-spaceEMDonOOD,108.0,561.368,145.345,571.331,NimbusRomNo9L-Regu,9.963
iclr-2026-86ded246ec76,ICLR,oral,figure,Figure 9,27,appendix,IndistributionhyperparametersearchshowingtheDASrow-spaceEMDonvalidationdata,108.0,561.368,143.624,571.331,NimbusRomNo9L-Regu,9.963
iclr-2026-890e5fac4757,ICLR,oral,figure,Figure 1,1,main,"Givenanynumberofimagesandoptionalcameraposes,DepthAnything3reconstructs",108.0,507.646,144.393,517.609,NimbusRomNo9L-Regu,9.963
iclr-2026-890e5fac4757,ICLR,oral,figure,Figure 2,3,main,PipelineofDepthAnything3.DepthAnything3employsasingletransformer(vanilla,108.0,211.576,144.543,221.539,NimbusRomNo9L-Regu,9.963
iclr-2026-890e5fac4757,ICLR,oral,figure,Figure 3,4,main,Dual-DPTHead.Twobranchsshare,306.0,522.983,343.34,532.946,NimbusRomNo9L-Regu,9.963
iclr-2026-890e5fac4757,ICLR,oral,table,Table 1,6,main,ComparisonswithSOTAmethodsonposeaccuracy.WereportbothAuc3↑andAuc30,108.0,81.722,140.08,91.685,NimbusRomNo9L-Regu,9.963
iclr-2026-890e5fac4757,ICLR,oral,figure,Figure 4,6,main,Comparisonsofposeestimationquality.Cameratrajectoriesfortwovideosareshown.,108.0,384.585,144.314,394.548,NimbusRomNo9L-Regu,9.963
iclr-2026-890e5fac4757,ICLR,oral,table,Table 2,7,main,ComparisonswithSOTAmethodsonreconstructionaccuracy.Foralldatasetsexcept,108.0,81.722,140.458,91.685,NimbusRomNo9L-Regu,9.963
iclr-2026-890e5fac4757,ICLR,oral,figure,Figure 5,7,main,"Comparisonsofdepthquality.Comparedwithothermethods,ourdepthmapsexhibit",108.0,386.131,144.742,396.094,NimbusRomNo9L-Regu,9.963
iclr-2026-890e5fac4757,ICLR,oral,table,Table 3,7,main,Monoculardepthcomparisons.δ↑,311.243,632.811,343.372,642.774,NimbusRomNo9L-Regu,9.963
iclr-2026-890e5fac4757,ICLR,oral,figure,Figure 6,8,main,Comparisonsofpointcloudquality.Ourmodelproducespointcloudsthataremore,108.0,259.52,145.071,269.483,NimbusRomNo9L-Regu,9.963
iclr-2026-890e5fac4757,ICLR,oral,table,Table 5,8,main,Ablationsofprediction-targetcombinations.Notethatallexperimentsinthistabledo,108.0,298.666,140.598,308.629,NimbusRomNo9L-Regu,9.963
iclr-2026-890e5fac4757,ICLR,oral,table,Table 4,8,main,ComparisonswithSOTAmethodsonNVStask.,266.398,510.553,298.488,520.516,NimbusRomNo9L-Regu,9.963
iclr-2026-890e5fac4757,ICLR,oral,table,Table 6,9,main,Ablationsforsingletransformer.Weevaluatethreearchitecturaldesignswithcomparable,108.0,81.722,139.641,91.685,NimbusRomNo9L-Regu,9.963
iclr-2026-890e5fac4757,ICLR,oral,table,Table 7,18,appendix,Comparisonbetweencameraheadandray-basedposeestimationforDA3-Giant.,108.0,81.722,141.464,91.685,NimbusRomNo9L-Regu,9.963
iclr-2026-890e5fac4757,ICLR,oral,table,Table 8,18,appendix,Ablationstudyonrayoriginprediction.Wecompareper-pixelrayoriginprediction,108.0,166.486,141.136,176.449,NimbusRomNo9L-Regu,9.963
iclr-2026-890e5fac4757,ICLR,oral,figure,Figure 7,18,appendix,Poorqualityreal-worlddatasets.We,306.0,571.2,342.652,581.163,NimbusRomNo9L-Regu,9.963
iclr-2026-890e5fac4757,ICLR,oral,table,Table 9,21,appendix,"DatasetsusedinDepthAnything3,includingnumberofscenes,datatype,andusage.",116.084,276.46,148.213,286.423,NimbusRomNo9L-Regu,9.963
iclr-2026-890e5fac4757,ICLR,oral,table,Table 10,22,appendix,ComparisonofModelswithParametersandRunningSpeed.Themaximumnumber,108.0,81.722,145.31,91.685,NimbusRomNo9L-Regu,9.963
iclr-2026-890e5fac4757,ICLR,oral,table,Table 11,22,appendix,Ablationstudiesonteachermodelgeometry.Depth-basedgeometryachievesδcom-,108.0,239.629,145.31,249.592,NimbusRomNo9L-Regu,9.963
iclr-2026-890e5fac4757,ICLR,oral,table,Table 12,23,appendix,Ablationstudiesonteachermodelloss.Thefullteacher-lossconfigurationyieldsthe,108.0,81.722,145.708,91.685,NimbusRomNo9L-Regu,9.963
iclr-2026-890e5fac4757,ICLR,oral,table,Table 13,23,appendix,Ablationstudiesonteachermodeldata.V2denotesthedatasetsusedtotraintheDA2,108.0,172.358,145.26,182.321,NimbusRomNo9L-Regu,9.963
iclr-2026-890e5fac4757,ICLR,oral,figure,Figure 8,23,appendix,Comparisonofteacher-labelsupervision.Supervisionwithteacher-generatedlabels,108.0,620.548,145.3,630.511,NimbusRomNo9L-Regu,9.963
iclr-2026-890e5fac4757,ICLR,oral,table,Table 14,24,appendix,"Moreablationsforsingletransformer.Weevaluatetheeffectsofthedual-DPThead,",108.0,81.722,145.589,91.685,NimbusRomNo9L-Regu,9.963
iclr-2026-890e5fac4757,ICLR,oral,figure,Figure 9,25,appendix,Qualitativecomparisonswithstate-of-the-artmethodsforvisualrendering.Thefirst,108.0,656.427,144.324,666.39,NimbusRomNo9L-Regu,9.963
iclr-2026-9b8d9a086a72,ICLR,oral,figure,Figure 1,2,main,Themeta-architectureofWAFTconsistsofaninputencoderandarecurrentupdatemodule.Wefirst,108.0,209.602,140.557,218.569,NimbusRomNo9L-Regu,8.966
iclr-2026-9b8d9a086a72,ICLR,oral,figure,Figure 2,3,main,"Foreachpixel,thefullcostvolumecalculatesitsvisualsimilaritytoallpixelsintheotherframe",108.0,227.085,141.373,236.052,NimbusRomNo9L-Regu,8.966
iclr-2026-9b8d9a086a72,ICLR,oral,figure,Figure 3,4,main,"VisualizationsofdifferentmethodsonSpring(Mehletal.,2023).WAFT,benefitingfromhigh-",108.0,192.565,141.633,201.532,NimbusRomNo9L-Regu,8.966
iclr-2026-9b8d9a086a72,ICLR,oral,table,Table 1,4,main,Weprofilethetrainingmemorycostwithbatch,306.0,605.501,334.558,614.468,NimbusRomNo9L-Regu,8.966
iclr-2026-9b8d9a086a72,ICLR,oral,figure,Figure 4,5,main,"VisualizationsonSpring,KITTI,andSintelpublicbenchmarks(fromlefttoright).",139.64,241.002,172.269,249.969,NimbusRomNo9L-Regu,8.966
iclr-2026-9b8d9a086a72,ICLR,oral,table,Table 3,6,main,"WAFTranks1stonSpring(Mehletal.,2023)",306.0,701.929,335.006,710.896,NimbusRomNo9L-Regu,8.966
iclr-2026-9b8d9a086a72,ICLR,oral,table,Table 2,7,main,"Wereportendpoint-error(EPE)onSintel(Butleretal.,2012),FlonKITTI(Geigeretal.,2013),and",108.0,345.239,137.051,354.206,NimbusRomNo9L-Regu,8.966
iclr-2026-9b8d9a086a72,ICLR,oral,table,Table 4,8,main,WAFTachievesthebestcross-datasetgeneral-,306.0,500.335,334.791,509.302,NimbusRomNo9L-Regu,8.966
iclr-2026-9b8d9a086a72,ICLR,oral,table,Table 5,9,main,"Wereportthezero-shotablationresultsonSintel(train)(Butleretal.,2012)andSpring(sub-val)(Mehl",108.0,279.82,136.675,288.787,NimbusRomNo9L-Regu,8.966
iclr-2026-9b8d9a086a72,ICLR,oral,table,Table 6,14,main,"Wereporttheendpoint-error(EPE)onallsequencesofSintel(Butleretal.,2012),shownintheformat",108.0,225.842,136.63,234.809,NimbusRomNo9L-Regu,8.966
iclr-2026-a15993a7b6c3,ICLR,oral,figure,Figure 1,2,main,ScalableandexpressivepodcastsynthesiswithVV.Voicepromptsandtext,108.0,303.958,145.589,313.921,NimbusRomNo9L-Regu,9.963
iclr-2026-a15993a7b6c3,ICLR,oral,figure,Figure 2,3,main,AcousticTokenizer(upper)reconstructs,279.301,352.947,318.653,362.91,NimbusRomNo9L-Regu,9.963
iclr-2026-a15993a7b6c3,ICLR,oral,table,Table 1,6,main,Humansubjectiveandobjectiveevaluationresults.WER-WmeansusingWhisperwhile,108.0,190.65,140.667,200.613,NimbusRomNo9L-Regu,9.963
iclr-2026-a15993a7b6c3,ICLR,oral,table,Table 2,7,main,ResultsofVVandbaselinemodelsontheVV-Evaldatasetformulti-,108.0,231.412,141.056,241.375,NimbusRomNo9L-Regu,9.963
iclr-2026-a15993a7b6c3,ICLR,oral,figure,Figure 3,8,main,AblationofCFGandDDPMstepsonWERandSIM-O.Heatmapsshowtheeffectof,108.0,244.043,145.16,254.006,NimbusRomNo9L-Regu,9.963
iclr-2026-a15993a7b6c3,ICLR,oral,table,Table 3,8,main,ObjectiveevaluationofreconstructionqualityontheLibriTTStest-cleanandtest-other,108.0,389.262,141.175,399.225,NimbusRomNo9L-Regu,9.963
iclr-2026-a15993a7b6c3,ICLR,oral,table,Table 4,15,main,Listofmodelsandtoolsusedinourdataprocessingpipeline.,166.221,258.833,198.35,268.796,NimbusRomNo9L-Regu,9.963
iclr-2026-a15993a7b6c3,ICLR,oral,figure,Figure 4,15,main,AnillustrationoftheCoupledTokenizerarchitecture.Asingleencoderproducesashared,108.0,384.656,144.154,394.619,NimbusRomNo9L-Regu,9.963
iclr-2026-a15993a7b6c3,ICLR,oral,table,Table 5,16,appendix,Ablationstudyontokenizerarchitecturesforpodcastgeneration(nomorethan12minutes).,108.0,138.655,139.701,148.618,NimbusRomNo9L-Regu,9.963
iclr-2026-a15993a7b6c3,ICLR,oral,table,Table 6,16,appendix,ResultsontheSEEDtestsets.,228.337,447.019,260.466,456.982,NimbusRomNo9L-Regu,9.963
iclr-2026-a15993a7b6c3,ICLR,oral,table,Table 7,17,appendix,ReconstructionresultsonLibriSpeechtest-cleanset.Ndenotesthenumberofquantizers;,108.0,315.62,140.01,325.583,NimbusRomNo9L-Regu,9.963
iclr-2026-a15993a7b6c3,ICLR,oral,table,Table 8,17,appendix,Inferencecost(ms)andReal-TimeFactor(RTF)comparisonbetweenVVand,108.0,547.24,141.185,557.203,NimbusRomNo9L-Regu,9.963
iclr-2026-a15993a7b6c3,ICLR,oral,table,Table 9,18,appendix,SummaryoftraininghyperparametersforTokenizerandVVmodelstages.,121.424,567.757,153.553,577.72,NimbusRomNo9L-Regu,9.963
iclr-2026-a15993a7b6c3,ICLR,oral,table,Table 10,19,appendix,"DistributionoftheVV-Evaldataset,stratifiedbythenumberofspeakersper",108.0,178.907,146.226,188.87,NimbusRomNo9L-Regu,9.963
iclr-2026-a15993a7b6c3,ICLR,oral,figure,Figure 5,20,appendix,Annotationinterfaceofsubjectiveevaluation.,195.66,282.637,231.914,292.6,NimbusRomNo9L-Regu,9.963
iclr-2026-a15993a7b6c3,ICLR,oral,table,Table 11,21,appendix,Subjectiveandobjectiveevaluationonpodcastgeneration.Forallsubjectivemetricsand,108.0,461.999,145.26,471.962,NimbusRomNo9L-Regu,9.963
iclr-2026-a15993a7b6c3,ICLR,oral,figure,Figure 6,22,appendix,Spectrogramanalysisofthedenoisingprocess.(a)TheVoicePromptexhibitsnatural,108.0,319.758,145.081,329.721,NimbusRomNo9L-Regu,9.963
iclr-2026-a3ff676bae31,ICLR,oral,figure,Figure 1,1,main,Performancecomparisonamong,325.801,609.262,362.135,619.225,NimbusRomNo9L-Regu,9.963
iclr-2026-a3ff676bae31,ICLR,oral,figure,Figure 2,3,main,ComparisonofReasoningBetweenQ-InsightandQwen-VLontheIQATask.(left),108.0,691.002,144.463,700.965,NimbusRomNo9L-Regu,9.963
iclr-2026-a3ff676bae31,ICLR,oral,figure,Figure 3,4,main,Attentionheatmapduring,337.681,334.628,377.083,344.591,NimbusRomNo9L-Regu,9.963
iclr-2026-a3ff676bae31,ICLR,oral,figure,Figure 4,4,main,t-SNEvisualizationofvisualtokens,306.0,565.971,343.818,575.934,NimbusRomNo9L-Regu,9.963
iclr-2026-a3ff676bae31,ICLR,oral,table,Table 1,5,main,PLCC/SRCCComparisonofQ-InsighttrainedonKonIQandKADIDusingtheQwenVisual,108.0,75.864,140.398,85.827,NimbusRomNo9L-Regu,9.963
iclr-2026-a3ff676bae31,ICLR,oral,figure,Figure 5,6,main,Illustrationoftheproposedreasoning-alignedlightweightIQA(RALI)framework.,108.0,296.683,144.642,306.646,NimbusRomNo9L-Regu,9.963
iclr-2026-a3ff676bae31,ICLR,oral,table,Table 2,8,main,PLCC/SRCCcomparisononthesingle-domainscoreregressiontasksbetween,108.0,75.934,141.614,85.897,NimbusRomNo9L-Regu,9.963
iclr-2026-a3ff676bae31,ICLR,oral,table,Table 3,8,main,PLCC/SRCCcomparisononthecross-domainscoreregressiontasksbetweenRACT,108.0,401.753,139.87,411.716,NimbusRomNo9L-Regu,9.963
iclr-2026-a3ff676bae31,ICLR,oral,table,Table 4,9,main,AblationstudiesonthekeycomponentsofRALI.Itcanbeobservedthatalignment,108.0,70.952,141.175,80.915,NimbusRomNo9L-Regu,9.963
iclr-2026-a3ff676bae31,ICLR,oral,table,Table 5,9,main,Ablationonlabelsandtrainingmodulesincross-domainSFT.Scoresyieldnoout-of-,108.0,183.015,140.398,192.978,NimbusRomNo9L-Regu,9.963
iclr-2026-a3ff676bae31,ICLR,oral,figure,Figure 6,9,main,Efficiencycomparisonbe-,355.5,573.788,391.634,583.751,NimbusRomNo9L-Regu,9.963
iclr-2026-a3ff676bae31,ICLR,oral,table,Table A.1,15,appendix,PLCC/SRCCcomparisonofdifferenttrainingstrategies.Q-Insightwiththereasoning,108.0,443.387,150.022,453.35,NimbusRomNo9L-Regu,9.963
iclr-2026-a3ff676bae31,ICLR,oral,figure,Figure A.1,16,appendix,IllustrationsoftheproposedReasoning-AlignedCross-DomainTrainingFramework,108.0,228.472,154.665,238.435,NimbusRomNo9L-Regu,9.963
iclr-2026-a3ff676bae31,ICLR,oral,table,Table A.2,16,appendix,"1)ComparedtoQ-Insighttrainedonasingledataset,mixedtrainingleads",160.692,552.873,202.724,562.836,NimbusRomNo9L-Regu,9.963
iclr-2026-a3ff676bae31,ICLR,oral,table,Table A.3,17,appendix,PLCC/SRCCcomparisonwhentrainingRACTwithnumericscoresfromdifferent,108.0,109.974,150.999,119.937,NimbusRomNo9L-Regu,9.963
iclr-2026-a3ff676bae31,ICLR,oral,table,Table A.4,17,appendix,PromptsforRACT.,242.015,246.397,283.828,256.36,NimbusRomNo9L-Regu,9.963
iclr-2026-a3ff676bae31,ICLR,oral,table,Table A.5,18,appendix,AblationstudyonthehyperparameterselectionofRALI.,169.578,90.808,211.391,100.771,NimbusRomNo9L-Regu,9.963
iclr-2026-a3ff676bae31,ICLR,oral,table,Table A.6,18,appendix,PLCC/SRCCcomparisononsingle-domainscoreregressiontasks.Allmethodsare,108.0,288.737,150.66,298.7,NimbusRomNo9L-Regu,9.963
iclr-2026-a3ff676bae31,ICLR,oral,figure,Figure A.2,19,appendix,"VisualizationcomparisonbetweenourproposedRACTandvisualquality-R1(Wuetal.,",108.0,362.948,153.629,372.911,NimbusRomNo9L-Regu,9.963
iclr-2026-a3ff676bae31,ICLR,oral,figure,Figure A.3,19,appendix,"VisualizationcomparisonbetweenourproposedRACTandvisualquality-R1(Wuetal.,",108.0,693.647,153.629,703.61,NimbusRomNo9L-Regu,9.963
iclr-2026-a58db1cc65db,ICLR,oral,figure,Figure 1,4,main,AnillustrationoftheproposedCKpipeline.Kernelssampledfromthekernelbank,108.0,185.027,144.425,194.99,NimbusRomNo9L-Regu,9.963
iclr-2026-a58db1cc65db,ICLR,oral,table,Table 1,6,main,Averagezero-shotaccuracy(%)ontheUCRbenchmarkafterpre-trainingonsynthetic,107.691,138.664,141.032,148.627,NimbusRomNo9L-Regu,9.963
iclr-2026-a58db1cc65db,ICLR,oral,table,Table 2,6,main,Overallwall-clockgeneration,345.294,416.779,378.411,426.742,NimbusRomNo9L-Regu,9.963
iclr-2026-a58db1cc65db,ICLR,oral,figure,Figure 2,6,main,Clusteringstructureof,365.398,669.635,403.779,679.598,NimbusRomNo9L-Regu,9.963
iclr-2026-a58db1cc65db,ICLR,oral,figure,Figure 3,8,main,"ScalinglawofMOMENTandMantisdependingonthedatasetsize(left,middleleft,",108.0,184.987,145.406,194.95,NimbusRomNo9L-Regu,9.963
iclr-2026-a58db1cc65db,ICLR,oral,figure,Figure 4,8,main,Mantisembeddingsof100K,345.602,390.267,383.089,400.23,NimbusRomNo9L-Regu,9.963
iclr-2026-a58db1cc65db,ICLR,oral,figure,Figure 5,8,main,(Toprow)Non-linearitystatisticsofthe,306.0,589.2,341.984,599.163,NimbusRomNo9L-Regu,9.963
iclr-2026-a58db1cc65db,ICLR,oral,figure,Figure 6,9,main,Testaccuracyacrossepochsfor,325.801,274.499,364.182,284.462,NimbusRomNo9L-Regu,9.963
iclr-2026-a58db1cc65db,ICLR,oral,figure,Figure 7,9,main,PerformancecomparisonofMantisandMOMENTmodelsondifferentpre-trainingdatasets.,108.0,642.051,143.158,652.014,NimbusRomNo9L-Regu,9.963
iclr-2026-a58db1cc65db,ICLR,oral,table,Table 3,15,main,Overviewofpre-trainingdatasetsforTimeSeriesFoundationModels(TSFMs).,128.751,596.233,160.88,606.196,NimbusRomNo9L-Regu,9.963
iclr-2026-a58db1cc65db,ICLR,oral,figure,Figure 8,18,appendix,Visualizationsofcovariancematrices(top)andcorrespondingsampledtimeseries(bottom),108.0,325.478,143.539,335.441,NimbusRomNo9L-Regu,9.963
iclr-2026-a58db1cc65db,ICLR,oral,figure,Figure 9,19,appendix,Examplesoffourmeanfunctiontypesusedinthesyntheticdatapipeline.Eachfunction,108.0,185.734,144.757,195.697,NimbusRomNo9L-Regu,9.963
iclr-2026-a58db1cc65db,ICLR,oral,table,Table 4,20,appendix,Kernel/Parentsco-sweep.Increasingboththenumberofsampledkernelsinthe,107.691,81.722,142.587,91.685,NimbusRomNo9L-Regu,9.963
iclr-2026-a58db1cc65db,ICLR,oral,table,Table 5,20,appendix,Graphsizesweep.CKisinsensitivetoDAGsize.,175.421,225.196,207.55,235.159,NimbusRomNo9L-Regu,9.963
iclr-2026-a58db1cc65db,ICLR,oral,table,Table 6,20,appendix,GlobalandlocalalignmentbetweenUCRandsyntheticcorpora.Lowerisbetterfor,107.691,627.016,140.595,636.979,NimbusRomNo9L-Regu,9.963
iclr-2026-a58db1cc65db,ICLR,oral,table,Table 7,21,appendix,Exactaccuracyvaluesusedinthescalinglawplots(Figure3).,164.143,707.804,196.272,717.767,NimbusRomNo9L-Regu,9.963
iclr-2026-a58db1cc65db,ICLR,oral,table,Table 8,22,appendix,Exactzero-shotaccuracy(%)ontheUCRbenchmarkunderdifferentmodelsizesand,107.691,568.578,141.235,578.541,NimbusRomNo9L-Regu,9.963
iclr-2026-a58db1cc65db,ICLR,oral,figure,Figure 10,23,appendix,AccuracyonUCRdatasetwithvaryingmodelsizesfortheMantismodeltrainedonUEA,108.0,234.323,148.624,244.286,NimbusRomNo9L-Regu,9.963
iclr-2026-a58db1cc65db,ICLR,oral,table,Table 9,23,appendix,Domain-wiseUCRaccuracy(meanacrossdatasetswithineachType).∆=CauKer100K−,107.691,381.435,139.178,391.398,NimbusRomNo9L-Regu,9.963
iclr-2026-a58db1cc65db,ICLR,oral,table,Table 10,24,appendix,WOODSsummary(domainaveragesoverconstituentdatasets)andoverallstatistics.,107.691,81.722,146.56,91.685,NimbusRomNo9L-Regu,9.963
iclr-2026-a58db1cc65db,ICLR,oral,table,Table 11,25,appendix,Zero-shotforecastingonthechronos-zero-shotsuite(27non-overlappingsubsets).Lower,107.691,483.536,144.626,493.499,NimbusRomNo9L-Regu,9.963
iclr-2026-a58db1cc65db,ICLR,oral,figure,Figure 11,26,appendix,UMAPprojectionsofembeddingsproducedbytheCauKerpre-trainedencoder.Colour,108.0,374.195,149.453,384.158,NimbusRomNo9L-Regu,9.963
iclr-2026-a58db1cc65db,ICLR,oral,figure,Figure 12,27,appendix,"PCA-visualizationofMantisembeddingsforsamplesfromUCR,UEAandCauKer-",108.0,409.685,150.69,419.648,NimbusRomNo9L-Regu,9.963
iclr-2026-a58db1cc65db,ICLR,oral,figure,Figure 13,28,appendix,AttentionRolloutonUCRECGandFsamples.,180.756,467.414,221.991,477.377,NimbusRomNo9L-Regu,9.963
iclr-2026-a58db1cc65db,ICLR,oral,table,Table 12,29,appendix,Downstreamfine-tuningaccuracyonUCRforMantisusingthedefaultfine-tuningpipeline.,107.691,81.722,144.011,91.685,NimbusRomNo9L-Regu,9.963
iclr-2026-a58db1cc65db,ICLR,oral,table,Table 13,29,appendix,"Zero-shot-styleevaluationonirregular,multivariateclinicalbenchmarks.Wecomparethe",107.691,191.452,144.599,201.415,NimbusRomNo9L-Regu,9.963
iclr-2026-a8e7c788acec,ICLR,oral,figure,Figure 1,1,main,Theaccelerationratioandgenerativequality,286.199,595.805,322.572,605.768,NimbusRomNo9L-Regu,9.963
iclr-2026-a8e7c788acec,ICLR,oral,figure,Figure 2,3,main,OverviewofDualConsistencyframework(top:AlphaFold3;bottom:DCFold).,127.63,245.181,163.884,255.144,NimbusRomNo9L-Regu,9.963
iclr-2026-a8e7c788acec,ICLR,oral,table,Table 1,3,main,Trainingstagesandtheweightsofeachterm.,287.19,590.592,319.319,600.555,NimbusRomNo9L-Regu,9.963
iclr-2026-a8e7c788acec,ICLR,oral,table,Table 2,6,main,PosebustersV2RMSDbenchmarkresults.Wereportthepercentageofpredictionswith,108.0,89.812,140.777,99.775,NimbusRomNo9L-Regu,9.963
iclr-2026-a8e7c788acec,ICLR,oral,table,Table 3,6,main,TM-scoreandSuccessRate(SR)ondifferentproteincategoriesintheHomologyRecent,108.0,207.291,140.528,217.254,NimbusRomNo9L-Regu,9.963
iclr-2026-a8e7c788acec,ICLR,oral,figure,Figure 3,8,main,lDDTperformanceontheRecentPDBdataset.,192.397,203.818,228.651,213.781,NimbusRomNo9L-Regu,9.963
iclr-2026-a8e7c788acec,ICLR,oral,table,Table 4,8,main,DiversityandconfidencemetricsonthePosebustersV2benchmark.,152.696,234.488,184.825,244.451,NimbusRomNo9L-Regu,9.963
iclr-2026-a8e7c788acec,ICLR,oral,table,Table 5,9,main,Insilicosuccessratesacrosssixtargetsforbinderdesign(valuesshownasphysics-based,108.0,89.812,140.468,99.775,NimbusRomNo9L-Regu,9.963
iclr-2026-a8e7c788acec,ICLR,oral,table,Table 6,9,main,SuccessRatesofDifferentConsistency,306.0,336.041,338.986,346.004,NimbusRomNo9L-Regu,9.963
iclr-2026-a8e7c788acec,ICLR,oral,figure,Figure 4,9,main,TherelativeerroroftheEuler,345.602,630.372,381.886,640.335,NimbusRomNo9L-Regu,9.963
iclr-2026-a8e7c788acec,ICLR,oral,figure,Figure 5,10,main,GradientnormandlosscurveduringtrainingforECMandTGM.,155.386,210.535,191.64,220.498,NimbusRomNo9L-Regu,9.963
iclr-2026-a8e7c788acec,ICLR,oral,figure,Figure 6,14,appendix,"AstructurepredictioncasestudyofDCFold,comparedagainstAlphaFold3andtheex-",108.0,280.734,144.832,290.697,NimbusRomNo9L-Regu,9.963
iclr-2026-a8e7c788acec,ICLR,oral,figure,Figure 7,14,appendix,"Examplesfrombinder-designexperiments,withtargets:(A)ALK,(B)H3,(C)IL2Rα,",108.0,561.15,144.872,571.113,NimbusRomNo9L-Regu,9.963
iclr-2026-a8e7c788acec,ICLR,oral,table,Table 7,17,appendix,AverageinferencetimeofAlphaFold3andDCFoldacrosstokenbins.,149.304,89.812,181.433,99.775,NimbusRomNo9L-Regu,9.963
iclr-2026-a8e7c788acec,ICLR,oral,table,Table 8,18,appendix,Thetotalnumberofgeneratedsamplesinthebinderhallucinationexperiments.,130.336,89.812,162.465,99.775,NimbusRomNo9L-Regu,9.963
iclr-2026-a8e7c788acec,ICLR,oral,table,Table 9,18,appendix,Detailedinformationofbindertargetsinthebinderhallucinationexperiments.,132.498,162.046,164.627,172.009,NimbusRomNo9L-Regu,9.963
iclr-2026-a9967117d305,ICLR,oral,table,Table 1,3,main,Notation.,269.557,281.653,301.687,291.616,NimbusRomNo9L-Regu,9.963
iclr-2026-a9967117d305,ICLR,oral,figure,Figure 1,6,main,PerformanceofN2BmodelstrainedwithvaryingdatasizesDandactivationrates,108.0,254.071,144.931,264.034,NimbusRomNo9L-Regu,9.963
iclr-2026-a9967117d305,ICLR,oral,figure,Figure 2,7,main,PerformanceofN7BmodelstrainedwithvaryingdatasizesDandactivationrate,108.0,255.476,145.141,265.439,NimbusRomNo9L-Regu,9.963
iclr-2026-a9967117d305,ICLR,oral,figure,Figure 3,8,main,Downstreamperformanceof7Bmodels:pre-trained(top)andSFT-ed(middleandbot-,108.0,342.832,144.543,352.794,NimbusRomNo9L-Regu,9.963
iclr-2026-a9967117d305,ICLR,oral,table,Table 2,9,main,Accuracyof7BSFT-edmodelsacrossdifferentbenchmarks.,166.883,81.732,199.012,91.695,NimbusRomNo9L-Regu,9.963
iclr-2026-a9967117d305,ICLR,oral,table,Table 3,17,appendix,PretrainingdatarecipecomparedwiththeLLaMA-1recipe.,168.442,81.732,200.572,91.695,NimbusRomNo9L-Regu,9.963
iclr-2026-a9967117d305,ICLR,oral,figure,Figure 4,18,appendix,Resultsformodelshaperatiosζandµ.AnoverallupwardtrendisobservedinζasD,108.0,201.81,144.593,211.773,NimbusRomNo9L-Regu,9.963
iclr-2026-a9967117d305,ICLR,oral,table,Table 4,18,appendix,Commontrainingrecipe.,238.29,235.09,270.419,245.053,NimbusRomNo9L-Regu,9.963
iclr-2026-a9967117d305,ICLR,oral,table,Table 5,18,appendix,ExperimentalsettingsandresultsofMoElayerarrangementandsharedexpert.Hyperpa-,107.691,358.582,140.259,368.544,NimbusRomNo9L-Regu,9.963
iclr-2026-a9967117d305,ICLR,oral,table,Table 6,18,appendix,Experimentalsettingsandresultsofgatescorenormalization.Hyperparameterssharedby,107.691,507.495,140.03,517.458,NimbusRomNo9L-Regu,9.963
iclr-2026-a9967117d305,ICLR,oral,table,Table 7,18,appendix,Experimentalsettingsandresultsoftop-Ksetting.Hyperparameterssharedbyallexper-,107.691,607.488,140.438,617.451,NimbusRomNo9L-Regu,9.963
iclr-2026-a9967117d305,ICLR,oral,table,Table 8,19,appendix,Experimentalsettingsandresultsofmodelshaperatios.Hyperparameterssharedbyall,107.691,86.289,140.658,96.252,NimbusRomNo9L-Regu,9.963
iclr-2026-a9967117d305,ICLR,oral,table,Table 9,19,appendix,ExperimentalsettingsandresultsofoptimalARsforMoEmodelswithN=2.15Band,107.691,314.133,140.408,324.095,NimbusRomNo9L-Regu,9.963
iclr-2026-a9967117d305,ICLR,oral,table,Table 10,19,appendix,ExperimentalsettingsandresultsofoptimalARsforMoEmodelsN=2.15Bwithﬁxed,107.691,557.817,144.832,567.779,NimbusRomNo9L-Regu,9.963
iclr-2026-a9967117d305,ICLR,oral,table,Table 11,20,appendix,ExperimentalsettingsandresultsofoptimalARsforMoEmodelswithN=6.52Bwith,107.691,81.992,144.941,91.954,NimbusRomNo9L-Regu,9.963
iclr-2026-a9967117d305,ICLR,oral,table,Table 12,20,appendix,ExperimentalsettingsandresultsofoptimalARsforMoEmodelswithN=6.52Bwith,107.691,200.33,144.941,210.293,NimbusRomNo9L-Regu,9.963
iclr-2026-a9967117d305,ICLR,oral,table,Table 13,20,appendix,"ExperimentalsettingsandresultsofoptimalARsfor2B,3B,and7Bdensebaselines.",115.287,344.45,152.398,354.412,NimbusRomNo9L-Regu,9.963
iclr-2026-a9967117d305,ICLR,oral,table,Table 14,20,appendix,Experimentalsettingsandresultsofdatareusing(D=68B)forMoEmodelswithN=,107.691,453.334,145.031,463.297,NimbusRomNo9L-Regu,9.963
iclr-2026-a9967117d305,ICLR,oral,table,Table 15,20,appendix,Experimentalsettingsandresultsofstrictdatareuse(D=65B)forMoEmodelswith,107.691,584.685,145.479,594.648,NimbusRomNo9L-Regu,9.963
iclr-2026-a9967117d305,ICLR,oral,figure,Figure 5,21,appendix,PerformanceofN3BmodelstrainedwithvaryingdatasizesDandactivationrate,108.0,332.43,145.141,342.393,NimbusRomNo9L-Regu,9.963
iclr-2026-a9967117d305,ICLR,oral,table,Table 16,21,appendix,Experimentalsettingsandresultsofdatareuse(D=114B)forMoEmodelswithN=,107.691,420.117,145.191,430.08,NimbusRomNo9L-Regu,9.963
iclr-2026-a9967117d305,ICLR,oral,table,Table 17,21,appendix,ExperimentalsettingsandresultsofloosedatareuseforMoEmodelswithN=6.52B,107.691,596.031,145.33,605.994,NimbusRomNo9L-Regu,9.963
iclr-2026-aa041113be40,ICLR,oral,figure,Figure 1,2,main,Illustrationoftheinvisiblesafetythreatintroducedbyourmethod.Throughmalicious,108.0,258.771,145.294,268.734,NimbusRomNo9L-Regu,9.963
iclr-2026-aa041113be40,ICLR,oral,figure,Figure 2,4,main,Astealthyinteractionchannelestablishedafterourfinetuning.Duringtheinference,108.0,174.551,146.026,184.514,NimbusRomNo9L-Regu,9.963
iclr-2026-aa041113be40,ICLR,oral,figure,Figure 3,5,main,Trainingandinferenceexamples.Ourfinetuningdatasetconsistsofthreeparts:Onepart,108.0,385.497,144.498,395.46,NimbusRomNo9L-Regu,9.963
iclr-2026-aa041113be40,ICLR,oral,figure,Figure 4,7,main,"Quantitativeresultsofthesafetyevaluation.Acrossthefourfinetunedmodels,LlamaGuard",108.0,220.424,143.246,230.387,NimbusRomNo9L-Regu,9.963
iclr-2026-aa041113be40,ICLR,oral,figure,Figure 5,8,main,Resultsofutilityevaluationofourmethodusingaproprietarycommercialmodel(GPT-4.1).,108.0,216.969,143.363,226.932,NimbusRomNo9L-Regu,9.963
iclr-2026-aa041113be40,ICLR,oral,figure,Figure 6,9,main,Resultsofutilityevaluationusinganopen-sourcemodel(Llama-3.3-70B-Instruct).,120.831,219.763,157.085,229.726,NimbusRomNo9L-Regu,9.963
iclr-2026-aa041113be40,ICLR,oral,figure,Figure 7,24,appendix,ResultsofutilityevaluationofourmethodusingPhi-4.,176.572,568.574,212.826,578.537,NimbusRomNo9L-Regu,9.963
iclr-2026-aa041113be40,ICLR,oral,figure,Figure 8,25,appendix,ResultsofutilityevaluationofourmethodusingMistral-24B-Base.,151.671,216.969,187.925,226.932,NimbusRomNo9L-Regu,9.963
iclr-2026-aa041113be40,ICLR,oral,table,Table 1,25,appendix,ResultsofutilityevaluationunderdifferentmodelsandresponseformatsonARC-Challenge.,107.691,249.053,139.1,259.016,NimbusRomNo9L-Regu,9.963
iclr-2026-aa041113be40,ICLR,oral,table,Table 2,25,appendix,QuantitativeresultsoftheablationstudyusingPhi-4.,182.325,658.549,214.454,668.512,NimbusRomNo9L-Regu,9.963
iclr-2026-aa041113be40,ICLR,oral,table,Table 3,26,appendix,QualitativecomparisonbetweenourmethodandthatofHalawietal.,150.734,90.768,182.863,100.731,NimbusRomNo9L-Regu,9.963
iclr-2026-aa041113be40,ICLR,oral,figure,Figure 9,27,appendix,ComparisonbetweenourmethodandthemethodbyHalawietal.(2024).,138.37,727.196,174.624,737.159,NimbusRomNo9L-Regu,9.963
iclr-2026-aa041113be40,ICLR,oral,table,Table 4,28,appendix,EvaluationresultsonAdvBenchusingGPT-4asthejudgingmodel.,153.379,278.165,185.508,288.128,NimbusRomNo9L-Regu,9.963
iclr-2026-aa041113be40,ICLR,oral,table,Table 5,28,appendix,UnsafeinteractionratesontheJBB-,305.691,366.863,340.526,376.826,NimbusRomNo9L-Regu,9.963
iclr-2026-aa041113be40,ICLR,oral,table,Table 6,28,appendix,Comparisonwithadditionalbaseline,305.691,482.429,340.648,492.392,NimbusRomNo9L-Regu,9.963
iclr-2026-aa041113be40,ICLR,oral,table,Table 7,29,appendix,UnsaferatesonAdvBenchforadditionalopen-,285.89,168.178,317.406,178.141,NimbusRomNo9L-Regu,9.963
iclr-2026-aa041113be40,ICLR,oral,table,Table 8,29,appendix,Experimentalresultsofpotentialdefense.,205.523,438.796,237.652,448.759,NimbusRomNo9L-Regu,9.963
iclr-2026-aa041113be40,ICLR,oral,table,Table 9,30,appendix,Functionsofthezero-widthUnicodecharactersusedinourmethod.,152.816,506.872,184.945,516.835,NimbusRomNo9L-Regu,9.963
iclr-2026-ab553a040c74,ICLR,oral,figure,Figure 1,2,main,Languagemodellogitsaresubjecttoconstraintsthatforcethemtolieonahigh-dimensional,108.0,178.261,143.041,188.223,TeXGyreTermesX-Regular,9.963
iclr-2026-ab553a040c74,ICLR,oral,figure,Figure 2,3,main,Atypicallanguagemodel’sfinallayersconsistofnormalizationfollowedbyalinear(or,108.0,244.338,144.678,254.3,TeXGyreTermesX-Regular,9.963
iclr-2026-ab553a040c74,ICLR,oral,figure,Figure 3,4,main,"Meandistancetothemodelellipseforlogprobsgeneratedfromseveralopen-weightmodels,",108.0,195.196,143.119,205.158,TeXGyreTermesX-Regular,9.963
iclr-2026-ab553a040c74,ICLR,oral,figure,Figure 4,6,main,"Thepredictedandtruevaluesforbiasandsingularvalues,andtheanglesbetweencolumns",108.0,328.372,143.392,338.334,TeXGyreTermesX-Regular,9.963
iclr-2026-ab553a040c74,ICLR,oral,figure,Figure 5,7,main,"Distancebetweenpredictedandtrueparametersforbias,stretch,androtation(lowerisbetter).",108.0,183.655,142.865,193.617,TeXGyreTermesX-Regular,9.963
iclr-2026-ab553a040c74,ICLR,oral,table,Table 1,7,main,"Models,theirsizes,thenumberofsamplesrequiredtoascertaintheiroutputellipse,and",107.691,338.875,140.554,348.837,TeXGyreTermesX-Regular,9.963
iclr-2026-ab553a040c74,ICLR,oral,figure,Figure 6,8,main,Extrapolatedrunningtimeofourimplementationoftheellipseextractionalgorithmfrom,108.0,214.451,144.042,224.413,TeXGyreTermesX-Regular,9.963
iclr-2026-ab553a040c74,ICLR,oral,figure,Figure 7,9,main,Acryptographicmessageauthenticationsystem(left)usesasharedsecretkeytovalidate,108.0,184.657,144.229,194.619,TeXGyreTermesX-Regular,9.963
iclr-2026-ab553a040c74,ICLR,oral,table,Table 2,13,main,Summaryofdifferentmodelattributionmethodsandtheirproperties.Somemethodclasses,107.691,245.958,139.665,255.92,TeXGyreTermesX-Regular,9.963
iclr-2026-ab553a040c74,ICLR,oral,figure,Figure 8,14,appendix,Anoverviewoftheintermediaterepresentationsinbothtraditional(gray)andour,108.0,177.456,146.463,187.418,TeXGyreTermesX-Regular,9.963
iclr-2026-ab553a040c74,ICLR,oral,figure,Figure 9,15,appendix,"Anillustrationofthelayernormoutputspace(left),whichisshownasthethickringatthe",108.0,158.871,143.773,168.833,TeXGyreTermesX-Regular,9.963
iclr-2026-ab553a040c74,ICLR,oral,figure,Figure 10,16,appendix,ModelrepresentationsandmappingsbetweenthemforLMswithalayernorm.Compared,108.0,197.892,148.205,207.854,TeXGyreTermesX-Regular,9.963
iclr-2026-ab553a040c74,ICLR,oral,figure,Figure 11,17,appendix,ThedistributionofL2normsofhiddenstates𝒙ˆfromtwopre-trainedlanguagemodels,108.0,172.371,149.816,182.333,TeXGyreTermesX-Regular,9.963
iclr-2026-af6a7ff26bd9,ICLR,oral,figure,Figure 1,2,main,WorkflowofP-GenRM.P-GenRMinfersascenario-specificuserpersonaandpreference,108.0,279.005,144.383,288.968,NimbusRomNo9L-Regu,9.963
iclr-2026-af6a7ff26bd9,ICLR,oral,figure,Figure 2,4,main,(a)Thethree-stagetrainingframeworkofP-GenRM(b)Anillustrationoftheperson-,108.0,267.646,145.22,277.609,NimbusRomNo9L-Regu,9.963
iclr-2026-af6a7ff26bd9,ICLR,oral,table,Table 1,8,main,ResultsonPersonalRewardBench.P-GenRMoutperformsallbaselinesonbothdatasets,108.0,81.722,140.857,91.685,NimbusRomNo9L-Regu,9.963
iclr-2026-af6a7ff26bd9,ICLR,oral,table,Table 2,8,main,"AblationstudiesofP-GenRMcompo-Table3:Comparisonofadaptive(PSI,Persona-",108.0,569.06,140.508,579.023,NimbusRomNo9L-Regu,9.963
iclr-2026-af6a7ff26bd9,ICLR,oral,table,Table 3,8,main,"Comparisonofadaptive(PSI,Persona-",306.0,569.06,339.185,579.023,NimbusRomNo9L-Regu,9.963
iclr-2026-af6a7ff26bd9,ICLR,oral,figure,Figure 3,9,main,Determinationofprototypenumbersandtheireffectonscalingperformance.Left:re-,108.0,181.229,144.961,191.192,NimbusRomNo9L-Regu,9.963
iclr-2026-af6a7ff26bd9,ICLR,oral,table,Table 4,9,main,Comparisonofdifferentscalingstrate-,306.0,422.574,339.365,432.537,NimbusRomNo9L-Regu,9.963
iclr-2026-af6a7ff26bd9,ICLR,oral,figure,Figure 4,10,main,VisualizationofUser–prototypedistributionsandrepresentativepreferencepatterns.Blue,108.0,233.943,144.134,243.906,NimbusRomNo9L-Regu,9.963
iclr-2026-af6a7ff26bd9,ICLR,oral,table,Table 5,10,main,Performanceswithcold-startsettings,306.0,536.476,340.59,546.439,NimbusRomNo9L-Regu,9.963
iclr-2026-af6a7ff26bd9,ICLR,oral,table,Table 6,14,appendix,Accuracy(%)ofLLM-as-a-Judgewithdifferenttypesofuserpreferenceindicators.,122.331,412.84,154.46,422.803,NimbusRomNo9L-Regu,9.963
iclr-2026-af6a7ff26bd9,ICLR,oral,table,Table 7,15,appendix,Performancechangesofthemodelafterreinforcementlearningunderdifferentα-βsettings,108.0,81.722,139.741,91.685,NimbusRomNo9L-Regu,9.963
iclr-2026-af6a7ff26bd9,ICLR,oral,figure,Figure 5,15,appendix,Thenumberofsamplesassignedtoeachprototypeandthecorrespondingperformanceof,108.0,488.828,144.234,498.791,NimbusRomNo9L-Regu,9.963
iclr-2026-af6a7ff26bd9,ICLR,oral,table,Table 8,16,appendix,DistributionofusergroupsinthePRISMdataset,190.943,81.722,223.072,91.685,NimbusRomNo9L-Regu,9.963
iclr-2026-af6a7ff26bd9,ICLR,oral,table,Table 9,16,appendix,StableperformanceofP-GenRMacrossprototypes,186.435,147.616,218.564,157.579,NimbusRomNo9L-Regu,9.963
iclr-2026-af6a7ff26bd9,ICLR,oral,figure,Figure 6,16,appendix,Asingleuser’spreferenceanalysisundermusicrecommendationsetting,142.176,486.561,178.43,496.524,NimbusRomNo9L-Regu,9.963
iclr-2026-af6a7ff26bd9,ICLR,oral,table,Table 10,17,appendix,P-GenRMoutperformsbaselinesmethodsusingmacro-accuracyasthemetric,130.48,151.265,167.591,161.228,NimbusRomNo9L-Regu,9.963
iclr-2026-af6a7ff26bd9,ICLR,oral,figure,Figure 7,17,appendix,Asingleuser’spreferenceanalysisunderseriousdiscussionsetting,152.687,649.22,188.941,659.183,NimbusRomNo9L-Regu,9.963
iclr-2026-af6a7ff26bd9,ICLR,oral,figure,Figure 8,18,appendix,Visualizationofuser–prototypedistributionsandrepresentativepreferencepatterns.Each,108.0,653.897,144.264,663.86,NimbusRomNo9L-Regu,9.963
iclr-2026-af6a7ff26bd9,ICLR,oral,table,Table 11,19,appendix,InferencetimecomparisonbetweenP-GenRMwithtest-timeuser-basedscalingandbase-,108.0,81.722,144.792,91.685,NimbusRomNo9L-Regu,9.963
iclr-2026-af6a7ff26bd9,ICLR,oral,table,Table 12,20,appendix,P-GenRM’sperformancewithdifferentnumbersofpreferencepairs,150.325,81.722,187.436,91.685,NimbusRomNo9L-Regu,9.963
iclr-2026-af6a7ff26bd9,ICLR,oral,table,Table 13,20,appendix,"P-GenRM-8Bperformanceunderdifferentnumbersofprototypeswith(Ind-8,Pro-4)",108.0,150.586,146.346,160.549,NimbusRomNo9L-Regu,9.963
iclr-2026-af6a7ff26bd9,ICLR,oral,table,Table 14,21,appendix,Comparisonsofpolicymodels’performanceover5independentruns,147.78,81.722,184.891,91.685,NimbusRomNo9L-Regu,9.963
iclr-2026-af6a7ff26bd9,ICLR,oral,table,Table 15,21,appendix,Fullper-runresultsofpolicymodels’performancesover5independentruns,134.046,214.0,171.157,223.963,NimbusRomNo9L-Regu,9.963
iclr-2026-af6a7ff26bd9,ICLR,oral,figure,Figure 9,23,appendix,PromptofExplicitPreferenceSynthesis.,205.114,282.93,241.368,292.893,NimbusRomNo9L-Regu,9.963
iclr-2026-af6a7ff26bd9,ICLR,oral,figure,Figure 10,24,appendix,PromptofPersona-guidedScoringInduction.,193.214,667.972,234.449,677.935,NimbusRomNo9L-Regu,9.963
iclr-2026-af6a7ff26bd9,ICLR,oral,figure,Figure 11,25,appendix,PromptofCriteria-basedScoringEnhancement.,187.964,699.853,229.199,709.816,NimbusRomNo9L-Regu,9.963
iclr-2026-af6a7ff26bd9,ICLR,oral,figure,Figure 12,26,appendix,PromptofLLM-as-a-Judge+OutputStyleRequirements.,168.268,584.151,209.503,594.114,NimbusRomNo9L-Regu,9.963
iclr-2026-af6a7ff26bd9,ICLR,oral,figure,Figure 13,27,appendix,PromptofLLM-as-a-Judge+Self-Description.,189.583,584.151,230.818,594.114,NimbusRomNo9L-Regu,9.963
iclr-2026-af6a7ff26bd9,ICLR,oral,figure,Figure 14,28,appendix,PromptofLLM-as-a-Judge+BasicDemographicInformation.,158.041,584.151,199.276,594.114,NimbusRomNo9L-Regu,9.963
iclr-2026-af6a7ff26bd9,ICLR,oral,figure,Figure 15,29,appendix,PromptofLLM-as-a-judge+ChoiceAttributes.,189.125,643.926,230.36,653.889,NimbusRomNo9L-Regu,9.963
iclr-2026-b001d2f886cf,ICLR,oral,figure,Figure 1,2,main,(a)DifferentLLMsexhibitindistinguishablebettercomparisonoftheirmisalignmentand,108.0,408.948,143.703,418.911,NimbusRomNo9L-Regu,9.963
iclr-2026-b001d2f886cf,ICLR,oral,figure,Figure 2,3,main,IllustrationofAdAEMframework.Theleftpartdemonstratesthequestionorefinementstep,108.0,270.373,143.451,280.336,NimbusRomNo9L-Regu,9.963
iclr-2026-b001d2f886cf,ICLR,oral,table,Table 1,6,main,AdAEMbenchmarkstatistics.SVS:SVSWeinstantiateAdAEMBenchwithSchwartz’s,107.691,415.406,140.111,425.369,NimbusRomNo9L-Regu,9.963
iclr-2026-b001d2f886cf,ICLR,oral,figure,Figure 3,7,main,TSNEvisualizationoftestquestions,108.0,274.452,145.751,284.415,NimbusRomNo9L-Regu,9.963
iclr-2026-b001d2f886cf,ICLR,oral,figure,Figure 4,7,main,Valueprimingresultswitho3-mini.,114.367,523.309,150.621,533.272,NimbusRomNo9L-Regu,9.963
iclr-2026-b001d2f886cf,ICLR,oral,figure,Figure 5,8,main,TheregionaldistributionofAdAEMgen-,108.0,327.04,143.207,337.003,NimbusRomNo9L-Regu,9.963
iclr-2026-b001d2f886cf,ICLR,oral,figure,Figure 6,8,main,TestquestionsgeneratedbydifferentLLMsfrom,108.0,655.051,143.984,665.014,NimbusRomNo9L-Regu,9.963
iclr-2026-b001d2f886cf,ICLR,oral,figure,Figure 8,9,main,(a)ValueinclinationsevaluatedwithfourbenchmarksgroundedinSchwartzvaluesystem.,108.0,304.836,143.957,314.799,NimbusRomNo9L-Regu,9.963
iclr-2026-b001d2f886cf,ICLR,oral,figure,Figure 7,9,main,InformativenessscoreS(x)andthenumberof,108.0,614.972,145.426,624.935,NimbusRomNo9L-Regu,9.963
iclr-2026-b001d2f886cf,ICLR,oral,figure,Figure 9,10,main,Valueorientationsof16popularLLMswithAdAEMBench.ModelcardinAppendix.C.1.,108.0,312.707,143.46,322.67,NimbusRomNo9L-Regu,9.963
iclr-2026-b001d2f886cf,ICLR,oral,figure,Figure 10,23,appendix,TopicCategoryDistributionofSelectedValueEvalDescriptions.,155.177,219.758,196.412,229.721,NimbusRomNo9L-Regu,9.963
iclr-2026-b001d2f886cf,ICLR,oral,figure,Figure 11,24,appendix,WordCloudofKeywordsinSelectedValueBenchDescriptions.,156.377,371.202,197.612,381.165,NimbusRomNo9L-Regu,9.963
iclr-2026-b001d2f886cf,ICLR,oral,table,Table 2,24,appendix,StatisticsofSelectedGeneralTopicQuestions.,194.833,409.776,226.962,419.739,NimbusRomNo9L-Regu,9.963
iclr-2026-b001d2f886cf,ICLR,oral,figure,Figure 12,24,appendix,GeographicalcoverageofAdAEMquestions.,192.825,710.933,234.06,720.896,NimbusRomNo9L-Regu,9.963
iclr-2026-b001d2f886cf,ICLR,oral,table,Table 3,25,appendix,ModelCard,264.302,135.74,296.431,145.703,NimbusRomNo9L-Regu,9.963
iclr-2026-b001d2f886cf,ICLR,oral,table,Table 4,26,appendix,PerformanceofLLMsonValueEvaluationTask.,190.399,649.688,222.528,659.651,NimbusRomNo9L-Regu,9.963
iclr-2026-b001d2f886cf,ICLR,oral,table,Table 5,27,appendix,NotationTable,258.613,81.722,290.742,91.685,NimbusRomNo9L-Regu,9.963
iclr-2026-b001d2f886cf,ICLR,oral,table,Table 6,30,appendix,HyperparametersfortheAdAEMFramework,195.869,172.058,227.998,182.021,NimbusRomNo9L-Regu,9.963
iclr-2026-b001d2f886cf,ICLR,oral,table,Table 7,32,appendix,AdAEMbenchmarkstatistics.SVS:SVSQuestionnaire;VB:ValueBench;DCG:Val-,107.691,326.443,140.981,336.406,NimbusRomNo9L-Regu,9.963
iclr-2026-b001d2f886cf,ICLR,oral,table,Table 8,32,appendix,AverageSimilarityBetweenAdAEMQuestionsandOtherDatasets,153.239,477.672,185.368,487.635,NimbusRomNo9L-Regu,9.963
iclr-2026-b001d2f886cf,ICLR,oral,table,Table 9,33,appendix,HumanEvaluationResults,234.952,345.114,267.081,355.077,NimbusRomNo9L-Regu,9.963
iclr-2026-b001d2f886cf,ICLR,oral,table,Table 10,34,appendix,ControlledExperimentResultsAcrossSchwartzValueDimensions,151.591,81.722,188.702,91.685,NimbusRomNo9L-Regu,9.963
iclr-2026-b001d2f886cf,ICLR,oral,table,Table 11,35,appendix,ControlledExperimentResultsAcrossSchwartzValueDimensionswithValueBench.,114.929,81.722,152.04,91.685,NimbusRomNo9L-Regu,9.963
iclr-2026-b001d2f886cf,ICLR,oral,table,Table 12,35,appendix,ControlledExperimentResultswithAdAEMBenchonGPT-5.,159.74,223.052,196.851,233.015,NimbusRomNo9L-Regu,9.963
iclr-2026-b001d2f886cf,ICLR,oral,figure,Figure 13,38,appendix,AdAEMevaluationresultsunderdifferentTopicCategory.,165.757,453.852,206.992,463.815,NimbusRomNo9L-Regu,9.963
iclr-2026-b001d2f886cf,ICLR,oral,figure,Figure 14,39,appendix,Scoredistributioncomparisionbetweenoptimizedquestionsandinitialones.,130.495,253.722,171.73,263.685,NimbusRomNo9L-Regu,9.963
iclr-2026-b001d2f886cf,ICLR,oral,figure,Figure 15,39,appendix,VisualizationofRelatedCountriesinQuestionsGeneratedbyDifferentModels.,124.054,608.788,165.289,618.751,NimbusRomNo9L-Regu,9.963
iclr-2026-b001d2f886cf,ICLR,oral,figure,Figure 16,40,appendix,ThetemporaldistributionofAdAEM-generatedeventsusingGPTsdifferentcutoffdates.,108.0,303.718,148.501,313.681,NimbusRomNo9L-Regu,9.963
iclr-2026-b001d2f886cf,ICLR,oral,figure,Figure 17,40,appendix,BenchmarkComparisionbetweenAdAEMandValuebench.Spearmancorrelation,108.0,600.094,151.005,610.057,NimbusRomNo9L-Regu,9.963
iclr-2026-b001d2f886cf,ICLR,oral,table,Table 13,41,appendix,Examplesoflow-andhigh-scoringquestionscreatedbyAdAEM.,154.026,137.414,191.137,147.377,NimbusRomNo9L-Regu,9.963
iclr-2026-b001d2f886cf,ICLR,oral,figure,Figure 18,41,appendix,CurveofinformativenessscoreS(x).,110.12,715.048,151.355,725.011,NimbusRomNo9L-Regu,9.963
iclr-2026-b001d2f886cf,ICLR,oral,table,Table 14,45,appendix,AdAEMBench-MFTstatistics.MFQ:,107.691,475.298,147.383,485.261,NimbusRomNo9L-Regu,9.963
iclr-2026-b001d2f886cf,ICLR,oral,figure,Figure 19,46,appendix,ValueinclinationsevaluatedwiththreebenchmarksgroundedinMoralFoundationTheory.,108.0,241.153,148.127,251.116,NimbusRomNo9L-Regu,9.963
iclr-2026-b001d2f886cf,ICLR,oral,table,Table 15,46,appendix,"EvaluationresultsunderMFQ,ValueBench,andAdAEMBench-MFT",143.645,276.825,180.756,286.788,NimbusRomNo9L-Regu,9.963
iclr-2026-b001d2f886cf,ICLR,oral,table,Table 16,47,appendix,ControlledExperimentResultsAcross,200.751,81.722,240.697,91.685,NimbusRomNo9L-Regu,9.963
iclr-2026-b001d2f886cf,ICLR,oral,table,Table 17,47,appendix,AdAEMBenchsonSchwartzTheorystatis-,107.691,572.013,144.099,581.976,NimbusRomNo9L-Regu,9.963
iclr-2026-b001d2f886cf,ICLR,oral,figure,Figure 20,48,appendix,Rewarddistributioncomparisonbe-,108.0,276.968,150.151,286.931,NimbusRomNo9L-Regu,9.963
iclr-2026-b001d2f886cf,ICLR,oral,figure,Figure 21,48,appendix,Consistencybetweenevaluationre-,108.0,655.849,150.456,665.812,NimbusRomNo9L-Regu,9.963
iclr-2026-b001d2f886cf,ICLR,oral,table,Table 18,49,appendix,AdAEMbenchmarkstatistics.,128.541,75.446,165.652,85.409,NimbusRomNo9L-Regu,9.963
iclr-2026-b7a66e10bf69,ICLR,oral,figure,Figure 1,1,main,"WepresentRoSE,amethodusingavideogenerativemodelformonocularnormalmap",108.0,490.14,144.959,500.103,NimbusRomNo9L-Regu,9.963
iclr-2026-b7a66e10bf69,ICLR,oral,figure,Figure 2,2,main,Illustrationof3Dmisalignment.Theestimatednormalmapsofpreviousmethodsmay,108.0,228.096,144.633,238.059,NimbusRomNo9L-Regu,9.963
iclr-2026-b7a66e10bf69,ICLR,oral,figure,Figure 3,2,main,Validationofsensitivity,353.518,611.351,392.285,621.314,NimbusRomNo9L-Regu,9.963
iclr-2026-b7a66e10bf69,ICLR,oral,figure,Figure 5,5,main,"PipelineofRoSE.GivenamonocularRGBimageunderarbitrarylight,RoSEfirstconverts",108.0,168.672,143.343,178.635,NimbusRomNo9L-Regu,9.963
iclr-2026-b7a66e10bf69,ICLR,oral,figure,Figure 4,5,main,Ringlightsetup.,374.075,481.836,410.329,491.799,NimbusRomNo9L-Regu,9.963
iclr-2026-b7a66e10bf69,ICLR,oral,table,Table 1,7,main,QuantitativecomparisonintermsofMAE(↓)ofthenormalmaponDiLiGenTbench-,107.691,81.722,141.174,91.685,NimbusRomNo9L-Regu,9.963
iclr-2026-b7a66e10bf69,ICLR,oral,table,Table 2,7,main,QuantitativecomparisonintermsofMAEofthenormalmaponLUCESbenchmark,107.691,230.45,141.591,240.413,NimbusRomNo9L-Regu,9.963
iclr-2026-b7a66e10bf69,ICLR,oral,figure,Figure 6,8,main,Qualitativecomparisononselectedobjectsfromtwobenchmarkdataset(Cfrom,108.0,349.473,145.487,359.436,NimbusRomNo9L-Regu,9.963
iclr-2026-b7a66e10bf69,ICLR,oral,table,Table 3,8,main,QuantitativecomparisonintermsofMeanandMedianAngularErrorsofthenormalmap,107.691,384.26,139.853,394.223,NimbusRomNo9L-Regu,9.963
iclr-2026-b7a66e10bf69,ICLR,oral,table,Table 4,9,main,"QuantitativecomparisononestimatedshadingsequenceintermsofPSNR(↑),SSIM(↑),",107.691,81.722,140.422,91.685,NimbusRomNo9L-Regu,9.963
iclr-2026-b7a66e10bf69,ICLR,oral,table,Table 5,9,main,QuantitativeanalysisintermsofMAEandSNEofthenormalmaponLUCESbenchmark,107.691,187.381,139.853,197.344,NimbusRomNo9L-Regu,9.963
iclr-2026-b7a66e10bf69,ICLR,oral,table,Table 6,10,main,AblationstudyintermsofMAEofthenormalmaponLUCESbenchmarkdataset(Mecca,107.691,81.722,139.843,91.685,NimbusRomNo9L-Regu,9.963
iclr-2026-b93abeea95e9,ICLR,oral,figure,Figure 1,1,main,"Gaia2budgetscalingcurve:foreachmaxbudget,weplot{scenarioresult=",108.0,673.603,145.838,683.566,NimbusRomNo9L-Regu,9.963
iclr-2026-b93abeea95e9,ICLR,oral,figure,Figure 2,3,main,"AREenvironmentsareevent-based,time-drivensimulations,thatrunasynchronously",108.0,208.762,145.629,218.725,NimbusRomNo9L-Regu,9.963
iclr-2026-b93abeea95e9,ICLR,oral,figure,Figure 3,3,main,Appusagedistribu-,377.277,679.269,415.334,689.232,NimbusRomNo9L-Regu,9.963
iclr-2026-b93abeea95e9,ICLR,oral,figure,Figure 4,5,main,ThesevencoreagentcapabilitiesevaluatedbythesplitsofGaia2.,155.217,291.53,191.471,301.493,NimbusRomNo9L-Regu,9.963
iclr-2026-b93abeea95e9,ICLR,oral,table,Table 1,6,main,AREVerifierandIn-contextVerifieron450hand-labeledvalidationtrajectories.,128.393,85.139,160.522,95.102,NimbusRomNo9L-Regu,9.963
iclr-2026-b93abeea95e9,ICLR,oral,table,Table 2,7,main,Pass@1scoresonGaia2scenariospermodelandcapabilitysplit.Allmodelsareevaluated,108.0,76.635,139.99,86.598,NimbusRomNo9L-Regu,9.963
iclr-2026-b93abeea95e9,ICLR,oral,figure,Figure 5,7,main,"Gaia2scorespercapabilitysplit.Modelsarererankedindependentlyforeachcapability,",108.0,437.354,144.503,447.317,NimbusRomNo9L-Regu,9.963
iclr-2026-b93abeea95e9,ICLR,oral,figure,Figure 6,8,main,Left:Gaia2scorevsaveragescenariocostinUSD.Right:Timetakenpermodelto,108.0,198.892,145.429,208.855,NimbusRomNo9L-Regu,9.963
iclr-2026-b93abeea95e9,ICLR,oral,figure,Figure 7,8,main,Left:Gaia2pass@1versusaveragemodelcallsperscenario.Theperformanceofmodels,108.0,687.017,144.294,696.98,NimbusRomNo9L-Regu,9.963
iclr-2026-b93abeea95e9,ICLR,oral,figure,Figure 8,9,main,Left:Pass@1onGaia2-Timeindefaultvs.instant.Right:Inversescalingon,108.0,191.99,146.934,201.953,NimbusRomNo9L-Regu,9.963
iclr-2026-b93abeea95e9,ICLR,oral,figure,Figure 9,9,main,Agent2AgenttestswhetherLLMagentscancollaboratethroughmessagepassinginor-,108.0,645.085,144.782,655.048,NimbusRomNo9L-Regu,9.963
iclr-2026-b93abeea95e9,ICLR,oral,figure,Figure 10,10,main,Increasingthenumberofmulti-agentcollaboratorsinGaia2scenariosbyincreasingthe,108.0,200.729,149.395,210.692,NimbusRomNo9L-Regu,9.963
iclr-2026-b93abeea95e9,ICLR,oral,table,Table 3,10,main,Probingcross-modelcollaborationinGaia2-miniAgent2Agentscenarios:weevaluate,108.0,314.25,141.504,324.213,NimbusRomNo9L-Regu,9.963
iclr-2026-b93abeea95e9,ICLR,oral,figure,Figure 11,17,appendix,EventdependencygraphillustratingAREschedulingpatterns.EventsE1andE5exe-,108.0,201.116,149.743,211.079,NimbusRomNo9L-Regu,9.963
iclr-2026-b93abeea95e9,ICLR,oral,table,Table 4,18,appendix,Pre-setnotificationpoliciesinMobile(Compressed).,179.142,185.97,211.271,195.933,NimbusRomNo9L-Regu,9.963
iclr-2026-b93abeea95e9,ICLR,oral,figure,Figure 12,18,appendix,"Sequencediagramofamulti-turnscenarioinARE.Theagentispausedbetweenturns,",108.0,697.976,149.544,707.939,NimbusRomNo9L-Regu,9.963
iclr-2026-b93abeea95e9,ICLR,oral,figure,Figure 13,19,appendix,ThedependencygraphofMobileapps.ShoppingandFilesystemareindependent,108.0,425.313,150.271,435.276,NimbusRomNo9L-Regu,9.963
iclr-2026-b93abeea95e9,ICLR,oral,figure,Figure 14,21,appendix,"AREscenarioviewwitheventDAG(top),scenariorun(bottomleft)andagentlogs",108.0,391.49,150.361,401.453,NimbusRomNo9L-Regu,9.963
iclr-2026-b93abeea95e9,ICLR,oral,figure,Figure 15,27,appendix,Illustrationofafailure(top)andasuccess(down)ofthematchingtrajectoryprocess.,114.137,313.136,155.372,323.099,NimbusRomNo9L-Regu,9.963
iclr-2026-b93abeea95e9,ICLR,oral,figure,Figure 16,28,appendix,Insertionofaconditionaltriggereventinamulti-turnscenario.,158.141,254.503,199.376,264.466,NimbusRomNo9L-Regu,9.963
iclr-2026-b93abeea95e9,ICLR,oral,figure,Figure 17,29,appendix,Anexampleofanagentexploitingthejudgebyembeddingconditionallogicinthe,108.0,309.895,150.53,319.858,NimbusRomNo9L-Regu,9.963
iclr-2026-b93abeea95e9,ICLR,oral,table,Table 5,29,appendix,EvaluationoftheAREVerifierwithdifferentmodelson450hand-labeledtrajectories.,116.263,431.896,148.392,441.859,NimbusRomNo9L-Regu,9.963
iclr-2026-b93abeea95e9,ICLR,oral,figure,Figure 18,30,appendix,"ProposedReActloopwithpre/poststepsinGaia2,allowingflexiblebehaviors.",126.684,445.191,167.919,455.154,NimbusRomNo9L-Regu,9.963
iclr-2026-b93abeea95e9,ICLR,oral,table,Table 6,31,appendix,Ablationsof3modelswithParallelTCvsReActscaffold.Valuesindicatethenetcontri-,108.0,90.808,140.448,100.771,NimbusRomNo9L-Regu,9.963
iclr-2026-b93abeea95e9,ICLR,oral,figure,Figure 19,32,appendix,AveragenumberofagentsspawnedinAgent2AgentevaluationsonGaia2-minitasks,108.0,189.947,150.271,199.91,NimbusRomNo9L-Regu,9.963
iclr-2026-b93abeea95e9,ICLR,oral,table,Table 7,32,appendix,ModelperformanceonGaia2-miniacrossdifferentnoiselevels.*Defaultsetting.,126.47,337.792,158.599,347.755,NimbusRomNo9L-Regu,9.963
iclr-2026-bdf44f310e82,ICLR,oral,figure,Figure 1,3,main,DOsolvesopti-,385.199,203.354,424.76,213.317,NimbusRomNo9L-Regu,9.963
iclr-2026-bdf44f310e82,ICLR,oral,figure,Figure 2,6,main,DiffMPCarchitecture:forwardand,108.0,311.78,144.433,321.743,NimbusRomNo9L-Regu,9.963
iclr-2026-bdf44f310e82,ICLR,oral,figure,Figure 3,7,main,RLcomputationtimesononeofthetestproblems.Errorbarsindicate2σconfidence,108.0,223.844,145.25,233.807,NimbusRomNo9L-Regu,9.963
iclr-2026-bdf44f310e82,ICLR,oral,figure,Figure 4,7,main,Lossesover200epochsfor,345.602,545.855,383.33,555.818,NimbusRomNo9L-Regu,9.963
iclr-2026-bdf44f310e82,ICLR,oral,figure,Figure 5,8,main,ProposedRLtrainingpipelinetorobustifyanMPCpolicyπθ(x)fordrifting.,132.823,180.887,169.077,190.85,NimbusRomNo9L-Regu,9.963
iclr-2026-bdf44f310e82,ICLR,oral,figure,Figure 6,8,main,Vehiclestates(left)andpositiontrajectories(right)whendriftingafigure8withpuddles.,108.0,336.765,144.104,346.728,NimbusRomNo9L-Regu,9.963
iclr-2026-bdf44f310e82,ICLR,oral,figure,Figure 7,9,main,Vehicledriftingthroughawaterpuddle:topview(left)andcenterview(right).TheSupra,108.0,162.365,144.055,172.328,NimbusRomNo9L-Regu,9.963
iclr-2026-bdf44f310e82,ICLR,oral,figure,Figure 8,9,main,DriftingadonutwithawaterpuddlewithaToyotaSupra.Left:Statetrajectoriesoftwo,108.0,329.004,144.523,338.967,NimbusRomNo9L-Regu,9.963
iclr-2026-bdf44f310e82,ICLR,oral,table,Table 1,14,appendix,Computationtimes,385.199,488.301,419.191,498.264,NimbusRomNo9L-Regu,9.963
iclr-2026-bdf44f310e82,ICLR,oral,figure,Figure 10,15,appendix,RLwithDiffMPC:Speedupsfromwarm-startingcoldwarmfordifferent,108.0,178.974,149.933,188.937,NimbusRomNo9L-Regu,9.963
iclr-2026-bdf44f310e82,ICLR,oral,table,Table 2,15,appendix,ParametersintheRLbenchmark:state,306.0,338.568,338.976,348.531,NimbusRomNo9L-Regu,9.963
iclr-2026-bdf44f310e82,ICLR,oral,figure,Figure 9,15,appendix,Cosinesimilaritybetweencomputedgradi-,286.199,636.651,323.359,646.614,NimbusRomNo9L-Regu,9.963
iclr-2026-bdf44f310e82,ICLR,oral,table,Table 3,16,appendix,TimingresultsonCPUandGPUacross6probleminstanceswithmeantimeand2σ(s).,112.87,81.722,144.999,91.685,NimbusRomNo9L-Regu,9.963
iclr-2026-bdf44f310e82,ICLR,oral,table,Table 4,16,appendix,Computetimesonthenonlin-,345.602,307.094,378.329,317.057,NimbusRomNo9L-Regu,9.963
iclr-2026-bdf44f310e82,ICLR,oral,table,Table 5,17,appendix,NominalvehiclemodelparametersandcontrollergainsforthebaselineMPCpolicy.,119.551,81.722,151.68,91.685,NimbusRomNo9L-Regu,9.963
iclr-2026-bdf44f310e82,ICLR,oral,table,Table 6,18,appendix,"Parametersusedfordomainrandomization.Onwaterpuddles,tirefrictioncoefficients",108.0,81.722,141.136,91.685,NimbusRomNo9L-Regu,9.963
iclr-2026-bdf44f310e82,ICLR,oral,figure,Figure 11,18,appendix,Wall-clocktrainingloss,345.602,490.827,390.663,500.79,NimbusRomNo9L-Regu,9.963
iclr-2026-bdf44f310e82,ICLR,oral,figure,Figure 13,19,appendix,On-vehicletestfordriftingafigure8trajectorywithawaterpuddleinthefirstturn.,108.0,233.417,150.281,243.38,NimbusRomNo9L-Regu,9.963
iclr-2026-bdf44f310e82,ICLR,oral,figure,Figure 12,19,appendix,ChangeinMPCpolicyparametersaf-,306.0,488.927,347.544,498.89,NimbusRomNo9L-Regu,9.963
iclr-2026-be5b1d259689,ICLR,oral,table,Table 1,2,main,Left:Comparisonofexistingmultimodalretrieval-augmentedQAdatasets.Right:Distributionofthe,107.691,81.722,139.378,91.685,NimbusRomNo9L-Regu,9.963
iclr-2026-be5b1d259689,ICLR,oral,figure,Figure 2,3,main,OverviewofMC-Sbenchmarkandevaluation.Left:Benchmarkcoveringfivereasoning,108.0,309.061,144.918,319.024,NimbusRomNo9L-Regu,9.963
iclr-2026-be5b1d259689,ICLR,oral,table,Table 2,4,main,Benchmarkstatistics.,390.465,513.234,422.594,523.197,NimbusRomNo9L-Regu,9.963
iclr-2026-be5b1d259689,ICLR,oral,table,Table 3,7,main,"EvaluationofMLLMsontheMC-SbenchmarkundertheagenticMM-RAGpipeline,reported",107.691,81.722,139.158,91.685,NimbusRomNo9L-Regu,9.963
iclr-2026-be5b1d259689,ICLR,oral,figure,Figure 3,8,main,ModelF1acrosssampleswithdifferentFigure4:,109.467,223.006,145.892,232.969,NimbusRomNo9L-Regu,9.963
iclr-2026-be5b1d259689,ICLR,oral,figure,Figure 4,8,main,Model∆F1vs.∆Step(differenceinlength,302.042,224.068,338.322,234.031,NimbusRomNo9L-Regu,9.963
iclr-2026-be5b1d259689,ICLR,oral,table,Table 4,9,main,Stepwiseretrievalmodalitycoverage(Cov.).Red=highcoverage;Blue=lowcoverage.,128.749,110.161,160.878,120.124,NimbusRomNo9L-Regu,9.963
iclr-2026-be5b1d259689,ICLR,oral,figure,Figure 5,9,main,Eight-wayerrortaxonomyproportions(higheris,294.12,390.575,329.62,400.538,NimbusRomNo9L-Regu,9.963
iclr-2026-be5b1d259689,ICLR,oral,table,Table 5,20,appendix,EvaluationofvariousmodelsontheMC-Searchbenchmarkundersingle-stepRAG.,136.177,350.13,168.306,360.093,NimbusRomNo9L-Regu,9.963
iclr-2026-be5b1d259689,ICLR,oral,table,Table 6,21,appendix,EvaluationofvariousmodelsontheMC-SearchbenchmarkundertraditionalMM-RAG.,124.557,346.494,156.686,356.457,NimbusRomNo9L-Regu,9.963
iclr-2026-be5b1d259689,ICLR,oral,table,Table 7,22,appendix,StatisticsofMC-Searchbenchmark.,216.018,293.116,248.147,303.079,NimbusRomNo9L-Regu,9.963
iclr-2026-be5b1d259689,ICLR,oral,table,Table 8,22,appendix,AverageGemini-2.5-Proevaluationscores.,202.469,615.567,234.598,625.53,NimbusRomNo9L-Regu,9.963
iclr-2026-be5b1d259689,ICLR,oral,table,Table 9,23,appendix,"Cross-modelLLJconsistencyscores,withmean(variance)reported.Highcorrelationsand",107.691,256.67,139.692,266.633,NimbusRomNo9L-Regu,9.963
iclr-2026-be5b1d259689,ICLR,oral,figure,Figure 6,23,appendix,HexbinplotsofGemini-2.5-Provs.GPT-5scoresacrossfourLLJdimensions.,129.807,582.785,166.061,592.748,NimbusRomNo9L-Regu,9.963
iclr-2026-be5b1d259689,ICLR,oral,table,Table 10,24,appendix,Human–LLJagreementscores.,223.635,81.722,260.746,91.685,NimbusRomNo9L-Regu,9.963
iclr-2026-be5b1d259689,ICLR,oral,table,Table 11,24,appendix,PerformanceofGemini-2.5-ProandGPT-4o-miniwhenevaluatedagainstground-truthreasoning,107.691,390.655,145.456,400.618,NimbusRomNo9L-Regu,9.963
iclr-2026-be5b1d259689,ICLR,oral,figure,Figure 7,25,appendix,ErrorproportionsbeforeandafterSEARCH-ALIGNacrossfourprocess-levelcategories.,108.0,359.37,144.181,369.333,NimbusRomNo9L-Regu,9.963
iclr-2026-be5b1d259689,ICLR,oral,table,Table 12,25,appendix,Fine-tuninghyper-parametersforSearch-AlignalignmentonInternVL3.5-8Band,107.691,596.231,147.749,606.194,NimbusRomNo9L-Regu,9.963
iclr-2026-be5b1d259689,ICLR,oral,table,Table 13,26,appendix,SoftHPSscoresforGemini-2.5-ProandGemini-Flashunderdifferentsimilaritythresholdsτ.,117.081,245.526,154.192,255.489,NimbusRomNo9L-Regu,9.963
iclr-2026-be5b1d259689,ICLR,oral,figure,Figure 8,26,appendix,"∆F1across∆StepvaluesforGemini-2.5-Flashundertop-kretrieval(k=1,3,5).",122.24,718.763,158.494,728.726,NimbusRomNo9L-Regu,9.963
iclr-2026-be5b1d259689,ICLR,oral,table,Table 14,27,appendix,"PerformanceofQwen2.5-VL-7Band+SEARCH-ALIGNunderRetrieval@1,@3,and@5.We",107.691,338.623,145.859,348.586,NimbusRomNo9L-Regu,9.963
iclr-2026-be5b1d259689,ICLR,oral,figure,Figure 9,28,appendix,Successcase.Thereasoningchainproducedbytheagentalignedwiththegoldenreasoning,108.0,589.449,143.451,599.412,NimbusRomNo9L-Regu,9.963
iclr-2026-be5b1d259689,ICLR,oral,figure,Figure 10,29,appendix,"Failurecase.Whiletheagentsuccessfullyretrievesthefirstandthelasthopinformation,",108.0,555.47,149.121,565.433,NimbusRomNo9L-Regu,9.963
iclr-2026-ced84acacce8,ICLR,oral,figure,Figure 1,3,main,Analysisindifferentsections.Ourpapertracesthecausalchainoftrainingfailure(blue,108.0,236.852,144.652,246.815,NimbusRomNo9L-Regu,9.963
iclr-2026-ced84acacce8,ICLR,oral,figure,Figure 2,3,main,ThefailurecaseusingBF16,345.602,631.799,382.832,641.762,NimbusRomNo9L-Regu,9.963
iclr-2026-ced84acacce8,ICLR,oral,figure,Figure 3,4,main,WQofattentionhead8has,345.602,632.447,382.802,642.41,NimbusRomNo9L-Regu,9.963
iclr-2026-ced84acacce8,ICLR,oral,figure,Figure 4,6,main,"PK,X,and(PK)[T]⊤X[T]atdifferentbatchindicesandtrainingsteps.(c)and(f)show",108.0,321.463,143.965,331.426,NimbusRomNo9L-Regu,9.963
iclr-2026-ced84acacce8,ICLR,oral,figure,Figure 5,7,main,Analysisofδ=rowsum(dO◦O).,215.013,215.53,251.267,225.493,NimbusRomNo9L-Regu,9.963
iclr-2026-ced84acacce8,ICLR,oral,figure,Figure 6,7,main,AnalysisofPV,253.928,363.991,290.182,373.954,NimbusRomNo9L-Regu,9.963
iclr-2026-ced84acacce8,ICLR,oral,figure,Figure 7,9,main,"ValidationlossesforclassicalflashattentionandthestablizedflashattentionwithAdamW,",108.0,205.275,143.826,215.238,NimbusRomNo9L-Regu,9.963
iclr-2026-ced84acacce8,ICLR,oral,figure,Figure 8,18,appendix,Similar(PK)[T]⊤X[T]discoveredatdifferenttokensinLlama-3.1-8B.(c)-(f)showthe,108.0,409.676,144.503,419.639,NimbusRomNo9L-Regu,9.963
iclr-2026-ced84acacce8,ICLR,oral,figure,Figure 9,19,appendix,TwomaximaobservedinLlama-3.1-8B.Thefirsttokenhasmaximaduetotheattention,108.0,447.45,144.563,457.413,NimbusRomNo9L-Regu,9.963
iclr-2026-ced84acacce8,ICLR,oral,figure,Figure 10,21,appendix,LosscurvesoftwoindependentrunsofGPT-2trainingwithflashattentioninBF16,108.0,511.017,150.411,520.98,NimbusRomNo9L-Regu,9.963
iclr-2026-ced84acacce8,ICLR,oral,figure,Figure 11,23,appendix,Spectralnormacrosslayersandtrainingsteps.,191.286,705.034,232.521,714.997,NimbusRomNo9L-Regu,9.963
iclr-2026-ced84acacce8,ICLR,oral,figure,Figure 12,24,appendix,Tokendifferencevisualization,223.545,476.838,264.78,486.801,NimbusRomNo9L-Regu,9.963
iclr-2026-ced84acacce8,ICLR,oral,figure,Figure 13,24,appendix,Correlationbetweenmultiplemaximaoccurrencesandlosscurve.,152.213,712.381,193.448,722.344,NimbusRomNo9L-Regu,9.963
iclr-2026-d2112f671397,ICLR,oral,figure,Figure 1,4,main,"MetamerGenmodelarchitecture.High-resolutionandblurred,low-resolutionimages",108.0,360.508,145.021,370.471,NimbusRomNo9L-Regu,9.963
iclr-2026-d2112f671397,ICLR,oral,figure,Figure 2,5,main,FIDvaluesfordifferentin-,345.602,664.251,383.44,674.214,NimbusRomNo9L-Regu,9.963
iclr-2026-d2112f671397,ICLR,oral,figure,Figure 3,7,main,Metamericvs.non-metamericjudgments.(Left)Originalimageswithhumanfixations,108.0,303.071,144.184,313.034,NimbusRomNo9L-Regu,9.963
iclr-2026-d2112f671397,ICLR,oral,figure,Figure 4,8,main,"Multi-levelfeatureanalysispipelineusingneurally-groundedmodel:(Top)Early,mid,",108.0,345.398,143.716,355.361,NimbusRomNo9L-Regu,9.963
iclr-2026-d2112f671397,ICLR,oral,figure,Figure 5,9,main,(Left)Mid-levelvisualfeaturesdrivingmetamerjudgments:Formetamersgener-,108.0,229.21,145.429,239.173,NimbusRomNo9L-Regu,9.963
iclr-2026-d2112f671397,ICLR,oral,figure,Figure 6,16,appendix,Real-timeparadigmfordeterminingscenemetamers.Eachtrialbeginswithdrift,108.0,276.809,145.569,286.772,NimbusRomNo9L-Regu,9.963
iclr-2026-d2112f671397,ICLR,oral,figure,Figure 7,18,appendix,StrongerGabortextureresponsesthanoriginalscoincidedwithgreaterproportions,108.0,290.926,144.373,300.889,NimbusRomNo9L-Regu,9.963
iclr-2026-d2112f671397,ICLR,oral,figure,Figure 8,18,appendix,Objectdetectionerrorspredictmetamericperception:(Top)mAPscoresdemon-,108.0,676.058,145.629,686.021,NimbusRomNo9L-Regu,9.963
iclr-2026-d2112f671397,ICLR,oral,figure,Figure 9,19,appendix,Additionalmetamericvs.non-metamericjudgmentexampleimagesbasedonhuman,108.0,670.566,143.875,680.529,NimbusRomNo9L-Regu,9.963
iclr-2026-d2112f671397,ICLR,oral,figure,Figure 10,20,appendix,Additionalmetamericvs.non-metamericjudgmentexampleimagesbasedon,108.0,595.691,151.058,605.654,NimbusRomNo9L-Regu,9.963
iclr-2026-d2112f671397,ICLR,oral,figure,Figure 11,21,appendix,Influenceofblur-levelandfovealtokencountonimagegenerationquality.(Top,108.0,544.968,150.212,554.931,NimbusRomNo9L-Regu,9.963
iclr-2026-d2112f671397,ICLR,oral,figure,Figure 12,22,appendix,Comparisonofpixel-level(PSNR)andsemantic(DreamSim)similaritiesin,108.0,329.067,152.314,339.03,NimbusRomNo9L-Regu,9.963
iclr-2026-d2112f671397,ICLR,oral,figure,Figure 13,23,appendix,Highermetameric(same)judgmentsforimagesincorporatingbothperipheral,108.0,351.5,150.949,361.463,NimbusRomNo9L-Regu,9.963
iclr-2026-d2112f671397,ICLR,oral,figure,Figure 14,24,appendix,Impactofinputvisualstreamsonhierarchicalfeatureanalyses.(TopRow)Multi-,108.0,579.387,149.763,589.35,NimbusRomNo9L-Regu,9.963
iclr-2026-d2112f671397,ICLR,oral,figure,Figure 15,25,appendix,FIDandDreamSimevaluationsbasedonDINOv2andCLIPasvisionencodersfor,108.0,610.734,149.255,620.697,NimbusRomNo9L-Regu,9.963
iclr-2026-d2112f671397,ICLR,oral,figure,Figure 16,26,appendix,ImagegenerationexamplesacrossblurlevelsusingDINOv2andCLIPasvision,108.0,517.053,150.172,527.016,NimbusRomNo9L-Regu,9.963
iclr-2026-d8ed6882cb29,ICLR,oral,figure,Figure 1,1,main,What’sInMyHumanFeedbackenablesautomateddiscoveryofpreferencesfromfeed-,108.0,572.418,144.533,582.381,NimbusRomNo9L-Regu,9.963
iclr-2026-d8ed6882cb29,ICLR,oral,table,Table 1,5,main,"WIMHFextractsadiversityofinterpretable,dataset-specificconcepts,severalofwhich",108.0,90.808,140.797,100.771,NimbusRomNo9L-Regu,9.963
iclr-2026-d8ed6882cb29,ICLR,oral,figure,Figure 2,7,main,"Whilesomepreferencesareconsistentacrossdatasets,manyvarysignificantly,evenflip-",108.0,277.559,144.354,287.522,NimbusRomNo9L-Regu,9.963
iclr-2026-d8ed6882cb29,ICLR,oral,figure,Figure 3,9,main,"TwoapplicationsofWIMHF.(a)DataCuration:OnArena,WIMHFfindsthatannota-",108.0,235.569,144.403,245.532,NimbusRomNo9L-Regu,9.963
iclr-2026-d8ed6882cb29,ICLR,oral,table,Table 2,16,appendix,ComparisonoftheSAEagainsttwoablationsacrossall7datasets.TheSAEproduces,108.0,90.808,141.056,100.771,NimbusRomNo9L-Regu,9.963
iclr-2026-d8ed6882cb29,ICLR,oral,table,Table 3,17,appendix,Embedding-modelrobustness:matchedfeaturepairsfromHH-RLHFusingOpenAI,108.0,243.596,142.859,253.559,NimbusRomNo9L-Regu,9.963
iclr-2026-d8ed6882cb29,ICLR,oral,table,Table 4,17,appendix,Across-seedreproducibility:matchedfeaturepairsfromtwoindependentSAErunson,108.0,488.516,141.195,498.479,NimbusRomNo9L-Regu,9.963
iclr-2026-d8ed6882cb29,ICLR,oral,table,Table 5,19,appendix,"ComparedtoInverseConstitutionalAI,WIMHFproducesmorefeaturesthatstatistically",108.0,126.328,140.378,136.291,NimbusRomNo9L-Regu,9.963
iclr-2026-d8ed6882cb29,ICLR,oral,table,Table 6,20,appendix,"Across5datasets,wetookthetop10featuresperdataset,andfirstcountedhowmanyhad",108.0,147.311,140.179,157.274,NimbusRomNo9L-Regu,9.963
iclr-2026-d8ed6882cb29,ICLR,oral,table,Table 7,21,appendix,"MostandleastsubjectivefeaturesinCA,rankedbytheestimatedrandom-slopevarianceτ",108.0,296.2,140.09,306.163,NimbusRomNo9L-Regu,9.963
iclr-2026-d8ed6882cb29,ICLR,oral,figure,Figure 4,22,appendix,Humanpreferencesarerelativelywell-explainedbyasmallnumberofinterpretablefea-,108.0,300.175,144.373,310.138,NimbusRomNo9L-Regu,9.963
iclr-2026-d8ed6882cb29,ICLR,oral,figure,Figure 5,22,appendix,"DespitenotbeingusedinanystepofWIMHF,wefindthattheSAE’slearnedfeatures",108.0,640.215,144.782,650.178,NimbusRomNo9L-Regu,9.963
iclr-2026-d8ed6882cb29,ICLR,oral,figure,Figure 6,23,appendix,"Elo,ascomputedusingChatbotArenapreferences,changesafterre-labelingunsafeexam-",108.0,563.716,143.855,573.679,NimbusRomNo9L-Regu,9.963
iclr-2026-d8ed6882cb29,ICLR,oral,figure,Figure 7,24,appendix,Computingτsubjectivityvaluesusingdifferentmethodsyieldshighly-correlatedresults.,108.0,511.695,144.164,521.658,NimbusRomNo9L-Regu,9.963
iclr-2026-d8ed6882cb29,ICLR,oral,table,Table 8,25,appendix,Featureswhosecoefficientsvarysignificantlywithannotatordemographics.Weshowonly,108.0,551.914,139.98,561.877,NimbusRomNo9L-Regu,9.963
iclr-2026-d8ed6882cb29,ICLR,oral,table,Table 9,26,appendix,Weusegpt-5-lowtojudgewhetherthetop-activatingSAEfeatureforagivenexampleis,108.0,109.241,140.209,119.204,NimbusRomNo9L-Regu,9.963
iclr-2026-d8ed6882cb29,ICLR,oral,table,Table 10,27,appendix,"ExamplesfromCAwheretheenvironmentalsustainabilityfeatureispresent.Ineachcase,",108.0,94.993,144.961,104.956,NimbusRomNo9L-Regu,9.963
iclr-2026-d8ed6882cb29,ICLR,oral,figure,Figure 8,27,appendix,Promptforcomparingannotatorexplanationstotop-activatingSAEfeaturesusingthe,108.0,704.75,145.3,714.713,NimbusRomNo9L-Regu,9.963
iclr-2026-d8ed6882cb29,ICLR,oral,table,Table 11,28,appendix,Note:Theseexamplesincludetoxiccontent.ExcerptsfromtheChatbotArenadataset,108.0,212.901,145.858,222.864,NimbusRomNo9L-Regu,9.963
iclr-2026-d8ed6882cb29,ICLR,oral,figure,Figure 9,29,appendix,PromptfordescribinganSAEfeatureusingasetofexamplepreferencepairsthathavea,108.0,596.977,144.403,606.94,NimbusRomNo9L-Regu,9.963
iclr-2026-d8ed6882cb29,ICLR,oral,table,Table 12,30,appendix,"AllWIMHFfeaturesonChatbotArenawithahigh-fidelityinterpretation(see§3,step",108.0,189.515,145.37,199.478,NimbusRomNo9L-Regu,9.963
iclr-2026-d8ed6882cb29,ICLR,oral,table,Table 13,31,appendix,AllWIMHFfeaturesonCommunityAlignmentwithahigh-fidelityinterpretation.See,108.0,147.672,145.21,157.635,NimbusRomNo9L-Regu,9.963
iclr-2026-d8ed6882cb29,ICLR,oral,table,Table 14,32,appendix,AllWIMHFfeaturesonHH-RLHFwithahigh-fidelityinterpretation.SeeTable12for,108.0,202.929,145.25,212.892,NimbusRomNo9L-Regu,9.963
iclr-2026-d8ed6882cb29,ICLR,oral,table,Table 15,33,appendix,AllWIMHFfeaturesonPRISMwithahigh-fidelityinterpretation.SeeTable12fora,108.0,219.403,145.659,229.366,NimbusRomNo9L-Regu,9.963
iclr-2026-d8ed6882cb29,ICLR,oral,table,Table 16,34,appendix,AllWIMHFfeaturesonRedditwithahigh-fidelityinterpretation.SeeTable12forafull,108.0,196.489,144.901,206.452,NimbusRomNo9L-Regu,9.963
iclr-2026-d8ed6882cb29,ICLR,oral,table,Table 17,35,appendix,AllWIMHFfeaturesonPKUwithahigh-fidelityinterpretation.SeeTable12forafull,108.0,249.754,145.35,259.717,NimbusRomNo9L-Regu,9.963
iclr-2026-d8ed6882cb29,ICLR,oral,table,Table 18,36,appendix,AllWIMHFfeaturesonTuluwithahigh-fidelityinterpretation.SeeTable12forafull,108.0,225.345,145.429,235.308,NimbusRomNo9L-Regu,9.963
iclr-2026-db71b40c7495,ICLR,oral,figure,Figure 1,2,main,Attentionvs.SaliencyMapsforCorrectandHallucinatedTokens(Qwen2-VL-7B).,108.0,346.799,144.902,356.762,NimbusRomNo9L-Regu,9.963
iclr-2026-db71b40c7495,ICLR,oral,figure,Figure 2,3,main,OutputTokenSaliencyPatternsinQwen2-VL-7B.Whengeneratingacorrecttoken,108.0,325.552,145.213,335.515,NimbusRomNo9L-Regu,9.963
iclr-2026-db71b40c7495,ICLR,oral,table,Table 1,7,main,"CompareresultsofLocoREwithotherSOTAmethodsonPOPE,CHAIRandMME",107.691,81.722,140.047,91.685,NimbusRomNo9L-Regu,9.963
iclr-2026-db71b40c7495,ICLR,oral,table,Table 2,7,main,"ComparisonofdifferentLVLMsandLocoREacrossallimagebenchmarks.Notably,in",107.691,297.574,139.197,307.537,NimbusRomNo9L-Regu,9.963
iclr-2026-db71b40c7495,ICLR,oral,figure,Figure 3,8,main,EffectofLocoREonoutputtokensaliencymap(Qwen2-VL-7B).WithoutLocoRE:,108.0,205.07,145.324,215.033,NimbusRomNo9L-Regu,9.963
iclr-2026-db71b40c7495,ICLR,oral,table,Table 3,9,main,Ablationstudyonα(SGRS)andβ,313.613,184.934,346.913,194.897,NimbusRomNo9L-Regu,9.963
iclr-2026-db71b40c7495,ICLR,oral,figure,Figure 4,9,main,Ablationstudyofα:trade-offsbe-,108.0,202.979,146.168,212.942,NimbusRomNo9L-Regu,9.963
iclr-2026-db71b40c7495,ICLR,oral,figure,Figure 6,14,main,Generationtimeofasingleresponse.,311.178,726.057,347.432,736.02,NimbusRomNo9L-Regu,9.963
iclr-2026-db71b40c7495,ICLR,oral,figure,Figure 5,15,appendix,AttentionmapandsaliencymapofLLaVA1.5-7B.,185.528,287.991,221.782,297.954,NimbusRomNo9L-Regu,9.963
iclr-2026-db71b40c7495,ICLR,oral,figure,Figure 7,16,appendix,ThestructureofLocalCoherenceReinforcement(LocoRe):attentionfromthenexttoken,108.0,215.658,144.171,225.621,NimbusRomNo9L-Regu,9.963
iclr-2026-db71b40c7495,ICLR,oral,figure,Figure 8,17,appendix,Theinformationflowofdifferentmodels.,203.291,290.118,239.545,300.081,NimbusRomNo9L-Regu,9.963
iclr-2026-db71b40c7495,ICLR,oral,table,Table 4,17,appendix,ComparisonofdifferentVideoLVLMsandLocoREacrossallvideobenchmarks.Inthe,107.691,492.391,138.963,502.354,NimbusRomNo9L-Regu,9.963
iclr-2026-db71b40c7495,ICLR,oral,figure,Figure 9,18,appendix,Thesaliencymapofoutputtoken.Wecomparedtheotherthreefusionstrategyincluding,108.0,304.28,143.604,314.243,NimbusRomNo9L-Regu,9.963
iclr-2026-db71b40c7495,ICLR,oral,figure,Figure 10,19,appendix,Statisticalanalysisofoutput-tokensaliencyvs.hallucination.(a)Meansaliencyfor,108.0,375.947,149.772,385.91,NimbusRomNo9L-Regu,9.963
iclr-2026-db71b40c7495,ICLR,oral,table,Table 5,19,appendix,Meansaliencyscoresforcorrectvs.hallucinatedtokensacrossmodels.,138.271,551.061,170.4,561.024,NimbusRomNo9L-Regu,9.963
iclr-2026-db71b40c7495,ICLR,oral,table,Table 6,20,appendix,Hallucinationexperimentsthatartificiallylowersaliencyscores,161.509,81.722,193.638,91.685,NimbusRomNo9L-Regu,9.963
iclr-2026-db71b40c7495,ICLR,oral,figure,Figure 11,20,appendix,"Failureexample.Eventhoughit’sanhallucinationtoken,theoutputsaliencyisstillhigh.",108.0,569.466,148.42,579.429,NimbusRomNo9L-Regu,9.963
iclr-2026-db71b40c7495,ICLR,oral,figure,Figure 12,21,appendix,Longsequenceexample.Acomparisonofthesaliencyofthecorrecttokensbefore,108.0,468.554,150.598,478.517,NimbusRomNo9L-Regu,9.963
iclr-2026-db71b40c7495,ICLR,oral,figure,Figure 13,22,appendix,SaliencymapofLLaVA1.5fromlayer1tolayer32(hallucinationpattern).,136.422,342.036,177.657,351.999,NimbusRomNo9L-Regu,9.963
iclr-2026-db71b40c7495,ICLR,oral,figure,Figure 14,22,appendix,SaliencymapofLLaVA1.5fromlayer1tolayer32(correctpattern).,148.607,672.146,189.842,682.109,NimbusRomNo9L-Regu,9.963
iclr-2026-dc7ecb0275a2,ICLR,oral,figure,Figure 1,2,main,IllustrativeExampleofLLMDeception.Atwo-partqueryisposed:(1)abenignquestion,108.0,176.341,144.184,186.304,NimbusRomNo9L-Regu,9.963
iclr-2026-dc7ecb0275a2,ICLR,oral,figure,Figure 2,6,main,"AnillustrationofContactSearchingQuestions(CSQ),featuringalinked-listques-",108.0,257.937,146.336,267.9,NimbusRomNo9L-Regu,9.963
iclr-2026-dc7ecb0275a2,ICLR,oral,figure,Figure 3,7,main,ExampleofBroken-Linked-Listquestioninexperiment,175.406,367.56,211.66,377.523,NimbusRomNo9L-Regu,9.963
iclr-2026-dc7ecb0275a2,ICLR,oral,figure,Figure 4,9,main,"Deceptiveintentionscores(original,reversed,andgeomean)asquestionscopenvaries",112.188,237.387,148.442,247.35,NimbusRomNo9L-Regu,9.963
iclr-2026-dc7ecb0275a2,ICLR,oral,figure,Figure 5,9,main,Deceptivebehaviorscoresandintentionscoresasquestionscopenvaries,139.614,364.304,175.868,374.267,NimbusRomNo9L-Regu,9.963
iclr-2026-dc7ecb0275a2,ICLR,oral,figure,Figure 6,10,main,Analysisofdeceptivebehaviorscoreδandabsolutedeceptiveintentionscore|ρ¯|across,108.0,347.89,144.782,357.853,NimbusRomNo9L-Regu,9.963
iclr-2026-dc7ecb0275a2,ICLR,oral,figure,Figure 7,10,main,Deceptiveintention(left)andbehavior(right)scoresunderincentivizingprompts,124.199,481.664,160.453,491.627,NimbusRomNo9L-Regu,9.963
iclr-2026-dc7ecb0275a2,ICLR,oral,table,Table 1,16,appendix,Detailsoflanguagemodelsevaluatedinthisstudy.,187.411,81.722,219.54,91.685,NimbusRomNo9L-Regu,9.963
iclr-2026-dc7ecb0275a2,ICLR,oral,figure,Figure 8,17,appendix,"Deceptiveintentionscores(original,reversed,andgeomean)asquestionscopenvaries",112.188,383.004,148.442,392.967,NimbusRomNo9L-Regu,9.963
iclr-2026-dc7ecb0275a2,ICLR,oral,figure,Figure 9,18,appendix,"Deceptivebehaviorscores(original,reversed,andgeomean)asquestionscopenvaries",112.571,482.654,148.825,492.617,NimbusRomNo9L-Regu,9.963
iclr-2026-dc7ecb0275a2,ICLR,oral,table,Table 2,18,appendix,DeceptiveBehaviorScoresonrephrasedquestions(n=10),168.389,596.565,200.518,606.528,NimbusRomNo9L-Regu,9.963
iclr-2026-dc7ecb0275a2,ICLR,oral,figure,Figure 10,19,appendix,Deceptivebehaviorscoresandintentionscoresasquestionscopenvaries.,135.878,389.073,177.113,399.036,NimbusRomNo9L-Regu,9.963
iclr-2026-dc7ecb0275a2,ICLR,oral,figure,Figure 11,19,appendix,Deceptionevolutionasnincreasesacrossallmodelswith95%confidenceintervals.,108.0,604.096,150.381,614.059,NimbusRomNo9L-Regu,9.963
iclr-2026-dc7ecb0275a2,ICLR,oral,figure,Figure 12,20,appendix,Analysisofdeceptivescoresacrossdifferentmodelsizes.Thex-axisshowsthenumber,108.0,489.009,149.385,498.972,NimbusRomNo9L-Regu,9.963
iclr-2026-dc7ecb0275a2,ICLR,oral,figure,Figure 13,21,appendix,"TemperatureanalysisforOpenAImodelswithn=10andτ∈[0,1]",147.027,202.775,188.262,212.738,NimbusRomNo9L-Regu,9.963
iclr-2026-dc7ecb0275a2,ICLR,oral,figure,Figure 14,21,appendix,Deceptivebehaviorscoreδfordifferentsizesn′=⌊n/k⌋offollow-upquestion(n=40),108.0,656.82,148.787,666.783,NimbusRomNo9L-Regu,9.963
iclr-2026-dc7ecb0275a2,ICLR,oral,figure,Figure 15,22,appendix,"RatioofanswersinrephrasedquestionsforeachLLM(Q:linked-listquestion,Q:",108.0,337.6,149.863,347.563,NimbusRomNo9L-Regu,9.963
iclr-2026-dc7ecb0275a2,ICLR,oral,figure,Figure 16,22,appendix,ExampleofaLinked-ListQuestionframework.(a)Showsthemainquestionwhereall,108.0,661.108,149.634,671.071,NimbusRomNo9L-Regu,9.963
iclr-2026-dc7ecb0275a2,ICLR,oral,figure,Figure 17,23,appendix,CompleteexampleofBroken-Linked-ListQuestionframework.(a)Showsthemain,108.0,394.38,150.461,404.343,NimbusRomNo9L-Regu,9.963
iclr-2026-dc7ecb0275a2,ICLR,oral,figure,Figure 18,24,appendix,"ExampleofQwen3-235B-A22Bthinkingchainwithfactfabrication(Initial),3130char-",108.0,338.397,149.126,348.36,NimbusRomNo9L-Regu,9.963
iclr-2026-dc7ecb0275a2,ICLR,oral,figure,Figure 19,24,appendix,ExampleofQwen3-235B-A22Bthinkingchainwithfactfabrication(follow-upofFig-,108.0,559.945,149.584,569.908,NimbusRomNo9L-Regu,9.963
iclr-2026-dc7ecb0275a2,ICLR,oral,table,Table 3,25,appendix,AveragecharacterlengthofthinkingprocessesinQwen3-235B-A22B,148.422,81.722,180.551,91.685,NimbusRomNo9L-Regu,9.963
iclr-2026-dc7ecb0275a2,ICLR,oral,figure,Figure 20,25,appendix,ExampleofQwen3-30B-A3Bthinkingchainwithfactconcealment.TheLLMclaimed,108.0,475.283,149.464,485.246,NimbusRomNo9L-Regu,9.963
iclr-2026-dc7ecb0275a2,ICLR,oral,table,Table 4,25,appendix,AnalysisofLLMoutputsinQwen3-30B-A3Blinkedlistquestions,155.053,528.202,187.182,538.165,NimbusRomNo9L-Regu,9.963
iclr-2026-dc7ecb0275a2,ICLR,oral,figure,Figure 21,26,appendix,Visualizationofgemma-2-9b-itembeddingsatlayer11forbroken-linked-listquestion.,108.0,437.181,149.604,447.144,NimbusRomNo9L-Regu,9.963
iclr-2026-dc7ecb0275a2,ICLR,oral,figure,Figure 22,26,appendix,Visualizationofgemma-2-9b-itembeddingsatlayer43forbroken-linked-listquestion.,108.0,616.867,149.604,626.83,NimbusRomNo9L-Regu,9.963
iclr-2026-dc7ecb0275a2,ICLR,oral,figure,Figure 23,27,appendix,VisualizationofLlama-3.1-8B-Instructembeddingsatlayer43forbroken-linked-list,108.0,222.979,150.411,232.942,NimbusRomNo9L-Regu,9.963
iclr-2026-dc7ecb0275a2,ICLR,oral,table,Table 5,28,appendix,ComparisonofOurWork(CSQ)againstpriorbenchmarks.PerformanceAsymmetry,108.0,173.058,140.847,183.021,NimbusRomNo9L-Regu,9.963
iclr-2026-dedfde9d7c99,ICLR,oral,figure,Figure 1,2,main,Comparisonofreasoningparadigms.Thetraditionalapproaches(topandmiddlerows),108.0,286.545,145.182,296.508,NimbusRomNo9L-Regu,9.963
iclr-2026-dedfde9d7c99,ICLR,oral,figure,Figure 2,4,main,"AnoverviewoftheproposedVPRLframework,illustratedwithautoregressivelargevision",108.0,261.315,143.677,271.278,NimbusRomNo9L-Regu,9.963
iclr-2026-dedfde9d7c99,ICLR,oral,table,Table 1,6,main,"Performanceoftheclosed-andopen-sourcemodelsonFL,M,and",107.691,90.768,141.693,100.731,NimbusRomNo9L-Regu,9.963
iclr-2026-dedfde9d7c99,ICLR,oral,figure,Figure 3,7,main,"IllustrationofeachtaskwithgeneratedvisualplanningtracesfromLVM,coveringdifferent",108.0,285.324,143.421,295.287,NimbusRomNo9L-Regu,9.963
iclr-2026-dedfde9d7c99,ICLR,oral,table,Table 2,7,main,Performanceoftext-basedplan-,345.294,449.944,376.852,459.907,NimbusRomNo9L-Regu,9.963
iclr-2026-dedfde9d7c99,ICLR,oral,figure,Figure 4,8,main,VisualizationofatestexamplefromFLcomparingvisualplanningvariants,108.0,264.596,144.989,274.559,NimbusRomNo9L-Regu,9.963
iclr-2026-dedfde9d7c99,ICLR,oral,figure,Figure 5,9,main,EvaluationofmodelperformanceonFigure6:Comparisonofexplorationcapabilities,108.0,226.868,145.06,236.831,NimbusRomNo9L-Regu,9.963
iclr-2026-dedfde9d7c99,ICLR,oral,figure,Figure 6,9,main,Comparisonofexplorationcapabilities,313.922,227.446,349.343,237.409,NimbusRomNo9L-Regu,9.963
iclr-2026-dedfde9d7c99,ICLR,oral,table,Table 3,18,appendix,Distributionoftrainingdatasetbygridsizesforeachtask.Valueindicatesthenumberof,107.691,90.768,140.473,100.731,NimbusRomNo9L-Regu,9.963
iclr-2026-dedfde9d7c99,ICLR,oral,table,Table 4,18,appendix,"Numberoftrainingandtestsamplesforeachtaskandmethod.Forvisualplanning,the",107.691,268.032,140.778,277.995,NimbusRomNo9L-Regu,9.963
iclr-2026-dedfde9d7c99,ICLR,oral,table,Table 5,19,appendix,Hyper-parametersoftrainingbothtextualandvisualplanners.,164.612,90.768,196.741,100.731,NimbusRomNo9L-Regu,9.963
iclr-2026-dedfde9d7c99,ICLR,oral,table,Table 6,20,appendix,Wecomputethepercentageoffailedtrajectoriesthatarecausedbyatleastoneinvalid,107.691,90.768,140.819,100.731,NimbusRomNo9L-Regu,9.963
iclr-2026-dedfde9d7c99,ICLR,oral,figure,Figure 7,21,appendix,"RewardcurveswithstandarddeviationforVPRLonFL,Mand",108.0,278.123,147.113,288.086,NimbusRomNo9L-Regu,9.963
iclr-2026-dedfde9d7c99,ICLR,oral,table,Table 7,21,appendix,Performanceoftext-basedvariantsofQwen-2.5-VL-Instruct-3Band7BonFL.,107.691,321.785,139.432,331.748,NimbusRomNo9L-Regu,9.963
iclr-2026-dedfde9d7c99,ICLR,oral,table,Table 8,22,appendix,ExactMatchperformanceofVPFTandVPFT*acrossdifferentgridsizesinFL.,107.691,92.357,139.422,102.32,NimbusRomNo9L-Regu,9.963
iclr-2026-dedfde9d7c99,ICLR,oral,table,Table 9,22,appendix,Out-of-distribution(OOD)performanceonenlargedgrids.Modelsaretrainedonsmaller,107.691,194.003,140.336,203.966,NimbusRomNo9L-Regu,9.963
iclr-2026-dedfde9d7c99,ICLR,oral,figure,Figure 8,23,appendix,"Examplesofmodeloutputsunderdifferenttrainedtextualvariants:SFT(w/Coordinate),",108.0,591.907,144.451,601.87,NimbusRomNo9L-Regu,9.963
iclr-2026-dedfde9d7c99,ICLR,oral,figure,Figure 9,24,appendix,ExamplesofresponsesfromthetextualGRPObaselinewithPRmetricastherewardon,108.0,597.18,144.695,607.143,NimbusRomNo9L-Regu,9.963
iclr-2026-dedfde9d7c99,ICLR,oral,figure,Figure 10,25,appendix,"Performanceacrossdifferentgridsizes,reflectingtaskdifficulty.Left:M.Right:",108.0,225.253,150.05,235.216,NimbusRomNo9L-Regu,9.963
iclr-2026-dedfde9d7c99,ICLR,oral,figure,Figure 11,26,appendix,QualitativecomparisonofvisualplanningoutputsfromVPFT(top)andVPRL(bottom),108.0,345.582,149.07,355.545,NimbusRomNo9L-Regu,9.963
iclr-2026-dedfde9d7c99,ICLR,oral,figure,Figure 12,27,appendix,QualitativeanalysisofVPRLunderperturbedinputs(thefirstimageofeachtrace).When,108.0,254.1,148.491,264.063,NimbusRomNo9L-Regu,9.963
iclr-2026-dedfde9d7c99,ICLR,oral,table,Table 10,27,appendix,PerformancecomparisonofVPRLStage1andStage2acrossallthreetasks.,131.481,317.806,168.592,327.769,NimbusRomNo9L-Regu,9.963
iclr-2026-dedfde9d7c99,ICLR,oral,figure,Figure 13,28,appendix,GeneratedvisualplanningtrajectoriesfromVPRLontheFLtestset.We,108.0,621.847,150.273,631.81,NimbusRomNo9L-Regu,9.963
iclr-2026-dedfde9d7c99,ICLR,oral,figure,Figure 14,29,appendix,GeneratedvisualplanningtrajectoriesfromVPRLontheMtestset.Weillustrate,108.0,626.073,149.627,636.036,NimbusRomNo9L-Regu,9.963
iclr-2026-dedfde9d7c99,ICLR,oral,figure,Figure 15,30,appendix,GeneratedvisualplanningtrajectoriesfromVPRLontheMBtestset.,116.094,639.949,157.329,649.912,NimbusRomNo9L-Regu,9.963
iclr-2026-dedfde9d7c99,ICLR,oral,figure,Figure 16,31,appendix,"Qualitativecomparisonbetweenoriginalimages(top),predictedimagesbythemodel",108.0,280.506,150.212,290.469,NimbusRomNo9L-Regu,9.963
iclr-2026-dedfde9d7c99,ICLR,oral,table,Table 11,31,appendix,ExactMatch(EM)andProgressRate(PR)onFLunderVPRLwhenusing,107.691,330.548,145.524,340.511,NimbusRomNo9L-Regu,9.963
iclr-2026-dedfde9d7c99,ICLR,oral,table,Table 12,32,appendix,"AverageinferencetokencostacrossFL,M,andMB.Wealso",107.691,90.768,143.952,100.731,NimbusRomNo9L-Regu,9.963
iclr-2026-dedfde9d7c99,ICLR,oral,table,Table 13,32,appendix,Averageinferencetokencost,345.294,392.136,383.137,402.099,NimbusRomNo9L-Regu,9.963
iclr-2026-df25bb895158,ICLR,oral,figure,Figure 1,1,main,Performancecomparisonamongpar-,306.0,643.869,342.524,653.832,NimbusRomNo9L-Regu,9.963
iclr-2026-df25bb895158,ICLR,oral,figure,Figure 2,2,main,VisualizationofattentionmapsintheLG-1.4Bmodel.Thereisstrongspatial,108.0,182.18,144.01,192.143,NimbusRomNo9L-Regu,9.963
iclr-2026-df25bb895158,ICLR,oral,figure,Figure 3,3,main,"RasterOrdervs.FlexibleParallelizedAutoregressiveModeling.(a)Inrasterorder,",108.0,170.941,145.233,180.904,NimbusRomNo9L-Regu,9.963
iclr-2026-df25bb895158,ICLR,oral,figure,Figure 4,4,main,Illustrationofthetrainingattention,297.345,88.198,334.69,98.161,NimbusRomNo9L-Regu,9.963
iclr-2026-df25bb895158,ICLR,oral,figure,Figure 5,4,main,Illustrationoftheinferenceattentionmask.Encoding,235.232,247.969,270.945,257.932,NimbusRomNo9L-Regu,9.963
iclr-2026-df25bb895158,ICLR,oral,figure,Figure 6,5,main,Comparisonwithothermethods.(a)Encoder–decoderapproachessuchasSARand,108.0,168.963,145.203,178.926,NimbusRomNo9L-Regu,9.963
iclr-2026-df25bb895158,ICLR,oral,figure,Figure 7,6,main,AttentionAnalysisofLG.,306.0,202.064,344.422,212.027,NimbusRomNo9L-Regu,9.963
iclr-2026-df25bb895158,ICLR,oral,figure,Figure 8,7,main,Illustrationofdifferentgenerationorderschedules.Allschedulesleverage20decoding,108.0,277.692,143.749,287.655,NimbusRomNo9L-Regu,9.963
iclr-2026-df25bb895158,ICLR,oral,table,Table 1,8,main,System-levelcomparisononImageNet256×256class-conditionalgeneration.We,107.691,81.722,141.428,91.685,NimbusRomNo9L-Regu,9.963
iclr-2026-df25bb895158,ICLR,oral,table,Table 2,9,main,System-levelcomparisononImageNet512×512class-conditionalgeneration.Metrics,107.691,81.722,139.949,91.685,NimbusRomNo9L-Regu,9.963
iclr-2026-df25bb895158,ICLR,oral,table,Table 3,9,main,System-levelcomparisononGenEval1024×1024text-to-imagegeneration.Detailed,107.691,258.953,140.432,268.916,NimbusRomNo9L-Regu,9.963
iclr-2026-df25bb895158,ICLR,oral,figure,Figure 9,9,main,AblationStudies.AllablationexperimentsareconductedwithXLsizemodelson256×256,108.0,462.437,143.08,472.4,NimbusRomNo9L-Regu,9.963
iclr-2026-df25bb895158,ICLR,oral,table,Table 4,17,appendix,Modelarchitectureconfigurations.,219.48,245.535,251.609,255.498,NimbusRomNo9L-Regu,9.963
iclr-2026-df25bb895158,ICLR,oral,table,Table 5,17,appendix,Traininghyper-parametersforLPD-Lon256×256resolution.,161.673,536.798,193.802,546.761,NimbusRomNo9L-Regu,9.963
iclr-2026-df25bb895158,ICLR,oral,table,Table 6,20,appendix,Sensitivityanalysisofτandρ.AllexperimentsuseLPD-XLwith32decodingstepson,107.691,595.141,140.368,605.104,NimbusRomNo9L-Regu,9.963
iclr-2026-df25bb895158,ICLR,oral,figure,Figure 10,21,appendix,Morevisualizationofattentionmapsinthe-1.4Bmodel.,146.495,375.463,187.73,385.426,NimbusRomNo9L-Regu,9.963
iclr-2026-df25bb895158,ICLR,oral,figure,Figure 11,21,appendix,Morevisualizationofattentionmapsinthe-1.4Bmodel.,146.495,696.947,187.73,706.91,NimbusRomNo9L-Regu,9.963
iclr-2026-df25bb895158,ICLR,oral,figure,Figure 12,22,appendix,"GenerationExamplesofOurModel.Weshow512×512generationsamples(top),",108.0,633.545,150.527,643.508,NimbusRomNo9L-Regu,9.963
iclr-2026-df25bb895158,ICLR,oral,figure,Figure 13,23,appendix,GenerationExamplesofOurModel.Weshow1024×1024text-to-imagegeneration,108.0,700.324,149.937,710.287,NimbusRomNo9L-Regu,9.963
iclr-2026-df25bb895158,ICLR,oral,table,Table 7,24,appendix,Detailedper-categoryGenEvalscoresfortext-to-imagegenerationat1024×1024resolution.,107.691,81.722,139.07,91.685,NimbusRomNo9L-Regu,9.963
iclr-2026-df25bb895158,ICLR,oral,figure,Figure 14,24,appendix,Throughputvs.BatchSizeonImageNet256×256Class-ConditionalGeneration.For,108.0,296.819,148.45,306.782,NimbusRomNo9L-Regu,9.963
iclr-2026-e943a2f002d1,ICLR,oral,figure,Figure 1,1,main,"Humansneedunderstanding,gen-",325.801,599.63,362.493,609.593,NimbusRomNo9L-Regu,9.963
iclr-2026-e943a2f002d1,ICLR,oral,figure,Figure 2,3,main,UALMarchitectureoverviewandthemultimodalpre-trainingdatablendingratios.,121.065,229.228,157.319,239.191,NimbusRomNo9L-Regu,9.963
iclr-2026-e943a2f002d1,ICLR,oral,figure,Figure 3,4,main,Richcaptionexample(left)andpost-trainingworkflow(right).,161.234,197.041,197.488,207.004,NimbusRomNo9L-Regu,9.963
iclr-2026-e943a2f002d1,ICLR,oral,figure,Figure 4,5,main,Demos:audiogenerationreasoningandjointunderstanding-generationreasoning.,122.505,188.408,158.759,198.371,NimbusRomNo9L-Regu,9.963
iclr-2026-e943a2f002d1,ICLR,oral,figure,Figure 5,6,main,StatisticsofUALM-Genmodel.(a)TheCLAPscores(CL)withvariousCFGλ;(b),108.0,180.421,145.36,190.384,NimbusRomNo9L-Regu,9.963
iclr-2026-e943a2f002d1,ICLR,oral,table,Table 1,7,main,AudioGenerationresultsofUALM-Gen(§2.2)andUALM(§2.3)comparedtoLM-based,108.0,81.722,140.289,91.685,NimbusRomNo9L-Regu,9.963
iclr-2026-e943a2f002d1,ICLR,oral,table,Table 2,8,main,AudiounderstandingresultsofUALM(§2.3)versusopen-sourcedunderstandingmodels.,109.503,81.722,141.632,91.685,NimbusRomNo9L-Regu,9.963
iclr-2026-e943a2f002d1,ICLR,oral,table,Table 3,8,main,Textcapabilityofpriorunifiedmultimodallanguagemodels(inthevisiondomain)andour,108.0,211.155,139.94,221.118,NimbusRomNo9L-Regu,9.963
iclr-2026-e943a2f002d1,ICLR,oral,figure,Figure 6,8,main,Audiounderstanding(a)andaudiogen-,306.0,612.54,342.184,622.503,NimbusRomNo9L-Regu,9.963
iclr-2026-e943a2f002d1,ICLR,oral,table,Table 4,9,main,5-scalesubjectivescoreofUALM-Reasononreasoning-orientedgenerationwith95%CI.,108.811,81.722,140.94,91.685,NimbusRomNo9L-Regu,9.963
iclr-2026-e943a2f002d1,ICLR,oral,figure,Figure 7,18,appendix,IllustrationofdelaypatternofRVQaudiotokensA.Aisthek-thaudiotokenatn-th,108.0,577.835,144.493,587.798,NimbusRomNo9L-Regu,9.963
iclr-2026-e943a2f002d1,ICLR,oral,table,Table 5,20,appendix,Pre-Trainingconfigurations,233.363,130.977,265.492,140.94,NimbusRomNo9L-Regu,9.963
iclr-2026-e943a2f002d1,ICLR,oral,table,Table 6,20,appendix,Post-Trainingconfigurations,231.42,244.247,263.549,254.21,NimbusRomNo9L-Regu,9.963
iclr-2026-e943a2f002d1,ICLR,oral,table,Table 7,20,appendix,InferenceConfiguration,240.666,387.105,272.795,397.068,NimbusRomNo9L-Regu,9.963
iclr-2026-e943a2f002d1,ICLR,oral,table,Table 8,21,appendix,"AblationstudyofUALM-GenandUALMshowingtheeffectofCFG,DPO,andEnhance-",108.0,107.316,140.05,117.279,NimbusRomNo9L-Regu,9.963
iclr-2026-f448909bdd66,ICLR,oral,figure,Figure 1,1,main,Priormotion-controlledvideodiffusionmodelstypicallyoperateofflinetogenerate,108.0,368.729,146.276,378.692,NimbusRomNo9L-Regu,9.963
iclr-2026-f448909bdd66,ICLR,oral,figure,Figure 2,4,main,Modelarchitectureandtrainingpipeline.Tobuildateachermotion-controlledvideo,108.0,314.404,144.782,324.367,NimbusRomNo9L-Regu,9.963
iclr-2026-f448909bdd66,ICLR,oral,figure,Figure 3,5,main,Visualizationofselfattentionprob-,306.0,604.856,343.489,614.819,NimbusRomNo9L-Regu,9.963
iclr-2026-f448909bdd66,ICLR,oral,table,Table 1,7,main,BenchmarkonMotionTransfer(Reconstruction).,182.365,81.722,214.494,91.685,NimbusRomNo9L-Regu,9.963
iclr-2026-f448909bdd66,ICLR,oral,figure,Figure 4,8,main,Quantitativeablationonguidance.,108.0,182.97,144.872,192.933,NimbusRomNo9L-Regu,9.963
iclr-2026-f448909bdd66,ICLR,oral,figure,Figure 5,8,main,Qualitativeablationonguidance.,303.509,185.508,342.712,195.471,NimbusRomNo9L-Regu,9.963
iclr-2026-f448909bdd66,ICLR,oral,table,Table 2,8,main,EvaluationonNovelViewSynthesis.,290.291,309.036,322.42,318.999,NimbusRomNo9L-Regu,9.963
iclr-2026-f448909bdd66,ICLR,oral,table,Table 3,8,main,Comparingtrackrepresentationmethods.,274.319,498.906,309.039,508.869,NimbusRomNo9L-Regu,9.963
iclr-2026-f448909bdd66,ICLR,oral,figure,Figure 6,9,main,ImpactofSparseAttentionPatterns.Usinglongerclips(upto241frames)fromthe,108.0,192.049,144.892,202.012,NimbusRomNo9L-Regu,9.963
iclr-2026-f448909bdd66,ICLR,oral,table,Table 4,9,main,AblationstudyonSoraExtended.c3s1w1,266.398,373.016,300.51,382.979,NimbusRomNo9L-Regu,9.963
iclr-2026-f448909bdd66,ICLR,oral,figure,Figure 7,10,main,"QualitativeResults.MotionStreamcanperformdiversedownstreamapplications,in-",108.0,269.294,144.144,279.257,NimbusRomNo9L-Regu,9.963
iclr-2026-f448909bdd66,ICLR,oral,figure,Figure 8,10,main,StreamingDemo.Anexampleofreal-timestreaminggeneration;moredetailsinSec.C.,108.144,459.534,144.398,469.497,NimbusRomNo9L-Regu,9.963
iclr-2026-f448909bdd66,ICLR,oral,table,Table A1,19,appendix,ComparisonofCausalVAEModels.WeevaluatereconstructionqualityontheSora,108.0,111.958,148.04,121.921,NimbusRomNo9L-Regu,9.963
iclr-2026-f448909bdd66,ICLR,oral,table,Table A2,19,appendix,EvaluatingTinyVAEinStreamingGenerationSetup.Usingthesamedistilledstu-,108.0,529.302,147.87,539.265,NimbusRomNo9L-Regu,9.963
iclr-2026-f448909bdd66,ICLR,oral,table,Table A3,20,appendix,VBench-I2VResults.WeevaluateotherbaselinesusingVBench-I2VonSorasubset.,108.0,81.722,147.99,91.685,NimbusRomNo9L-Regu,9.963
iclr-2026-f448909bdd66,ICLR,oral,figure,Figure A1,20,appendix,UserStudyResults.Weevaluatevideoqualitythroughpairwisecomparisonson20,108.0,591.539,152.234,601.502,NimbusRomNo9L-Regu,9.963
iclr-2026-f448909bdd66,ICLR,oral,figure,Figure A2,21,appendix,SpeedandQualityTradeoffswithChunkSizesandSamplingSteps.Wevisualize,108.0,220.284,151.935,230.247,NimbusRomNo9L-Regu,9.963
iclr-2026-f448909bdd66,ICLR,oral,figure,Figure A3,21,appendix,Longvideoextrapolationwithandwithoutattentionsink.Modelswithoutattention,108.0,432.965,151.517,442.928,NimbusRomNo9L-Regu,9.963
iclr-2026-f448909bdd66,ICLR,oral,table,Table A4,22,appendix,ImpactofMotionControlonGenerativeQuality.Weevaluatewhetherinjecting,108.0,81.722,148.747,91.685,NimbusRomNo9L-Regu,9.963
iclr-2026-f448909bdd66,ICLR,oral,figure,Figure A4,23,appendix,QualitativeComparison.GeneratedvideosfromtheSorasubset.Asseenonthe,108.0,423.609,152.742,433.572,NimbusRomNo9L-Regu,9.963
iclr-2026-f448909bdd66,ICLR,oral,figure,Figure A5,24,appendix,StreamingDemo.Weshowsomeexamplesofourstreamingdemo.Greengridsindicate,108.0,363.266,150.889,373.229,NimbusRomNo9L-Regu,9.963
iclr-2026-f448909bdd66,ICLR,oral,figure,Figure A6,26,appendix,"FailureCases.Inthecatandturtleexamples,theintentionwastobringthecatoutofthe",108.0,302.849,151.038,312.812,NimbusRomNo9L-Regu,9.963
iclr-2026-f63ee6bf1935,ICLR,oral,figure,Figure 1,1,main,"WeproposeDepthLM,asimpleandeffectivemethodthatturnsVLMsintostrong",108.0,422.235,144.822,432.198,NimbusRomNo9L-Regu,9.963
iclr-2026-f63ee6bf1935,ICLR,oral,figure,Figure 2,4,main,Pixelreference.,382.291,256.416,418.545,266.379,NimbusRomNo9L-Regu,9.963
iclr-2026-f63ee6bf1935,ICLR,oral,figure,Figure 3,4,main,SFTvsGRPO.(a)NegativeL(NegL1)isthebestGRPOrewardwhilemostcommon,108.0,685.886,144.623,695.849,NimbusRomNo9L-Regu,9.963
iclr-2026-f63ee6bf1935,ICLR,oral,figure,Figure 4,5,main,"Mixdatatraininganalysis.For(a)and(b),wetrainon500Ksamplesonthemixed",108.0,206.858,145.141,216.821,NimbusRomNo9L-Regu,9.963
iclr-2026-f63ee6bf1935,ICLR,oral,figure,Figure 5,6,main,Increasenumberofimagesvsincreaselabeldensity.Giventhesametrainingdataset,108.0,204.892,144.652,214.855,NimbusRomNo9L-Regu,9.963
iclr-2026-f63ee6bf1935,ICLR,oral,figure,Figure 6,6,main,"DepthLM.DepthLMfirstaugmenttheinputimagetohaveaunifiedfocallength.Then,it",108.0,371.737,144.005,381.7,NimbusRomNo9L-Regu,9.963
iclr-2026-f63ee6bf1935,ICLR,oral,figure,Figure 7,7,main,ScalingDepthLMtomorecomplex3Dtasks.,191.366,718.763,227.62,728.726,NimbusRomNo9L-Regu,9.963
iclr-2026-f63ee6bf1935,ICLR,oral,table,Table 1,8,main,VLMresult.WetunethepromptforVLMsthatarenottraineddirectlyonourtask,108.0,81.722,141.474,91.685,NimbusRomNo9L-Regu,9.963
iclr-2026-f63ee6bf1935,ICLR,oral,table,Table 2,8,main,"Comparisonwithpurevisionmodels.Forpurevisionmodels,weusethenumbers",108.0,328.307,141.484,338.27,NimbusRomNo9L-Regu,9.963
iclr-2026-f63ee6bf1935,ICLR,oral,figure,Figure 8,9,main,Visualization.ThescaleofDepthLMisclosetoGTfromsmallindoorscenestolargeout-,108.0,409.065,143.816,419.028,NimbusRomNo9L-Regu,9.963
iclr-2026-f63ee6bf1935,ICLR,oral,table,Table 3,10,main,"Multi-taskresult.Sincenotalldatasetshaveposelabels,wetraintheposetaskon",108.0,81.722,141.614,91.685,NimbusRomNo9L-Regu,9.963
iclr-2026-f63ee6bf1935,ICLR,oral,figure,Figure 9,14,main,Actualmarkersrenderedbyourmethod.Weshowhere3differenttypesofmarkers,108.0,264.805,144.802,274.768,NimbusRomNo9L-Regu,9.963
iclr-2026-f63ee6bf1935,ICLR,oral,table,Table 4,14,main,Statisticsofdifferenttrainingdatasets.Wereport<imagesavailableinthedataset>,108.0,399.944,141.046,409.907,NimbusRomNo9L-Regu,9.963
iclr-2026-f63ee6bf1935,ICLR,oral,figure,Figure 10,14,main,SFTvsGRPOwithcrossdatasetevaluation.Weshowtheresultwhenwetrainon,108.0,641.201,149.953,651.164,NimbusRomNo9L-Regu,9.963
iclr-2026-f63ee6bf1935,ICLR,oral,table,Table 5,15,appendix,Hyper-parametersofdifferentexperiments.,195.431,107.351,227.56,117.314,NimbusRomNo9L-Regu,9.963
iclr-2026-f63ee6bf1935,ICLR,oral,table,Table 6,15,appendix,MultiTaskperformanceonindividualdatasets.,188.975,618.034,221.104,627.997,NimbusRomNo9L-Regu,9.963
iclr-2026-f8c3d1a8ada1,ICLR,oral,figure,Figure 1,1,main,"WeintroducetheNeuralRodriguesOperator,alearnableextensionoftheclassical",108.0,370.382,145.509,380.345,NimbusRomNo9L-Regu,9.963
iclr-2026-f8c3d1a8ada1,ICLR,oral,figure,Figure 2,5,main,RodriguesBlock.Itcomprisesthreecomponents:aRodriguesLayerforpassinginfor-,108.0,211.686,144.702,221.649,NimbusRomNo9L-Regu,9.963
iclr-2026-f8c3d1a8ada1,ICLR,oral,figure,Figure 3,7,main,Fittingforwardkinematicswithdifferentnetworkbackbones(MSE↓).TheRodrigues,108.0,234.483,143.875,244.446,NimbusRomNo9L-Regu,9.963
iclr-2026-f8c3d1a8ada1,ICLR,oral,figure,Figure 4,7,main,Visualizationofforwardkinematicspredictiononanexampleconfiguration.Errors,108.0,339.756,144.603,349.719,NimbusRomNo9L-Regu,9.963
iclr-2026-f8c3d1a8ada1,ICLR,oral,table,Table 1,8,main,MotionpredictioninCartesianspacewithtrainsetsize=105.,157.433,82.16,189.562,92.123,NimbusRomNo9L-Regu,9.963
iclr-2026-f8c3d1a8ada1,ICLR,oral,figure,Figure 5,8,main,ResultsformotionpredictioninCartesianspace.,182.634,342.436,218.888,352.399,NimbusRomNo9L-Regu,9.963
iclr-2026-f8c3d1a8ada1,ICLR,oral,table,Table 2,9,main,Baselinecomparisonsontheimitationlearningbenchmark.Simulatedsuccessrate.,112.418,81.722,144.547,91.685,NimbusRomNo9L-Regu,9.963
iclr-2026-f8c3d1a8ada1,ICLR,oral,table,Table 3,9,main,BaselinecomparisonsontheFreiHANDdataset.Weusethestandardprotocolandreport,108.0,160.095,139.661,170.058,NimbusRomNo9L-Regu,9.963
iclr-2026-f8c3d1a8ada1,ICLR,oral,table,Table 4,16,appendix,Traininghyperparametersforforwardkinematicsfittingexperiment.,141.235,124.031,173.364,133.994,NimbusRomNo9L-Regu,9.963
iclr-2026-f8c3d1a8ada1,ICLR,oral,table,Table 5,16,appendix,TraininghyperparametersformotionpredictioninCartesianspaceexperiment.,118.505,517.276,150.634,527.239,NimbusRomNo9L-Regu,9.963
iclr-2026-f8c3d1a8ada1,ICLR,oral,table,Table 6,17,appendix,Traininghyperparametersforimitationlearningexperiment(followingChietal.,108.0,338.526,141.604,348.489,NimbusRomNo9L-Regu,9.963
iclr-2026-f8c3d1a8ada1,ICLR,oral,table,Table 7,17,appendix,Demotrajectoriesandtrainingiterationsforeachtaskinimitationlearningexperi-,108.0,436.473,140.647,446.436,NimbusRomNo9L-Regu,9.963
iclr-2026-f8c3d1a8ada1,ICLR,oral,table,Table 8,18,appendix,Traininghyperparametersfor3Dhandreconstructionexperiment.,146.455,81.722,178.584,91.685,NimbusRomNo9L-Regu,9.963
iclr-2026-f8c3d1a8ada1,ICLR,oral,table,Table 9,19,appendix,Approximatetrainingtimeofdifferentmethodsforfittingforwardkinematics,122.784,119.58,154.913,129.543,NimbusRomNo9L-Regu,9.963
iclr-2026-f8c3d1a8ada1,ICLR,oral,table,Table 10,20,appendix,Approximatetrainingtimeofdifferentmethodsformotionpredictionexperiment,112.512,81.722,149.623,91.685,NimbusRomNo9L-Regu,9.963
iclr-2026-f8c3d1a8ada1,ICLR,oral,table,Table 11,21,appendix,AblationstudiesformotionpredictioninCartesianspacewithtrainsetsize=105.,108.0,82.16,145.659,92.123,NimbusRomNo9L-Regu,9.963
iclr-2026-f8c3d1a8ada1,ICLR,oral,figure,Figure 6,22,appendix,Comparingourmethodtodifferentbaselineconfigurationsinmotionpredictionwith,108.0,279.92,145.659,289.883,NimbusRomNo9L-Regu,9.963
iclr-2026-f8c3d1a8ada1,ICLR,oral,table,Table 12,22,appendix,HyperparametersensitivityanalysisfortheRodriguesNetworkonmotionprediction,108.0,337.65,144.623,347.613,NimbusRomNo9L-Regu,9.963
iclr-2026-fb08cee992a1,ICLR,oral,figure,Figure 1,2,main,"Left:Performanceofproprietarymodels,open-sourcemodels,andourRLmodelsacross",108.0,249.931,144.204,259.894,NimbusRomNo9L-Regu,9.963
iclr-2026-fb08cee992a1,ICLR,oral,figure,Figure 2,3,main,"OverviewoftheAgentGym-RLframework.Itfeaturesadecoupled,flexible,andexten-",108.0,307.534,144.632,317.497,NimbusRomNo9L-Regu,9.963
iclr-2026-fb08cee992a1,ICLR,oral,figure,Figure 3,4,main,Pseudocodedemonstratingtheexampleusageofourproposedframework(providedAPIs,108.0,289.481,144.144,299.444,NimbusRomNo9L-Regu,9.963
iclr-2026-fb08cee992a1,ICLR,oral,figure,Figure 4,5,main,TrainingdynamicsunderdifferentmaximuminteractionturnsinDeepSearchenviron-,108.0,186.815,145.081,196.778,NimbusRomNo9L-Regu,9.963
iclr-2026-fb08cee992a1,ICLR,oral,figure,Figure 5,5,main,Scalingtest-timeinteractionturns.,316.702,656.931,352.956,666.894,NimbusRomNo9L-Regu,9.963
iclr-2026-fb08cee992a1,ICLR,oral,figure,Figure 6,6,main,TrainingrewardsindifferentenvironmentsleveragingAgentGym-RLframeworkwiththe,108.0,163.876,144.085,173.839,NimbusRomNo9L-Regu,9.963
iclr-2026-fb08cee992a1,ICLR,oral,table,Table 1,7,main,"EvaluationresultsonDeepSearchbenchmark.Foreachgroup,thebestresultisinbold,",108.0,81.722,140.538,91.685,NimbusRomNo9L-Regu,9.963
iclr-2026-fb08cee992a1,ICLR,oral,figure,Figure 7,8,main,Pass@Kperformance.,346.641,433.414,382.895,443.377,NimbusRomNo9L-Regu,9.963
iclr-2026-fb08cee992a1,ICLR,oral,table,Table 2,8,main,Evaluationresultsofdifferent,345.602,473.821,378.469,483.784,NimbusRomNo9L-Regu,9.963
iclr-2026-fb08cee992a1,ICLR,oral,table,Table 3,8,main,AblationstudyofScalingInter-RL.,327.659,646.733,359.788,656.696,NimbusRomNo9L-Regu,9.963
iclr-2026-fb08cee992a1,ICLR,oral,figure,Figure 8,9,main,Analysisofcomputationalresourcesandefficiency.,183.65,267.322,219.904,277.285,NimbusRomNo9L-Regu,9.963
iclr-2026-fb08cee992a1,ICLR,oral,table,Table 4,9,main,ApplyingScalingInter-RLtomorealgorithms.,195.65,381.496,227.779,391.459,NimbusRomNo9L-Regu,9.963
iclr-2026-fb08cee992a1,ICLR,oral,figure,Figure 9,23,appendix,IllustrationofScalingInter-RLtoscaleupagent-environmentinteractionsprogressively.,111.033,420.721,147.287,430.684,NimbusRomNo9L-Regu,9.963
iclr-2026-fb08cee992a1,ICLR,oral,figure,Figure 10,24,appendix,Anoverviewofthevisualizeduserinterfaceofourframework.,158.46,451.874,199.695,461.837,NimbusRomNo9L-Regu,9.963
iclr-2026-fb08cee992a1,ICLR,oral,table,Table 5,25,appendix,"EvaluationresultsonWebArenabenchmark.Foreachgroup,thebestresultisinbold,and",108.0,81.722,140.07,91.685,NimbusRomNo9L-Regu,9.963
iclr-2026-fb08cee992a1,ICLR,oral,table,Table 6,26,appendix,"EvaluationresultsonTextCraftbenchmark.Foreachgroup,thebestresultisinbold,and",108.0,81.722,140.319,91.685,NimbusRomNo9L-Regu,9.963
iclr-2026-fb08cee992a1,ICLR,oral,table,Table 7,27,appendix,"EvaluationresultsonBabyAIbenchmark.Foreachgroup,thebestresultisinbold,and",108.0,81.722,140.637,91.685,NimbusRomNo9L-Regu,9.963
iclr-2026-fb08cee992a1,ICLR,oral,table,Table 8,28,appendix,"EvaluationresultsonSciWorldbenchmark.Foreachgroup,thebestresultisinbold,",108.0,81.722,141.285,91.685,NimbusRomNo9L-Regu,9.963
iclr-2026-fb08cee992a1,ICLR,oral,figure,Figure 11,32,appendix,Empiricalanalysisontheinstabilityoflong-horizontraining.,161.802,207.569,203.037,217.532,NimbusRomNo9L-Regu,9.963
iclr-2026-fb08cee992a1,ICLR,oral,figure,Figure 12,33,appendix,ComparisonofourRLagentwiththebaseagentontheBabyAItask.OurRLmodel,108.0,529.293,149.962,539.256,NimbusRomNo9L-Regu,9.963
iclr-2026-fb08cee992a1,ICLR,oral,figure,Figure 13,34,appendix,"TrajectoryvisualizationintheBabyAItask,highlightingtheagent’spaththroughthe",108.0,421.662,149.913,431.625,NimbusRomNo9L-Regu,9.963
iclr-2026-fb08cee992a1,ICLR,oral,figure,Figure 14,35,appendix,PerformancecomparisonoftheRLagentversusthebasemodelontheSciWorldtask.,108.0,613.069,149.793,623.032,NimbusRomNo9L-Regu,9.963
iclr-2026-fb08cee992a1,ICLR,oral,figure,Figure 15,36,appendix,RLagentvs.BaseModelonWebArenatask.RLagentsuccessfullylocatedthetrending,108.0,618.549,149.165,628.512,NimbusRomNo9L-Regu,9.963
iclr-2026-fb08cee992a1,ICLR,oral,figure,Figure 16,37,appendix,"TrajectoryvisualizationintheWebArenatask,highlightingtheagent’spaththroughthe",108.0,564.733,149.375,574.696,NimbusRomNo9L-Regu,9.963
iclr-2026-fb08cee992a1,ICLR,oral,figure,Figure 17,38,appendix,Examplesofover-interactionfailureontheSciworldtaskforboththebasemodeland,108.0,618.549,149.863,628.512,NimbusRomNo9L-Regu,9.963
iclr-2026-fb08cee992a1,ICLR,oral,figure,Figure 18,39,appendix,Instancesof’over-interaction’failureontheWebArenataskforboththebasemodeland,108.0,618.549,149.185,628.512,NimbusRomNo9L-Regu,9.963
iclr-2026-fb08cee992a1,ICLR,oral,figure,Figure 19,40,appendix,AcomparativecasefromTextCraft.,212.392,624.333,253.627,634.296,NimbusRomNo9L-Regu,9.963
iclr-2026-fb08cee992a1,ICLR,oral,figure,Figure 20,41,appendix,AcomparativecasefromSearchQA.,210.589,624.333,251.824,634.296,NimbusRomNo9L-Regu,9.963
iclr-2026-fb08cee992a1,ICLR,oral,figure,Figure 21,42,appendix,AcomparativecasefromTextCraft.,212.392,624.333,253.627,634.296,NimbusRomNo9L-Regu,9.963
iclr-2026-fb08cee992a1,ICLR,oral,figure,Figure 22,43,appendix,AcomparativecasefromTextCraft.,212.392,624.333,253.627,634.296,NimbusRomNo9L-Regu,9.963
iclr-2026-ff40de6c7ac1,ICLR,oral,figure,Figure 1,2,main,"Comparisonoftruncationthresholdsproducedbyp-less,min-p,andtop-pforatokenprobability",108.0,227.177,143.815,236.143,NimbusRomNo9L-Medi,8.966
iclr-2026-ff40de6c7ac1,ICLR,oral,table,Table 1,7,main,"AUCofLLama2-7b,Mistral-7b,andLlama3-70bacrossdifferentsamplingmethodsformathand",107.704,166.904,139.339,175.87,NimbusRomNo9L-Medi,8.966
iclr-2026-ff40de6c7ac1,ICLR,oral,figure,Figure 2,7,main,"Accuracyvs.temperaturecurvesofeachmethodonCSQA,QASC,andGSM8kusingLlama-2-7b.",108.0,345.031,143.187,353.997,NimbusRomNo9L-Medi,8.966
iclr-2026-ff40de6c7ac1,ICLR,oral,table,Table 2,8,main,Length-controlledwinratefor100sampledpromptsfromtheWritingPromptsdataset.,132.664,383.498,163.473,392.464,NimbusRomNo9L-Medi,8.966
iclr-2026-ff40de6c7ac1,ICLR,oral,table,Table 3,8,main,Averagesamplingtimepertoken(inseconds)forp-lessandothermethods.,153.466,709.818,184.275,718.784,NimbusRomNo9L-Medi,8.966
iclr-2026-ff40de6c7ac1,ICLR,oral,table,Table 4,9,main,QASCdiversitybymethod&temperature,112.175,561.729,142.984,570.695,NimbusRomNo9L-Medi,8.966
iclr-2026-ff40de6c7ac1,ICLR,oral,figure,Figure 3,9,main,QASCaccuracyvs.diversity,330.622,564.605,365.573,573.571,NimbusRomNo9L-Medi,8.966
iclr-2026-ff40de6c7ac1,ICLR,oral,figure,Figure 4,10,main,Step-wiseentropyandnumberofadmittedtokensforaGSM8KquestionansweredwithLlama3-70b.,108.0,533.029,142.348,541.995,NimbusRomNo9L-Medi,8.966
iclr-2026-ff40de6c7ac1,ICLR,oral,figure,Figure 5,19,appendix,Effectoftemperatureonafixedtokenlogitsdistributionwithsmallvocabularysize.,136.34,711.358,171.291,720.324,NimbusRomNo9L-Medi,8.966
iclr-2026-ff40de6c7ac1,ICLR,oral,figure,Figure 6,20,appendix,Effectofdifferenttokenprobabilitydistributionprofileswithamoderatevocabularysize.Thelegend,108.0,550.658,142.488,559.624,NimbusRomNo9L-Medi,8.966
iclr-2026-ff40de6c7ac1,ICLR,oral,figure,Figure 7,21,appendix,Effectoflong-tailtokenprobabilitydistributionswithamoderatevocabularysize.Thelegendshows,108.0,364.931,142.619,373.897,NimbusRomNo9L-Medi,8.966
iclr-2026-ff40de6c7ac1,ICLR,oral,figure,Figure 8,22,appendix,"Effectoflong-tailtokenprobabilitydistributionswithalargevocabularysize.Forsimplicity,we",108.0,362.22,143.86,371.186,NimbusRomNo9L-Medi,8.966
iclr-2026-ff40de6c7ac1,ICLR,oral,table,Table 5,23,appendix,"AccuracyofLLama2-7b,Mistral-7b,andLlama3-70bacrosssamplingmethodsandtemperatures",107.704,249.316,139.476,258.282,NimbusRomNo9L-Medi,8.966
iclr-2026-ff40de6c7ac1,ICLR,oral,figure,Figure 9,23,appendix,AccuracyversustemperaturecurvesofeachmethodfortheGPQAdatasetusingLlama2-7b.AUC,108.0,606.548,143.404,615.514,NimbusRomNo9L-Medi,8.966
iclr-2026-ff40de6c7ac1,ICLR,oral,figure,Figure 10,24,appendix,Accuracyversustemperaturecurvesofeachmethodforeachofthefourmathandlogicalreasoning,108.0,492.172,147.018,501.138,NimbusRomNo9L-Medi,8.966
iclr-2026-ff40de6c7ac1,ICLR,oral,table,Table 6,24,appendix,"Greedydecoding,beamsearchandp-lessresultsforMistral-7bonthe5Math,LogicalReasoningand",107.704,615.935,138.161,624.901,NimbusRomNo9L-Medi,8.966
iclr-2026-ff40de6c7ac1,ICLR,oral,figure,Figure 11,25,appendix,Accuracyversustemperaturecurvesofeachmethodforeachofthefourmathandlogicalreasoning,108.0,488.904,147.018,497.87,NimbusRomNo9L-Medi,8.966
iclr-2026-ff40de6c7ac1,ICLR,oral,table,Table 7,26,appendix,MeanaccuracyofDeepSeek-R1-Distill-Qwen-7Bacrosssamplingmethodsandtemperatures(τ)for,107.704,151.686,138.618,160.652,NimbusRomNo9L-Medi,8.966
iclr-2026-ff40de6c7ac1,ICLR,oral,table,Table 8,26,appendix,Fullresults(accuraciesandAUCs)ofsamplingmethodsandtemperatures(τ)formathandlogical,107.704,508.321,139.193,517.287,NimbusRomNo9L-Medi,8.966
iclr-2026-ff40de6c7ac1,ICLR,oral,table,Table 9,27,appendix,MeanaccuracyofDeepSeek-R1-Distill-Qwen-7Bacrossdifferentk-ordergeneralizationsofthep-less,107.704,340.0,137.993,348.966,NimbusRomNo9L-Medi,8.966
iclr-2026-ff40de6c7ac1,ICLR,oral,table,Table 10,28,appendix,Meandiversityvaluesofsamplingmethodsandtemperatures(τ)formathandlogicalreasoning,107.704,313.089,144.077,322.055,NimbusRomNo9L-Medi,8.966
iclr-2026-ff40de6c7ac1,ICLR,oral,table,Table 11,28,appendix,"Meandiversityvaluesformin-pandp-lesssamplingmethodsovertemperatures(τ)0.5to2.0,",107.704,634.844,144.415,643.81,NimbusRomNo9L-Medi,8.966
iclr-2026-ff40de6c7ac1,ICLR,oral,table,Table 12,29,appendix,Meangenerationlengthofsamplingmethodsandtemperatures(τ)formathandlogicalreasoning,107.704,559.619,143.648,568.585,NimbusRomNo9L-Medi,8.966
iclr-2026-ff40de6c7ac1,ICLR,oral,table,Table 13,30,appendix,MeanEntropyandAdmittedTokenCount,211.181,188.736,246.473,197.702,NimbusRomNo9L-Medi,8.966
iclr-2026-ff40de6c7ac1,ICLR,oral,figure,Figure 12,30,appendix,HistogramofEntropyDistributionsatτ=0.5forLlama-3-70bonGPQA,151.288,599.769,190.722,608.735,NimbusRomNo9L-Medi,8.966
iclr-2026-ff40de6c7ac1,ICLR,oral,table,Table 14,30,appendix,"Pairwiset-testresults(t-statistic,p-value).Significantresults(p<0.05)arehighlightedinbold.",113.021,697.231,148.313,706.197,NimbusRomNo9L-Medi,8.966
iclr-2026-ff40de6c7ac1,ICLR,oral,figure,Figure 13,31,appendix,HistogramofEntropyDistributionsatτ=1.0forLlama-3-70bonGPQA,151.288,375.403,190.722,384.369,NimbusRomNo9L-Medi,8.966
iclr-2026-ff40de6c7ac1,ICLR,oral,figure,Figure 14,31,appendix,HistogramofEntropyDistributionsatτ=2.0forLlama-3-70bonGPQA,151.288,703.388,190.722,712.354,NimbusRomNo9L-Medi,8.966
iclr-2026-ff40de6c7ac1,ICLR,oral,figure,Figure 15,32,appendix,Pythoncodesnippetforp-lesssampling,212.971,435.003,252.405,443.969,NimbusRomNo9L-Medi,8.966
iclr-2026-ff40de6c7ac1,ICLR,oral,figure,Figure 16,32,appendix,CPUtime,267.082,665.057,306.516,674.023,NimbusRomNo9L-Medi,8.966
iclr-2026-ff40de6c7ac1,ICLR,oral,figure,Figure 17,33,appendix,RAMusage,263.352,269.129,302.786,278.095,NimbusRomNo9L-Medi,8.966
iclr-2026-ff40de6c7ac1,ICLR,oral,table,Table 15,33,appendix,ComparisonofsamplingmethodsbyCPUtimeandRAMusage.,170.255,337.212,205.547,346.178,NimbusRomNo9L-Medi,8.966
iclr-2026-ff40de6c7ac1,ICLR,oral,figure,Figure 18,43,appendix,Entropytraceforfailurepattern1example,208.362,264.588,247.796,273.554,NimbusRomNo9L-Medi,8.966
iclr-2026-ff40de6c7ac1,ICLR,oral,figure,Figure 19,43,appendix,Entropytraceforfailurepattern2example,208.362,657.74,247.796,666.706,NimbusRomNo9L-Medi,8.966
